{"type":"FeatureCollection","features":[{"type":"Feature","properties":{},"geometry":{"type":"Polygon","coordinates":[[[-75.0563,40.0],[-75.05641,40.0],[-75.0539,40.0038],[-75.05389,40.0038],[-75.0563,40.0]]]}},{"type":"Feature","properties":{},"geometry":{"type":"Polygon","coordinates":[[[-75.0499,40.0072],[-75.0523,40.0055],[-75.0473,40.0098],[-75.0499,40.0072]]]}},{"type":"Feature","properties":{},"geometry":{"type":"Polygon","coordinates":[[[-75.05901,40.4186],[-75.06019,40.4205],[-75.0579,40.4176],[-75.05901,40.4186]]]}},{"type":"Feature","properties":{},"geometry":{"type":"Polygon","coordinates":[[[-75.06219,40.4296],[-75.06221,40.4278],[-75.0627,40.4318],[-75.06219,40.4296]]]}},{"type":"Feature","properties":{},"geometry":{"type":"Polygon","coordinates":[[[-75.0689,40.4519],[-75.07061,40.4552],[-75.0705,40.4559],[-75.06949,40.4535],[-75.0689,40.4519]]]}},{"type":"Feature","properties":{},"geometry":{"type":"Polygon","coordinates":[[[-75.06859,40.4613],[-75.06981,40.4596],[-75.0671,40.4651],[-75.06859,40.4613]]]}},{"type":"Feature","properties":{},"geometry":{"type":"Polygon","coordinates":[[[-75.06611,40.4665],[-75.06539,40.4671],[-75.0676,40.4625],[-75.06611,40.4665]]]}},{"type":"Feature","properties":{},"geometry":{"type":"Polygon","coordinates":[[[-75.0643,40.4767],[-75.06359,40.473],[-75.0668,40.4668],[-75.06731,40.4728],[-75.0643,40.4767]]]}},{"type":"Feature","properties":{},"geometry":{"type":"Polygon","coordinates":[[[-75.0634,40.476],[-75.06381,40.477],[-75.0619,40.4809],[-75.06219,40.4772],[-75.0634,40.476]]]}},{"type":"Feature","properties":{},"geometry":{"type":"Polygon","coordinates":[[[-75.06279,40.48],[-75.06401,40.4777],[-75.0629,40.4816],[-75.06279,40.48]]]}},{"type":"Feature","properties":{},"geometry":{"type":"Polygon","coordinates":[[[-75.06189,40.4847],[-75.06251,40.4808],[-75.0624,40.4868],[-75.06189,40.4847]]]}},{"type":"Feature","properties":{},"geometry":{"type":"Polygon","coordinates":[[[-75.06259,40.4941],[-75.06271,40.4903],[-75.0633,40.4992],[-75.06259,40.4941]]]}},{"type":"Feature","properties":{},"geometry":{"type":"Polygon","coordinates":[[[-75.06479,40.5079],[-75.06491,40.5053],[-75.0649,40.5105],[-75.06479,40.5079]]]}},{"type":"Feature","properties":{},"geometry":{"type":"Polygon","coordinates":[[[-75.06561,40.5171],[-75.06569,40.5209],[-75.0653,40.5138],[-75.06561,40.5171]]]}},{"type":"Feature","properties":{},"geometry":{"type":"Polygon","coordinates":[[[-75.0704,40.5435],[-75.0687,40.5423],[-75.0712,40.5438],[-75.0704,40.5435]]]}},{"type":"Feature","properties":{},"geometry":{"type":"Polygon","coordinates":[[[-75.0805,40.5503],[-75.0786,40.5484],[-75.0839,40.5534],[-75.0805,40.5503]]]}},{"type":"Feature","properties":{},"geometry":{"type":"Polygon","coordinates":[[[-75.1626,40.5642],[-75.1629,40.5641],[-75.16881,40.5641],[-75.1688,40.5641],[-75.1626,40.5642]]]}},{"type":"Feature","properties":{},"geometry":{"type":"Polygon","coordinates":[[[-75.10159,40.5682],[-75.1109,40.5707],[-75.11721,40.5732],[-75.1172,40.5732],[-75.10159,40.5682]]]}},{"type":"Feature","properties":{},"geometry":{"type":"Polygon","coordinates":[[[-75.1192,40.5736],[-75.118,40.5733],[-75.12201,40.5738],[-75.1192,40.5736]]]}},{"type":"Feature","properties":{},"geometry":{"type":"Polygon","coordinates":[[[-75.18949,40.5718],[-75.1924,40.5743],[-75.1932,40.5752],[-75.1906,40.573],[-75.18949,40.5718]]]}},{"type":"Feature","properties":{},"geometry":{"type":"Polygon","coordinates":[[[-75.19371,40.6042],[-75.1927,40.6035],[-75.1923,40.6027],[-75.1923,40.6027],[-75.19371,40.6042]]]}},{"type":"Feature","properties":{},"geometry":{"type":"Polygon","coordinates":[[[-75.1939,40.6422],[-75.19109,40.6372],[-75.1911,40.6369],[-75.19111,40.6369],[-75.1939,40.6422]]]}},{"type":"Feature","properties":{},"geometry":{"type":"Polygon","coordinates":[[[-75.1974,40.6448],[-75.1955,40.6432],[-75.1993,40.646],[-75.1974,40.6448]]]}},{"type":"Feature","properties":{},"geometry":{"type":"Polygon","coordinates":[[[-75.19789,40.6521],[-75.19981,40.6502],[-75.1978,40.6534],[-75.19789,40.6521]]]}},{"type":"Feature","properties":{},"geometry":{"type":"Polygon","coordinates":[[[-75.1972,40.6526],[-75.19741,40.6539],[-75.1972,40.6542],[-75.19619,40.654],[-75.1972,40.6526]]]}},{"type":"Feature","properties":{},"geometry":{"type":"Polygon","coordinates":[[[-75.1862,40.6643],[-75.1876,40.6639],[-75.18279,40.666],[-75.1862,40.6643]]]}},{"type":"Feature","properties":{},"geometry":{"type":"Polygon","coordinates":[[[-75.1806,40.6687],[-75.17831,40.6716],[-75.1777,40.6723],[-75.178,40.6718],[-75.1806,40.6687]]]}},{"type":"Feature","properties":{},"geometry":{"type":"Polygon","coordinates":[[[-75.1787,40.6786],[-75.1777,40.6778],[-75.1805,40.6793],[-75.1787,40.6786]]]}},{"type":"Feature","properties":{},"geometry":{"type":"Polygon","coordinates":[[[-75.19579,40.7098],[-75.19861,40.7055],[-75.195,40.7128],[-75.19579,40.7098]]]}},{"type":"Feature","properties":{},"geometry":{"type":"Polygon","coordinates":[[[-75.1926,40.7148],[-75.1938,40.7131],[-75.1946,40.7125],[-75.1937,40.714],[-75.1926,40.7148]]]}},{"type":"Feature","properties":{},"geometry":{"type":"Polygon","coordinates":[[[-75.1872,40.7191],[-75.1911,40.717],[-75.1864,40.7203],[-75.1872,40.7191]]]}},{"type":"Feature","properties":{},"geometry":{"type":"Polygon","coordinates":[[[-75.18579,40.7216],[-75.18641,40.7204],[-75.1861,40.7223],[-75.18579,40.7216]]]}},{"type":"Feature","properties":{},"geometry":{"type":"Polygon","coordinates":[[[-75.1877,40.7393],[-75.1859,40.7374],[-75.1899,40.7408],[-75.1877,40.7393]]]}},{"type":"Feature","properties":{},"geometry":{"type":"Polygon","coordinates":[[[-75.1829,40.7595],[-75.1816,40.7603],[-75.1793,40.7617],[-75.1815,40.7602],[-75.1829,40.7595]]]}},{"type":"Feature","properties":{},"geometry":{"type":"Polygon","coordinates":[[[-75.1521,40.7753],[-75.1535,40.7758],[-75.14959,40.7748],[-75.1521,40.7753]]]}},{"type":"Feature","properties":{},"geometry":{"type":"Polygon","coordinates":[[[-75.0677,40.8473],[-75.0706,40.8474],[-75.06619,40.8476],[-75.0677,40.8473]]]}},{"type":"Feature","properties":{},"geometry":{"type":"Polygon","coordinates":[[[-75.0635,40.8494],[-75.0643,40.8483],[-75.066,40.8476],[-75.066,40.8476],[-75.0635,40.8494]]]}},{"type":"Feature","properties":{},"geometry":{"type":"Polygon","coordinates":[[[-75.07981,40.8478],[-75.0804,40.8491],[-75.0766,40.8496],[-75.07329,40.8475],[-75.07981,40.8478]]]}},{"type":"Feature","properties":{},"geometry":{"type":"Polygon","coordinates":[[[-75.0811,40.8496],[-75.0831,40.8496],[-75.07709,40.8499],[-75.0811,40.8496]]]}},{"type":"Feature","properties":{},"geometry":{"type":"Polygon","coordinates":[[[-75.0587,40.8542],[-75.0583,40.8561],[-75.0557,40.8574],[-75.0563,40.8552],[-75.0587,40.8542]]]}},{"type":"Feature","properties":{},"geometry":{"type":"Polygon","coordinates":[[[-75.0545,40.8577],[-75.05359,40.8583],[-75.0554,40.856],[-75.0545,40.8577]]]}},{"type":"Feature","properties":{},"geometry":{"type":"Polygon","coordinates":[[[-75.06311,40.8526],[-75.0618,40.8565],[-75.0527,40.8631],[-75.0547,40.8592],[-75.0583,40.8575],[-75.06309,40.8526],[-75.06239,40.8525],[-75.063,40.852],[-75.06311,40.8526]]]}},{"type":"Feature","properties":{},"geometry":{"type":"Polygon","coordinates":[[[-75.0629,40.8562],[-75.0634,40.856],[-75.0602,40.8591],[-75.0629,40.8562]]]}},{"type":"Feature","properties":{},"geometry":{"type":"Polygon","coordinates":[[[-75.07799,40.9119],[-75.07721,40.9102],[-75.0791,40.9136],[-75.07799,40.9119]]]}},{"type":"Feature","properties":{},"geometry":{"type":"Polygon","coordinates":[[[-75.1186,40.9598],[-75.12031,40.9626],[-75.1192,40.9646],[-75.11849,40.9629],[-75.1186,40.9598]]]}},{"type":"Feature","properties":{},"geometry":{"type":"Polygon","coordinates":[[[-75.127,40.9695],[-75.1243,40.9699],[-75.12851,40.9691],[-75.127,40.9695]]]}},{"type":"Feature","properties":{},"geometry":{"type":"Polygon","coordinates":[[[-75.0521,41.0024],[-75.05159,41.0017],[-75.0516,41.0017],[-75.05231,41.0017],[-75.0521,41.0024]]]}},{"type":"Feature","properties":{},"geometry":{"type":"Polygon","coordinates":[[[-75.1085,41.0035],[-75.107,41.0041],[-75.1099,41.0024],[-75.1085,41.0035]]]}},{"type":"Feature","properties":{},"geometry":{"type":"Polygon","coordinates":[[[-75.02641,41.0042],[-75.025,41.0045],[-75.02499,41.0045],[-75.0254,41.0035],[-75.02641,41.0042]]]}},{"type":"Feature","properties":{},"geometry":{"type":"Polygon","coordinates":[[[-75.0795,41.0151],[-75.0842,41.0153],[-75.07619,41.0167],[-75.0795,41.0151]]]}},{"type":"Feature","properties":{},"geometry":{"type":"Polygon","coordinates":[[[-75.0705,41.0186],[-75.0733,41.0179],[-75.05909,41.0242],[-75.0705,41.0186]]]}},{"type":"Feature","properties":{},"geometry":{"type":"Polygon","coordinates":[[[-75.0685,41.0191],[-75.0603,41.0235],[-75.05809,41.0237],[-75.0652,41.0199],[-75.0685,41.0191]]]}},{"type":"Feature","properties":{},"geometry":{"type":"Polygon","coordinates":[[[-75.0401,41.0327],[-75.0417,41.0318],[-75.038,41.0347],[-75.0401,41.0327]]]}},{"type":"Feature","properties":{},"geometry":{"type":"Polygon","coordinates":[[[-75.02631,41.0439],[-75.02121,41.0504],[-75.0212,41.0504],[-75.01919,41.0467],[-75.02089,41.0424],[-75.023,41.0416],[-75.02631,41.0439]]]}},{"type":"Feature","properties":{},"geometry":{"type":"Polygon","coordinates":[[[-75.01909,41.0493],[-75.01911,41.0479],[-75.02,41.0505],[-75.01909,41.0493]]]}},{"type":"Feature","properties":{},"geometry":{"type":"Polygon","coordinates":[[[-75.0212,41.0513],[-75.0245,41.0485],[-75.0171,41.0567],[-75.0212,41.0513]]]}},{"type":"Feature","properties":{},"geometry":{"type":"Polygon","coordinates":[[[-75.00699,41.0655],[-75.0095,41.0632],[-75.0117,41.0631],[-75.01141,41.06399],[-75.01431,41.0627],[-75.0114,41.0673],[-75.008,41.0671],[-75.00699,41.0655]]]}},{"type":"Feature","properties":{},"geometry":{"type":"Polygon","coordinates":[[[-75.0111,40.0157],[-75.0088,40.01391],[-75.00722,40.01489],[-75.00941,40.0146],[-75.01061,40.0166],[-75.0098,40.0181],[-74.9996,40.0244],[-74.9992,40.02361],[-74.9983,40.0257],[-74.99511,40.0256],[-74.99611,40.0271],[-74.9904,40.0326],[-74.9834,40.0288],[-74.9813,40.0288],[-74.98031,40.0296],[-74.9821,40.031],[-74.978,40.0332],[-74.97949,40.0311],[-74.9783,40.03021],[-74.97391,40.0337],[-74.9773,40.03789],[-74.97919,40.0364],[-74.9788,40.0344],[-74.9828,40.0341],[-74.9836,40.03549],[-74.9871,40.0345],[-74.98301,40.037],[-74.98281,40.0392],[-74.9811,40.0402],[-74.97939,40.0407],[-74.97949,40.03731],[-74.9736,40.0408],[-74.9685,40.0415],[-74.9679,40.0428],[-74.9533,40.0438],[-74.9479,40.0419],[-74.9457,40.03941],[-74.9447,40.04],[-74.9342,40.0288],[-74.9295,40.0275],[-74.9257,40.0283],[-74.9249,40.02561],[-74.923,40.0276],[-74.92409,40.0259],[-74.9219,40.0234],[-74.9146,40.0203],[-74.9076,40.0139],[-74.9034,40.0121],[-74.8998,40.012],[-74.8944,40.0076],[-74.889,40.0073],[-74.88939,40.0045],[-74.8879,40.0017],[-74.88069,40.0],[-75.05191,40.0],[-75.047,40.0064],[-75.0428,40.0091],[-75.0351,40.0118],[-75.0293,40.0122],[-75.0273,40.01091],[-75.0175,40.0148],[-75.0111,40.0157]]]}},{"type":"Feature","properties":{},"geometry":{"type":"Polygon","coordinates":[[[-74.9288,40.029],[-74.9277,40.0297],[-74.92729,40.0295],[-74.9273,40.0295],[-74.9288,40.029]]]}},{"type":"Feature","properties":{},"geometry":{"type":"Polygon","coordinates":[[[-75.0006,40.0287],[-75.0039,40.027],[-74.9901,40.0365],[-75.0006,40.0287]]]}},{"type":"Feature","properties":{},"geometry":{"type":"Polygon","coordinates":[[[-74.98399,40.0331],[-74.98431,40.0321],[-74.9846,40.0331],[-74.98399,40.0331]]]}},{"type":"Feature","properties":{},"geometry":{"type":"Polygon","coordinates":[[[-74.9581,40.0567],[-74.9656,40.0533],[-74.9518,40.0598],[-74.9581,40.0567]]]}},{"type":"Feature","properties":{},"geometry":{"type":"Polygon","coordinates":[[[-74.9152,40.0705],[-74.9186,40.0711],[-74.91349,40.0704],[-74.9152,40.0705]]]}},{"type":"Feature","properties":{},"geometry":{"type":"Polygon","coordinates":[[[-74.8643,40.0824],[-74.8666,40.082],[-74.86219,40.0833],[-74.8643,40.0824]]]}},{"type":"Feature","properties":{},"geometry":{"type":"Polygon","coordinates":[[[-74.8362,40.0951],[-74.8441,40.086],[-74.8507,40.0834],[-74.8567,40.0838],[-74.85541,40.0899],[-74.8506,40.0938],[-74.838,40.0982],[-74.8362,40.0951]],[[-74.8515,40.0859],[-74.84521,40.0894],[-74.8505,40.09309],[-74.85289,40.0915],[-74.85369,40.0863],[-74.8515,40.0859]]]}},{"type":"Feature","properties":{},"geometry":{"type":"Polygon","coordinates":[[[-74.8422,40.0985],[-74.8433,40.0981],[-74.8394,40.1002],[-74.8422,40.0985]]]}},{"type":"Feature","properties":{},"geometry":{"type":"Polygon","coordinates":[[[-74.8348,40.1052],[-74.83411,40.1079],[-74.8333,40.1113],[-74.83409,40.1072],[-74.8348,40.1052]]]}},{"type":"Feature","properties":{},"geometry":{"type":"Polygon","coordinates":[[[-74.7443,40.132],[-74.74129,40.1292],[-74.7508,40.1224],[-74.7602,40.1219],[-74.77211,40.1252],[-74.7581,40.1329],[-74.7514,40.1333],[-74.75379,40.1319],[-74.7508,40.13071],[-74.7481,40.1323],[-74.7443,40.132]]]}},{"type":"Feature","properties":{},"geometry":{"type":"Polygon","coordinates":[[[-74.7728,40.1269],[-74.7695,40.1291],[-74.766,40.1309],[-74.7691,40.1292],[-74.7728,40.1269]]]}},{"type":"Feature","properties":{},"geometry":{"type":"Polygon","coordinates":[[[-74.7427,40.1347],[-74.7443,40.1344],[-74.74059,40.1355],[-74.7427,40.1347]]]}},{"type":"Feature","properties":{},"geometry":{"type":"Polygon","coordinates":[[[-74.75169,40.1838],[-74.752,40.1835],[-74.7542,40.1851],[-74.7542,40.1851],[-74.75169,40.1838]]]}},{"type":"Feature","properties":{},"geometry":{"type":"Polygon","coordinates":[[[-74.76441,40.2034],[-74.76589,40.2055],[-74.7596,40.197],[-74.76441,40.2034]]]}},{"type":"Feature","properties":{},"geometry":{"type":"Polygon","coordinates":[[[-74.77009,40.2133],[-74.76861,40.2103],[-74.7717,40.2152],[-74.77009,40.2133]]]}},{"type":"Feature","properties":{},"geometry":{"type":"Polygon","coordinates":[[[-74.774,40.217],[-74.7738,40.2167],[-74.7784,40.2197],[-74.774,40.217]]]}},{"type":"Feature","properties":{},"geometry":{"type":"Polygon","coordinates":[[[-74.804,40.234],[-74.7993,40.2316],[-74.80641,40.2345],[-74.804,40.234]]]}},{"type":"Feature","properties":{},"geometry":{"type":"Polygon","coordinates":[[[-74.8181,40.2393],[-74.8138,40.2382],[-74.80729,40.2348],[-74.8179,40.2379],[-74.8181,40.2393]]]}},{"type":"Feature","properties":{},"geometry":{"type":"Polygon","coordinates":[[[-74.84799,40.2617],[-74.84681,40.2591],[-74.8501,40.2647],[-74.84799,40.2617]]]}},{"type":"Feature","properties":{},"geometry":{"type":"Polygon","coordinates":[[[-74.9442,40.3441],[-74.9429,40.3417],[-74.9417,40.3414],[-74.943,40.3416],[-74.9442,40.3441]]]}},{"type":"Feature","properties":{},"geometry":{"type":"Polygon","coordinates":[[[-74.94539,40.3521],[-74.94541,40.3501],[-74.946,40.3554],[-74.94539,40.3521]]]}},{"type":"Feature","properties":{},"geometry":{"type":"Polygon","coordinates":[[[-74.94709,40.3602],[-74.94611,40.3561],[-74.948,40.3625],[-74.94709,40.3602]]]}},{"type":"Feature","properties":{},"geometry":{"type":"Polygon","coordinates":[[[-74.95579,40.38],[-74.95431,40.3765],[-74.9569,40.3817],[-74.95579,40.38]]]}},{"type":"Feature","properties":{},"geometry":{"type":"Polygon","coordinates":[[[-74.96409,40.3953],[-74.9668,40.3979],[-74.9681,40.3991],[-74.9656,40.3973],[-74.96409,40.3953]]]}},{"type":"Feature","properties":{},"geometry":{"type":"Polygon","coordinates":[[[-74.98419,40.4052],[-74.9855,40.4059],[-74.9886,40.4086],[-74.9886,40.4086],[-74.98419,40.4052]]]}},{"type":"Feature","properties":{},"geometry":{"type":"Polygon","coordinates":[[[-75.0081,40.4075],[-75.0068,40.4076],[-75.01161,40.4065],[-75.0081,40.4075]]]}},{"type":"Feature","properties":{},"geometry":{"type":"Polygon","coordinates":[[[-75.0001,40.4097],[-74.9988,40.41],[-75.0022,40.4084],[-75.0001,40.4097]]]}},{"type":"Feature","properties":{},"geometry":{"type":"Polygon","coordinates":[[[-75.00551,40.4084],[-75.0022,40.4103],[-74.99849,40.4105],[-75.0038,40.4082],[-75.00551,40.4084]]]}},{"type":"Feature","properties":{},"geometry":{"type":"Polygon","coordinates":[[[-74.993,40.4099],[-74.9902,40.4091],[-74.99551,40.4103],[-74.993,40.4099]]]}},{"type":"Feature","properties":{},"geometry":{"type":"Polygon","coordinates":[[[-74.805,40.8843],[-74.806,40.8838],[-74.8044,40.8852],[-74.805,40.8843]]]}},{"type":"Feature","properties":{},"geometry":{"type":"Polygon","coordinates":[[[-74.9691,41.0868],[-74.9709,41.0854],[-74.9685,41.0877],[-74.9691,41.0868]]]}},{"type":"Feature","properties":{},"geometry":{"type":"Polygon","coordinates":[[[-74.96739,41.0901],[-74.96841,41.0879],[-74.9668,41.0934],[-74.96739,41.0901]]]}},{"type":"Feature","properties":{},"geometry":{"type":"Polygon","coordinates":[[[-74.9802,41.0909],[-74.9754,41.094],[-74.9812,41.0899],[-74.9802,41.0909]]]}},{"type":"Feature","properties":{},"geometry":{"type":"Polygon","coordinates":[[[-74.98889,41.096],[-74.99071,41.0939],[-74.9872,41.0999],[-74.98889,41.096]]]}},{"type":"Feature","properties":{},"geometry":{"type":"Polygon","coordinates":[[[-74.98399,41.1043],[-74.98701,41.1001],[-74.9822,41.1082],[-74.98399,41.1043]]]}},{"type":"Feature","properties":{},"geometry":{"type":"Polygon","coordinates":[[[-74.9632,41.1147],[-74.9643,41.1142],[-74.9607,41.1163],[-74.9632,41.1147]]]}},{"type":"Feature","properties":{},"geometry":{"type":"Polygon","coordinates":[[[-74.9475,41.1253],[-74.94719,41.1244],[-74.9474,41.1237],[-74.9545,41.1198],[-74.94731,41.1244],[-74.9475,41.1253]]]}},{"type":"Feature","properties":{},"geometry":{"type":"Polygon","coordinates":[[[-74.7842,41.1266],[-74.78469,41.1251],[-74.7854,41.1252],[-74.7852,41.1261],[-74.7842,41.1266]]]}},{"type":"Feature","properties":{},"geometry":{"type":"Polygon","coordinates":[[[-74.90349,41.1581],[-74.90521,41.1558],[-74.9026,41.16],[-74.90349,41.1581]]]}},{"type":"Feature","properties":{},"geometry":{"type":"Polygon","coordinates":[[[-74.869,41.2061],[-74.86041,41.2175],[-74.8593,41.2205],[-74.85949,41.2188],[-74.86059,41.217],[-74.869,41.2061]]]}},{"type":"Feature","properties":{},"geometry":{"type":"Polygon","coordinates":[[[-74.8476,41.2523],[-74.8488,41.2514],[-74.8469,41.2533],[-74.8476,41.2523]]]}},{"type":"Feature","properties":{},"geometry":{"type":"Polygon","coordinates":[[[-74.84489,41.2581],[-74.84561,41.2558],[-74.8465,41.262],[-74.84489,41.2581]]]}},{"type":"Feature","properties":{},"geometry":{"type":"Polygon","coordinates":[[[-74.844,41.2573],[-74.84581,41.262],[-74.8407,41.2704],[-74.83899,41.2619],[-74.844,41.2573]]]}},{"type":"Feature","properties":{},"geometry":{"type":"Polygon","coordinates":[[[-74.84059,41.2716],[-74.84111,41.271],[-74.8402,41.2731],[-74.84059,41.2716]]]}},{"type":"Feature","properties":{},"geometry":{"type":"Polygon","coordinates":[[[-74.83209,41.2838],[-74.83291,41.2829],[-74.8311,41.2855],[-74.83209,41.2838]]]}},{"type":"Feature","properties":{},"geometry":{"type":"Polygon","coordinates":[[[-74.81799,41.2893],[-74.81769,41.2881],[-74.8251,41.2786],[-74.8298,41.2769],[-74.8327,41.27919],[-74.834,41.2788],[-74.83431,41.2806],[-74.83021,41.2848],[-74.8298,41.2871],[-74.8222,41.2934],[-74.8162,41.2953],[-74.8128,41.2973],[-74.8116,41.2974],[-74.81109,41.2956],[-74.81799,41.2893]]]}},{"type":"Feature","properties":{},"geometry":{"type":"Polygon","coordinates":[[[-74.8177,41.2954],[-74.8157,41.2962],[-74.81259,41.2979],[-74.8161,41.2958],[-74.8177,41.2954]]]}},{"type":"Feature","properties":{},"geometry":{"type":"Polygon","coordinates":[[[-74.7951,41.3091],[-74.7968,41.3084],[-74.7926,41.3106],[-74.7951,41.3091]]]}},{"type":"Feature","properties":{},"geometry":{"type":"Polygon","coordinates":[[[-74.7922,41.3108],[-74.79201,41.3116],[-74.7924,41.3141],[-74.79169,41.3122],[-74.7922,41.3108]]]}},{"type":"Feature","properties":{},"geometry":{"type":"Polygon","coordinates":[[[-74.7697,41.3261],[-74.7676,41.3269],[-74.7701,41.3249],[-74.7697,41.3261]]]}},{"type":"Feature","properties":{},"geometry":{"type":"Polygon","coordinates":[[[-74.7625,41.3344],[-74.76349,41.3313],[-74.7689,41.327],[-74.76351,41.3316],[-74.7625,41.3344]]]}},{"type":"Feature","properties":{},"geometry":{"type":"Polygon","coordinates":[[[-74.756,41.3438],[-74.75249,41.3432],[-74.7577,41.3418],[-74.7604,41.3393],[-74.756,41.3438]]]}},{"type":"Feature","properties":{},"geometry":{"type":"Polygon","coordinates":[[[-74.7457,41.3458],[-74.7513,41.3431],[-74.75621,41.3444],[-74.7532,41.3461],[-74.7488,41.3462],[-74.7457,41.3458]]]}},{"type":"Feature","properties":{},"geometry":{"type":"Polygon","coordinates":[[[-74.7438,41.3462],[-74.7453,41.3463],[-74.74149,41.3464],[-74.7438,41.3462]]]}},{"type":"Feature","properties":{},"geometry":{"type":"Polygon","coordinates":[[[-74.73609,41.3984],[-74.73861,41.4012],[-74.7408,41.4049],[-74.74079,41.4049],[-74.73609,41.3984]]]}},{"type":"Feature","properties":{},"geometry":{"type":"Polygon","coordinates":[[[-74.73859,41.4108],[-74.74111,41.4088],[-74.739,41.4127],[-74.73859,41.4108]]]}},{"type":"Feature","properties":{},"geometry":{"type":"Polygon","coordinates":[[[-74.7348,41.4225],[-74.73769,41.4153],[-74.7387,41.4135],[-74.73871,41.4135],[-74.7348,41.4225]]]}},{"type":"Feature","properties":{},"geometry":{"type":"Polygon","coordinates":[[[-74.7778,41.4253],[-74.776,41.4256],[-74.78131,41.4237],[-74.7778,41.4253]]]}},{"type":"Feature","properties":{},"geometry":{"type":"Polygon","coordinates":[[[-74.7411,41.4311],[-74.7438,41.4306],[-74.75051,41.4281],[-74.7448,41.4304],[-74.7438,41.4306],[-74.7431,41.4309],[-74.7411,41.4311]]]}},{"type":"Feature","properties":{},"geometry":{"type":"Polygon","coordinates":[[[-74.827,41.4313],[-74.8286,41.4307],[-74.82981,41.4306],[-74.8292,41.4307],[-74.827,41.4313]]]}},{"type":"Feature","properties":{},"geometry":{"type":"Polygon","coordinates":[[[-74.8408,41.4345],[-74.8386,41.4328],[-74.8422,41.4352],[-74.8408,41.4345]]]}},{"type":"Feature","properties":{},"geometry":{"type":"Polygon","coordinates":[[[-74.79929,41.4308],[-74.80121,41.4381],[-74.8056,41.442],[-74.80139,41.4387],[-74.80029,41.4363],[-74.79929,41.4308]]]}},{"type":"Feature","properties":{},"geometry":{"type":"Polygon","coordinates":[[[-74.8857,41.439],[-74.8821,41.4394],[-74.88781,41.4384],[-74.8857,41.439]]]}},{"type":"Feature","properties":{},"geometry":{"type":"Polygon","coordinates":[[[-74.8669,41.4435],[-74.8649,41.4439],[-74.87071,41.4422],[-74.8669,41.4435]]]}},{"type":"Feature","properties":{},"geometry":{"type":"Polygon","coordinates":[[[-74.8106,41.4431],[-74.808,41.4429],[-74.81181,41.443],[-74.8106,41.4431]]]}},{"type":"Feature","properties":{},"geometry":{"type":"Polygon","coordinates":[[[-74.8631,41.4444],[-74.8598,41.4443],[-74.86481,41.444],[-74.8631,41.4444]]]}},{"type":"Feature","properties":{},"geometry":{"type":"Polygon","coordinates":[[[-74.8899,41.4501],[-74.8915,41.4491],[-74.8892,41.4512],[-74.8899,41.4501]]]}},{"type":"Feature","properties":{},"geometry":{"type":"Polygon","coordinates":[[[-74.7309,40.1422],[-74.7316,40.142],[-74.7269,40.1449],[-74.7309,40.1422]]]}},{"type":"Feature","properties":{},"geometry":{"type":"Polygon","coordinates":[[[-74.72309,40.1481],[-74.72431,40.1466],[-74.7222,40.1499],[-74.72309,40.1481]]]}},{"type":"Feature","properties":{},"geometry":{"type":"Polygon","coordinates":[[[-74.37821,40.4528],[-74.37651,40.4552],[-74.3765,40.4552],[-74.37549,40.452],[-74.37821,40.4528]]]}},{"type":"Feature","properties":{},"geometry":{"type":"Polygon","coordinates":[[[-74.4706,40.5099],[-74.4682,40.5092],[-74.47431,40.5106],[-74.4706,40.5099]]]}},{"type":"Feature","properties":{},"geometry":{"type":"Polygon","coordinates":[[[-74.5547,40.5493],[-74.5513,40.5501],[-74.5576,40.5471],[-74.5547,40.5493]]]}},{"type":"Feature","properties":{},"geometry":{"type":"Polygon","coordinates":[[[-74.66659,40.6134],[-74.6679,40.6127],[-74.66921,40.6129],[-74.6681,40.6139],[-74.66659,40.6134]]]}},{"type":"Feature","properties":{},"geometry":{"type":"Polygon","coordinates":[[[-74.6777,40.6215],[-74.6797,40.6231],[-74.6799,40.624],[-74.6777,40.6231],[-74.6777,40.6215]]]}},{"type":"Feature","properties":{},"geometry":{"type":"Polygon","coordinates":[[[-74.6831,40.6452],[-74.6808,40.6469],[-74.6795,40.6469],[-74.6795,40.6469],[-74.6831,40.6452]]]}},{"type":"Feature","properties":{},"geometry":{"type":"Polygon","coordinates":[[[-75.19999,40.61771],[-75.1894,40.62],[-75.18781,40.6251],[-75.19051,40.6383],[-75.1928,40.642],[-75.1992,40.6468],[-75.19971,40.6484],[-75.1909,40.6606],[-75.1816,40.6664],[-75.17721,40.6721],[-75.17631,40.6755],[-75.17731,40.6781],[-75.1794,40.6795],[-75.1957,40.6814],[-75.19999,40.68578],[-75.19991,40.6997],[-75.19811,40.7055],[-75.1908,40.7165],[-75.18561,40.7199],[-75.18561,40.7252],[-75.18131,40.7315],[-75.18471,40.7374],[-75.19521,40.7467],[-75.19621,40.7501],[-75.1909,40.7557],[-75.1811,40.7596],[-75.17781,40.7623],[-75.17541,40.7711],[-75.1708,40.7772],[-75.164,40.7779],[-75.1428,40.7732],[-75.1333,40.7731],[-75.1223,40.7862],[-75.1169,40.7887],[-75.1081,40.7901],[-75.09961,40.7997],[-75.10011,40.8057],[-75.09871,40.8091],[-75.0887,40.8161],[-75.08301,40.8246],[-75.08331,40.8287],[-75.09641,40.8389],[-75.09571,40.8465],[-75.0924,40.8483],[-75.0833,40.8482],[-75.0828,40.8492],[-75.0816,40.8478],[-75.0767,40.8468],[-75.0646,40.8472],[-75.0619,40.851],[-75.0577,40.8532],[-75.05331,40.8575],[-75.05001,40.8668],[-75.05271,40.8733],[-75.0611,40.8824],[-75.07461,40.8937],[-75.07401,40.8996],[-75.07681,40.9112],[-75.0789,40.9147],[-75.08781,40.9204],[-75.08731,40.9234],[-75.08421,40.9256],[-75.0832,40.9278],[-75.0771,40.9303],[-75.0752,40.9331],[-75.0715,40.9346],[-75.07041,40.9367],[-75.07131,40.9394],[-75.06983,40.94189],[-75.07159,40.9392],[-75.07059,40.9367],[-75.0721,40.9344],[-75.08389,40.9298],[-75.08369,40.9268],[-75.08739,40.9241],[-75.0881,40.9199],[-75.096,40.9256],[-75.1049,40.9358],[-75.10531,40.9403],[-75.1112,40.9484],[-75.11721,40.9534],[-75.11801,40.9646],[-75.11981,40.9695],[-75.1227,40.9709],[-75.1306,40.9695],[-75.13451,40.9726],[-75.13521,40.9766],[-75.13191,40.9815],[-75.13091,40.9865],[-75.13131,40.9887],[-75.1266,40.9936],[-75.1061,41.0033],[-75.1044,41.0051],[-75.097,41.0071],[-75.0865,41.0135],[-75.0777,41.0147],[-75.0631,41.02],[-75.0501,41.0276],[-75.0397,41.0317],[-75.0337,41.0366],[-75.02021,41.0417],[-75.01801,41.0481],[-75.01991,41.0513],[-75.01621,41.056],[-75.0139,41.062],[-75.0086,41.0632],[-75.0015,41.0719],[-74.9941,41.0763],[-74.9812,41.0792],[-74.96841,41.0867],[-74.96591,41.0935],[-74.9686,41.09689],[-74.9768,41.0941],[-74.9834,41.0896],[-74.9881,41.0887],[-74.99111,41.0894],[-74.99101,41.0928],[-74.98851,41.0951],[-74.98131,41.1082],[-74.9721,41.113],[-74.9663,41.1129],[-74.9619,41.1148],[-74.94661,41.1238],[-74.9455,41.1281],[-74.9321,41.1327],[-74.922,41.1385],[-74.90341,41.157],[-74.8994,41.1659],[-74.8881,41.1734],[-74.88201,41.18],[-74.87461,41.1954],[-74.85831,41.2191],[-74.85991,41.2226],[-74.86671,41.2279],[-74.86521,41.2325],[-74.86121,41.2376],[-74.86091,41.2422],[-74.8569,41.2485],[-74.8479,41.2512],[-74.8443,41.2564],[-74.83921,41.2597],[-74.83811,41.2621],[-74.83801,41.26436],[-74.8381,41.2637],[-74.83971,41.2712],[-74.8376,41.277],[-74.835,41.2783],[-74.8295,41.2765],[-74.8256,41.2778],[-74.81011,41.2955],[-74.81061,41.2982],[-74.8084,41.3008],[-74.79121,41.3107],[-74.79141,41.3142],[-74.79531,41.3183],[-74.7942,41.3206],[-74.7911,41.3223],[-74.7846,41.3234],[-74.7723,41.3236],[-74.76631,41.3251],[-74.76561,41.3283],[-74.76311,41.3305],[-74.76031,41.3378],[-74.7564,41.3417],[-74.75,41.3425],[-74.7417,41.3457],[-74.7288,41.3453],[-74.721,41.3463],[-74.707,41.3517],[-74.7043,41.3513],[-74.7008,41.3517],[-74.6977,41.3533],[-74.69391,41.3569],[-74.6948,41.3571],[-74.6949,41.3574],[-74.68771,41.363],[-74.6926,41.3704],[-74.7073,41.3787],[-74.71201,41.3894],[-74.7162,41.3936],[-74.72,41.3953],[-74.7287,41.3957],[-74.73501,41.398],[-74.74141,41.4079],[-74.73831,41.4107],[-74.73421,41.4218],[-74.73441,41.4265],[-74.73581,41.4288],[-74.7386,41.431],[-74.7432,41.4315],[-74.7509,41.4284],[-74.7547,41.4251],[-74.7594,41.4237],[-74.7713,41.4266],[-74.7762,41.4265],[-74.7892,41.4219],[-74.7936,41.423],[-74.79591,41.4257],[-74.80091,41.4393],[-74.8086,41.4439],[-74.8119,41.444],[-74.8171,41.442],[-74.8233,41.4372],[-74.8264,41.4328],[-74.8323,41.4309],[-74.8374,41.4324],[-74.8546,41.4443],[-74.8588,41.4451],[-74.8647,41.4451],[-74.8788,41.4404],[-74.8891,41.4388],[-74.8944,41.4395],[-74.89591,41.4411],[-74.89461,41.4458],[-74.88881,41.4501],[-74.88846,41.4527],[-74.48102,41.45495],[-74.48639,41.4519],[-74.48419,41.4509],[-74.48559,41.4487],[-74.4849,41.44731],[-74.48001,41.4479],[-74.48011,41.4501],[-74.4783,41.44991],[-74.47702,41.45496],[-74.01538,41.45575],[-74.01649,41.4537],[-74.0142,41.4498],[-74.0007,41.4447],[-73.9957,41.4413],[-73.9914,41.4411],[-73.9863,41.4386],[-73.97999,41.4268],[-73.97119,41.4168],[-73.96459,41.4015],[-73.9591,41.39691],[-73.955,41.3977],[-73.95069,41.3959],[-73.95199,41.3907],[-73.95489,41.3876],[-73.96049,41.3747],[-73.96429,41.3548],[-73.96229,41.3518],[-73.9662,41.3507],[-73.97609,41.3347],[-73.98359,41.3287],[-73.98688,41.32099],[-73.98499,41.3119],[-73.98539,41.304],[-73.98251,41.30361],[-73.98201,41.3071],[-73.9838,41.3096],[-73.982,41.3077],[-73.9803,41.3078],[-73.9783,41.3101],[-73.97339,41.3052],[-73.9721,41.3019],[-73.96909,41.3009],[-73.9698,41.2993],[-73.97399,41.30059],[-73.97399,41.2996],[-73.9614,41.2939],[-73.95469,41.2884],[-73.95529,41.2861],[-73.9607,41.2808],[-73.9708,41.2771],[-73.97859,41.2636],[-73.97779,41.26],[-73.97929,41.2542],[-73.97639,41.2437],[-73.9709,41.2425],[-73.96909,41.241],[-73.97519,41.2389],[-73.97609,41.229],[-73.9729,41.22601],[-73.9696,41.2275],[-73.96309,41.2245],[-73.9642,41.2189],[-73.9663,41.22039],[-73.96809,41.2198],[-73.96709,41.215],[-73.96541,41.2149],[-73.9651,41.2177],[-73.96369,41.2161],[-73.96449,41.2113],[-73.96249,41.2056],[-73.95749,41.2034],[-73.96029,41.19251],[-73.9583,41.1936],[-73.95869,41.19121],[-73.9568,41.1919],[-73.9553,41.1902],[-73.95589,41.1893],[-73.95379,41.1883],[-73.95179,41.1829],[-73.939,41.1764],[-73.9264,41.1673],[-73.91629,41.1562],[-73.90669,41.1421],[-73.90639,41.1302],[-73.90969,41.1225],[-73.91299,41.119],[-73.91499,41.1022],[-73.91389,41.1007],[-73.91559,41.0952],[-73.91399,41.0948],[-73.91539,41.0903],[-73.91419,41.0894],[-73.91639,41.0889],[-73.91539,41.0872],[-73.91789,41.0857],[-73.91549,41.0818],[-73.91579,41.0778],[-73.91989,41.074],[-73.92079,41.0639],[-73.91869,41.0491],[-73.9177,41.0465],[-73.91569,41.0458],[-73.91729,41.0452],[-73.91679,41.043],[-73.9092,41.042],[-73.8985,41.0436],[-73.89599,41.0429],[-73.9045,41.0421],[-73.9062,41.0394],[-73.90879,41.0386],[-73.90459,41.0324],[-73.90329,41.0285],[-73.90439,41.0276],[-73.90219,41.0226],[-73.90359,41.0138],[-73.90219,41.0092],[-73.90269,40.9929],[-73.91029,40.9668],[-73.91639,40.9549],[-73.91769,40.9451],[-73.92249,40.9371],[-73.92674,40.92038],[-73.92769,40.9153],[-73.93209,40.9039],[-73.93489,40.8996],[-73.94039,40.8881],[-73.94409,40.8817],[-73.94339,40.8813],[-73.94479,40.8793],[-73.94549,40.8773],[-73.95469,40.8616],[-73.95369,40.8612],[-73.95469,40.8593],[-73.9574,40.85959],[-73.95809,40.8562],[-73.95889,40.8554],[-73.95919,40.852],[-73.96099,40.8495],[-73.96059,40.8492],[-73.9613,40.8492],[-73.9659,40.8425],[-73.9671,40.8424],[-73.96819,40.8412],[-73.96659,40.8404],[-73.9668,40.8398],[-73.96889,40.8397],[-73.9679,40.8386],[-73.9694,40.8387],[-73.96979,40.8368],[-73.96779,40.8361],[-73.96839,40.8349],[-73.96809,40.8337],[-73.96929,40.8328],[-73.96959,40.8317],[-73.96889,40.8312],[-73.97009,40.8288],[-73.96959,40.8285],[-73.9703,40.8273],[-73.9715,40.82769],[-73.97179,40.8272],[-73.97109,40.827],[-73.97299,40.8239],[-73.97379,40.8238],[-73.97339,40.8233],[-73.9802,40.814],[-73.98099,40.814],[-73.98089,40.8133],[-73.97889,40.8125],[-73.9793,40.8121],[-73.9832,40.81349],[-73.98399,40.8125],[-73.98039,40.8109],[-73.9807,40.8106],[-73.9841,40.81179],[-73.98499,40.8113],[-73.9829,40.8104],[-73.98379,40.8094],[-73.98199,40.8087],[-73.9828,40.8076],[-73.9847,40.80819],[-73.9851,40.8077],[-73.9859,40.8077],[-73.98659,40.8069],[-73.9841,40.8059],[-73.9843,40.8056],[-73.9856,40.80599],[-73.9861,40.8053],[-73.98698,40.80539],[-73.9857,40.8047],[-73.9875,40.8055],[-73.9886,40.8052],[-73.98879,40.8046],[-73.98849,40.8045],[-73.98889,40.8043],[-73.9875,40.8037],[-73.9876,40.8035],[-73.9891,40.80409],[-73.9897,40.8034],[-73.9904,40.8035],[-73.99079,40.8031],[-73.99119,40.8025],[-73.99079,40.8023],[-73.99179,40.802],[-73.9922,40.8008],[-73.99324,40.80127],[-73.99219,40.8006],[-73.99239,40.8],[-73.99469,40.7984],[-73.9922,40.7976],[-73.99199,40.7972],[-73.993,40.7957],[-73.9948,40.79619],[-73.99519,40.7958],[-73.99359,40.795],[-73.99419,40.7945],[-73.99449,40.7933],[-73.9954,40.7926],[-73.99669,40.79279],[-73.99679,40.7918],[-73.9963,40.7912],[-73.9978,40.79169],[-73.99819,40.7915],[-73.99819,40.7905],[-73.99729,40.7901],[-74.00119,40.785],[-73.99999,40.7844],[-74.0013,40.78479],[-74.0033,40.7824],[-74.0039,40.78259],[-74.0054,40.7807],[-74.0062,40.78099],[-74.00659,40.7806],[-74.0055,40.78],[-74.0056,40.7797],[-74.0068,40.78029],[-74.0093,40.7772],[-74.0104,40.77759],[-74.01079,40.7769],[-74.0098,40.7767],[-74.01029,40.7767],[-74.0103,40.7761],[-74.0113,40.77659],[-74.01169,40.776],[-74.01059,40.7755],[-74.01099,40.7746],[-74.00979,40.774],[-74.01039,40.773],[-74.0134,40.771],[-74.0136,40.77139],[-74.0141,40.7709],[-74.0143,40.77119],[-74.01449,40.7704],[-74.01549,40.7696],[-74.01519,40.7691],[-74.01719,40.7666],[-74.01679,40.7646],[-74.0175,40.7638],[-74.0187,40.7633],[-74.02066,40.76388],[-74.01949,40.7632],[-74.02039,40.7619],[-74.01779,40.7608],[-74.0183,40.7604],[-74.0205,40.76169],[-74.02089,40.7612],[-74.01829,40.7597],[-74.0196,40.76019],[-74.0205,40.7591],[-74.01961,40.7603],[-74.0211,40.76089],[-74.02219,40.7594],[-74.0194,40.758],[-74.0226,40.75899],[-74.0234,40.7576],[-74.025,40.7582],[-74.02609,40.758],[-74.0262,40.7571],[-74.02719,40.75729],[-74.02709,40.7555],[-74.0243,40.7549],[-74.02429,40.75432],[-74.0236,40.7557],[-74.02319,40.7555],[-74.02339,40.7548],[-74.02069,40.7543],[-74.0209,40.7541],[-74.0233,40.75459],[-74.02359,40.7538],[-74.02039,40.7533],[-74.0231,40.7535],[-74.02329,40.7529],[-74.0207,40.7523],[-74.02339,40.75259],[-74.0231,40.7519],[-74.02079,40.7515],[-74.0231,40.75179],[-74.02329,40.7514],[-74.02089,40.7508],[-74.0234,40.75129],[-74.02359,40.7509],[-74.021,40.7503],[-74.02369,40.75079],[-74.02369,40.7506],[-74.02169,40.7502],[-74.02359,40.7502],[-74.02359,40.7493],[-74.02229,40.7488],[-74.0225,40.7484],[-74.0235,40.7485],[-74.02369,40.7482],[-74.02279,40.7471],[-74.02249,40.7452],[-74.0233,40.7437],[-74.0237,40.74379],[-74.0241,40.7431],[-74.0246,40.74319],[-74.0253,40.7414],[-74.02629,40.7411],[-74.02639,40.7406],[-74.02489,40.7404],[-74.02549,40.7404],[-74.0255,40.7398],[-74.02669,40.7395],[-74.02719,40.7377],[-74.0249,40.7371],[-74.02519,40.7363],[-74.0276,40.73669],[-74.02769,40.7362],[-74.02609,40.7359],[-74.02729,40.7343],[-74.0267,40.7339],[-74.02739,40.7339],[-74.0272,40.7337],[-74.0291,40.73409],[-74.0293,40.7336],[-74.03049,40.7337],[-74.03089,40.7313],[-74.028,40.731],[-74.02829,40.7303],[-74.02699,40.7295],[-74.029,40.7304],[-74.03138,40.73059],[-74.02979,40.7297],[-74.03119,40.73009],[-74.03099,40.7291],[-74.0266,40.7286],[-74.02659,40.7281],[-74.03099,40.72859],[-74.03099,40.7281],[-74.02749,40.7275],[-74.03039,40.72779],[-74.03049,40.7269],[-74.03009,40.7265],[-74.0303,40.7261],[-74.03449,40.7262],[-74.03459,40.7253],[-74.0339,40.725],[-74.02949,40.7246],[-74.0296,40.7238],[-74.0338,40.7241],[-74.03429,40.7221],[-74.0314,40.7219],[-74.03159,40.7202],[-74.03259,40.7201],[-74.032,40.7196],[-74.02929,40.7193],[-74.0294,40.719],[-74.03259,40.71929],[-74.03279,40.7174],[-74.03049,40.7171],[-74.0307,40.7168],[-74.03209,40.7169],[-74.03219,40.7164],[-74.03129,40.7162],[-74.0315,40.7157],[-74.0317,40.7162],[-74.0327,40.7162],[-74.03319,40.7143],[-74.03249,40.7138],[-74.03309,40.7136],[-74.0337,40.7117],[-74.0347,40.7118],[-74.0354,40.7113],[-74.0373,40.7116],[-74.03849,40.711],[-74.03859,40.7096],[-74.03449,40.709],[-74.03549,40.7058],[-74.043,40.7064],[-74.04319,40.7056],[-74.04139,40.7047],[-74.0463,40.7013],[-74.0493,40.6985],[-74.0512,40.696],[-74.0526,40.69669],[-74.0548,40.6948],[-74.0553,40.69529],[-74.05629,40.695],[-74.05579,40.694],[-74.05589,40.6932],[-74.05429,40.6921],[-74.0553,40.6908],[-74.0578,40.6921],[-74.05751,40.6929],[-74.0604,40.69449],[-74.0607,40.6937],[-74.0614,40.694],[-74.06101,40.695],[-74.0654,40.6973],[-74.06541,40.6978],[-74.066,40.69809],[-74.067,40.6964],[-74.0683,40.69689],[-74.07059,40.6944],[-74.0705,40.69391],[-74.0696,40.694],[-74.0692,40.6949],[-74.0677,40.6956],[-74.06599,40.6949],[-74.07009,40.6907],[-74.07,40.6868],[-74.0722,40.68879],[-74.0733,40.6886],[-74.0747,40.6876],[-74.0759,40.6886],[-74.078,40.6886],[-74.0787,40.6891],[-74.07989,40.689],[-74.07969,40.6886],[-74.08029,40.688],[-74.07159,40.682],[-74.077,40.6756],[-74.08109,40.67749],[-74.08119,40.6763],[-74.078,40.6746],[-74.0649,40.6691],[-74.06619,40.6664],[-74.0668,40.666],[-74.079,40.67139],[-74.0798,40.6711],[-74.0825,40.6723],[-74.0852,40.6736],[-74.0862,40.6752],[-74.0877,40.6758],[-74.0893,40.6755],[-74.0902,40.67599],[-74.0907,40.6756],[-74.0913,40.67579],[-74.092,40.675],[-74.0949,40.67589],[-74.09629,40.6748],[-74.0957,40.6743],[-74.0939,40.674],[-74.0914,40.6725],[-74.0895,40.6723],[-74.0814,40.6697],[-74.0684,40.664],[-74.0704,40.6609],[-74.0787,40.6642],[-74.0882,40.6675],[-74.0992,40.6693],[-74.1053,40.6698],[-74.1065,40.67029],[-74.10739,40.6693],[-74.1018,40.6686],[-74.0997,40.6674],[-74.0981,40.6656],[-74.0971,40.6651],[-74.0959,40.6651],[-74.09579,40.6642],[-74.0947,40.6642],[-74.0938,40.6647],[-74.0912,40.6646],[-74.091,40.6651],[-74.09,40.6649],[-74.09139,40.6627],[-74.08969,40.6583],[-74.08899,40.6577],[-74.08869,40.6564],[-74.08829,40.6562],[-74.0875,40.6537],[-74.0942,40.6498],[-74.0968,40.6493],[-74.1027,40.6498],[-74.1033,40.6506],[-74.1038,40.6506],[-74.104,40.65],[-74.1057,40.6501],[-74.10581,40.651],[-74.1067,40.6512],[-74.10739,40.6512],[-74.1075,40.6504],[-74.1083,40.6504],[-74.1087,40.6508],[-74.1129,40.651],[-74.114,40.65179],[-74.11429,40.6517],[-74.114,40.6509],[-74.1157,40.65289],[-74.11649,40.6527],[-74.11669,40.6519],[-74.11509,40.6495],[-74.1159,40.6493],[-74.1164,40.64959],[-74.1168,40.649],[-74.1182,40.6487],[-74.1206,40.6459],[-74.127,40.645],[-74.1371,40.6451],[-74.1414,40.6442],[-74.14209,40.64439],[-74.142,40.644],[-74.1439,40.6436],[-74.14621,40.6466],[-74.14491,40.6482],[-74.14531,40.6484],[-74.14421,40.6507],[-74.14251,40.6507],[-74.14241,40.6514],[-74.14041,40.6535],[-74.14021,40.6541],[-74.1406,40.6542],[-74.139,40.6557],[-74.1387,40.65561],[-74.1369,40.6578],[-74.1359,40.65711],[-74.13361,40.6591],[-74.13341,40.6601],[-74.13221,40.6615],[-74.1325,40.6622],[-74.13321,40.6625],[-74.1306,40.6659],[-74.1291,40.66521],[-74.12791,40.6657],[-74.12821,40.6669],[-74.12781,40.6693],[-74.1257,40.6722],[-74.1242,40.67181],[-74.1233,40.6723],[-74.1213,40.6751],[-74.1195,40.676],[-74.11701,40.6781],[-74.11671,40.6789],[-74.11921,40.6802],[-74.1138,40.6865],[-74.1125,40.686],[-74.11171,40.6862],[-74.11161,40.6866],[-74.11291,40.6875],[-74.11221,40.6884],[-74.11251,40.6891],[-74.10181,40.7027],[-74.1037,40.7032],[-74.1046,40.70439],[-74.1055,40.7041],[-74.10641,40.7048],[-74.10651,40.7094],[-74.10731,40.7122],[-74.1056,40.7124],[-74.1039,40.71211],[-74.10361,40.7125],[-74.1064,40.7143],[-74.10161,40.7177],[-74.1015,40.7182],[-74.099,40.7181],[-74.09811,40.7187],[-74.09741,40.722],[-74.09681,40.7237],[-74.09631,40.724],[-74.09671,40.7251],[-74.09641,40.7258],[-74.09681,40.7263],[-74.09611,40.7286],[-74.09601,40.7297],[-74.09641,40.7301],[-74.09541,40.7305],[-74.09531,40.7312],[-74.09471,40.7314],[-74.09491,40.7321],[-74.09431,40.7325],[-74.09371,40.7343],[-74.092,40.7351],[-74.0917,40.7358],[-74.0875,40.7382],[-74.08091,40.7399],[-74.0836,40.74139],[-74.0852,40.7407],[-74.0877,40.7406],[-74.0921,40.7395],[-74.09269,40.7392],[-74.0926,40.7387],[-74.0945,40.7377],[-74.09509,40.73789],[-74.0952,40.7372],[-74.09849,40.7343],[-74.09849,40.7335],[-74.10019,40.7311],[-74.10109,40.7292],[-74.10109,40.7279],[-74.10149,40.7276],[-74.10109,40.7271],[-74.10169,40.7241],[-74.1032,40.7218],[-74.1051,40.7205],[-74.10889,40.72139],[-74.10889,40.7207],[-74.106,40.7199],[-74.1066,40.7193],[-74.11,40.7194],[-74.11359,40.718],[-74.1132,40.7175],[-74.114,40.7177],[-74.1162,40.7174],[-74.11851,40.7203],[-74.11851,40.7221],[-74.11971,40.7226],[-74.11761,40.7278],[-74.11571,40.7378],[-74.11621,40.7383],[-74.11621,40.7395],[-74.11731,40.7404],[-74.11721,40.7408],[-74.1198,40.7422],[-74.1252,40.7433],[-74.137,40.7423],[-74.1401,40.7414],[-74.1419,40.7404],[-74.14379,40.7391],[-74.14409,40.7381],[-74.1446,40.738],[-74.1457,40.7363],[-74.1481,40.7349],[-74.1508,40.7346],[-74.1516,40.735],[-74.1537,40.7349],[-74.1556,40.7343],[-74.1576,40.7343],[-74.16031,40.7355],[-74.16261,40.7392],[-74.16521,40.7457],[-74.16501,40.7495],[-74.16341,40.7576],[-74.16141,40.7612],[-74.15631,40.7669],[-74.15291,40.7734],[-74.1503,40.7755],[-74.14821,40.7782],[-74.14781,40.7795],[-74.14791,40.7843],[-74.14713,40.78625],[-74.14741,40.7864],[-74.147,40.7865],[-74.1436,40.791],[-74.1423,40.7921],[-74.13931,40.7966],[-74.13801,40.7977],[-74.13701,40.7998],[-74.13851,40.8022],[-74.13901,40.8051],[-74.13811,40.8066],[-74.13801,40.8128],[-74.13661,40.817],[-74.1333,40.8187],[-74.1265,40.8202],[-74.12341,40.8223],[-74.12381,40.8226],[-74.1234,40.823],[-74.123,40.82291],[-74.12231,40.8244],[-74.12081,40.8293],[-74.12051,40.8325],[-74.12361,40.8381],[-74.12371,40.839],[-74.12171,40.8425],[-74.12081,40.8469],[-74.1202,40.8479],[-74.11971,40.8479],[-74.12011,40.8482],[-74.11881,40.8513],[-74.11961,40.8554],[-74.11861,40.8586],[-74.1172,40.8595],[-74.1143,40.8594],[-74.11289,40.8583],[-74.11249,40.8557],[-74.1099,40.85481],[-74.1081,40.8555],[-74.10701,40.8564],[-74.10631,40.8587],[-74.10661,40.8602],[-74.10631,40.8616],[-74.1069,40.8631],[-74.10761,40.8633],[-74.10701,40.8634],[-74.1083,40.8644],[-74.11071,40.8654],[-74.11211,40.8689],[-74.11341,40.8704],[-74.11461,40.8747],[-74.1156,40.8763],[-74.1192,40.878],[-74.11951,40.8799],[-74.1209,40.8815],[-74.1225,40.8818],[-74.1274,40.8844],[-74.12891,40.8861],[-74.12911,40.8877],[-74.12771,40.8942],[-74.129,40.8956],[-74.13221,40.8975],[-74.13281,40.9011],[-74.13261,40.9026],[-74.13081,40.9059],[-74.13271,40.9112],[-74.13281,40.9132],[-74.13051,40.9165],[-74.12921,40.919],[-74.12904,40.92035],[-74.1303,40.922],[-74.133,40.9232],[-74.1383,40.9233],[-74.13991,40.9244],[-74.14211,40.9292],[-74.13951,40.9326],[-74.14051,40.936],[-74.1438,40.9406],[-74.1448,40.9413],[-74.14811,40.9416],[-74.14527,40.95271],[-74.1481,40.9418],[-74.1552,40.9382],[-74.1629,40.9374],[-74.16774,40.93344],[-74.1623,40.9367],[-74.1542,40.9375],[-74.1482,40.9413],[-74.1455,40.9412],[-74.13999,40.934],[-74.14289,40.9295],[-74.14169,40.9252],[-74.1387,40.9228],[-74.133,40.9221],[-74.13014,40.92034],[-74.2326,40.92019],[-74.13009,40.9203],[-74.13019,40.919],[-74.13369,40.9139],[-74.13409,40.9125],[-74.13269,40.9088],[-74.13239,40.9054],[-74.13419,40.9024],[-74.13449,40.8982],[-74.1329,40.8959],[-74.1311,40.8951],[-74.12979,40.8938],[-74.12979,40.8921],[-74.1305,40.8907],[-74.13041,40.89269],[-74.13089,40.8924],[-74.13119,40.8884],[-74.13189,40.8856],[-74.1313,40.8848],[-74.1262,40.882],[-74.12523,40.88104],[-74.1262,40.8825],[-74.1256,40.8826],[-74.1221,40.8808],[-74.12039,40.8796],[-74.11989,40.878],[-74.1171,40.8752],[-74.1157,40.8744],[-74.11449,40.8701],[-74.11249,40.8683],[-74.11139,40.865],[-74.1086,40.8636],[-74.10759,40.8621],[-74.10749,40.8585],[-74.1087,40.8562],[-74.1099,40.8555],[-74.1109,40.8554],[-74.11181,40.856],[-74.11221,40.8588],[-74.1133,40.8597],[-74.1148,40.8603],[-74.1184,40.86],[-74.11959,40.8595],[-74.11939,40.8591],[-74.1204,40.856],[-74.12079,40.85676],[-74.11959,40.8543],[-74.1194,40.85115],[-74.11929,40.8532],[-74.11929,40.852],[-74.11939,40.851],[-74.11971,40.85026],[-74.11939,40.8509],[-74.12119,40.8468],[-74.12219,40.8424],[-74.12399,40.8387],[-74.12109,40.8331],[-74.12089,40.8317],[-74.12109,40.8299],[-74.12259,40.825],[-74.1237,40.8228],[-74.1264,40.8208],[-74.13,40.8199],[-74.13072,40.82029],[-74.1364,40.8187],[-74.13789,40.8166],[-74.13899,40.8132],[-74.13919,40.8076],[-74.14029,40.8052],[-74.13999,40.803],[-74.13869,40.7995],[-74.13879,40.7986],[-74.1431,40.7929],[-74.14509,40.791],[-74.14839,40.7859],[-74.14879,40.7845],[-74.14899,40.7788],[-74.15589,40.7722],[-74.15709,40.7702],[-74.15739,40.7681],[-74.15799,40.767],[-74.16389,40.7599],[-74.16489,40.7576],[-74.16649,40.746],[-74.16449,40.7392],[-74.16309,40.7368],[-74.1606,40.7345],[-74.157,40.7333],[-74.1495,40.7331],[-74.1467,40.7336],[-74.1448,40.7347],[-74.1412,40.7391],[-74.1392,40.7403],[-74.1338,40.741],[-74.1265,40.7414],[-74.1225,40.741],[-74.119,40.7395],[-74.11809,40.7382],[-74.11869,40.7323],[-74.1191,40.7314],[-74.11979,40.7314],[-74.11929,40.7307],[-74.11949,40.73],[-74.1198,40.7299],[-74.11999,40.7294],[-74.11969,40.7293],[-74.12039,40.7286],[-74.12159,40.7247],[-74.12129,40.7247],[-74.12339,40.7197],[-74.12289,40.7193],[-74.12329,40.7189],[-74.12319,40.7122],[-74.12069,40.7045],[-74.1256,40.6971],[-74.12689,40.6964],[-74.12649,40.6959],[-74.1303,40.6903],[-74.1334,40.6896],[-74.1391,40.6954],[-74.1531,40.70019],[-74.15409,40.6986],[-74.1409,40.694],[-74.13609,40.689],[-74.14439,40.67991],[-74.1442,40.6798],[-74.149,40.6822],[-74.1504,40.6831],[-74.1539,40.6859],[-74.1579,40.686],[-74.1591,40.6864],[-74.1596,40.6869],[-74.15832,40.68623],[-74.1597,40.687],[-74.16011,40.68759],[-74.16059,40.6871],[-74.13879,40.6739],[-74.1493,40.66],[-74.1568,40.6628],[-74.1575,40.6626],[-74.1577,40.6621],[-74.1699,40.6525],[-74.1777,40.649],[-74.1787,40.64969],[-74.17969,40.649],[-74.1802,40.6478],[-74.1863,40.6466],[-74.189,40.6443],[-74.19,40.6443],[-74.1927,40.6422],[-74.19679,40.6386],[-74.1981,40.6362],[-74.20017,40.63698],[-74.19849,40.6358],[-74.2002,40.6342],[-74.2018,40.6342],[-74.2027,40.6338],[-74.20899,40.6202],[-74.2084,40.6197],[-74.2055,40.6195],[-74.20479,40.6171],[-74.20539,40.6109],[-74.20599,40.609],[-74.20589,40.6072],[-74.20669,40.606],[-74.2065,40.60571],[-74.20599,40.6058],[-74.20649,40.6056],[-74.20569,40.6042],[-74.20715,40.6039],[-74.2052,40.6039],[-74.2025,40.6022],[-74.20129,40.6007],[-74.20209,40.5968],[-74.2042,40.5946],[-74.2047,40.5945],[-74.2067,40.5955],[-74.20661,40.59606],[-74.2071,40.5951],[-74.20931,40.59642],[-74.2071,40.595],[-74.20759,40.5943],[-74.20639,40.5931],[-74.20689,40.5928],[-74.20739,40.5913],[-74.2086,40.59],[-74.20977,40.59029],[-74.20829,40.5893],[-74.20919,40.5886],[-74.2086,40.5886],[-74.2086,40.5883],[-74.2093,40.58839],[-74.20969,40.5877],[-74.20979,40.5864],[-74.20939,40.5863],[-74.21009,40.58401],[-74.20969,40.5842],[-74.21089,40.5829],[-74.21079,40.582],[-74.21129,40.5817],[-74.21069,40.5816],[-74.21169,40.5783],[-74.21219,40.5781],[-74.21169,40.5776],[-74.21239,40.5774],[-74.21179,40.577],[-74.21249,40.57709],[-74.21229,40.575],[-74.21319,40.5709],[-74.2144,40.57139],[-74.21469,40.5713],[-74.21469,40.569],[-74.21379,40.5681],[-74.21469,40.5667],[-74.21469,40.56611],[-74.21429,40.5665],[-74.21449,40.566],[-74.2152,40.5658],[-74.2156,40.5646],[-74.21679,40.5641],[-74.21579,40.5636],[-74.21679,40.56389],[-74.21649,40.5629],[-74.2204,40.5589],[-74.2222,40.5596],[-74.2246,40.5611],[-74.2258,40.5612],[-74.2321,40.56289],[-74.23249,40.5623],[-74.2321,40.5621],[-74.2327,40.56219],[-74.2333,40.5616],[-74.2339,40.56169],[-74.235,40.5603],[-74.23689,40.56],[-74.2367,40.5594],[-74.24049,40.5579],[-74.2403,40.55751],[-74.2395,40.5576],[-74.2405,40.5572],[-74.2407,40.55779],[-74.2421,40.5572],[-74.2425,40.5573],[-74.2479,40.5548],[-74.2482,40.55539],[-74.2485,40.5549],[-74.24899,40.55519],[-74.249,40.5548],[-74.2519,40.5536],[-74.2546,40.5497],[-74.25581,40.5537],[-74.25541,40.5556],[-74.2547,40.556],[-74.2535,40.5556],[-74.2522,40.5558],[-74.24821,40.5585],[-74.2484,40.55869],[-74.2496,40.5581],[-74.2527,40.5561],[-74.2549,40.5562],[-74.25579,40.5557],[-74.25609,40.5537],[-74.25459,40.5483],[-74.25479,40.5473],[-74.25379,40.5454],[-74.25419,40.5451],[-74.2537,40.54301],[-74.25319,40.5433],[-74.25389,40.5421],[-74.25339,40.542],[-74.2539,40.542],[-74.25459,40.5405],[-74.25419,40.5403],[-74.25449,40.5391],[-74.254,40.5377],[-74.25339,40.5375],[-74.25439,40.5373],[-74.25439,40.5369],[-74.25389,40.5368],[-74.25439,40.5367],[-74.25439,40.5359],[-74.2539,40.53441],[-74.25281,40.5346],[-74.25289,40.5356],[-74.2525,40.5338],[-74.2528,40.5344],[-74.25399,40.5343],[-74.25329,40.533],[-74.25369,40.5329],[-74.25369,40.5325],[-74.25299,40.5325],[-74.25369,40.5324],[-74.25359,40.5317],[-74.25279,40.5317],[-74.25349,40.5316],[-74.25349,40.53131],[-74.25189,40.5316],[-74.25339,40.5312],[-74.25319,40.5299],[-74.25179,40.5272],[-74.25219,40.5267],[-74.25019,40.5239],[-74.2503,40.5236],[-74.25156,40.52389],[-74.25019,40.5232],[-74.25109,40.5217],[-74.2504,40.52151],[-74.24999,40.5219],[-74.2503,40.5214],[-74.2511,40.5215],[-74.2523,40.5208],[-74.2546,40.52109],[-74.255,40.52],[-74.25629,40.5193],[-74.25659,40.5169],[-74.25499,40.5169],[-74.2557,40.5163],[-74.25571,40.5167],[-74.2566,40.5168],[-74.2578,40.5162],[-74.25919,40.5131],[-74.2601,40.5131],[-74.26039,40.5119],[-74.26109,40.5106],[-74.25979,40.5102],[-74.2608,40.5101],[-74.26099,40.5099],[-74.26099,40.5085],[-74.26209,40.506],[-74.26249,40.5059],[-74.26279,40.5038],[-74.2661,40.50013],[-74.2711,40.4991],[-74.27435,40.50012],[-74.2779,40.5006],[-74.2835,40.5004],[-74.28431,40.5011],[-74.28331,40.5023],[-74.28331,40.5032],[-74.28271,40.5037],[-74.2844,40.50579],[-74.2853,40.5055],[-74.28451,40.5059],[-74.2855,40.5072],[-74.2876,40.5091],[-74.2925,40.51119],[-74.29279,40.5108],[-74.2922,40.5105],[-74.2929,40.5107],[-74.29261,40.5114],[-74.2948,40.5121],[-74.3026,40.5117],[-74.3063,40.5109],[-74.3117,40.509],[-74.31998,40.50336],[-74.3304,40.4909],[-74.3339,40.4884],[-74.3479,40.4847],[-74.3534,40.485],[-74.3565,40.4837],[-74.35829,40.4805],[-74.3577,40.4753],[-74.3601,40.473],[-74.3646,40.4718],[-74.3663,40.4721],[-74.36671,40.4735],[-74.36421,40.47929],[-74.3651,40.4789],[-74.3682,40.4824],[-74.3713,40.4825],[-74.37042,40.48348],[-74.3784,40.479],[-74.38231,40.4816],[-74.38341,40.4877],[-74.39079,40.48879],[-74.39069,40.4871],[-74.3925,40.4863],[-74.3985,40.4919],[-74.4056,40.492],[-74.4116,40.4938],[-74.4171,40.4922],[-74.4215,40.4887],[-74.4293,40.4882],[-74.4343,40.4908],[-74.4393,40.5008],[-74.4487,40.5071],[-74.4809,40.512],[-74.4956,40.53],[-74.5132,40.5415],[-74.51821,40.5542],[-74.5231,40.5587],[-74.52669,40.55979],[-74.52669,40.5595],[-74.5235,40.5586],[-74.51759,40.5525],[-74.51409,40.542],[-74.4952,40.5291],[-74.4817,40.5119],[-74.4666,40.5083],[-74.452,40.5068],[-74.442,40.5009],[-74.43859,40.4974],[-74.4347,40.4889],[-74.4315,40.4873],[-74.4217,40.4871],[-74.4136,40.492],[-74.4047,40.4903],[-74.40549,40.48941],[-74.4028,40.49],[-74.3982,40.489],[-74.396,40.4859],[-74.3924,40.48401],[-74.3879,40.487],[-74.385,40.4868],[-74.38229,40.479],[-74.3856,40.4771],[-74.38668,40.47552],[-74.3819,40.4789],[-74.3774,40.4776],[-74.37579,40.4748],[-74.3792,40.4737],[-74.3798,40.4749],[-74.3809,40.47509],[-74.3813,40.4746],[-74.3834,40.47479],[-74.3813,40.4744],[-74.3798,40.4746],[-74.37839,40.4703],[-74.3851,40.4691],[-74.38453,40.47073],[-74.3854,40.4691],[-74.38704,40.469],[-74.3828,40.469],[-74.37909,40.4637],[-74.3803,40.4626],[-74.3844,40.46339],[-74.38639,40.4596],[-74.3811,40.45761],[-74.3784,40.4608],[-74.3765,40.461],[-74.37859,40.4524],[-74.3767,40.45111],[-74.37491,40.4515],[-74.37521,40.4556],[-74.3719,40.4556],[-74.37219,40.4521],[-74.3702,40.4479],[-74.3649,40.4467],[-74.361,40.4437],[-74.36079,40.4393],[-74.35729,40.4377],[-74.35889,40.4345],[-74.35449,40.4319],[-74.35839,40.428],[-74.35849,40.4247],[-74.3567,40.4245],[-74.35669,40.4235],[-74.36319,40.4209],[-74.36389,40.4188],[-74.36155,40.41665],[-74.36311,40.4186],[-74.36241,40.4206],[-74.3585,40.4213],[-74.35571,40.4232],[-74.35731,40.4282],[-74.35281,40.4316],[-74.35761,40.4346],[-74.35611,40.4385],[-74.36021,40.44],[-74.35881,40.4419],[-74.36021,40.4458],[-74.35779,40.4472],[-74.36029,40.4459],[-74.3607,40.4445],[-74.3646,40.4474],[-74.3688,40.4483],[-74.3716,40.4567],[-74.37691,40.4568],[-74.37541,40.461],[-74.3784,40.4613],[-74.3811,40.4582],[-74.38561,40.4597],[-74.3841,40.4628],[-74.3811,40.4621],[-74.37861,40.4634],[-74.38201,40.4687],[-74.3782,40.4693],[-74.37761,40.4706],[-74.37901,40.473],[-74.37551,40.4743],[-74.37591,40.4777],[-74.3708,40.4811],[-74.3681,40.4807],[-74.36659,40.4791],[-74.36879,40.4731],[-74.3667,40.4711],[-74.3629,40.4706],[-74.35621,40.4746],[-74.3546,40.4814],[-74.35289,40.4812],[-74.35319,40.4809],[-74.35262,40.4787],[-74.3529,40.4808],[-74.3453,40.4805],[-74.34426,40.47702],[-74.3451,40.4805],[-74.3339,40.4817],[-74.3196,40.489],[-74.3128,40.50002],[-74.3111,40.5018],[-74.3079,40.5041],[-74.3035,40.5059],[-74.298,40.5063],[-74.2936,40.5057],[-74.29159,40.5048],[-74.29119,40.5039],[-74.2919,40.5028],[-74.29349,40.5017],[-74.29375,40.50008],[-74.29319,40.4976],[-74.2912,40.4975],[-74.28929,40.4941],[-74.29038,40.4933],[-74.2825,40.4934],[-74.2795,40.4914],[-74.276,40.4911],[-74.27679,40.48951],[-74.2755,40.4898],[-74.27579,40.48901],[-74.2728,40.4903],[-74.2721,40.4895],[-74.27549,40.4884],[-74.27399,40.4878],[-74.27559,40.4857],[-74.2739,40.48401],[-74.2713,40.4849],[-74.26879,40.4821],[-74.26699,40.4791],[-74.26659,40.471],[-74.2619,40.4647],[-74.2525,40.462],[-74.2449,40.458],[-74.2373,40.4577],[-74.2314,40.4524],[-74.2243,40.4525],[-74.2098,40.4474],[-74.2059,40.4393],[-74.1969,40.4398],[-74.1939,40.441],[-74.18661,40.448],[-74.18561,40.4529],[-74.181,40.4575],[-74.1774,40.4572],[-74.1652,40.4483],[-74.1582,40.4466],[-74.1427,40.4504],[-74.1385,40.4552],[-74.1353,40.4554],[-74.1112,40.4435],[-74.1035,40.4421],[-74.10378,40.44008],[-74.1032,40.442],[-74.0881,40.4384],[-74.07999,40.4337],[-74.08325,40.43162],[-74.0788,40.4334],[-74.0723,40.4299],[-74.07199,40.4288],[-74.07109,40.4284],[-74.07249,40.4272],[-74.07289,40.42611],[-74.07101,40.4268],[-74.07201,40.4273],[-74.07082,40.4277],[-74.07131,40.4278],[-74.07091,40.4284],[-74.0719,40.4297],[-74.059,40.4227],[-74.0479,40.4189],[-74.007,40.4106],[-74.001,40.4115],[-74.00109,40.4101],[-73.9995,40.4094],[-73.9908,40.4074],[-73.99176,40.40565],[-73.9905,40.4072],[-73.9892,40.4068],[-73.9876,40.4048],[-73.98209,40.4029],[-73.98069,40.395],[-73.9824,40.3847],[-73.9867,40.3854],[-73.9949,40.3838],[-74.0018,40.39089],[-74.0074,40.3884],[-74.013,40.3891],[-74.0192,40.3922],[-74.0201,40.3938],[-74.02229,40.39389],[-74.01689,40.3893],[-74.0167,40.3838],[-74.0192,40.3842],[-74.0265,40.3823],[-74.0427,40.3735],[-74.04969,40.37539],[-74.0481,40.37341],[-74.0459,40.3742],[-74.0457,40.373],[-74.0505,40.3722],[-74.0517,40.3698],[-74.0567,40.37109],[-74.0638,40.3667],[-74.06689,40.3663],[-74.06639,40.3619],[-74.0681,40.3621],[-74.06949,40.3608],[-74.0682,40.3587],[-74.0711,40.3591],[-74.0769,40.3577],[-74.0796,40.3552],[-74.08137,40.35549],[-74.07949,40.3546],[-74.0821,40.3531],[-74.08592,40.35378],[-74.0823,40.3527],[-74.08009,40.3502],[-74.08339,40.3475],[-74.08489,40.3438],[-74.08262,40.34153],[-74.08401,40.3442],[-74.0808,40.3476],[-74.07751,40.3487],[-74.07831,40.3507],[-74.0753,40.3555],[-74.0743,40.3558],[-74.0701,40.35211],[-74.0656,40.3547],[-74.0612,40.3544],[-74.0537,40.3606],[-74.0525,40.36051],[-74.05361,40.3607],[-74.05341,40.3635],[-74.0516,40.3653],[-74.0481,40.3652],[-74.0466,40.368],[-74.0424,40.36651],[-74.04,40.3678],[-74.0302,40.3678],[-74.0275,40.3729],[-74.0239,40.3738],[-74.0227,40.3772],[-74.0214,40.376],[-74.0168,40.3754],[-74.009,40.3789],[-74.0009,40.3782],[-73.9988,40.3756],[-73.9933,40.3748],[-73.9853,40.3778],[-73.9787,40.3779],[-73.97639,40.365],[-73.9798,40.3594],[-73.9822,40.3587],[-73.98131,40.3636],[-73.98379,40.3636],[-73.9836,40.3627],[-73.98818,40.3622],[-73.98599,40.3613],[-73.98669,40.35991],[-73.9852,40.3605],[-73.98259,40.3587],[-73.9859,40.3557],[-73.99129,40.35739],[-73.98989,40.3547],[-73.99269,40.3543],[-73.9922,40.3536],[-73.99806,40.35637],[-73.9953,40.3543],[-73.9974,40.354],[-73.9996,40.3555],[-74.00218,40.35579],[-73.99669,40.3526],[-73.9997,40.3522],[-74.00158,40.35348],[-74.0011,40.3527],[-74.00389,40.3514],[-74.0032,40.3501],[-74.00549,40.3496],[-74.0059,40.3474],[-74.0106,40.3467],[-74.01208,40.34749],[-74.0113,40.3464],[-74.00679,40.3456],[-74.008,40.3426],[-74.01,40.3415],[-74.0143,40.3421],[-74.01739,40.34538],[-74.01609,40.3413],[-74.0181,40.3407],[-74.01909,40.34307],[-74.019,40.3404],[-74.02733,40.34753],[-74.02059,40.3404],[-74.0234,40.3394],[-74.02906,40.34418],[-74.02379,40.3392],[-74.02978,40.33969],[-74.02839,40.339],[-74.03058,40.33701],[-74.0218,40.3384],[-74.0141,40.338],[-74.01319,40.337],[-74.0207,40.3353],[-74.02559,40.3327],[-74.02549,40.33171],[-74.0189,40.3345],[-74.01709,40.3341],[-74.01959,40.331],[-74.01939,40.3288],[-74.02149,40.3274],[-74.02169,40.3245],[-74.0269,40.3247],[-74.0286,40.3234],[-74.0315,40.32429],[-74.0332,40.3226],[-74.0384,40.3221],[-74.0448,40.3185],[-74.0479,40.318],[-74.04879,40.31701],[-74.0431,40.3173],[-74.0407,40.32],[-74.0363,40.3217],[-74.0346,40.32101],[-74.0325,40.3225],[-74.0287,40.32141],[-74.0263,40.3229],[-74.0238,40.3228],[-74.02199,40.3214],[-74.02649,40.3198],[-74.0271,40.3158],[-74.0293,40.3159],[-74.0329,40.3139],[-74.03586,40.31428],[-74.0329,40.3137],[-74.0283,40.3146],[-74.02839,40.31233],[-74.0273,40.3147],[-74.02411,40.3146],[-74.02551,40.3168],[-74.02381,40.3168],[-74.0245,40.3188],[-74.02,40.3195],[-74.01805,40.31793],[-74.02091,40.3205],[-74.01891,40.3216],[-74.0185,40.3248],[-74.0128,40.329],[-74.0103,40.329],[-74.0127,40.3261],[-74.01359,40.32659],[-74.0134,40.3247],[-74.01669,40.3231],[-74.0162,40.32241],[-74.013,40.3239],[-74.01061,40.32241],[-74.0106,40.3245],[-74.00701,40.3251],[-74.0095,40.3274],[-74.0068,40.3279],[-74.0033,40.3316],[-73.99819,40.3306],[-73.99989,40.3288],[-73.99839,40.3241],[-73.99639,40.3228],[-73.99729,40.3204],[-73.9955,40.3202],[-73.9936,40.3227],[-73.99162,40.3228],[-73.99551,40.3243],[-73.9958,40.3281],[-73.9905,40.3269],[-73.9892,40.32461],[-73.9863,40.3268],[-73.9848,40.32301],[-73.98192,40.3242],[-73.9838,40.3244],[-73.98341,40.3262],[-73.98461,40.3268],[-73.98153,40.32809],[-73.9882,40.3273],[-73.98981,40.3285],[-73.98867,40.32954],[-73.9897,40.3288],[-73.9905,40.32979],[-73.99129,40.3289],[-73.9913,40.3285],[-73.9945,40.3297],[-73.994,40.3336],[-73.99074,40.33291],[-73.99821,40.3363],[-73.9976,40.338],[-73.9967,40.33631],[-73.9928,40.3386],[-73.9909,40.3384],[-73.98929,40.337],[-73.99048,40.33363],[-73.9889,40.3355],[-73.98761,40.33521],[-73.9881,40.3359],[-73.98693,40.33532],[-73.98811,40.3364],[-73.9849,40.3408],[-73.9824,40.33591],[-73.97821,40.3364],[-73.97751,40.3412],[-73.97551,40.3441],[-73.97771,40.3453],[-73.97661,40.3462],[-73.97731,40.3482],[-73.97531,40.3506],[-73.97451,40.3549],[-73.97641,40.3613],[-73.97441,40.3673],[-73.97751,40.3918],[-73.97671,40.399],[-73.9786,40.40619],[-73.9796,40.4048],[-73.98401,40.4083],[-73.9831,40.4115],[-73.97901,40.40762],[-73.98101,40.4142],[-73.98431,40.4197],[-73.98571,40.4261],[-73.9924,40.43089],[-73.99449,40.4248],[-73.99189,40.4207],[-73.9929,40.4197],[-73.99421,40.4204],[-73.99511,40.4221],[-73.99171,40.4429],[-73.9947,40.4472],[-74.00241,40.4493],[-74.00551,40.4632],[-74.0076,40.467],[-74.0109,40.469],[-74.0174,40.4705],[-74.01831,40.4736],[-74.014,40.4765],[-74.0103,40.475],[-74.0071,40.4752],[-73.99749,40.4697],[-73.98519,40.4501],[-73.98199,40.42],[-73.97599,40.4031],[-73.97179,40.3543],[-73.97709,40.3026],[-73.98249,40.2781],[-73.99449,40.2384],[-73.99339,40.2373],[-74.00789,40.1961],[-74.00919,40.1877],[-74.0165,40.1885],[-74.025,40.187],[-74.0307,40.1893],[-74.02781,40.1921],[-74.0365,40.198],[-74.04269,40.1968],[-74.03909,40.1951],[-74.03849,40.1877],[-74.041,40.1849],[-74.0484,40.1882],[-74.0506,40.188],[-74.053,40.18999],[-74.05719,40.1888],[-74.05359,40.1847],[-74.05319,40.1822],[-74.0504,40.1816],[-74.0462,40.1779],[-74.0426,40.17661],[-74.0389,40.1793],[-74.031,40.1792],[-74.02941,40.1812],[-74.0304,40.1815],[-74.0286,40.1817],[-74.0265,40.1841],[-74.0193,40.1868],[-74.02088,40.18442],[-74.019,40.1859],[-74.01553,40.1862],[-74.0189,40.1869],[-74.00929,40.1869],[-74.03049,40.1227],[-74.03359,40.1014],[-74.03979,40.0815],[-74.0592,40.0],[-74.0669,40.0],[-74.06621,40.0014],[-74.06901,40.0025],[-74.0654,40.00191],[-74.06481,40.003],[-74.0683,40.005],[-74.0623,40.0083],[-74.0603,40.00801],[-74.05961,40.0095],[-74.05881,40.0132],[-74.0595,40.0145],[-74.06181,40.0146],[-74.06002,40.01559],[-74.0618,40.0154],[-74.0654,40.012],[-74.06621,40.0129],[-74.06281,40.0156],[-74.0634,40.0212],[-74.0624,40.0215],[-74.0618,40.01992],[-74.0613,40.0217],[-74.0605,40.01972],[-74.0601,40.0219],[-74.0593,40.01962],[-74.0589,40.0219],[-74.05813,40.01969],[-74.05861,40.0219],[-74.0572,40.022],[-74.05759,40.0198],[-74.05661,40.01971],[-74.05571,40.0248],[-74.05671,40.0251],[-74.05526,40.02664],[-74.0583,40.0236],[-74.064,40.0218],[-74.06481,40.0236],[-74.0608,40.0248],[-74.0574,40.0281],[-74.055,40.0281],[-74.05291,40.0343],[-74.05341,40.0383],[-74.05001,40.0452],[-74.05081,40.0467],[-74.04881,40.0545],[-74.0493,40.05617],[-74.0496,40.0528],[-74.05071,40.0563],[-74.05241,40.0569],[-74.05,40.0572],[-74.0496,40.0583],[-74.04861,40.05643],[-74.04891,40.0624],[-74.04781,40.0632],[-74.04641,40.06716],[-74.0468,40.0661],[-74.0482,40.0669],[-74.0519,40.066],[-74.05959,40.07189],[-74.05949,40.06911],[-74.0582,40.0697],[-74.05409,40.0667],[-74.05559,40.0662],[-74.05391,40.06432],[-74.0546,40.0663],[-74.051,40.0639],[-74.0558,40.0627],[-74.05501,40.0645],[-74.05658,40.06548],[-74.0556,40.0638],[-74.05911,40.06574],[-74.05609,40.0637],[-74.05868,40.06469],[-74.0571,40.0631],[-74.05977,40.06357],[-74.0568,40.063],[-74.0564,40.0618],[-74.0652,40.0613],[-74.06641,40.0621],[-74.06571,40.0669],[-74.06421,40.0669],[-74.06391,40.06857],[-74.0647,40.0672],[-74.0658,40.06849],[-74.0664,40.0671],[-74.0669,40.06868],[-74.0676,40.0672],[-74.0687,40.06869],[-74.06989,40.0678],[-74.06609,40.0666],[-74.06848,40.066],[-74.06619,40.0654],[-74.06863,40.0653],[-74.06629,40.0651],[-74.06739,40.0645],[-74.0667,40.0634],[-74.06869,40.06359],[-74.06709,40.0622],[-74.0699,40.0619],[-74.06961,40.06526],[-74.0707,40.0627],[-74.07119,40.06524],[-74.07119,40.0626],[-74.07029,40.0618],[-74.0722,40.0599],[-74.07351,40.0617],[-74.07263,40.06412],[-74.0738,40.0619],[-74.07541,40.0633],[-74.07312,40.0648],[-74.0747,40.0648],[-74.076,40.063],[-74.07561,40.06489],[-74.0782,40.0636],[-74.0796,40.06659],[-74.0817,40.0654],[-74.0831,40.06659],[-74.0839,40.0659],[-74.08401,40.06919],[-74.086,40.0674],[-74.08541,40.0693],[-74.08731,40.0707],[-74.08631,40.07249],[-74.0877,40.0723],[-74.08911,40.0746],[-74.08851,40.0775],[-74.09099,40.07839],[-74.09129,40.0745],[-74.0906,40.07371],[-74.0898,40.0744],[-74.08839,40.0713],[-74.09099,40.07149],[-74.0896,40.06832],[-74.0889,40.0708],[-74.08779,40.0703],[-74.09069,40.06631],[-74.0889,40.0668],[-74.08979,40.0655],[-74.0882,40.0655],[-74.0865,40.067],[-74.0845,40.0649],[-74.07529,40.0612],[-74.0811,40.0603],[-74.0816,40.0596],[-74.0884,40.0604],[-74.0895,40.0592],[-74.09199,40.05949],[-74.09219,40.058],[-74.0773,40.0582],[-74.0682,40.0603],[-74.0646,40.0595],[-74.0642,40.0584],[-74.06887,40.05949],[-74.06629,40.0579],[-74.06895,40.05799],[-74.0657,40.0573],[-74.0641,40.058],[-74.0644,40.0561],[-74.0739,40.0579],[-74.082,40.0559],[-74.0995,40.0565],[-74.105,40.0551],[-74.10391,40.0556],[-74.1076,40.05649],[-74.10779,40.0554],[-74.1075,40.0551],[-74.1069,40.05481],[-74.1063,40.0557],[-74.10539,40.0552],[-74.1073,40.0539],[-74.10951,40.0557],[-74.10854,40.05695],[-74.1099,40.0557],[-74.114,40.0574],[-74.11361,40.05869],[-74.1147,40.0581],[-74.1165,40.0591],[-74.1218,40.06449],[-74.12319,40.0637],[-74.1213,40.0617],[-74.123,40.06249],[-74.1245,40.0618],[-74.1258,40.0638],[-74.12799,40.06399],[-74.12709,40.0631],[-74.12844,40.0629],[-74.12649,40.0629],[-74.12816,40.06241],[-74.12579,40.0625],[-74.1281,40.062],[-74.12881,40.0626],[-74.1296,40.06619],[-74.1301,40.0655],[-74.13209,40.06659],[-74.1312,40.0651],[-74.13298,40.06589],[-74.1321,40.0647],[-74.1344,40.06479],[-74.1301,40.0642],[-74.12979,40.0624],[-74.13127,40.0619],[-74.126,40.0617],[-74.12679,40.0605],[-74.1213,40.0597],[-74.12209,40.0566],[-74.11969,40.0564],[-74.126,40.0527],[-74.13249,40.05419],[-74.1321,40.0533],[-74.1255,40.0518],[-74.1191,40.0534],[-74.1124,40.0492],[-74.1108,40.04871],[-74.1086,40.0501],[-74.1068,40.0484],[-74.1024,40.0474],[-74.0991,40.0487],[-74.0971,40.0512],[-74.0959,40.0496],[-74.0873,40.04651],[-74.0834,40.0485],[-74.08339,40.04591],[-74.0831,40.0487],[-74.0789,40.0513],[-74.07819,40.0507],[-74.07999,40.0493],[-74.0793,40.04611],[-74.07734,40.0465],[-74.0793,40.0466],[-74.07742,40.0474],[-74.07951,40.0477],[-74.07733,40.04849],[-74.07961,40.0484],[-74.0783,40.0502],[-74.07879,40.04881],[-74.07771,40.0489],[-74.0776,40.0513],[-74.0768,40.04903],[-74.0766,40.0515],[-74.07489,40.0509],[-74.07589,40.0502],[-74.07589,40.04923],[-74.0755,40.0502],[-74.07311,40.04941],[-74.0739,40.0509],[-74.0578,40.0504],[-74.05789,40.0474],[-74.06009,40.0461],[-74.05949,40.0421],[-74.05649,40.0404],[-74.0606,40.0384],[-74.06457,40.0384],[-74.0615,40.0374],[-74.0601,40.0343],[-74.0634,40.03589],[-74.0662,40.0348],[-74.0681,40.0314],[-74.0719,40.0302],[-74.0762,40.0305],[-74.0776,40.0292],[-74.0785,40.0301],[-74.0832,40.0297],[-74.088,40.03215],[-74.0838,40.0295],[-74.0798,40.029],[-74.0787,40.0298],[-74.0771,40.0286],[-74.0799,40.0264],[-74.0817,40.0265],[-74.08349,40.0238],[-74.082,40.02261],[-74.0795,40.0244],[-74.077,40.0235],[-74.07629,40.0219],[-74.0797,40.0185],[-74.08419,40.0168],[-74.0854,40.013],[-74.0877,40.0128],[-74.0941,40.0145],[-74.09401,40.01589],[-74.0982,40.0148],[-74.0988,40.01599],[-74.1007,40.0151],[-74.1018,40.0163],[-74.1042,40.0161],[-74.10821,40.0211],[-74.10791,40.0251],[-74.1118,40.0251],[-74.1139,40.0232],[-74.1142,40.02439],[-74.1201,40.0236],[-74.12129,40.02518],[-74.1213,40.0241],[-74.1233,40.0245],[-74.1262,40.0285],[-74.1283,40.0283],[-74.1319,40.031],[-74.134,40.0357],[-74.13669,40.03639],[-74.1315,40.0297],[-74.14064,40.03287],[-74.1266,40.0255],[-74.12799,40.0239],[-74.12539,40.0221],[-74.12569,40.0205],[-74.1338,40.0191],[-74.134,40.02068],[-74.1351,40.019],[-74.1355,40.02068],[-74.1364,40.019],[-74.13669,40.02063],[-74.1367,40.0189],[-74.14183,40.0183],[-74.121,40.0179],[-74.115,40.0166],[-74.11399,40.0136],[-74.1119,40.01211],[-74.10669,40.0136],[-74.10909,40.004],[-74.1116,40.0021],[-74.11301,40.0023],[-74.1131,40.0047],[-74.1118,40.00262],[-74.11171,40.0039],[-74.1123,40.00668],[-74.1132,40.0051],[-74.11401,40.0078],[-74.1098,40.0065],[-74.11083,40.00395],[-74.10844,40.00883],[-74.1096,40.0071],[-74.1119,40.0075],[-74.1126,40.0089],[-74.11601,40.0095],[-74.11571,40.0133],[-74.11835,40.01359],[-74.11619,40.0129],[-74.11877,40.0127],[-74.11619,40.012],[-74.11898,40.0118],[-74.11629,40.0105],[-74.11921,40.01098],[-74.11639,40.0102],[-74.1166,40.0092],[-74.11839,40.00969],[-74.1177,40.0079],[-74.12285,40.00839],[-74.11489,40.0062],[-74.11529,40.0044],[-74.1167,40.0041],[-74.11601,40.0057],[-74.12156,40.00732],[-74.11639,40.0056],[-74.12207,40.00659],[-74.11699,40.0041],[-74.12226,40.00556],[-74.11719,40.0038],[-74.12145,40.00449],[-74.11799,40.0032],[-74.12188,40.00349],[-74.1207,40.0029],[-74.118,40.0025],[-74.116,40.0036],[-74.11699,40.0012],[-74.1215,40.0021],[-74.1277,40.0004],[-74.12692,40.00372],[-74.1278,40.0015],[-74.128,40.00398],[-74.1288,40.002],[-74.1296,40.00419],[-74.13089,40.002],[-74.1279,40.0012],[-74.1282,40.0003],[-74.1339,40.0021],[-74.1357,40.0039],[-74.1437,40.0045],[-74.1456,40.0061],[-74.14958,40.0059],[-74.1436,40.0036],[-74.1392,40.0034],[-74.1369,40.0],[-74.14,40.0001],[-74.1415,40.00179],[-74.14279,40.0001],[-74.1415,40.0],[-74.8786,40.0],[-74.8794,40.00199],[-74.8798,40.0011],[-74.8823,40.0018],[-74.88181,40.0031],[-74.8865,40.003],[-74.88571,40.0051],[-74.8882,40.0084],[-74.8939,40.0101],[-74.8988,40.0134],[-74.9052,40.0151],[-74.9137,40.0226],[-74.9192,40.0242],[-74.9218,40.0297],[-74.9263,40.0308],[-74.9306,40.0289],[-74.9318,40.0294],[-74.94001,40.0378],[-74.94031,40.0399],[-74.9445,40.043],[-74.9537,40.0454],[-74.9657,40.0449],[-74.9781,40.0425],[-74.97861,40.044],[-74.9766,40.045],[-74.9627,40.049],[-74.9459,40.0585],[-74.9415,40.0587],[-74.93991,40.0605],[-74.9407,40.0626],[-74.934,40.0661],[-74.9225,40.069],[-74.9168,40.0669],[-74.9102,40.0671],[-74.8959,40.0721],[-74.88641,40.0723],[-74.8871,40.0738],[-74.8821,40.0761],[-74.88043,40.07375],[-74.88161,40.0765],[-74.8803,40.0774],[-74.8566,40.0826],[-74.8503,40.082],[-74.85039,40.0757],[-74.8451,40.07121],[-74.8392,40.0737],[-74.8273,40.0708],[-74.8231,40.0717],[-74.822,40.0727],[-74.82189,40.07091],[-74.8156,40.0715],[-74.81476,40.0732],[-74.8157,40.0717],[-74.8192,40.0715],[-74.8223,40.07299],[-74.8245,40.0718],[-74.8284,40.0718],[-74.8324,40.074],[-74.8384,40.0745],[-74.8455,40.0727],[-74.84931,40.0754],[-74.84901,40.0781],[-74.85011,40.0786],[-74.84871,40.0795],[-74.8494,40.0826],[-74.8426,40.0856],[-74.83531,40.0927],[-74.83371,40.0964],[-74.83431,40.1007],[-74.83031,40.1126],[-74.8224,40.1251],[-74.8207,40.1262],[-74.8151,40.1262],[-74.7877,40.1183],[-74.7831,40.1188],[-74.7738,40.1241],[-74.7668,40.1236],[-74.7628,40.1207],[-74.7601,40.1205],[-74.7479,40.1222],[-74.73971,40.1287],[-74.7425,40.1323],[-74.72101,40.1469],[-74.71981,40.1499],[-74.72201,40.1503],[-74.71971,40.15011],[-74.71921,40.1599],[-74.71761,40.1612],[-74.7178,40.16209],[-74.7202,40.1606],[-74.7325,40.17739],[-74.7328,40.1765],[-74.738,40.18089],[-74.7394,40.1802],[-74.7511,40.1839],[-74.755,40.1877],[-74.75911,40.1996],[-74.76571,40.2073],[-74.7715,40.2181],[-74.8086,40.2377],[-74.8353,40.247],[-74.8409,40.2506],[-74.85201,40.2698],[-74.85491,40.2762],[-74.85401,40.27819],[-74.85511,40.278],[-74.85921,40.2861],[-74.8668,40.296],[-74.8717,40.3004],[-74.8918,40.3142],[-74.8976,40.3164],[-74.9049,40.3168],[-74.9138,40.3206],[-74.9232,40.3284],[-74.94,40.3391],[-74.94411,40.3469],[-74.94391,40.3559],[-74.94661,40.3633],[-74.94561,40.3639],[-74.96281,40.3953],[-74.967,40.3994],[-74.982,40.4052],[-74.9857,40.4077],[-74.98679,40.41027],[-74.9868,40.4087],[-74.9911,40.4103],[-75.003,40.4111],[-75.0114,40.4073],[-75.0217,40.4048],[-75.0278,40.4046],[-75.0349,40.4075],[-75.046,40.4155],[-75.0532,40.4164],[-75.0571,40.4184],[-75.06061,40.4229],[-75.06131,40.4312],[-75.06911,40.4569],[-75.06391,40.4662],[-75.06061,40.481],[-75.06461,40.5194],[-75.06341,40.5257],[-75.06731,40.5426],[-75.0761,40.5476],[-75.0917,40.5615],[-75.09091,40.56249],[-75.0921,40.5621],[-75.0989,40.5682],[-75.1157,40.5738],[-75.1388,40.5765],[-75.1481,40.5733],[-75.1579,40.5663],[-75.1641,40.5646],[-75.1758,40.5659],[-75.1837,40.5688],[-75.19451,40.5782],[-75.19411,40.5816],[-75.18861,40.5882],[-75.18899,40.59214],[-75.18969,40.5877],[-75.1932,40.5838],[-75.19011,40.5904],[-75.19081,40.6034],[-75.19981,40.6145],[-75.19999,40.61771]],[[-74.0329,40.92285],[-74.03349,40.9187],[-74.03309,40.9172],[-74.03129,40.9155],[-74.0303,40.9133],[-74.0277,40.9125],[-74.02729,40.9109],[-74.02539,40.9098],[-74.02629,40.9098],[-74.02589,40.9095],[-74.02649,40.9092],[-74.02489,40.9075],[-74.02799,40.9059],[-74.02789,40.904],[-74.0283,40.9036],[-74.0295,40.903],[-74.02911,40.9034],[-74.0299,40.9035],[-74.03189,40.9023],[-74.03279,40.8995],[-74.03179,40.898],[-74.03169,40.8961],[-74.0333,40.8947],[-74.03439,40.89489],[-74.03399,40.8942],[-74.0363,40.8929],[-74.03809,40.8898],[-74.03759,40.8882],[-74.0355,40.887],[-74.0343,40.8868],[-74.03409,40.8862],[-74.0363,40.8827],[-74.04039,40.8794],[-74.03979,40.8774],[-74.03539,40.8762],[-74.03539,40.875],[-74.0369,40.8722],[-74.0382,40.8728],[-74.03929,40.8727],[-74.0385,40.8727],[-74.03649,40.8717],[-74.03649,40.868],[-74.03589,40.8658],[-74.03309,40.8627],[-74.03359,40.8604],[-74.03319,40.8591],[-74.03229,40.8577],[-74.02979,40.8552],[-74.02919,40.8537],[-74.02919,40.8522],[-74.02979,40.8521],[-74.02959,40.8517],[-74.03039,40.8491],[-74.03159,40.8479],[-74.03179,40.8464],[-74.03179,40.8455],[-74.03109,40.845],[-74.03139,40.8447],[-74.03059,40.8434],[-74.03179,40.8402],[-74.03209,40.838],[-74.03049,40.8342],[-74.03059,40.8326],[-74.0359,40.8298],[-74.039,40.8295],[-74.03901,40.8301],[-74.04038,40.83039],[-74.0401,40.8301],[-74.0391,40.83],[-74.03909,40.8294],[-74.0382,40.8294],[-74.03799,40.8288],[-74.03689,40.8284],[-74.03699,40.8264],[-74.03569,40.8243],[-74.03589,40.8224],[-74.03519,40.822],[-74.03499,40.821],[-74.03429,40.8205],[-74.03409,40.8193],[-74.0336,40.8187],[-74.03179,40.8184],[-74.03199,40.8159],[-74.03459,40.81],[-74.0359,40.809],[-74.0375,40.8087],[-74.0421,40.8089],[-74.0422,40.80919],[-74.0424,40.8089],[-74.0464,40.8087],[-74.0501,40.8079],[-74.0507,40.808],[-74.05081,40.809],[-74.0514,40.80959],[-74.05169,40.8095],[-74.05119,40.8092],[-74.0511,40.808],[-74.0537,40.8076],[-74.0546,40.8077],[-74.055,40.80819],[-74.0553,40.8076],[-74.0614,40.807],[-74.0643,40.8057],[-74.06699,40.8035],[-74.0698,40.7987],[-74.074,40.7985],[-74.075,40.799],[-74.0757,40.80009],[-74.07619,40.7997],[-74.07549,40.7985],[-74.0758,40.7978],[-74.0791,40.7961],[-74.08099,40.794],[-74.08219,40.7889],[-74.0837,40.7882],[-74.0844,40.7872],[-74.0849,40.7872],[-74.08519,40.7864],[-74.0849,40.7862],[-74.08929,40.7823],[-74.09119,40.7784],[-74.0916,40.7752],[-74.09271,40.7777],[-74.09381,40.7786],[-74.09361,40.7801],[-74.09441,40.781],[-74.09441,40.782],[-74.09532,40.78255],[-74.09459,40.782],[-74.0948,40.7812],[-74.09528,40.78129],[-74.09399,40.7801],[-74.09409,40.7785],[-74.09299,40.7777],[-74.09109,40.7731],[-74.09079,40.771],[-74.09119,40.7708],[-74.09069,40.7702],[-74.08949,40.7655],[-74.08989,40.7637],[-74.0908,40.7628],[-74.0911,40.7634],[-74.09429,40.76389],[-74.0937,40.76321],[-74.0925,40.7634],[-74.09179,40.7628],[-74.09169,40.7624],[-74.09449,40.759],[-74.09629,40.7558],[-74.09679,40.7529],[-74.09619,40.7506],[-74.0934,40.7482],[-74.0914,40.7475],[-74.0839,40.7471],[-74.0801,40.7478],[-74.0765,40.7479],[-74.07599,40.7461],[-74.0774,40.7439],[-74.08289,40.7414],[-74.0807,40.73991],[-74.0798,40.7402],[-74.079,40.741],[-74.07591,40.7426],[-74.07591,40.743],[-74.07701,40.7433],[-74.07521,40.7474],[-74.07871,40.7506],[-74.07751,40.752],[-74.081,40.7523],[-74.0834,40.752],[-74.0911,40.7504],[-74.0928,40.7505],[-74.09391,40.7524],[-74.09351,40.7549],[-74.09201,40.7583],[-74.0908,40.7591],[-74.08651,40.7642],[-74.08641,40.7655],[-74.08571,40.7672],[-74.08711,40.7733],[-74.08911,40.7772],[-74.08861,40.7784],[-74.08601,40.7804],[-74.0859,40.7811],[-74.08141,40.7855],[-74.0812,40.786],[-74.0801,40.7863],[-74.07895,40.78592],[-74.08021,40.7866],[-74.0797,40.7871],[-74.07862,40.78701],[-74.0798,40.7877],[-74.0765,40.7889],[-74.0759,40.7903],[-74.0735,40.7925],[-74.0721,40.79211],[-74.0715,40.7925],[-74.07091,40.7934],[-74.0713,40.7938],[-74.07521,40.7953],[-74.0738,40.7952],[-74.0737,40.7956],[-74.0695,40.7965],[-74.06721,40.7982],[-74.0668,40.7992],[-74.06581,40.7998],[-74.06721,40.8008],[-74.0652,40.803],[-74.0638,40.8042],[-74.0609,40.8056],[-74.06287,40.80461],[-74.0592,40.8062],[-74.0465,40.8075],[-74.0378,40.8076],[-74.0358,40.8081],[-74.03341,40.8101],[-74.0317,40.8133],[-74.0295,40.8128],[-74.02883,40.8131],[-74.0291,40.813],[-74.03021,40.8132],[-74.0296,40.8144],[-74.0292,40.81381],[-74.02891,40.8146],[-74.02941,40.8151],[-74.02971,40.8179],[-74.03341,40.8238],[-74.0331,40.8241],[-74.0327,40.82361],[-74.03251,40.8241],[-74.0333,40.8244],[-74.03391,40.8256],[-74.03361,40.82768],[-74.034,40.8272],[-74.03401,40.8279],[-74.032,40.8295],[-74.0316,40.82931],[-74.03151,40.83],[-74.0305,40.8306],[-74.0285,40.8332],[-74.02715,40.8332],[-74.02831,40.8334],[-74.02712,40.8337],[-74.0277,40.8338],[-74.02821,40.8343],[-74.02851,40.8364],[-74.02901,40.8365],[-74.02754,40.83699],[-74.0292,40.8368],[-74.03001,40.8393],[-74.02831,40.8429],[-74.02831,40.8437],[-74.02931,40.8452],[-74.02791,40.846],[-74.02821,40.8463],[-74.02771,40.84709],[-74.03051,40.8469],[-74.03021,40.8485],[-74.0295,40.84831],[-74.02751,40.8538],[-74.02801,40.8552],[-74.0286,40.8555],[-74.02951,40.857],[-74.03191,40.8592],[-74.03201,40.8629],[-74.03461,40.8665],[-74.03511,40.8677],[-74.03511,40.871],[-74.03421,40.87091],[-74.0344,40.87179],[-74.03511,40.8717],[-74.03431,40.8742],[-74.03431,40.8763],[-74.0349,40.8774],[-74.0388,40.8779],[-74.03921,40.8786],[-74.0387,40.8795],[-74.0353,40.8823],[-74.03231,40.8868],[-74.0332,40.8883],[-74.0359,40.8885],[-74.03671,40.8895],[-74.0356,40.8921],[-74.03471,40.8923],[-74.0345,40.893],[-74.03061,40.8961],[-74.03031,40.8972],[-74.03171,40.8997],[-74.03141,40.9008],[-74.0308,40.9015],[-74.0281,40.9026],[-74.0272,40.9037],[-74.02581,40.90341],[-74.02681,40.9055],[-74.0258,40.9068],[-74.02441,40.9071],[-74.02431,40.9081],[-74.02531,40.9089],[-74.02471,40.9101],[-74.02681,40.9114],[-74.02651,40.9135],[-74.0271,40.91389],[-74.0284,40.9133],[-74.0298,40.9137],[-74.03031,40.9154],[-74.03251,40.9173],[-74.03311,40.9184],[-74.03266,40.92041],[-74.0329,40.92285]],[[-74.284,40.921],[-74.28563,40.92157],[-74.28374,40.92009],[-74.2837,40.91992],[-74.28351,40.9206],[-74.284,40.921]],[[-74.3225,40.9072],[-74.32221,40.9086],[-74.3228,40.90889],[-74.32309,40.9072],[-74.3225,40.90671],[-74.31999,40.90801],[-74.3191,40.9081],[-74.3186,40.9076],[-74.31869,40.90321],[-74.3145,40.9038],[-74.3124,40.9054],[-74.3114,40.9054],[-74.3106,40.9049],[-74.31163,40.90518],[-74.3093,40.90451],[-74.3071,40.9056],[-74.3053,40.9055],[-74.3041,40.9069],[-74.3029,40.9072],[-74.30239,40.9064],[-74.30268,40.90592],[-74.30211,40.9063],[-74.30261,40.9071],[-74.30131,40.9079],[-74.30121,40.9085],[-74.3015,40.9089],[-74.3054,40.9105],[-74.3065,40.9104],[-74.30719,40.9097],[-74.3072,40.907],[-74.308,40.90769],[-74.30928,40.9072],[-74.3078,40.907],[-74.3074,40.90611],[-74.3068,40.9064],[-74.30689,40.90601],[-74.30631,40.9062],[-74.3062,40.9069],[-74.306,40.9057],[-74.3078,40.9057],[-74.3094,40.9048],[-74.3101,40.9048],[-74.3116,40.9056],[-74.3126,40.9056],[-74.3149,40.904],[-74.3186,40.9034],[-74.31831,40.9047],[-74.31861,40.9085],[-74.3194,40.90879],[-74.32,40.9084],[-74.3225,40.9072]],[[-74.32551,40.86497],[-74.3223,40.8638],[-74.32001,40.8586],[-74.32,40.86044],[-74.31969,40.8602],[-74.31929,40.8591],[-74.3198,40.8585],[-74.321,40.8588],[-74.3243,40.8583],[-74.32589,40.8574],[-74.32629,40.8564],[-74.32551,40.85424],[-74.3256,40.8574],[-74.32,40.85837],[-74.31911,40.8584],[-74.31901,40.8596],[-74.32001,40.86076],[-74.3216,40.864],[-74.32551,40.86497]],[[-73.921,41.1438],[-73.923,41.14529],[-73.9249,41.1444],[-73.92599,41.14628],[-73.92579,41.1399],[-73.9267,41.1392],[-73.9282,41.14139],[-73.92929,41.1388],[-73.92729,41.1342],[-73.9223,41.13141],[-73.91751,41.1362],[-73.91601,41.142],[-73.9191,41.14449],[-73.921,41.1438]],[[-73.9398,41.1411],[-73.9378,41.14061],[-73.93501,41.1471],[-73.9404,41.1472],[-73.94309,41.1413],[-73.94369,41.1364],[-73.9419,41.13621],[-73.9398,41.1411]],[[-73.9608,41.1592],[-73.9642,41.16019],[-73.96519,41.1594],[-73.9645,41.1574],[-73.95331,41.15431],[-73.95341,41.1614],[-73.9524,41.15902],[-73.95151,41.1662],[-73.9542,41.16959],[-73.95949,41.1657],[-73.9608,41.1592]],[[-73.96529,41.1276],[-73.9679,41.1236],[-73.96929,41.12379],[-73.96779,41.1191],[-73.96989,41.1094],[-73.9689,41.1064],[-73.9663,41.1063],[-73.96151,41.1083],[-73.96141,41.1177],[-73.96271,41.1212],[-73.95831,41.1326],[-73.95341,41.1538],[-73.96439,41.15719],[-73.96169,41.1516],[-73.96259,41.1414],[-73.96529,41.1276]],[[-73.9874,41.04421],[-73.9848,41.0479],[-73.9802,41.04691],[-73.97831,41.0511],[-73.9806,41.0543],[-73.98809,41.0546],[-73.98579,41.0505],[-73.98909,41.0447],[-73.9874,41.04421]],[[-74.0109,40.9658],[-74.0039,40.9687],[-74.0018,40.9708],[-73.9996,40.9691],[-73.9954,40.9694],[-73.9946,40.9709],[-73.9936,40.9697],[-73.99074,40.96921],[-73.99401,40.9705],[-73.99331,40.9741],[-73.9887,40.9756],[-73.988,40.97391],[-73.98431,40.9769],[-73.9925,40.9779],[-73.9971,40.9751],[-74.0042,40.9744],[-74.0085,40.9714],[-74.0115,40.97229],[-74.0144,40.968],[-74.0161,40.96919],[-74.0171,40.9662],[-74.0219,40.9647],[-74.0234,40.9616],[-74.02888,40.96199],[-74.02799,40.9615],[-74.02989,40.955],[-74.0281,40.95411],[-74.0262,40.9589],[-74.0241,40.9575],[-74.0196,40.958],[-74.01111,40.9639],[-74.0109,40.9658]],[[-73.9894,41.0304],[-73.9898,41.03439],[-73.9907,41.0334],[-73.99229,41.03409],[-73.991,41.0322],[-73.99331,41.0352],[-73.99274,41.03749],[-73.99933,41.04043],[-74.00089,41.0295],[-73.99859,41.0281],[-73.99839,41.024],[-74.00059,41.023],[-73.99899,41.0159],[-73.9931,41.0138],[-73.9859,41.0159],[-73.98451,41.0186],[-73.98641,41.0231],[-73.98661,41.03089],[-73.9894,41.0304]],[[-74.011,40.2302],[-74.0101,40.2294],[-74.0019,40.2304],[-73.9988,40.22941],[-73.99771,40.2306],[-73.9988,40.2317],[-74.0074,40.2329],[-74.00869,40.2325],[-74.0078,40.2312],[-74.0125,40.2318],[-74.014,40.2308],[-74.0159,40.23239],[-74.0182,40.2317],[-74.0222,40.2332],[-74.02241,40.2341],[-74.02379,40.23469],[-74.02279,40.2332],[-74.0241,40.2328],[-74.0284,40.2343],[-74.02947,40.2343],[-74.01509,40.2302],[-74.0215,40.229],[-74.0265,40.2263],[-74.03265,40.22848],[-74.0269,40.22521],[-74.0208,40.228],[-74.011,40.2302]],[[-74.0092,40.2431],[-74.0091,40.2359],[-74.013,40.2365],[-74.01579,40.23869],[-74.01579,40.2374],[-74.0128,40.2358],[-74.0102,40.2356],[-74.0087,40.23252],[-74.00771,40.2424],[-74.0091,40.2441],[-74.0122,40.2442],[-74.01368,40.2434],[-74.0092,40.2431]],[[-74.03291,40.9256],[-74.0317,40.9272],[-74.02991,40.92701],[-74.03101,40.9304],[-74.02901,40.9315],[-74.02781,40.9365],[-74.02481,40.94059],[-74.02649,40.9401],[-74.02589,40.9392],[-74.02849,40.936],[-74.02959,40.9314],[-74.03099,40.9309],[-74.03139,40.9296],[-74.03059,40.9288],[-74.03289,40.9269],[-74.03319,40.9248],[-74.03189,40.9238],[-74.03284,40.92294],[-74.03141,40.9239],[-74.03291,40.9256]],[[-74.0977,40.1283],[-74.09771,40.1287],[-74.0973,40.129],[-74.09599,40.1288],[-74.09759,40.1246],[-74.10089,40.1243],[-74.10129,40.1222],[-74.09889,40.1194],[-74.09899,40.116],[-74.09649,40.1146],[-74.09939,40.1136],[-74.09959,40.1124],[-74.09629,40.1105],[-74.09809,40.1079],[-74.09619,40.1046],[-74.0974,40.1033],[-74.10229,40.10389],[-74.1014,40.1028],[-74.09769,40.1026],[-74.1008,40.1021],[-74.10238,40.10101],[-74.0973,40.1022],[-74.097,40.103],[-74.093,40.1031],[-74.09509,40.1022],[-74.09479,40.1008],[-74.0906,40.1005],[-74.0871,40.09711],[-74.0855,40.0976],[-74.08669,40.0964],[-74.0839,40.0929],[-74.0811,40.0926],[-74.0777,40.0894],[-74.0698,40.088],[-74.0598,40.0913],[-74.05431,40.0964],[-74.0536,40.0988],[-74.05081,40.1003],[-74.0529,40.1029],[-74.0457,40.1053],[-74.04291,40.10491],[-74.0438,40.1076],[-74.04661,40.1077],[-74.04411,40.1083],[-74.04549,40.11107],[-74.0452,40.109],[-74.0491,40.1071],[-74.0525,40.1071],[-74.0543,40.1046],[-74.05909,40.1027],[-74.0598,40.0991],[-74.064,40.0988],[-74.0706,40.0944],[-74.075,40.095],[-74.0763,40.0942],[-74.0839,40.0972],[-74.0858,40.1009],[-74.08791,40.1018],[-74.08791,40.107],[-74.0894,40.108],[-74.09171,40.1075],[-74.08981,40.1097],[-74.09111,40.1101],[-74.09131,40.1161],[-74.0947,40.1212],[-74.09671,40.1215],[-74.09551,40.1292],[-74.0985,40.1291],[-74.0988,40.1278],[-74.1008,40.1301],[-74.1032,40.1314],[-74.10151,40.1329],[-74.1026,40.133],[-74.10311,40.1345],[-74.10436,40.13518],[-74.10339,40.1313],[-74.0991,40.1276],[-74.0984,40.1274],[-74.0978,40.1276],[-74.09733,40.12894],[-74.0977,40.1283]],[[-74.04599,40.07059],[-74.04599,40.06835],[-74.04551,40.0705],[-74.04599,40.07059]],[[-74.03941,41.3501],[-74.041,41.35319],[-74.04269,41.3505],[-74.04039,41.3481],[-74.04099,41.3462],[-74.04699,41.3393],[-74.04779,41.33641],[-74.04331,41.3396],[-74.0414,41.3444],[-74.0397,41.345],[-74.038,41.34301],[-74.03211,41.3446],[-74.0352,41.3485],[-74.03941,41.3501]],[[-74.04759,41.0164],[-74.0482,41.01709],[-74.05039,41.0156],[-74.05019,41.0131],[-74.04561,41.01241],[-74.04511,41.0153],[-74.04181,41.0181],[-74.04151,41.0211],[-74.0452,41.0212],[-74.0472,41.018],[-74.04889,41.01839],[-74.04759,41.0164]],[[-74.0602,40.0641],[-74.06029,40.06391],[-74.05982,40.0641],[-74.0602,40.0641]],[[-74.0538,41.3561],[-74.05131,41.3578],[-74.05111,41.36339],[-74.0556,41.3601],[-74.06638,41.34482],[-74.0624,41.3478],[-74.0606,41.34701],[-74.05961,41.3524],[-74.0585,41.35131],[-74.0553,41.3548],[-74.05261,41.3552],[-74.0538,41.3561]],[[-74.07171,40.4258],[-74.07218,40.42618],[-74.0719,40.42561],[-74.07171,40.4258]],[[-74.0727,40.42591],[-74.07222,40.42619],[-74.07289,40.4261],[-74.0727,40.42591]],[[-74.08489,40.1911],[-74.08589,40.18961],[-74.0817,40.1901],[-74.07751,40.1931],[-74.0811,40.1968],[-74.0835,40.1972],[-74.08939,40.1939],[-74.08489,40.1911]],[[-74.0813,41.2272],[-74.08119,41.2253],[-74.0791,41.225],[-74.0748,41.2268],[-74.07081,41.2315],[-74.0738,41.23469],[-74.0823,41.2305],[-74.08499,41.2267],[-74.0829,41.22581],[-74.0813,41.2272]],[[-74.0929,41.257],[-74.0921,41.25641],[-74.0919,41.2578],[-74.09031,41.25751],[-74.0911,41.2603],[-74.0882,41.2609],[-74.0875,41.25961],[-74.08531,41.2623],[-74.08541,41.2633],[-74.08861,41.2634],[-74.08421,41.2731],[-74.0873,41.27499],[-74.09559,41.2678],[-74.09699,41.2649],[-74.0954,41.2637],[-74.0973,41.2623],[-74.09869,41.26279],[-74.09919,41.25801],[-74.0922,41.2605],[-74.09349,41.2567],[-74.09241,41.25582],[-74.0929,41.257]],[[-74.10451,40.1362],[-74.1061,40.1365],[-74.107,40.1359],[-74.10731,40.13638],[-74.1069,40.1357],[-74.1048,40.1355],[-74.10442,40.13523],[-74.10451,40.1362]],[[-74.1021,41.2976],[-74.10151,41.3022],[-74.10589,41.30459],[-74.10579,41.3001],[-74.10939,41.2992],[-74.10549,41.2967],[-74.10529,41.2941],[-74.1021,41.2937],[-74.09662,41.29979],[-74.1021,41.2976]],[[-74.1485,40.3238],[-74.1474,40.3234],[-74.1472,40.3234],[-74.1458,40.3222],[-74.1395,40.3233],[-74.13929,40.3211],[-74.13709,40.3196],[-74.13799,40.3191],[-74.13689,40.3182],[-74.13795,40.31828],[-74.13599,40.318],[-74.13838,40.31581],[-74.1341,40.3167],[-74.1332,40.3179],[-74.1318,40.31611],[-74.1298,40.3165],[-74.1296,40.31571],[-74.1269,40.3181],[-74.1262,40.31501],[-74.12149,40.3162],[-74.1234,40.3125],[-74.1321,40.3073],[-74.136,40.3072],[-74.1377,40.30869],[-74.1399,40.3064],[-74.14539,40.3062],[-74.1433,40.30291],[-74.1405,40.3053],[-74.1361,40.3057],[-74.1332,40.30451],[-74.1312,40.3056],[-74.12944,40.30355],[-74.13061,40.3055],[-74.1296,40.3069],[-74.12761,40.30661],[-74.1283,40.3076],[-74.1245,40.3087],[-74.11631,40.3155],[-74.1161,40.3179],[-74.11291,40.32],[-74.1136,40.32099],[-74.1169,40.3204],[-74.12,40.318],[-74.1243,40.318],[-74.12461,40.3196],[-74.1274,40.3199],[-74.12741,40.32099],[-74.1294,40.32],[-74.1334,40.3209],[-74.1355,40.3243],[-74.13881,40.3261],[-74.13831,40.32708],[-74.1416,40.3248],[-74.1432,40.325],[-74.1454,40.3274],[-74.15204,40.33037],[-74.1453,40.326],[-74.1453,40.3238],[-74.147,40.3251],[-74.1521,40.3256],[-74.1559,40.32789],[-74.1594,40.3263],[-74.15851,40.3269],[-74.1596,40.32819],[-74.16149,40.3274],[-74.1607,40.3262],[-74.1617,40.3271],[-74.16296,40.32748],[-74.1613,40.3265],[-74.1625,40.32689],[-74.1633,40.3263],[-74.16497,40.32679],[-74.1635,40.32581],[-74.1625,40.3266],[-74.1616,40.32571],[-74.1596,40.3263],[-74.15999,40.3254],[-74.1571,40.3255],[-74.1563,40.32451],[-74.1536,40.3251],[-74.15189,40.3222],[-74.15339,40.3205],[-74.1531,40.31941],[-74.14741,40.3234],[-74.1485,40.3236],[-74.1485,40.3238]],[[-74.1216,41.2341],[-74.1269,41.23499],[-74.1293,41.2327],[-74.13417,41.2316],[-74.1277,41.2307],[-74.1171,41.235],[-74.1114,41.2346],[-74.10841,41.2371],[-74.1121,41.23849],[-74.1216,41.2341]],[[-74.1102,41.4414],[-74.1119,41.4436],[-74.1166,41.4443],[-74.1168,41.44609],[-74.11781,41.4453],[-74.11551,41.4514],[-74.1169,41.45349],[-74.11869,41.448],[-74.11859,41.4391],[-74.12218,41.43482],[-74.1192,41.4363],[-74.1165,41.4361],[-74.1123,41.4401],[-74.1084,41.4402],[-74.10781,41.44199],[-74.1102,41.4414]],[[-74.14,41.205],[-74.13819,41.1997],[-74.1393,41.1979],[-74.14259,41.1976],[-74.14239,41.1955],[-74.13889,41.1945],[-74.14269,41.1929],[-74.1422,41.1911],[-74.1403,41.191],[-74.1396,41.1925],[-74.134,41.1954],[-74.1322,41.1981],[-74.12931,41.199],[-74.13001,41.2013],[-74.12631,41.2032],[-74.1295,41.20509],[-74.1353,41.2002],[-74.13791,41.2016],[-74.13631,41.21],[-74.13251,41.2157],[-74.1337,41.21629],[-74.13644,41.21439],[-74.14299,41.20471],[-74.14,41.205]],[[-74.22589,41.14925],[-74.14314,41.2096],[-74.1514,41.2037],[-74.22589,41.14925]],[[-74.1639,40.3251],[-74.1653,40.32549],[-74.16569,40.32421],[-74.1636,40.3249],[-74.16302,40.32587],[-74.1639,40.3251]],[[-74.16548,40.3276],[-74.1645,40.327],[-74.16333,40.327],[-74.1652,40.3276],[-74.16548,40.3276]],[[-74.16819,40.3282],[-74.1665,40.3274],[-74.16552,40.3276],[-74.1675,40.32849],[-74.16819,40.3282]],[[-74.16989,40.3279],[-74.1685,40.327],[-74.16652,40.3274],[-74.1692,40.32839],[-74.16989,40.3279]],[[-74.17058,40.32745],[-74.16851,40.32691],[-74.16851,40.327],[-74.17058,40.32745]],[[-74.17097,40.32831],[-74.16942,40.3284],[-74.1701,40.32869],[-74.17097,40.32831]],[[-74.17247,40.32849],[-74.17091,40.32757],[-74.1721,40.3284],[-74.17247,40.32849]],[[-74.17231,40.3304],[-74.172,40.3305],[-74.17111,40.332],[-74.17101,40.3335],[-74.17111,40.3356],[-74.17181,40.3376],[-74.17112,40.33846],[-74.17189,40.3376],[-74.17119,40.332],[-74.17179,40.3314],[-74.17239,40.3304],[-74.17239,40.3301],[-74.17106,40.32838],[-74.17231,40.3304]],[[-74.17159,40.339],[-74.17113,40.33863],[-74.1715,40.33909],[-74.17159,40.339]],[[-74.1718,40.33871],[-74.17161,40.33899],[-74.17199,40.3389],[-74.1718,40.33871]],[[-74.17244,40.3396],[-74.1721,40.3389],[-74.17201,40.3389],[-74.17244,40.3396]],[[-74.17213,40.34007],[-74.17259,40.3398],[-74.1725,40.33971],[-74.17213,40.34007]],[[-74.17433,40.34309],[-74.1731,40.3422],[-74.17227,40.34063],[-74.1731,40.3423],[-74.17433,40.34309]],[[-74.17251,40.3285],[-74.17341,40.3302],[-74.17439,40.33108],[-74.17369,40.3287],[-74.1733,40.3284],[-74.17251,40.3285]],[[-74.17363,40.33216],[-74.1734,40.332],[-74.17332,40.332],[-74.17363,40.33216]],[[-74.17346,40.33196],[-74.17459,40.3312],[-74.1744,40.33111],[-74.17346,40.33196]],[[-74.17372,40.33235],[-74.1738,40.3327],[-74.17389,40.3327],[-74.17372,40.33235]],[[-74.17419,40.3328],[-74.17391,40.33271],[-74.17419,40.33308],[-74.17419,40.3328]],[[-74.17489,40.3334],[-74.17437,40.33314],[-74.17489,40.33349],[-74.17489,40.3334]],[[-74.1745,40.34499],[-74.17459,40.34436],[-74.17441,40.3449],[-74.1745,40.34499]],[[-74.1746,40.34424],[-74.17469,40.3433],[-74.17451,40.34321],[-74.1746,40.34424]],[[-74.17618,40.33459],[-74.17491,40.33352],[-74.17511,40.3342],[-74.17618,40.33459]],[[-74.18107,40.3338],[-74.1794,40.3335],[-74.17626,40.33449],[-74.18107,40.3338]],[[-74.18121,40.33382],[-74.1814,40.3343],[-74.18208,40.33449],[-74.18121,40.33382]],[[-74.1831,40.3347],[-74.18311,40.33539],[-74.18369,40.3353],[-74.1831,40.33461],[-74.1821,40.33488],[-74.1831,40.3347]],[[-74.18389,40.3357],[-74.18372,40.33535],[-74.1838,40.3357],[-74.18389,40.3357]],[[-74.18645,40.33665],[-74.18393,40.33572],[-74.1843,40.336],[-74.18645,40.33665]],[[-74.18706,40.33821],[-74.18662,40.33677],[-74.18671,40.3374],[-74.18706,40.33821]],[[-74.19031,40.33913],[-74.1894,40.3388],[-74.18766,40.33831],[-74.19031,40.33913]],[[-74.1909,40.3392],[-74.19099,40.33881],[-74.19051,40.3392],[-74.1909,40.3392]],[[-74.1911,40.33871],[-74.19101,40.3388],[-74.19156,40.33907],[-74.1911,40.33871]],[[-74.2193,40.1797],[-74.2238,40.1797],[-74.22399,40.179],[-74.2224,40.1782],[-74.21659,40.1788],[-74.21899,40.1771],[-74.21799,40.176],[-74.22009,40.1724],[-74.219,40.17011],[-74.2183,40.1709],[-74.2155,40.17021],[-74.2136,40.1721],[-74.212,40.17121],[-74.2081,40.1729],[-74.20859,40.17171],[-74.2043,40.1725],[-74.19941,40.17131],[-74.1992,40.1732],[-74.19321,40.1768],[-74.19421,40.1838],[-74.2034,40.1835],[-74.2061,40.182],[-74.2119,40.1828],[-74.21181,40.1839],[-74.215,40.1846],[-74.2213,40.1845],[-74.225,40.1865],[-74.22719,40.186],[-74.2242,40.1846],[-74.22379,40.1828],[-74.2198,40.182],[-74.2193,40.1797]],[[-74.19231,40.3421],[-74.1924,40.34219],[-74.19277,40.34192],[-74.19231,40.3421]],[[-74.19251,40.3397],[-74.19242,40.34109],[-74.19259,40.33962],[-74.19251,40.3397]],[[-74.19289,40.3419],[-74.19246,40.34138],[-74.1928,40.3419],[-74.19289,40.3419]],[[-74.19501,40.3457],[-74.19401,40.3473],[-74.1946,40.3473],[-74.19509,40.3458],[-74.1948,40.3452],[-74.1975,40.3454],[-74.19967,40.3448],[-74.193,40.3444],[-74.19247,40.34246],[-74.19291,40.3444],[-74.19501,40.3457]],[[-74.19387,40.34734],[-74.19351,40.3477],[-74.19351,40.34788],[-74.19387,40.34734]],[[-74.19381,40.3477],[-74.19381,40.34799],[-74.19447,40.34732],[-74.19381,40.3477]],[[-74.20281,41.1422],[-74.20181,41.1436],[-74.2046,41.145],[-74.206,41.14799],[-74.20699,41.1473],[-74.20539,41.1439],[-74.20689,41.1422],[-74.20379,41.1399],[-74.20419,41.1362],[-74.2025,41.13531],[-74.20041,41.1361],[-74.19911,41.1416],[-74.20281,41.1422]],[[-74.2031,41.2789],[-74.2022,41.27791],[-74.19831,41.2791],[-74.20021,41.2811],[-74.19801,41.2882],[-74.1997,41.2907],[-74.2022,41.2908],[-74.2041,41.2869],[-74.2049,41.2885],[-74.20779,41.28869],[-74.20609,41.2862],[-74.20998,41.2839],[-74.2075,41.2838],[-74.20729,41.2826],[-74.2097,41.2801],[-74.2117,41.28059],[-74.21429,41.2727],[-74.2128,41.2718],[-74.20821,41.2721],[-74.20701,41.2769],[-74.20331,41.27621],[-74.2031,41.2789]],[[-74.20829,41.2007],[-74.20869,41.1967],[-74.2131,41.1948],[-74.21789,41.18432],[-74.20741,41.1923],[-74.2079,41.1943],[-74.20221,41.1984],[-74.20161,41.2056],[-74.2036,41.208],[-74.2067,41.2078],[-74.20949,41.2048],[-74.21049,41.2025],[-74.20829,41.2007]],[[-74.21079,41.319],[-74.21369,41.317],[-74.2113,41.31461],[-74.20431,41.3185],[-74.20491,41.3219],[-74.2088,41.32279],[-74.21149,41.321],[-74.21079,41.319]],[[-74.2232,40.9916],[-74.22432,40.99252],[-74.22339,40.9916],[-74.22559,40.9875],[-74.22449,40.9846],[-74.22685,40.98411],[-74.2228,40.9842],[-74.2182,40.9885],[-74.21541,40.9888],[-74.2159,40.98979],[-74.21771,40.9888],[-74.21771,40.99229],[-74.2232,40.9916]],[[-74.229,41.30031],[-74.21352,41.31179],[-74.2218,41.3115],[-74.22959,41.3013],[-74.229,41.30031]],[[-74.22369,41.4148],[-74.22459,41.4085],[-74.22839,41.402],[-74.22739,41.4004],[-74.23086,41.39931],[-74.2267,41.3995],[-74.22211,41.4066],[-74.22071,41.4069],[-74.22031,41.4107],[-74.21761,41.414],[-74.2185,41.4167],[-74.22628,41.4166],[-74.22369,41.4148]],[[-74.244,40.9765],[-74.24621,40.9788],[-74.24501,40.9794],[-74.2504,40.98429],[-74.25289,40.9764],[-74.25569,40.973],[-74.25419,40.9689],[-74.25179,40.968],[-74.25279,40.96631],[-74.2509,40.9667],[-74.2505,40.96451],[-74.24151,40.9692],[-74.23951,40.9757],[-74.2415,40.977],[-74.244,40.9765]],[[-74.29453,41.16934],[-74.2432,41.1469],[-74.2388,41.14506],[-74.29453,41.16934]],[[-74.25049,41.0608],[-74.26863,41.02495],[-74.24935,41.06292],[-74.25049,41.0608]],[[-74.2571,41.2134],[-74.2582,41.21499],[-74.261,41.2114],[-74.2633,41.2115],[-74.26499,41.2055],[-74.2639,41.19971],[-74.2616,41.2003],[-74.2605,41.19851],[-74.2596,41.1996],[-74.25651,41.1997],[-74.25631,41.2051],[-74.25211,41.21828],[-74.2571,41.2134]],[[-74.26031,41.165],[-74.26051,41.1678],[-74.2621,41.1686],[-74.26489,41.1679],[-74.26369,41.1625],[-74.2591,41.1602],[-74.2573,41.15791],[-74.25561,41.1602],[-74.25611,41.1644],[-74.26031,41.165]],[[-74.2623,40.9893],[-74.26054,40.98823],[-74.26241,40.9899],[-74.26091,40.9916],[-74.26341,40.997],[-74.26221,40.9977],[-74.2655,41.00309],[-74.266,41.0016],[-74.2677,41.00219],[-74.26909,41.0009],[-74.26729,40.9971],[-74.26809,40.9925],[-74.2673,40.99151],[-74.2667,40.9927],[-74.26479,40.9906],[-74.264,40.98721],[-74.2623,40.9893]],[[-74.2764,41.0007],[-74.27461,41.0024],[-74.2742,41.0065],[-74.27,41.0106],[-74.26632,41.0113],[-74.26811,41.0118],[-74.2667,41.0137],[-74.26462,41.01224],[-74.26899,41.0155],[-74.27019,41.0148],[-74.2705,41.0134],[-74.2728,41.0131],[-74.2754,41.0074],[-74.28259,41.0042],[-74.2806,41.0016],[-74.2777,41.0004],[-74.27649,40.9979],[-74.27729,40.9938],[-74.28053,40.99184],[-74.27461,40.9945],[-74.2764,41.0007]],[[-74.2864,41.0712],[-74.28311,41.0719],[-74.28431,41.0754],[-74.28361,41.07452],[-74.28341,41.0795],[-74.28111,41.0807],[-74.282,41.0829],[-74.27881,41.0841],[-74.27831,41.0857],[-74.2795,41.08739],[-74.28111,41.0871],[-74.28051,41.09],[-74.2789,41.0906],[-74.27869,41.0892],[-74.2768,41.08861],[-74.2717,41.0921],[-74.2696,41.09141],[-74.26571,41.0979],[-74.2672,41.1016],[-74.2731,41.1039],[-74.27371,41.1058],[-74.2807,41.1106],[-74.28488,41.11179],[-74.28139,41.1086],[-74.28019,41.1043],[-74.28299,41.1025],[-74.28379,41.0926],[-74.28829,41.0863],[-74.28859,41.0844],[-74.28649,41.0828],[-74.28839,41.0785],[-74.28679,41.0752],[-74.28839,41.0723],[-74.2864,41.0712]],[[-74.28151,40.9769],[-74.27969,40.9759],[-74.28045,40.97599],[-74.2789,40.9755],[-74.27749,40.9736],[-74.2789,40.9714],[-74.28006,40.97226],[-74.28051,40.97228],[-74.2783,40.97081],[-74.27681,40.972],[-74.27791,40.9752],[-74.2806,40.9768],[-74.2815,40.977],[-74.28159,40.97796],[-74.28149,40.9761],[-74.27936,40.97561],[-74.2812,40.9761],[-74.28052,40.97601],[-74.28151,40.9769]],[[-74.2798,40.9563],[-74.27775,40.95524],[-74.2798,40.9564],[-74.28017,40.95701],[-74.2798,40.9563]],[[-74.28921,40.9288],[-74.288,40.9297],[-74.28729,40.93],[-74.28919,40.9288],[-74.28913,40.92865],[-74.2856,40.9307],[-74.28523,40.93127],[-74.2862,40.9304],[-74.28721,40.9301],[-74.2852,40.9313],[-74.28501,40.9315],[-74.28181,40.9361],[-74.27921,40.943],[-74.27797,40.94996],[-74.28189,40.9371],[-74.2839,40.9362],[-74.28301,40.9373],[-74.2846,40.9381],[-74.2916,40.9403],[-74.29371,40.9405],[-74.2908,40.9406],[-74.2895,40.9417],[-74.2892,40.94081],[-74.28802,40.94229],[-74.28941,40.9418],[-74.28891,40.94339],[-74.2911,40.9418],[-74.29061,40.9426],[-74.29599,40.943],[-74.29599,40.9398],[-74.29819,40.938],[-74.29391,40.9381],[-74.2943,40.9422],[-74.29319,40.9375],[-74.29778,40.9368],[-74.291,40.9337],[-74.29169,40.93291],[-74.2898,40.9331],[-74.29009,40.93222],[-74.289,40.9333],[-74.28919,40.9311],[-74.28709,40.9312],[-74.28949,40.9286],[-74.2882,40.9261],[-74.29108,40.92659],[-74.2882,40.92483],[-74.28791,40.9269],[-74.28921,40.9281],[-74.28921,40.9288]],[[-74.28109,40.9662],[-74.27939,40.9652],[-74.28035,40.95773],[-74.27911,40.9652],[-74.28101,40.9662],[-74.28071,40.9676],[-74.28198,40.96927],[-74.28109,40.9662]],[[-74.28109,40.9916],[-74.27932,40.98597],[-74.27971,40.9887],[-74.28081,40.9913],[-74.28061,40.99179],[-74.28109,40.9916]],[[-74.27951,40.98558],[-74.28149,40.9837],[-74.28166,40.97938],[-74.27951,40.98558]],[[-74.28189,40.9713],[-74.28197,40.96962],[-74.28181,40.9713],[-74.28189,40.9713]],[[-74.2833,40.97938],[-74.28338,40.97905],[-74.28321,40.97901],[-74.2833,40.97938]],[[-74.28563,40.92172],[-74.28521,40.9232],[-74.2868,40.9243],[-74.28806,40.92475],[-74.28577,40.92339],[-74.28563,40.92172]],[[-74.30141,41.2],[-74.29791,41.2076],[-74.29881,41.2122],[-74.29761,41.2145],[-74.29871,41.2146],[-74.2933,41.2171],[-74.28761,41.2211],[-74.28771,41.2271],[-74.28441,41.2296],[-74.28361,41.232],[-74.2849,41.23309],[-74.28769,41.231],[-74.28749,41.2277],[-74.28919,41.226],[-74.28839,41.2229],[-74.29089,41.2217],[-74.2901,41.2195],[-74.2929,41.2192],[-74.2967,41.2161],[-74.30021,41.2193],[-74.29911,41.2221],[-74.2995,41.22349],[-74.3003,41.2229],[-74.30569,41.2164],[-74.31159,41.2029],[-74.3245,41.1919],[-74.3289,41.1864],[-74.33048,41.1862],[-74.3223,41.18181],[-74.3203,41.1841],[-74.3177,41.1838],[-74.3161,41.1857],[-74.31609,41.18451],[-74.3129,41.1881],[-74.30861,41.1912],[-74.3062,41.1963],[-74.30141,41.2]],[[-74.317,41.0418],[-74.3167,41.04051],[-74.3143,41.0425],[-74.31279,41.0409],[-74.31368,41.04031],[-74.31141,41.0404],[-74.3126,41.0431],[-74.3107,41.0448],[-74.3073,41.0449],[-74.30489,41.0424],[-74.30559,41.03971],[-74.2994,41.0412],[-74.2993,41.04033],[-74.2985,41.0432],[-74.2976,41.04241],[-74.29321,41.0476],[-74.29521,41.0504],[-74.29221,41.0555],[-74.29361,41.0564],[-74.29341,41.0642],[-74.2906,41.0676],[-74.2891,41.0657],[-74.28721,41.0659],[-74.2878,41.0677],[-74.28971,41.0682],[-74.28681,41.0711],[-74.2891,41.07189],[-74.2939,41.0691],[-74.2969,41.0721],[-74.3007,41.0732],[-74.30427,41.0726],[-74.2985,41.0715],[-74.29579,41.0673],[-74.29639,41.0645],[-74.30139,41.061],[-74.3013,41.0582],[-74.30789,41.0552],[-74.3096,41.0501],[-74.3146,41.0482],[-74.31361,41.05896],[-74.31599,41.0535],[-74.3174,41.05409],[-74.31889,41.0463],[-74.3204,41.0464],[-74.32349,41.0416],[-74.319,41.04011],[-74.317,41.0418]],[[-74.29256,40.9266],[-74.29111,40.9266],[-74.29111,40.9267],[-74.29256,40.9266]],[[-74.302,41.27851],[-74.2982,41.2803],[-74.2954,41.278],[-74.2931,41.2782],[-74.28731,41.2827],[-74.2893,41.2854],[-74.2937,41.2864],[-74.2972,41.2849],[-74.2988,41.2825],[-74.30239,41.2813],[-74.302,41.27851]],[[-74.2961,40.9245],[-74.29293,40.92659],[-74.2943,40.9262],[-74.2963,40.9246],[-74.29917,40.92413],[-74.2961,40.9245]],[[-74.3009,40.9244],[-74.29947,40.92412],[-74.30195,40.92498],[-74.3009,40.9244]],[[-74.32751,40.908],[-74.326,40.9087],[-74.32324,40.90908],[-74.3258,40.9089],[-74.32751,40.908]],[[-74.3275,40.90681],[-74.3257,40.9073],[-74.32519,40.9062],[-74.3275,40.9059],[-74.3292,40.9088],[-74.33049,40.9087],[-74.328,40.90531],[-74.32481,40.9062],[-74.3255,40.90759],[-74.3273,40.907],[-74.32788,40.90719],[-74.3275,40.90681]],[[-74.32609,40.8438],[-74.3275,40.8416],[-74.3292,40.84189],[-74.32929,40.8417],[-74.3274,40.84141],[-74.32551,40.8437],[-74.3284,40.8443],[-74.32975,40.84756],[-74.32899,40.845],[-74.3286,40.8442],[-74.32609,40.8438]],[[-74.32989,40.8479],[-74.33031,40.8484],[-74.33031,40.8489],[-74.328,40.8499],[-74.32552,40.85418],[-74.32729,40.8529],[-74.3281,40.8503],[-74.33029,40.8492],[-74.33039,40.8483],[-74.32982,40.84773],[-74.32991,40.84795],[-74.32989,40.8479]],[[-74.344,41.1593],[-74.34429,41.1563],[-74.34948,41.15271],[-74.34629,41.1532],[-74.34639,41.1461],[-74.3451,41.14421],[-74.3447,41.1458],[-74.34041,41.1479],[-74.33901,41.1559],[-74.3351,41.1621],[-74.334,41.1629],[-74.3329,41.16191],[-74.33191,41.1694],[-74.32651,41.1732],[-74.32231,41.1818],[-74.3307,41.18549],[-74.34369,41.168],[-74.34409,41.1615],[-74.34599,41.15851],[-74.344,41.1593]],[[-74.33721,40.8669],[-74.3363,40.8678],[-74.33659,40.8665],[-74.3362,40.8665],[-74.3337,40.8684],[-74.33301,40.86555],[-74.333,40.8686],[-74.33249,40.867],[-74.3318,40.8667],[-74.32561,40.86501],[-74.3262,40.8661],[-74.3325,40.8674],[-74.3326,40.86846],[-74.3333,40.86909],[-74.3346,40.8679],[-74.3354,40.8677],[-74.33601,40.8678],[-74.33484,40.86789],[-74.3375,40.8678],[-74.33688,40.86904],[-74.33779,40.8684],[-74.33749,40.867],[-74.337,40.8665],[-74.33662,40.8665],[-74.33721,40.8669]],[[-74.3288,41.0204],[-74.32661,41.01851],[-74.3284,41.03009],[-74.33669,41.0245],[-74.3365,41.02371],[-74.331,41.0259],[-74.33159,41.021],[-74.33389,41.0188],[-74.3319,41.01791],[-74.3288,41.0204]],[[-74.33491,40.8278],[-74.3299,40.8302],[-74.32881,40.8319],[-74.32912,40.83966],[-74.33029,40.8351],[-74.32929,40.8312],[-74.3334,40.8296],[-74.33509,40.8282],[-74.33469,40.8248],[-74.33249,40.8217],[-74.33529,40.8172],[-74.33799,40.8155],[-74.3385,40.8135],[-74.3414,40.813],[-74.3457,40.81439],[-74.34847,40.81281],[-74.3444,40.8137],[-74.3406,40.8125],[-74.3384,40.813],[-74.33501,40.8171],[-74.33221,40.8217],[-74.33488,40.82774],[-74.33421,40.8248],[-74.33491,40.8274],[-74.33491,40.8278]],[[-74.3295,40.84149],[-74.32979,40.8412],[-74.32924,40.84092],[-74.3295,40.84149]],[[-74.33239,41.31041],[-74.33011,41.3113],[-74.32981,41.316],[-74.33041,41.32109],[-74.3325,41.3204],[-74.33321,41.3226],[-74.3314,41.3237],[-74.3304,41.32231],[-74.32941,41.3231],[-74.3315,41.32809],[-74.332,41.3273],[-74.33281,41.3269],[-74.3315,41.3281],[-74.3289,41.3295],[-74.32642,41.33428],[-74.32911,41.3324],[-74.32621,41.3349],[-74.32611,41.3361],[-74.32891,41.3366],[-74.32861,41.33758],[-74.3381,41.3288],[-74.3456,41.3252],[-74.34819,41.3213],[-74.3457,41.32041],[-74.3406,41.3236],[-74.3363,41.323],[-74.33649,41.3194],[-74.33249,41.317],[-74.33239,41.31041]],[[-74.33129,40.9081],[-74.3311,40.90683],[-74.33051,40.90869],[-74.33129,40.9081]],[[-74.33761,40.8988],[-74.33521,40.9025],[-74.33431,40.9055],[-74.33193,40.90647],[-74.3344,40.9055],[-74.33719,40.9004],[-74.33779,40.8987],[-74.33779,40.89662],[-74.3368,40.898],[-74.33439,40.8967],[-74.3373,40.8965],[-74.33808,40.89601],[-74.3348,40.8962],[-74.33401,40.8967],[-74.3349,40.8979],[-74.33723,40.89867],[-74.33509,40.8979],[-74.3373,40.8983],[-74.33761,40.8988]],[[-74.33481,40.87344],[-74.3349,40.873],[-74.33752,40.87232],[-74.33481,40.8727],[-74.33481,40.87344]],[[-74.33575,40.87379],[-74.33481,40.87351],[-74.33481,40.8737],[-74.33575,40.87379]],[[-74.33989,40.8839],[-74.34059,40.8809],[-74.34059,40.8794],[-74.3389,40.8795],[-74.3381,40.8782],[-74.3354,40.8773],[-74.33627,40.87662],[-74.33521,40.8774],[-74.34051,40.8808],[-74.33831,40.8877],[-74.33981,40.89],[-74.33688,40.8932],[-74.3391,40.8923],[-74.34009,40.8898],[-74.33849,40.8873],[-74.33989,40.8839]],[[-74.3375,40.8695],[-74.3381,40.8696],[-74.3382,40.86999],[-74.33849,40.8697],[-74.33711,40.86922],[-74.3375,40.8695]],[[-74.33629,40.8705],[-74.3377,40.8705],[-74.33819,40.87001],[-74.33611,40.8704],[-74.33747,40.87167],[-74.33629,40.8705]],[[-74.3389,40.8939],[-74.339,40.89478],[-74.33949,40.8938],[-74.33652,40.89342],[-74.33621,40.8936],[-74.3389,40.8939]],[[-74.33781,40.875],[-74.33771,40.87607],[-74.33819,40.8752],[-74.33664,40.87408],[-74.33781,40.875]],[[-74.33898,40.89484],[-74.33812,40.89599],[-74.3386,40.8958],[-74.33898,40.89484]],[[-74.35179,40.7479],[-74.35299,40.74541],[-74.34671,40.7458],[-74.34921,40.7563],[-74.3519,40.7579],[-74.35589,40.75829],[-74.35669,40.7515],[-74.35179,40.7479]],[[-74.3505,40.8101],[-74.35109,40.8094],[-74.3514,40.8068],[-74.3543,40.8054],[-74.35575,40.80674],[-74.3545,40.8052],[-74.35949,40.8028],[-74.35819,40.8017],[-74.3598,40.8001],[-74.3617,40.8001],[-74.36277,40.79971],[-74.3599,40.7998],[-74.3565,40.8035],[-74.3525,40.8058],[-74.35071,40.8074],[-74.34921,40.81288],[-74.35258,40.80902],[-74.3505,40.8101]],[[-74.3603,40.7866],[-74.36209,40.7825],[-74.3602,40.78041],[-74.355,40.7812],[-74.35311,40.7854],[-74.3542,40.7872],[-74.3564,40.7878],[-74.3598,40.79139],[-74.36269,40.7891],[-74.3603,40.7866]],[[-74.35018,41.19478],[-74.39563,41.21789],[-74.3674,41.2035],[-74.35018,41.19478]],[[-74.359,40.74969],[-74.36469,40.7488],[-74.36409,40.745],[-74.3591,40.7426],[-74.35501,40.743],[-74.35841,40.7466],[-74.359,40.74969]],[[-74.35816,40.75404],[-74.35771,40.755],[-74.35786,40.75535],[-74.35816,40.75404]],[[-74.3725,40.7593],[-74.3733,40.7583],[-74.37398,40.758],[-74.3736,40.758],[-74.3721,40.7593],[-74.37,40.7594],[-74.368,40.7607],[-74.36799,40.7579],[-74.3652,40.7579],[-74.3615,40.7557],[-74.35818,40.7557],[-74.3617,40.7559],[-74.3657,40.7582],[-74.3679,40.7581],[-74.36751,40.76099],[-74.3724,40.7595],[-74.3738,40.75818],[-74.3725,40.7593]],[[-74.3597,40.7514],[-74.3622,40.751],[-74.3641,40.7502],[-74.3666,40.7498],[-74.3677,40.7493],[-74.36809,40.74861],[-74.3595,40.7512],[-74.35883,40.75262],[-74.35949,40.7513],[-74.35922,40.75235],[-74.3597,40.7514]],[[-74.3587,40.7529],[-74.35841,40.75352],[-74.35841,40.75398],[-74.35918,40.75243],[-74.3587,40.7529]],[[-74.36397,40.79932],[-74.36173,40.8001],[-74.3629,40.8001],[-74.36397,40.79932]],[[-74.37031,40.4002],[-74.36711,40.4024],[-74.36761,40.4054],[-74.37219,40.40789],[-74.37169,40.4062],[-74.37569,40.3997],[-74.3782,40.3994],[-74.38169,40.3959],[-74.3806,40.39481],[-74.37421,40.3978],[-74.3743,40.4009],[-74.3729,40.39981],[-74.3708,40.4007],[-74.3699,40.39851],[-74.36891,40.3991],[-74.37031,40.4002]],[[-74.36519,40.7467],[-74.3669,40.7442],[-74.3691,40.7431],[-74.36991,40.74364],[-74.3687,40.74281],[-74.3663,40.7439],[-74.36511,40.7468],[-74.36761,40.74828],[-74.36519,40.7467]],[[-74.36692,40.78998],[-74.36711,40.7933],[-74.36463,40.79861],[-74.36719,40.7934],[-74.36692,40.78998]],[[-74.3718,40.7768],[-74.36921,40.7782],[-74.36891,40.7792],[-74.3685,40.7796],[-74.3678,40.7799],[-74.36822,40.77962],[-74.36681,40.7805],[-74.367,40.78894],[-74.36719,40.7804],[-74.3688,40.7802],[-74.37319,40.7759],[-74.373,40.77531],[-74.372,40.77655],[-74.373,40.7754],[-74.37271,40.776],[-74.3718,40.7768]],[[-74.36541,40.9895],[-74.3662,40.99019],[-74.3708,40.9892],[-74.375,40.9852],[-74.38048,40.98609],[-74.37609,40.9832],[-74.3746,40.97651],[-74.37111,40.9792],[-74.37061,40.98229],[-74.373,40.9801],[-74.37331,40.9821],[-74.3725,40.98161],[-74.37161,40.9841],[-74.3678,40.9862],[-74.36541,40.9895]],[[-74.3702,40.7721],[-74.37039,40.7698],[-74.37209,40.7679],[-74.37189,40.7673],[-74.37029,40.7667],[-74.37107,40.7641],[-74.37001,40.7666],[-74.37191,40.768],[-74.37011,40.7698],[-74.36951,40.7714],[-74.37059,40.7741],[-74.37089,40.77102],[-74.3702,40.7721]],[[-74.3712,40.7747],[-74.37064,40.77424],[-74.3709,40.7749],[-74.37293,40.77528],[-74.3712,40.7747]],[[-74.3865,41.1672],[-74.3862,41.16521],[-74.38431,41.1664],[-74.3842,41.1676],[-74.3834,41.166],[-74.38099,41.1657],[-74.38385,41.16442],[-74.38011,41.1653],[-74.37961,41.1719],[-74.3763,41.1761],[-74.3735,41.1776],[-74.37549,41.1755],[-74.3754,41.17511],[-74.3698,41.1816],[-74.36721,41.1825],[-74.3679,41.18569],[-74.371,41.1834],[-74.37191,41.1844],[-74.37071,41.1858],[-74.37439,41.18759],[-74.3742,41.1855],[-74.3782,41.1826],[-74.37969,41.18299],[-74.37899,41.182],[-74.3843,41.1772],[-74.38789,41.1761],[-74.38769,41.1722],[-74.39069,41.1711],[-74.39049,41.168],[-74.39209,41.1664],[-74.3914,41.16462],[-74.3906,41.1668],[-74.38899,41.1668],[-74.39019,41.16341],[-74.3877,41.1644],[-74.3868,41.16361],[-74.38573,41.16448],[-74.3867,41.1641],[-74.38621,41.16519],[-74.3877,41.1649],[-74.38831,41.1656],[-74.3865,41.1672]],[[-74.38159,41.1253],[-74.3786,41.12471],[-74.3772,41.1286],[-74.36841,41.1354],[-74.36791,41.1384],[-74.3706,41.13919],[-74.37849,41.1313],[-74.38159,41.1253]],[[-74.3751,40.7592],[-74.37559,40.75842],[-74.37491,40.7594],[-74.3758,40.7608],[-74.37731,40.7616],[-74.3758,40.763],[-74.3735,40.7631],[-74.37197,40.76416],[-74.374,40.7631],[-74.3758,40.7632],[-74.3772,40.7627],[-74.37769,40.7623],[-74.37739,40.761],[-74.37559,40.7602],[-74.37559,40.75852],[-74.3751,40.7592]],[[-74.37201,40.93759],[-74.37649,40.936],[-74.37799,40.9285],[-74.376,40.92781],[-74.37141,40.9327],[-74.37201,40.93759]],[[-74.3752,40.7581],[-74.37558,40.75838],[-74.3754,40.758],[-74.3742,40.758],[-74.3752,40.7581]],[[-74.37404,40.758],[-74.37503,40.75825],[-74.3741,40.758],[-74.37404,40.758]],[[-74.3846,40.4717],[-74.38441,40.47259],[-74.38678,40.4716],[-74.3813,40.4714],[-74.38274,40.47033],[-74.38072,40.4714],[-74.3846,40.4717]],[[-74.39497,40.48132],[-74.39251,40.4826],[-74.39241,40.48399],[-74.39497,40.48132]],[[-74.3998,40.8871],[-74.39691,40.8881],[-74.39831,40.8888],[-74.39641,40.8902],[-74.3988,40.89809],[-74.4027,40.8957],[-74.4043,40.8929],[-74.41487,40.89698],[-74.40929,40.8929],[-74.40839,40.8887],[-74.4108,40.889],[-74.4135,40.8862],[-74.41598,40.88669],[-74.41469,40.8857],[-74.41579,40.8846],[-74.41389,40.8834],[-74.41729,40.8813],[-74.41719,40.878],[-74.41989,40.8757],[-74.41869,40.871],[-74.4128,40.8685],[-74.4091,40.8695],[-74.40501,40.8736],[-74.40401,40.879],[-74.40041,40.882],[-74.40121,40.8849],[-74.3998,40.8871]],[[-74.41001,41.059],[-74.40731,41.0628],[-74.40411,41.07179],[-74.4092,41.0688],[-74.4105,41.07079],[-74.41199,41.0682],[-74.41339,41.0589],[-74.41319,41.0492],[-74.412,41.04781],[-74.4102,41.0497],[-74.40621,41.0497],[-74.40711,41.0549],[-74.41001,41.059]],[[-74.40871,40.9882],[-74.40741,40.9883],[-74.4093,40.99109],[-74.40991,40.9904],[-74.40921,40.9989],[-74.4105,40.99979],[-74.41159,40.9992],[-74.41059,40.9971],[-74.41499,40.9943],[-74.41339,40.9924],[-74.41449,40.9869],[-74.41599,40.9856],[-74.4147,40.98511],[-74.4135,40.9872],[-74.41359,40.9848],[-74.4119,40.98431],[-74.4093,40.9891],[-74.40919,40.98701],[-74.40791,40.9872],[-74.40871,40.9882]],[[-74.43221,40.4601],[-74.4322,40.4623],[-74.4264,40.467],[-74.4258,40.46631],[-74.4192,40.4673],[-74.4171,40.47],[-74.41563,40.47],[-74.4185,40.4708],[-74.41961,40.4725],[-74.41411,40.4778],[-74.41262,40.48304],[-74.41529,40.4775],[-74.42139,40.4713],[-74.4201,40.4712],[-74.4191,40.4689],[-74.4264,40.4675],[-74.43,40.4658],[-74.43349,40.4626],[-74.43279,40.4611],[-74.43429,40.4587],[-74.4368,40.4574],[-74.43748,40.45651],[-74.43031,40.4595],[-74.43221,40.4601]],[[-74.4218,41.1096],[-74.42191,41.11219],[-74.42371,41.1105],[-74.42311,41.11299],[-74.4289,41.1105],[-74.4295,41.11178],[-74.43079,41.10511],[-74.4289,41.1053],[-74.42919,41.10381],[-74.425,41.1073],[-74.4215,41.1073],[-74.41971,41.10989],[-74.4218,41.1096]],[[-74.4351,41.0233],[-74.43749,41.0221],[-74.43799,41.0184],[-74.44039,41.0173],[-74.44129,41.0149],[-74.4389,41.0146],[-74.4327,41.0178],[-74.4292,41.0176],[-74.42541,41.0192],[-74.42341,41.0257],[-74.4255,41.02619],[-74.4289,41.0214],[-74.4307,41.02249],[-74.43291,41.0216],[-74.42931,41.0256],[-74.4293,41.0273],[-74.42621,41.0285],[-74.42521,41.0357],[-74.42679,41.03699],[-74.4268,41.0355],[-74.4283,41.03689],[-74.4289,41.0327],[-74.431,41.0322],[-74.43529,41.0271],[-74.4351,41.0233]],[[-74.43461,41.1782],[-74.4321,41.179],[-74.4274,41.1834],[-74.4272,41.18167],[-74.42701,41.1856],[-74.42292,41.1871],[-74.4284,41.1876],[-74.43101,41.1892],[-74.43013,41.18989],[-74.43359,41.1887],[-74.43429,41.1852],[-74.43599,41.1846],[-74.4358,41.18331],[-74.43459,41.1839],[-74.43579,41.1799],[-74.44149,41.1762],[-74.44189,41.17531],[-74.43999,41.1757],[-74.44159,41.17051],[-74.4358,41.1734],[-74.43361,41.1779],[-74.43461,41.1782]],[[-74.42921,40.8536],[-74.42971,40.8565],[-74.4304,40.8575],[-74.4315,40.85779],[-74.4402,40.851],[-74.44109,40.8497],[-74.4393,40.84781],[-74.4296,40.8497],[-74.4277,40.8512],[-74.42711,40.852],[-74.42921,40.8536]],[[-74.4768,41.1097],[-74.42479,41.15731],[-74.47947,41.10748],[-74.4768,41.1097]],[[-74.4276,41.0369],[-74.43026,41.03781],[-74.42752,41.03675],[-74.4276,41.0369]],[[-74.43749,40.45648],[-74.43749,40.4562],[-74.43722,40.45602],[-74.43749,40.45648]],[[-74.4374,40.9929],[-74.4383,40.99419],[-74.44269,40.9934],[-74.44019,40.9883],[-74.43979,40.9827],[-74.44149,40.9736],[-74.4463,40.9714],[-74.4495,40.97259],[-74.4544,40.969],[-74.45859,40.969],[-74.4584,40.9682],[-74.45969,40.96918],[-74.4592,40.9678],[-74.46229,40.9665],[-74.4618,40.96421],[-74.4542,40.9652],[-74.4441,40.9699],[-74.4367,40.9761],[-74.43511,40.9782],[-74.43661,40.9885],[-74.43441,40.9923],[-74.4347,40.9933],[-74.4372,40.99369],[-74.4374,40.9929]],[[-74.4442,41.0375],[-74.4457,41.0358],[-74.45049,41.0351],[-74.4499,41.03191],[-74.4412,41.0352],[-74.43742,41.03829],[-74.4397,41.0378],[-74.4479,41.04069],[-74.45009,41.03671],[-74.4475,41.038],[-74.4442,41.0375]],[[-74.4471,41.0782],[-74.45131,41.0797],[-74.45,41.083],[-74.4466,41.085],[-74.4442,41.0898],[-74.442,41.08951],[-74.43991,41.0934],[-74.4423,41.09709],[-74.4441,41.093],[-74.4472,41.0925],[-74.4522,41.0854],[-74.45541,41.0871],[-74.45261,41.09498],[-74.45759,41.0896],[-74.46009,41.083],[-74.45889,41.0817],[-74.4624,41.0808],[-74.46279,41.07961],[-74.4563,41.0806],[-74.4526,41.07311],[-74.446,41.0751],[-74.44441,41.07939],[-74.4471,41.0782]],[[-74.47171,40.432],[-74.46851,40.4342],[-74.4672,40.4398],[-74.4659,40.4402],[-74.46599,40.4392],[-74.4638,40.4388],[-74.4598,40.4395],[-74.45865,40.43855],[-74.45961,40.4396],[-74.4576,40.4415],[-74.45151,40.4441],[-74.4534,40.44979],[-74.45629,40.4474],[-74.45429,40.4462],[-74.4545,40.4446],[-74.46079,40.4424],[-74.4605,40.4413],[-74.4623,40.4406],[-74.4676,40.441],[-74.469,40.4378],[-74.47049,40.43829],[-74.4697,40.4358],[-74.47889,40.4296],[-74.4787,40.424],[-74.4832,40.4234],[-74.4869,40.4204],[-74.49099,40.4192],[-74.4913,40.4181],[-74.4919,40.41879],[-74.49358,40.41641],[-74.47691,40.4243],[-74.47701,40.4289],[-74.4749,40.4311],[-74.4722,40.4315],[-74.46811,40.42951],[-74.4691,40.4312],[-74.47171,40.432]],[[-74.4613,41.1718],[-74.46001,41.179],[-74.4611,41.18079],[-74.46599,41.1756],[-74.46649,41.1713],[-74.47059,41.1649],[-74.4695,41.1616],[-74.46799,41.1614],[-74.46879,41.15621],[-74.46421,41.1598],[-74.46271,41.1639],[-74.45801,41.1694],[-74.45751,41.1732],[-74.45751,41.17469],[-74.4613,41.1718]],[[-74.4761,40.9091],[-74.47779,40.9084],[-74.47779,40.9064],[-74.4738,40.9066],[-74.472,40.9099],[-74.46921,40.9103],[-74.46891,40.91649],[-74.4727,40.9151],[-74.4761,40.9091]],[[-74.47599,41.1311],[-74.478,41.1306],[-74.47851,41.1316],[-74.47713,41.13209],[-74.4786,41.132],[-74.4819,41.1278],[-74.4844,41.12879],[-74.48599,41.1282],[-74.48409,41.1258],[-74.48459,41.1244],[-74.4858,41.123],[-74.4882,41.12389],[-74.48999,41.1165],[-74.49389,41.1152],[-74.49289,41.1116],[-74.48971,41.11001],[-74.4898,41.1112],[-74.4876,41.11041],[-74.48061,41.1204],[-74.47771,41.1287],[-74.47561,41.131],[-74.47561,41.13323],[-74.47599,41.1311]],[[-74.51051,40.9933],[-74.5068,40.996],[-74.50919,40.9931],[-74.507,40.9929],[-74.5052,40.9959],[-74.4975,40.9996],[-74.47771,41.0132],[-74.4804,41.0164],[-74.4826,41.01719],[-74.4868,41.0153],[-74.5032,41.0031],[-74.51269,40.9943],[-74.51089,40.9919],[-74.51159,40.9897],[-74.52043,40.98037],[-74.51001,40.9893],[-74.51031,40.9916],[-74.50831,40.9918],[-74.51051,40.9933]],[[-74.4886,41.0667],[-74.4981,41.0635],[-74.5004,41.0605],[-74.5049,41.0584],[-74.5139,41.0506],[-74.5163,41.0503],[-74.52199,41.04411],[-74.51773,41.0448],[-74.51941,41.045],[-74.51672,41.04719],[-74.51841,41.047],[-74.51601,41.0485],[-74.5164,41.0494],[-74.5133,41.0496],[-74.5113,41.0526],[-74.5078,41.0539],[-74.5063,41.0559],[-74.5051,41.05501],[-74.5019,41.0562],[-74.50099,41.0493],[-74.50389,41.0414],[-74.50171,41.04051],[-74.5017,41.0421],[-74.5011,41.04031],[-74.49681,41.045],[-74.49271,41.0602],[-74.4915,41.0616],[-74.4887,41.06091],[-74.48521,41.0648],[-74.489,41.0721],[-74.48949,41.0708],[-74.4886,41.0667]],[[-74.49313,40.2152],[-74.4977,40.2152],[-74.50081,40.2176],[-74.50041,40.21929],[-74.5016,40.2183],[-74.5067,40.21989],[-74.5085,40.2187],[-74.5111,40.2192],[-74.50961,40.22089],[-74.51339,40.22],[-74.5134,40.219],[-74.5197,40.2224],[-74.51861,40.2236],[-74.52309,40.2238],[-74.52409,40.2182],[-74.5202,40.21461],[-74.5161,40.2161],[-74.5127,40.2156],[-74.5045,40.2171],[-74.4978,40.21381],[-74.49313,40.2152]],[[-74.4922,41.4494],[-74.4949,41.45049],[-74.5004,41.4465],[-74.5037,41.4462],[-74.5041,41.44789],[-74.51308,41.43851],[-74.5091,41.4398],[-74.505,41.444],[-74.5035,41.444],[-74.503,41.44261],[-74.48665,41.45118],[-74.4922,41.4494]],[[-74.5081,40.7121],[-74.51069,40.71289],[-74.511,40.7108],[-74.5132,40.71149],[-74.51379,40.7083],[-74.5084,40.7053],[-74.50241,40.7066],[-74.5059,40.71399],[-74.5081,40.7121]],[[-74.5032,41.0859],[-74.50266,41.0864],[-74.52412,41.06874],[-74.5032,41.0859]],[[-74.5125,40.9767],[-74.514,40.97819],[-74.5188,40.9731],[-74.5205,40.973],[-74.524,40.968],[-74.5258,40.968],[-74.52829,40.9657],[-74.5277,40.96491],[-74.5211,40.9664],[-74.5201,40.9676],[-74.5195,40.9668],[-74.5125,40.9677],[-74.50701,40.9711],[-74.50601,40.976],[-74.5125,40.9767]],[[-74.5166,40.927],[-74.52279,40.9262],[-74.52259,40.9244],[-74.52589,40.9211],[-74.5241,40.9193],[-74.5221,40.9195],[-74.5182,40.9245],[-74.5134,40.92271],[-74.51151,40.9273],[-74.51221,40.9305],[-74.5134,40.9306],[-74.5166,40.927]],[[-74.53649,41.2808],[-74.53813,41.27926],[-74.53621,41.2807],[-74.5365,41.2846],[-74.51712,41.27552],[-74.53689,41.2848],[-74.53649,41.2808]],[[-74.5386,40.9298],[-74.5389,40.93119],[-74.54049,40.9308],[-74.54069,40.9287],[-74.5362,40.92231],[-74.5321,40.9252],[-74.52711,40.93169],[-74.5364,40.9293],[-74.5386,40.9298]],[[-74.54761,40.9538],[-74.5446,40.9542],[-74.54191,40.9564],[-74.5405,40.9597],[-74.5383,40.9598],[-74.5376,40.9601],[-74.53359,40.96364],[-74.5381,40.96],[-74.5429,40.9598],[-74.5449,40.9569],[-74.5467,40.9571],[-74.54999,40.9544],[-74.5507,40.9523],[-74.5531,40.95299],[-74.55649,40.9493],[-74.5549,40.94801],[-74.5509,40.9499],[-74.54741,40.9521],[-74.54761,40.9538]],[[-74.53869,41.2761],[-74.54939,41.2688],[-74.54719,41.2661],[-74.54909,41.2609],[-74.54799,41.2569],[-74.551,41.25769],[-74.5543,41.2554],[-74.56049,41.249],[-74.56099,41.2434],[-74.56499,41.2411],[-74.56469,41.2367],[-74.56279,41.2332],[-74.56429,41.2297],[-74.56379,41.2267],[-74.56269,41.2253],[-74.56379,41.223],[-74.5633,41.2224],[-74.5616,41.2218],[-74.56139,41.2212],[-74.5692,41.2192],[-74.57109,41.2178],[-74.57129,41.217],[-74.57069,41.2158],[-74.57279,41.2125],[-74.56959,41.2103],[-74.57059,41.20684],[-74.56941,41.2105],[-74.57271,41.2126],[-74.57051,41.2158],[-74.57091,41.2178],[-74.56111,41.2212],[-74.56141,41.222],[-74.56351,41.2232],[-74.56201,41.2247],[-74.56371,41.2296],[-74.56221,41.2329],[-74.56441,41.2412],[-74.56021,41.2436],[-74.55981,41.2491],[-74.5536,41.2555],[-74.551,41.2573],[-74.5487,41.25621],[-74.54751,41.2569],[-74.54861,41.2609],[-74.54681,41.2661],[-74.54901,41.2684],[-74.53821,41.2759],[-74.53821,41.27919],[-74.53949,41.2783],[-74.53869,41.2761]],[[-74.5668,40.543],[-74.56851,40.55],[-74.5722,40.5523],[-74.58291,40.55537],[-74.5691,40.5498],[-74.56759,40.5427],[-74.5777,40.5416],[-74.57939,40.5403],[-74.5809,40.5366],[-74.5879,40.531],[-74.58951,40.5321],[-74.58895,40.53543],[-74.58969,40.5319],[-74.5884,40.53031],[-74.58061,40.5364],[-74.578,40.5411],[-74.5658,40.5426],[-74.56803,40.54114],[-74.5465,40.5516],[-74.54471,40.55429],[-74.5565,40.5489],[-74.5614,40.545],[-74.5668,40.543]],[[-74.56211,40.1905],[-74.55811,40.19807],[-74.56223,40.1904],[-74.56211,40.1905]],[[-74.5594,41.0887],[-74.558,41.0892],[-74.55869,41.08791],[-74.5566,41.0888],[-74.55301,41.09179],[-74.555,41.0917],[-74.5561,41.0901],[-74.5566,41.09119],[-74.55821,41.0906],[-74.55771,41.09299],[-74.5597,41.0927],[-74.55991,41.09409],[-74.562,41.0935],[-74.5639,41.0904],[-74.56537,41.0902],[-74.56349,41.0898],[-74.56449,41.088],[-74.5647,41.08889],[-74.56599,41.0881],[-74.5652,41.08711],[-74.56199,41.0882],[-74.56509,41.0846],[-74.56379,41.0842],[-74.56489,41.0828],[-74.564,41.08221],[-74.56051,41.0843],[-74.5594,41.0887]],[[-74.55742,40.94927],[-74.55944,40.94687],[-74.55771,40.9485],[-74.55742,40.94927]],[[-74.5596,40.94672],[-74.56149,40.9452],[-74.5642,40.94],[-74.5789,40.9281],[-74.58365,40.92082],[-74.5787,40.9281],[-74.56351,40.9402],[-74.56131,40.9451],[-74.5596,40.94672]],[[-74.56101,40.9429],[-74.56129,40.94327],[-74.56101,40.94234],[-74.56101,40.9429]],[[-74.56105,40.94229],[-74.56243,40.9421],[-74.5616,40.9421],[-74.56105,40.94229]],[[-74.5672,40.9105],[-74.56739,40.9105],[-74.56609,40.90854],[-74.5672,40.9105]],[[-74.56681,40.9078],[-74.56615,40.9083],[-74.56689,40.9078],[-74.56689,40.9066],[-74.56708,40.90631],[-74.56671,40.9065],[-74.56681,40.9078]],[[-74.56768,40.90476],[-74.56701,40.906],[-74.5672,40.90629],[-74.56768,40.90476]],[[-74.5741,40.9121],[-74.57525,40.91171],[-74.574,40.9119],[-74.5708,40.9109],[-74.56748,40.91051],[-74.5741,40.9121]],[[-74.56771,40.90464],[-74.56849,40.9024],[-74.56829,40.9016],[-74.56867,40.90076],[-74.56811,40.9016],[-74.56771,40.90464]],[[-74.60225,40.16242],[-74.58779,40.1383],[-74.57431,40.11544],[-74.58661,40.1365],[-74.60225,40.16242]],[[-74.57565,40.9119],[-74.5773,40.9126],[-74.5816,40.91552],[-74.5775,40.9126],[-74.57565,40.9119]],[[-74.58201,40.917],[-74.5839,40.91804],[-74.5822,40.9169],[-74.58201,40.91596],[-74.58201,40.917]],[[-74.58401,40.92026],[-74.58449,40.9192],[-74.5842,40.91872],[-74.58401,40.92026]],[[-74.6601,40.9123],[-74.65939,40.9111],[-74.662,40.9069],[-74.66479,40.9056],[-74.6641,40.90471],[-74.65721,40.9095],[-74.65741,40.9144],[-74.6535,40.9189],[-74.6512,40.9207],[-74.6472,40.91931],[-74.64611,40.9208],[-74.64591,40.9231],[-74.6476,40.925],[-74.65211,40.9269],[-74.6509,40.9291],[-74.6493,40.929],[-74.6478,40.9258],[-74.6445,40.92441],[-74.6413,40.9277],[-74.63771,40.9292],[-74.6366,40.9331],[-74.63041,40.933],[-74.6338,40.937],[-74.63611,40.9369],[-74.6333,40.9395],[-74.62041,40.9432],[-74.6208,40.9442],[-74.6286,40.945],[-74.63071,40.9469],[-74.62541,40.9499],[-74.62611,40.9531],[-74.62041,40.9582],[-74.6229,40.9587],[-74.6215,40.9597],[-74.61952,40.95812],[-74.6214,40.9612],[-74.6176,40.9615],[-74.61769,40.95981],[-74.6133,40.9621],[-74.6075,40.9613],[-74.6021,40.95771],[-74.59791,40.9601],[-74.5982,40.96099],[-74.6035,40.9599],[-74.60014,40.96119],[-74.6054,40.9606],[-74.60711,40.9617],[-74.6017,40.9633],[-74.59941,40.96899],[-74.6022,40.9684],[-74.60349,40.9675],[-74.60389,40.9663],[-74.602,40.9647],[-74.6035,40.9646],[-74.6039,40.96619],[-74.608,40.9622],[-74.61691,40.9627],[-74.61374,40.96399],[-74.6162,40.9636],[-74.616,40.9644],[-74.6121,40.9651],[-74.61101,40.96343],[-74.61141,40.9651],[-74.60801,40.97029],[-74.60911,40.9698],[-74.61031,40.976],[-74.60861,40.9797],[-74.61131,40.9823],[-74.61121,40.98619],[-74.6147,40.9848],[-74.61421,40.9866],[-74.61619,40.9866],[-74.61609,40.9792],[-74.61959,40.9734],[-74.61589,40.9673],[-74.6253,40.9592],[-74.6281,40.9581],[-74.6294,40.9587],[-74.63051,40.9607],[-74.62961,40.965],[-74.63501,40.9668],[-74.6345,40.968],[-74.63131,40.9684],[-74.63031,40.97409],[-74.6367,40.9694],[-74.639,40.9693],[-74.64065,40.97058],[-74.63929,40.9694],[-74.64109,40.969],[-74.6405,40.9678],[-74.64199,40.96809],[-74.64069,40.9665],[-74.642,40.9649],[-74.6445,40.96609],[-74.64639,40.9635],[-74.6455,40.9625],[-74.6489,40.9623],[-74.64821,40.9643],[-74.6499,40.96709],[-74.65869,40.9601],[-74.66029,40.95552],[-74.658,40.958],[-74.6509,40.9604],[-74.6476,40.9557],[-74.6433,40.954],[-74.6428,40.95251],[-74.6393,40.9542],[-74.63809,40.9506],[-74.64249,40.9469],[-74.64199,40.9453],[-74.63939,40.9443],[-74.6397,40.9428],[-74.6462,40.9409],[-74.6536,40.94249],[-74.65529,40.9402],[-74.6489,40.9394],[-74.64519,40.9376],[-74.6475,40.9346],[-74.6505,40.9346],[-74.656,40.9307],[-74.6584,40.9268],[-74.66039,40.9265],[-74.66059,40.9252],[-74.6577,40.9251],[-74.65419,40.9229],[-74.6597,40.9212],[-74.66528,40.91751],[-74.6634,40.9178],[-74.66129,40.9154],[-74.6608,40.91112],[-74.6601,40.9123]],[[-74.6026,41.0473],[-74.59902,41.0477],[-74.6022,41.0492],[-74.6042,41.0488],[-74.60261,41.0501],[-74.6037,41.05219],[-74.606,41.0503],[-74.6084,41.0502],[-74.61239,41.0458],[-74.61299,41.0432],[-74.611,41.04161],[-74.6106,41.0432],[-74.6077,41.0442],[-74.607,41.04331],[-74.6052,41.0456],[-74.6042,41.04501],[-74.6026,41.0473]],[[-74.6333,40.2639],[-74.6274,40.2628],[-74.625,40.261],[-74.61772,40.25871],[-74.6252,40.2613],[-74.6326,40.2664],[-74.6378,40.2672],[-74.6401,40.2694],[-74.6431,40.2698],[-74.6443,40.2688],[-74.6447,40.2698],[-74.646,40.2702],[-74.64705,40.2702],[-74.64499,40.2698],[-74.6524,40.2702],[-74.65231,40.27399],[-74.6556,40.2734],[-74.65749,40.2709],[-74.6564,40.27],[-74.6615,40.2702],[-74.66269,40.266],[-74.6587,40.26391],[-74.652,40.2677],[-74.6466,40.2669],[-74.64509,40.266],[-74.64539,40.26461],[-74.6428,40.2666],[-74.6423,40.2656],[-74.636,40.2658],[-74.6333,40.2639]],[[-74.61757,40.37781],[-74.61751,40.3779],[-74.6183,40.37993],[-74.61757,40.37781]],[[-74.649,40.5557],[-74.6458,40.5534],[-74.64512,40.5534],[-74.64881,40.5558],[-74.6459,40.5601],[-74.6397,40.5632],[-74.63854,40.55896],[-74.63941,40.5634],[-74.63583,40.56489],[-74.639,40.5645],[-74.6462,40.5606],[-74.6547,40.5522],[-74.6682,40.5502],[-74.6748,40.5481],[-74.6789,40.5487],[-74.6882,40.55659],[-74.68879,40.554],[-74.6923,40.5515],[-74.69615,40.54695],[-74.687,40.5551],[-74.6796,40.5485],[-74.6767,40.5475],[-74.6549,40.5515],[-74.649,40.5557]],[[-74.63921,40.6777],[-74.63959,40.6775],[-74.63901,40.67527],[-74.63921,40.6777]],[[-74.6445,40.6847],[-74.64721,40.689],[-74.64691,40.692],[-74.64781,40.6939],[-74.65065,40.69654],[-74.64719,40.6923],[-74.64729,40.6887],[-74.6447,40.6846],[-74.637,40.6825],[-74.63729,40.6787],[-74.6391,40.67775],[-74.63701,40.6788],[-74.63631,40.6819],[-74.637,40.6827],[-74.6396,40.6837],[-74.6445,40.6847]],[[-74.6433,40.6615],[-74.64231,40.663],[-74.64191,40.6638],[-74.64271,40.6657],[-74.64111,40.6681],[-74.63851,40.6741],[-74.639,40.67519],[-74.64289,40.6662],[-74.64329,40.6619],[-74.6469,40.6607],[-74.64949,40.65841],[-74.6485,40.6585],[-74.6463,40.6608],[-74.6433,40.6615]],[[-74.6496,41.0324],[-74.6504,41.0336],[-74.64822,41.0339],[-74.651,41.03509],[-74.65929,41.0258],[-74.6588,41.0243],[-74.66328,41.02111],[-74.6584,41.0214],[-74.65719,41.0198],[-74.6585,41.0183],[-74.663,41.0172],[-74.6672,41.0143],[-74.6697,41.0142],[-74.673,41.0113],[-74.674,41.0133],[-74.67699,41.0134],[-74.67609,41.0126],[-74.67759,41.0124],[-74.67649,41.0112],[-74.6774,41.0098],[-74.68429,41.0076],[-74.68399,41.00421],[-74.6707,41.0068],[-74.6682,41.0099],[-74.6595,41.0123],[-74.652,41.0191],[-74.6478,41.021],[-74.64101,41.0309],[-74.6455,41.03349],[-74.6496,41.0324]],[[-74.6545,40.6554],[-74.64978,40.65875],[-74.65657,40.65491],[-74.6545,40.6554]],[[-74.65661,40.6549],[-74.65942,40.65508],[-74.65661,40.65481],[-74.65661,40.6549]],[[-74.68079,40.6283],[-74.68169,40.6264],[-74.6793,40.6224],[-74.6754,40.6191],[-74.6706,40.6162],[-74.66689,40.6151],[-74.6671,40.6138],[-74.6683,40.61409],[-74.66929,40.6135],[-74.67009,40.6112],[-74.66729,40.6079],[-74.66789,40.6051],[-74.67559,40.5989],[-74.67619,40.5952],[-74.68369,40.5856],[-74.68379,40.583],[-74.68119,40.5781],[-74.68029,40.5723],[-74.67842,40.56973],[-74.68341,40.585],[-74.67771,40.592],[-74.67561,40.5956],[-74.67521,40.5987],[-74.66761,40.605],[-74.66701,40.6083],[-74.66941,40.6116],[-74.6691,40.6127],[-74.6674,40.6126],[-74.66641,40.6131],[-74.66631,40.6147],[-74.6669,40.6159],[-74.6703,40.6164],[-74.6751,40.6194],[-74.6777,40.6237],[-74.68111,40.6256],[-74.68041,40.6285],[-74.68251,40.6295],[-74.68351,40.6327],[-74.68021,40.6372],[-74.67991,40.6387],[-74.68331,40.6412],[-74.68431,40.6442],[-74.6795,40.6464],[-74.6777,40.6479],[-74.674,40.6481],[-74.6658,40.651],[-74.6644,40.6531],[-74.6604,40.6543],[-74.65991,40.65519],[-74.6645,40.6533],[-74.6657,40.6514],[-74.6808,40.6471],[-74.68449,40.6443],[-74.68369,40.6414],[-74.68019,40.6387],[-74.68389,40.6337],[-74.68389,40.6317],[-74.6822,40.6287],[-74.68079,40.6283]],[[-74.69444,41.35718],[-74.6939,41.3569],[-74.65803,41.34048],[-74.69444,41.35718]],[[-74.6967,40.9051],[-74.6934,40.9041],[-74.6925,40.90161],[-74.6892,40.9024],[-74.68321,40.9114],[-74.688,40.91279],[-74.6897,40.9102],[-74.695,40.91219],[-74.7003,40.9085],[-74.7016,40.90889],[-74.7044,40.902],[-74.70816,40.9011],[-74.7031,40.9011],[-74.6967,40.9051]],[[-74.6957,40.9526],[-74.69289,40.9505],[-74.69407,40.94903],[-74.6922,40.9504],[-74.69001,40.94981],[-74.69141,40.9517],[-74.68821,40.9517],[-74.69011,40.9539],[-74.68884,40.95507],[-74.6921,40.9531],[-74.69101,40.9554],[-74.6921,40.95599],[-74.6942,40.9538],[-74.7016,40.9513],[-74.70393,40.9472],[-74.7033,40.9481],[-74.7014,40.9475],[-74.70149,40.94562],[-74.6957,40.9526]],[[-74.73449,41.0194],[-74.73719,41.0117],[-74.7352,41.01031],[-74.72871,41.0225],[-74.72491,41.024],[-74.7261,41.02529],[-74.72989,41.0235],[-74.7301,41.0221],[-74.73449,41.0194]],[[-74.7377,40.955],[-74.73759,40.954],[-74.7398,40.9521],[-74.7433,40.9519],[-74.74311,40.95389],[-74.7451,40.9524],[-74.74779,40.95269],[-74.747,40.951],[-74.7507,40.949],[-74.75169,40.94959],[-74.75149,40.94821],[-74.7427,40.9491],[-74.74129,40.948],[-74.7429,40.9468],[-74.745,40.94829],[-74.7496,40.9466],[-74.7504,40.94759],[-74.75239,40.945],[-74.7488,40.9448],[-74.74889,40.9435],[-74.75079,40.9432],[-74.75049,40.9408],[-74.7519,40.9408],[-74.75259,40.93851],[-74.7503,40.939],[-74.7487,40.9421],[-74.7472,40.94171],[-74.7461,40.9447],[-74.7419,40.9456],[-74.7401,40.9485],[-74.7385,40.9485],[-74.73661,40.9529],[-74.73701,40.9557],[-74.7387,40.95629],[-74.73899,40.95481],[-74.7377,40.955]],[[-74.74391,40.8791],[-74.7448,40.8812],[-74.74731,40.8821],[-74.74582,40.8825],[-74.74771,40.8832],[-74.74481,40.88251],[-74.74511,40.8841],[-74.7478,40.8843],[-74.75209,40.8816],[-74.75209,40.8791],[-74.74909,40.8785],[-74.7513,40.8771],[-74.7525,40.8782],[-74.75469,40.8779],[-74.75389,40.8751],[-74.75589,40.873],[-74.75569,40.87],[-74.75199,40.8671],[-74.75229,40.8654],[-74.75519,40.8635],[-74.7495,40.8631],[-74.73991,40.8685],[-74.73751,40.8752],[-74.7402,40.8784],[-74.74391,40.8791]],[[-74.7398,40.95589],[-74.73999,40.95461],[-74.73901,40.9548],[-74.7398,40.95589]],[[-74.75406,40.43519],[-74.75198,40.43134],[-74.75201,40.4314],[-74.75406,40.43519]],[[-74.78089,41.168],[-74.78119,41.15821],[-74.7637,41.1725],[-74.7612,41.17101],[-74.75571,41.1759],[-74.7607,41.1759],[-74.76399,41.1736],[-74.7635,41.1727],[-74.7644,41.17349],[-74.7669,41.1723],[-74.7696,41.1766],[-74.7719,41.1775],[-74.7793,41.1752],[-74.7808,41.1727],[-74.7855,41.1718],[-74.78671,41.173],[-74.78597,41.17429],[-74.787,41.1728],[-74.7878,41.17379],[-74.79139,41.16871],[-74.78939,41.1688],[-74.78959,41.16541],[-74.7852,41.1687],[-74.78089,41.168]],[[-74.7694,40.9109],[-74.77053,40.9095],[-74.76852,40.91177],[-74.7694,40.9109]],[[-74.8061,40.8837],[-74.8047,40.8844],[-74.8039,40.8856],[-74.8,40.887],[-74.7992,40.8879],[-74.7921,40.8895],[-74.78971,40.893],[-74.79011,40.8961],[-74.78311,40.9002],[-74.7823,40.9023],[-74.78,40.9031],[-74.777,40.90191],[-74.76903,40.90519],[-74.7777,40.9047],[-74.7783,40.9035],[-74.7791,40.90628],[-74.7798,40.9033],[-74.7829,40.9024],[-74.7869,40.8998],[-74.79029,40.8964],[-74.7926,40.8896],[-74.7991,40.888],[-74.8038,40.8858],[-74.80609,40.8838],[-74.80649,40.88284],[-74.8062,40.8835],[-74.80629,40.8823],[-74.80679,40.8821],[-74.80699,40.8782],[-74.8066,40.87745],[-74.8061,40.8837]],[[-74.77255,40.9083],[-74.77286,40.90775],[-74.77207,40.90872],[-74.77255,40.9083]],[[-74.7761,40.9053],[-74.77842,40.90596],[-74.7768,40.90501],[-74.7756,40.9054],[-74.77303,40.9076],[-74.7761,40.9053]],[[-74.7915,41.0758],[-74.7877,41.0755],[-74.7862,41.0792],[-74.78201,41.0813],[-74.78181,41.08379],[-74.8015,41.0696],[-74.8033,41.0696],[-74.80359,41.0687],[-74.80179,41.0687],[-74.8069,41.0629],[-74.8114,41.0616],[-74.82688,41.05241],[-74.8233,41.0529],[-74.8113,41.0604],[-74.8056,41.0622],[-74.8038,41.0661],[-74.7973,41.0723],[-74.7937,41.0733],[-74.7915,41.0758]],[[-74.7849,41.127],[-74.78451,41.1287],[-74.7869,41.12999],[-74.79179,41.1198],[-74.7905,41.11911],[-74.7886,41.1209],[-74.7875,41.12051],[-74.78541,41.1225],[-74.78621,41.1239],[-74.7842,41.1245],[-74.78281,41.127],[-74.784,41.12779],[-74.7849,41.127]],[[-74.8273,40.6269],[-74.8303,40.6311],[-74.8367,40.6305],[-74.8387,40.63259],[-74.8427,40.6307],[-74.84829,40.63249],[-74.84779,40.6297],[-74.8457,40.6288],[-74.84389,40.6255],[-74.84309,40.623],[-74.84549,40.6215],[-74.84359,40.6202],[-74.8464,40.6181],[-74.8508,40.61899],[-74.8515,40.6173],[-74.85568,40.6148],[-74.8478,40.6144],[-74.84729,40.6116],[-74.8407,40.6108],[-74.8327,40.6067],[-74.8289,40.6063],[-74.814,40.6004],[-74.8045,40.6026],[-74.80061,40.608],[-74.80361,40.6147],[-74.8125,40.6236],[-74.8273,40.6269]],[[-74.80189,40.8641],[-74.802,40.8638],[-74.8024,40.86468],[-74.80368,40.86114],[-74.8027,40.8626],[-74.80299,40.8617],[-74.8037,40.8611],[-74.8039,40.861],[-74.8041,40.8611],[-74.8049,40.8611],[-74.8056,40.8609],[-74.8074,40.8611],[-74.80917,40.86021],[-74.8035,40.861],[-74.80291,40.8617],[-74.80181,40.8641],[-74.80232,40.86461],[-74.80189,40.8641]],[[-74.8058,40.8667],[-74.8053,40.8665],[-74.8049,40.8659],[-74.80243,40.86472],[-74.80821,40.8695],[-74.80561,40.874],[-74.80569,40.87497],[-74.80571,40.8743],[-74.80581,40.8762],[-74.80644,40.87712],[-74.80569,40.8742],[-74.80829,40.8695],[-74.8074,40.8681],[-74.8058,40.8667]],[[-74.8067,41.1533],[-74.80549,41.1534],[-74.80529,41.15101],[-74.80271,41.1524],[-74.80161,41.1569],[-74.8064,41.15929],[-74.81799,41.1502],[-74.82119,41.1435],[-74.8206,41.1414],[-74.8189,41.1413],[-74.8157,41.1457],[-74.8067,41.1533]],[[-74.81631,40.851],[-74.81451,40.85117],[-74.817,40.851],[-74.82084,40.84961],[-74.8184,40.8497],[-74.81491,40.8509],[-74.81631,40.851]],[[-74.80999,40.8545],[-74.8104,40.854],[-74.8109,40.8537],[-74.81016,40.85436],[-74.8141,40.8512],[-74.81481,40.85093],[-74.814,40.8512],[-74.81021,40.854],[-74.80931,40.8559],[-74.80911,40.86009],[-74.80999,40.8545]],[[-74.81981,40.8393],[-74.81839,40.8369],[-74.81914,40.83606],[-74.81831,40.8368],[-74.81841,40.8378],[-74.81861,40.8386],[-74.81988,40.83938],[-74.81937,40.83852],[-74.81981,40.8393]],[[-74.8197,40.83571],[-74.81922,40.83599],[-74.82036,40.83591],[-74.8197,40.83571]],[[-74.81979,40.8398],[-74.81981,40.84081],[-74.81989,40.83943],[-74.81951,40.8402],[-74.81975,40.84086],[-74.81959,40.8403],[-74.81979,40.8398]],[[-74.8214,40.8351],[-74.82291,40.8346],[-74.82141,40.83539],[-74.823,40.8346],[-74.82574,40.83254],[-74.8213,40.835],[-74.82078,40.83571],[-74.821,40.8356],[-74.8214,40.8351]],[[-74.822,40.8467],[-74.82181,40.8476],[-74.82179,40.84711],[-74.82108,40.84774],[-74.8217,40.8473],[-74.82112,40.84924],[-74.82379,40.84412],[-74.8224,40.845],[-74.82211,40.8454],[-74.82181,40.84706],[-74.822,40.8467]],[[-74.837,41.0693],[-74.83689,41.06741],[-74.8341,41.0684],[-74.8309,41.06741],[-74.8286,41.0707],[-74.82451,41.0726],[-74.82731,41.0747],[-74.8228,41.0768],[-74.82071,41.0792],[-74.8216,41.0803],[-74.8252,41.0804],[-74.8273,41.079],[-74.8294,41.081],[-74.8321,41.0809],[-74.83509,41.0782],[-74.835,41.0755],[-74.8365,41.07599],[-74.8433,41.0724],[-74.84241,41.0732],[-74.8434,41.0733],[-74.8474,41.0689],[-74.85299,41.067],[-74.85169,41.0642],[-74.85294,41.05951],[-74.8518,41.063],[-74.8456,41.0665],[-74.8411,41.06581],[-74.8395,41.0687],[-74.837,41.0693]],[[-74.8302,40.8293],[-74.831,40.82893],[-74.8302,40.8291],[-74.82752,40.83197],[-74.8302,40.8293]],[[-74.82664,40.8322],[-74.827,40.8323],[-74.82619,40.83244],[-74.8272,40.8323],[-74.82729,40.8322],[-74.82664,40.8322]],[[-74.8263,40.8322],[-74.82585,40.83248],[-74.82657,40.8322],[-74.8263,40.8322]],[[-74.83191,40.827],[-74.8316,40.82772],[-74.83199,40.8269],[-74.82999,40.8255],[-74.83039,40.8245],[-74.83201,40.824],[-74.83038,40.82522],[-74.83459,40.8222],[-74.83496,40.82101],[-74.8302,40.8245],[-74.82951,40.8256],[-74.83191,40.827]],[[-74.83511,40.8205],[-74.83489,40.8195],[-74.8357,40.8186],[-74.8364,40.81819],[-74.8362,40.8183],[-74.8377,40.8173],[-74.8383,40.8171],[-74.839,40.8167],[-74.83926,40.81633],[-74.8367,40.8177],[-74.83481,40.8193],[-74.835,40.82087],[-74.83533,40.81979],[-74.83511,40.8205]],[[-74.8744,40.9178],[-74.87,40.9174],[-74.8689,40.9164],[-74.8654,40.9149],[-74.863,40.915],[-74.8604,40.9165],[-74.8562,40.9165],[-74.8536,40.9169],[-74.8511,40.9178],[-74.8481,40.9218],[-74.8455,40.9204],[-74.8396,40.9211],[-74.83632,40.9225],[-74.83781,40.9225],[-74.83684,40.92318],[-74.8378,40.9228],[-74.8393,40.9213],[-74.8454,40.9206],[-74.8481,40.92199],[-74.8512,40.918],[-74.8607,40.9166],[-74.8631,40.9152],[-74.8655,40.9152],[-74.8701,40.9176],[-74.8742,40.918],[-74.88159,40.9145],[-74.88197,40.91326],[-74.8814,40.9144],[-74.8774,40.9156],[-74.8744,40.9178]],[[-74.83951,40.815],[-74.84008,40.81519],[-74.84088,40.81382],[-74.83951,40.815]],[[-74.84126,40.81353],[-74.841,40.81373],[-74.84122,40.81359],[-74.84126,40.81353]],[[-74.84178,40.81282],[-74.8428,40.8114],[-74.84483,40.81084],[-74.8427,40.8113],[-74.84191,40.8121],[-74.84178,40.81282]],[[-74.84611,40.8109],[-74.8453,40.81103],[-74.84689,40.8108],[-74.8467,40.80816],[-74.84641,40.8103],[-74.84681,40.8108],[-74.8451,40.8108],[-74.84611,40.8109]],[[-74.85029,40.8042],[-74.85153,40.80344],[-74.8503,40.804],[-74.84766,40.80756],[-74.85029,40.8042]],[[-74.8519,40.8033],[-74.85163,40.8034],[-74.85217,40.8034],[-74.8519,40.8033]],[[-74.855,40.8041],[-74.85241,40.80346],[-74.8549,40.80419],[-74.8588,40.8014],[-74.86027,40.80112],[-74.8587,40.8013],[-74.855,40.8041]],[[-74.8645,40.8029],[-74.8618,40.8032],[-74.86067,40.8016],[-74.8618,40.8033],[-74.8644,40.8032],[-74.86579,40.8019],[-74.86698,40.79687],[-74.8645,40.8029]],[[-74.8692,40.795],[-74.86734,40.79638],[-74.87167,40.79451],[-74.8701,40.7947],[-74.8692,40.795]],[[-74.873,40.7946],[-74.87197,40.79452],[-74.87304,40.79464],[-74.873,40.7946]],[[-74.8764,40.7934],[-74.88048,40.79077],[-74.87334,40.79468],[-74.8735,40.7947],[-74.8764,40.7934]],[[-74.88781,40.9094],[-74.8834,40.9119],[-74.88204,40.91317],[-74.88789,40.9096],[-74.8897,40.9041],[-74.8935,40.9023],[-74.8953,40.8997],[-74.8989,40.8986],[-74.90136,40.89672],[-74.8951,40.8996],[-74.893,40.9024],[-74.88951,40.904],[-74.88781,40.9094]],[[-74.9053,40.8774],[-74.90581,40.8799],[-74.90311,40.8856],[-74.90401,40.8894],[-74.90511,40.8915],[-74.90166,40.89635],[-74.90529,40.8915],[-74.90329,40.8855],[-74.90609,40.8797],[-74.9055,40.87721],[-74.8894,40.8788],[-74.8896,40.8765],[-74.89573,40.8718],[-74.88961,40.8762],[-74.88861,40.8782],[-74.889,40.8788],[-74.89,40.8792],[-74.9016,40.8782],[-74.9053,40.8774]],[[-74.89481,41.0047],[-74.8953,41.00646],[-74.89539,41.0043],[-74.89729,41.0023],[-74.89929,40.997],[-74.89929,40.99314],[-74.89881,40.9946],[-74.89901,40.997],[-74.89751,41.0014],[-74.89481,41.0047]],[[-74.9053,40.8664],[-74.9034,40.86571],[-74.89635,40.87133],[-74.9035,40.8659],[-74.9054,40.86649],[-74.90589,40.8644],[-74.90849,40.86254],[-74.90581,40.8643],[-74.9053,40.8664]],[[-74.9066,40.9917],[-74.9008,40.9921],[-74.89992,40.9927],[-74.9088,40.9925],[-74.9121,40.9914],[-74.91277,40.99081],[-74.9089,40.9923],[-74.9066,40.9917]],[[-74.90611,41.0805],[-74.9094,41.0808],[-74.9145,41.078],[-74.91819,41.0723],[-74.917,41.07181],[-74.90711,41.0782],[-74.90611,41.0805]],[[-74.9105,40.8602],[-74.91586,40.85801],[-74.9138,40.8583],[-74.9105,40.86],[-74.90911,40.8614],[-74.90872,40.86237],[-74.9105,40.8602]],[[-74.94819,40.6471],[-74.9459,40.64171],[-74.94421,40.6428],[-74.94481,40.646],[-74.94231,40.6511],[-74.9397,40.6515],[-74.9371,40.6462],[-74.9341,40.6455],[-74.93049,40.642],[-74.934,40.64269],[-74.93519,40.6409],[-74.9308,40.63831],[-74.9288,40.641],[-74.925,40.63821],[-74.9233,40.6438],[-74.9155,40.6419],[-74.9146,40.63892],[-74.91351,40.6422],[-74.9247,40.6446],[-74.92811,40.6474],[-74.9259,40.6482],[-74.9218,40.645],[-74.917,40.6448],[-74.91281,40.648],[-74.91361,40.6535],[-74.92021,40.6558],[-74.91971,40.6589],[-74.91701,40.662],[-74.91971,40.6659],[-74.91891,40.6687],[-74.91661,40.6705],[-74.9173,40.67369],[-74.9232,40.6699],[-74.92509,40.6668],[-74.9236,40.6601],[-74.9285,40.6626],[-74.92771,40.66339],[-74.93259,40.6629],[-74.92589,40.6544],[-74.9267,40.6518],[-74.9323,40.6542],[-74.93291,40.6579],[-74.9345,40.65829],[-74.9356,40.6571],[-74.9416,40.66029],[-74.9442,40.6586],[-74.9477,40.6592],[-74.94909,40.6582],[-74.94579,40.6555],[-74.9476,40.6532],[-74.94929,40.6533],[-74.9488,40.6516],[-74.9516,40.6506],[-74.95469,40.65169],[-74.95429,40.6505],[-74.9561,40.6486],[-74.9574,40.64939],[-74.958,40.6476],[-74.96109,40.64809],[-74.9609,40.6466],[-74.96257,40.64758],[-74.9593,40.6442],[-74.9527,40.6448],[-74.9508,40.6475],[-74.94819,40.6471]],[[-74.9348,40.9799],[-74.9295,40.97841],[-74.9272,40.9799],[-74.9227,40.9802],[-74.92191,40.9816],[-74.9217,40.9846],[-74.919,40.9854],[-74.9139,40.9889],[-74.91282,40.99078],[-74.9194,40.9854],[-74.92189,40.9847],[-74.9231,40.9802],[-74.9272,40.9802],[-74.9295,40.9787],[-74.9351,40.9803],[-74.94449,40.9775],[-74.9427,40.97671],[-74.9348,40.9799]],[[-74.97809,40.83],[-74.9769,40.8288],[-74.9738,40.8281],[-74.9704,40.8289],[-74.9691,40.8298],[-74.9655,40.8301],[-74.9592,40.8322],[-74.9575,40.8329],[-74.9555,40.8352],[-74.9541,40.836],[-74.95161,40.8387],[-74.9503,40.8426],[-74.948,40.8434],[-74.9442,40.8461],[-74.941,40.8466],[-74.9364,40.8516],[-74.9334,40.8519],[-74.9306,40.8526],[-74.926,40.8566],[-74.9234,40.8603],[-74.9213,40.8604],[-74.9188,40.8588],[-74.91605,40.85812],[-74.9213,40.8605],[-74.9235,40.8605],[-74.9305,40.8529],[-74.9364,40.8518],[-74.9411,40.8467],[-74.9438,40.8464],[-74.9463,40.8453],[-74.95059,40.8425],[-74.9517,40.8389],[-74.9592,40.8323],[-74.9696,40.8299],[-74.9732,40.8283],[-74.9767,40.8288],[-74.9786,40.8316],[-74.98135,40.83254],[-74.9786,40.8314],[-74.97809,40.83]],[[-74.9546,40.9816],[-74.95626,40.98179],[-74.9492,40.9792],[-74.9469,40.9789],[-74.94478,40.97767],[-74.9469,40.979],[-74.9546,40.9816]],[[-74.9627,40.9805],[-74.96494,40.98227],[-74.9627,40.98031],[-74.9566,40.98173],[-74.9627,40.9805]],[[-74.96911,40.98217],[-74.9662,40.9827],[-74.96518,40.98243],[-74.9661,40.9828],[-74.96911,40.98217]],[[-74.9805,40.9791],[-74.97009,40.98194],[-74.9808,40.9792],[-74.988,40.9797],[-74.98921,40.97865],[-74.988,40.9796],[-74.9805,40.9791]],[[-74.984,40.86359],[-74.98959,40.8568],[-74.9856,40.85321],[-74.98051,40.8592],[-74.9824,40.8633],[-74.984,40.86359]],[[-74.98159,40.83263],[-74.98533,40.83426],[-74.9837,40.8333],[-74.98159,40.83263]],[[-74.9987,40.8332],[-74.9913,40.833],[-74.98585,40.83432],[-74.9911,40.8332],[-74.9986,40.8334],[-74.99945,40.83246],[-74.9987,40.8332]],[[-74.98941,40.97848],[-74.98999,40.97771],[-74.98941,40.9778],[-74.98941,40.97848]],[[-74.99005,40.97769],[-74.99127,40.9776],[-74.9908,40.9775],[-74.99005,40.97769]],[[-74.9923,40.9782],[-74.99396,40.9781],[-74.99133,40.97761],[-74.9923,40.9782]],[[-74.9958,40.9779],[-74.99408,40.9781],[-74.9954,40.9781],[-74.99752,40.97728],[-74.9958,40.9779]],[[-75.0476,40.9557],[-75.0448,40.9553],[-75.0413,40.9553],[-75.0393,40.9559],[-75.03301,40.9599],[-75.03301,40.963],[-75.0305,40.9641],[-75.0283,40.9678],[-75.0186,40.9663],[-75.0145,40.9669],[-75.0128,40.969],[-75.0113,40.9696],[-75.0102,40.9708],[-75.0084,40.9715],[-75.00761,40.9726],[-75.0086,40.9738],[-75.00941,40.974],[-75.0091,40.9774],[-75.0063,40.9772],[-75.0008,40.9782],[-74.9981,40.97724],[-75.0006,40.9784],[-75.00909,40.9777],[-75.00969,40.9741],[-75.00789,40.9726],[-75.0131,40.9689],[-75.0147,40.967],[-75.0186,40.9664],[-75.0284,40.96799],[-75.0306,40.9643],[-75.03309,40.9631],[-75.03329,40.96],[-75.0393,40.9561],[-75.0476,40.9559],[-75.0485,40.9545],[-75.0525,40.9551],[-75.05816,40.95406],[-75.0521,40.955],[-75.0484,40.95431],[-75.0476,40.9557]],[[-75.0248,41.0052],[-75.02481,41.00859],[-75.02829,41.0075],[-75.03039,41.0001],[-75.0255,41.0001],[-75.0164,41.0064],[-75.01799,41.0029],[-75.0162,41.003],[-75.0104,41.011],[-75.00514,41.01498],[-75.0133,41.0113],[-75.0173,41.011],[-75.0248,41.0052]],[[-75.0465,41.0064],[-75.0446,41.00611],[-75.04381,41.0074],[-75.0492,41.0084],[-75.0547,41.0065],[-75.05629,41.004],[-75.0533,41.0022],[-75.05369,40.9999],[-75.0513,40.9987],[-75.0459,41.0],[-75.04441,41.0019],[-75.0465,41.0064]],[[-75.064,40.9457],[-75.0624,40.9454],[-75.0617,40.9457],[-75.06101,40.9474],[-75.06181,40.9526],[-75.05864,40.95394],[-75.06189,40.9528],[-75.0619,40.9457],[-75.06419,40.94589],[-75.0644,40.9438],[-75.0656,40.9441],[-75.06965,40.94212],[-75.0647,40.9435],[-75.06401,40.9438],[-75.064,40.9457]],[[-74.24,40.8922],[-74.23939,40.8914],[-74.24019,40.8893],[-74.2398,40.8883],[-74.2368,40.8873],[-74.23579,40.8858],[-74.23686,40.88599],[-74.2358,40.8855],[-74.2353,40.8843],[-74.2315,40.883],[-74.2275,40.8823],[-74.22621,40.8833],[-74.2256,40.8845],[-74.2227,40.8867],[-74.2204,40.8895],[-74.2176,40.8917],[-74.2138,40.8937],[-74.21231,40.89341],[-74.21321,40.895],[-74.2126,40.8961],[-74.21,40.8964],[-74.2048,40.8942],[-74.2022,40.8941],[-74.20111,40.8956],[-74.20001,40.9002],[-74.20011,40.9038],[-74.1995,40.9045],[-74.1959,40.9067],[-74.19471,40.9089],[-74.1943,40.9113],[-74.1929,40.9118],[-74.1897,40.9117],[-74.1888,40.9123],[-74.1854,40.9117],[-74.1836,40.9119],[-74.18221,40.9138],[-74.18151,40.916],[-74.1812,40.91541],[-74.1807,40.9155],[-74.17961,40.9173],[-74.18,40.91749],[-74.1807,40.916],[-74.1815,40.9171],[-74.18229,40.917],[-74.18219,40.9156],[-74.1828,40.9146],[-74.18281,40.91479],[-74.18319,40.9146],[-74.1841,40.9125],[-74.1861,40.9125],[-74.1888,40.9136],[-74.19024,40.91455],[-74.1887,40.9132],[-74.1906,40.9125],[-74.1938,40.9124],[-74.1954,40.9114],[-74.19599,40.9103],[-74.1963,40.9071],[-74.20129,40.9039],[-74.20079,40.9007],[-74.20119,40.8995],[-74.20229,40.8987],[-74.20149,40.8969],[-74.20149,40.8958],[-74.2021,40.8947],[-74.2027,40.8944],[-74.2042,40.8946],[-74.2096,40.8967],[-74.2118,40.8967],[-74.2131,40.8962],[-74.2149,40.8938],[-74.2181,40.8923],[-74.2203,40.8909],[-74.2235,40.8871],[-74.2244,40.8866],[-74.22609,40.8845],[-74.2263,40.8837],[-74.2277,40.8827],[-74.2308,40.8835],[-74.2317,40.8834],[-74.2328,40.8839],[-74.2332,40.8849],[-74.2346,40.8853],[-74.23491,40.8864],[-74.2364,40.8886],[-74.23811,40.8898],[-74.23901,40.8924],[-74.24119,40.89369],[-74.2412,40.8934],[-74.2421,40.893],[-74.2444,40.8909],[-74.2465,40.8882],[-74.2503,40.8854],[-74.2527,40.884],[-74.2548,40.8833],[-74.25747,40.8833],[-74.2548,40.8831],[-74.25447,40.88282],[-74.2507,40.8845],[-74.246,40.8877],[-74.2427,40.8915],[-74.2409,40.8924],[-74.24,40.8922]],[[-74.259,40.8834],[-74.25774,40.88331],[-74.2613,40.88505],[-74.259,40.8834]],[[-74.27099,40.9021],[-74.27279,40.8997],[-74.27226,40.89784],[-74.2686,40.896],[-74.2667,40.8946],[-74.2684,40.89546],[-74.2666,40.8945],[-74.26559,40.8927],[-74.26459,40.8874],[-74.2625,40.88591],[-74.26401,40.8871],[-74.26561,40.8938],[-74.2679,40.8959],[-74.27221,40.8983],[-74.27241,40.8995],[-74.27121,40.9005],[-74.27071,40.9032],[-74.27171,40.9043],[-74.27191,40.9052],[-74.27282,40.9057],[-74.27209,40.9052],[-74.27199,40.9046],[-74.27089,40.9032],[-74.27099,40.9021]],[[-74.2762,40.9159],[-74.2738,40.9158],[-74.2717,40.9154],[-74.2711,40.915],[-74.2707,40.9145],[-74.27162,40.91532],[-74.26689,40.9102],[-74.26669,40.9077],[-74.2687,40.9075],[-74.2702,40.9086],[-74.2706,40.9091],[-74.26938,40.90808],[-74.27103,40.9095],[-74.2705,40.9087],[-74.2692,40.9076],[-74.2686,40.9073],[-74.267,40.9075],[-74.2663,40.90651],[-74.26581,40.9076],[-74.26651,40.9079],[-74.26651,40.9103],[-74.27151,40.9155],[-74.27141,40.91676],[-74.2719,40.9156],[-74.2742,40.916],[-74.2789,40.9161],[-74.27795,40.91666],[-74.27898,40.9161],[-74.27285,40.91552],[-74.2762,40.9159]],[[-74.2717,40.9094],[-74.27114,40.90959],[-74.2716,40.90999],[-74.27219,40.9087],[-74.27163,40.90767],[-74.2717,40.9094]],[[-74.27781,40.8977],[-74.27771,40.89849],[-74.2788,40.8977],[-74.27911,40.898],[-74.27901,40.89938],[-74.2797,40.8983],[-74.28039,40.8979],[-74.27995,40.89782],[-74.28031,40.8979],[-74.2796,40.8979],[-74.27898,40.89764],[-74.2756,40.897],[-74.27162,40.8971],[-74.2722,40.8976],[-74.2766,40.8974],[-74.27781,40.8977]],[[-74.27163,40.90757],[-74.27209,40.90691],[-74.27161,40.9071],[-74.27163,40.90757]],[[-74.27306,40.90596],[-74.2733,40.9066],[-74.27214,40.9069],[-74.27281,40.9069],[-74.27349,40.9065],[-74.27306,40.90596]],[[-74.27751,40.9171],[-74.27857,40.91806],[-74.2777,40.91681],[-74.27751,40.9171]],[[-74.2792,40.91849],[-74.27949,40.9183],[-74.27862,40.91811],[-74.2792,40.91849]],[[-74.2823,40.9171],[-74.28421,40.9174],[-74.28374,40.91975],[-74.28439,40.9174],[-74.2826,40.9169],[-74.27995,40.9181],[-74.2823,40.9171]],[[-74.2811,40.8975],[-74.28055,40.89782],[-74.2812,40.8975],[-74.28265,40.8957],[-74.2811,40.8975]],[[-74.30274,40.90587],[-74.30349,40.9054],[-74.3034,40.9052],[-74.30274,40.90587]],[[-74.2942,40.9059],[-74.2924,40.9058],[-74.292,40.9055],[-74.29179,40.9052],[-74.29231,40.9057],[-74.29179,40.9051],[-74.29219,40.903],[-74.29139,40.9021],[-74.29198,40.90112],[-74.29111,40.9017],[-74.29101,40.9051],[-74.2916,40.9057],[-74.2928,40.9061],[-74.2997,40.9065],[-74.30029,40.9062],[-74.2985,40.9058],[-74.3008,40.9049],[-74.3031,40.9046],[-74.30337,40.90512],[-74.303,40.90431],[-74.3006,40.9046],[-74.2976,40.9057],[-74.2942,40.9059]],[[-74.2846,40.9014],[-74.2829,40.9013],[-74.2823,40.9011],[-74.28179,40.9008],[-74.28169,40.8999],[-74.2823,40.8997],[-74.2855,40.8994],[-74.28729,40.8985],[-74.2858,40.89751],[-74.2846,40.8982],[-74.28389,40.898],[-74.28434,40.89661],[-74.2839,40.8979],[-74.28389,40.8975],[-74.28459,40.8958],[-74.2843,40.89481],[-74.2832,40.8951],[-74.28292,40.89539],[-74.2838,40.8951],[-74.28431,40.8956],[-74.28361,40.8982],[-74.2848,40.8983],[-74.2857,40.8978],[-74.2868,40.8982],[-74.28681,40.8986],[-74.2851,40.8993],[-74.2818,40.8995],[-74.28151,40.8998],[-74.28171,40.9011],[-74.2834,40.9017],[-74.2853,40.9016],[-74.2894,40.8997],[-74.2906,40.8998],[-74.2918,40.9005],[-74.292,40.90109],[-74.29229,40.9006],[-74.2901,40.8994],[-74.2887,40.8995],[-74.2864,40.901],[-74.2846,40.9014]],[[-74.011,40.8441],[-74.011,40.8445],[-74.01031,40.8445],[-74.01061,40.8457],[-74.00981,40.8472],[-74.01001,40.8482],[-74.00831,40.8509],[-74.00871,40.8521],[-74.00621,40.8549],[-74.00501,40.8572],[-74.00491,40.8583],[-74.00381,40.8591],[-74.00321,40.8605],[-74.00031,40.8638],[-74.00051,40.8645],[-73.99911,40.8658],[-73.9989,40.8666],[-73.99451,40.8689],[-73.99471,40.8699],[-73.99431,40.8706],[-73.99221,40.8724],[-73.99291,40.8728],[-73.9926,40.8736],[-73.98902,40.87486],[-73.9926,40.8739],[-73.99351,40.874],[-73.99401,40.8754],[-73.99391,40.8766],[-73.9922,40.8766],[-73.9918,40.87621],[-73.99141,40.8765],[-73.9925,40.8771],[-73.99361,40.8769],[-73.99231,40.87899],[-73.9929,40.8789],[-73.99439,40.8772],[-73.99389,40.8736],[-73.9951,40.873],[-73.9992,40.8669],[-74.0002,40.8668],[-74.0008,40.8663],[-74.001,40.86659],[-74.00429,40.8661],[-74.00419,40.8655],[-74.00479,40.865],[-74.00419,40.8642],[-74.00489,40.8621],[-74.00669,40.8608],[-74.00719,40.8593],[-74.00839,40.8579],[-74.00779,40.8569],[-74.00789,40.8552],[-74.00989,40.8534],[-74.01209,40.849],[-74.01199,40.8479],[-74.01139,40.8473],[-74.01238,40.84739],[-74.01179,40.8469],[-74.01189,40.845],[-74.01129,40.8446],[-74.01199,40.8439],[-74.0132,40.8404],[-74.0168,40.8393],[-74.01691,40.8397],[-74.0176,40.83989],[-74.0179,40.8397],[-74.0215,40.8404],[-74.0223,40.8416],[-74.0237,40.8419],[-74.0247,40.8426],[-74.02521,40.8452],[-74.02759,40.84709],[-74.02759,40.8458],[-74.02589,40.8422],[-74.0208,40.8389],[-74.0206,40.83851],[-74.0198,40.8386],[-74.0194,40.8392],[-74.0183,40.8389],[-74.0178,40.83811],[-74.0169,40.8388],[-74.0151,40.83761],[-74.0121,40.8384],[-74.01031,40.8418],[-74.01031,40.8436],[-74.0106,40.84429],[-74.011,40.8441]]]}},{"type":"Feature","properties":{},"geometry":{"type":"Polygon","coordinates":[[[-74.7019,40.9041],[-74.69989,40.9059],[-74.7029,40.9023],[-74.7019,40.9041]]]}},{"type":"Feature","properties":{},"geometry":{"type":"Polygon","coordinates":[[[-74.6913,40.9071],[-74.6928,40.9073],[-74.68959,40.9073],[-74.6913,40.9071]]]}},{"type":"Feature","properties":{},"geometry":{"type":"Polygon","coordinates":[[[-74.6943,40.9075],[-74.6929,40.9073],[-74.69681,40.9074],[-74.6943,40.9075]]]}},{"type":"Feature","properties":{},"geometry":{"type":"Polygon","coordinates":[[[-74.6882,40.9081],[-74.6895,40.9074],[-74.6863,40.9098],[-74.6882,40.9081]]]}},{"type":"Feature","properties":{},"geometry":{"type":"Polygon","coordinates":[[[-74.6583,40.9181],[-74.6606,40.9182],[-74.66061,40.9182],[-74.658,40.9184],[-74.6583,40.9181]]]}},{"type":"Feature","properties":{},"geometry":{"type":"Polygon","coordinates":[[[-74.6524,40.9303],[-74.6516,40.9308],[-74.6535,40.9291],[-74.6524,40.9303]]]}},{"type":"Feature","properties":{},"geometry":{"type":"Polygon","coordinates":[[[-74.6503,40.9314],[-74.6456,40.9323],[-74.65151,40.9309],[-74.6503,40.9314]]]}},{"type":"Feature","properties":{},"geometry":{"type":"Polygon","coordinates":[[[-74.64001,40.937],[-74.63909,40.9384],[-74.6406,40.9355],[-74.64001,40.937]]]}},{"type":"Feature","properties":{},"geometry":{"type":"Polygon","coordinates":[[[-74.7002,40.949],[-74.6998,40.9483],[-74.7008,40.9483],[-74.7008,40.9483],[-74.7002,40.949]]]}},{"type":"Feature","properties":{},"geometry":{"type":"Polygon","coordinates":[[[-74.63489,40.9488],[-74.63521,40.9464],[-74.6351,40.9506],[-74.63489,40.9488]]]}},{"type":"Feature","properties":{},"geometry":{"type":"Polygon","coordinates":[[[-74.63549,40.9522],[-74.63511,40.9507],[-74.6363,40.9538],[-74.63549,40.9522]]]}},{"type":"Feature","properties":{},"geometry":{"type":"Polygon","coordinates":[[[-74.6333,40.9572],[-74.6316,40.9575],[-74.62919,40.9552],[-74.6309,40.9533],[-74.63381,40.9534],[-74.6333,40.9572]]]}},{"type":"Feature","properties":{},"geometry":{"type":"Polygon","coordinates":[[[-74.63719,40.9551],[-74.6365,40.9541],[-74.6393,40.9572],[-74.63719,40.9551]]]}},{"type":"Feature","properties":{},"geometry":{"type":"Polygon","coordinates":[[[-74.6327,40.9647],[-74.6371,40.9594],[-74.6395,40.959],[-74.63751,40.9606],[-74.6381,40.9637],[-74.6352,40.965],[-74.6339,40.96411],[-74.6327,40.9647]]]}},{"type":"Feature","properties":{},"geometry":{"type":"Polygon","coordinates":[[[-74.64131,40.9627],[-74.63959,40.9649],[-74.6416,40.9614],[-74.64131,40.9627]]]}},{"type":"Feature","properties":{},"geometry":{"type":"Polygon","coordinates":[[[-74.606,40.9634],[-74.6017,40.9641],[-74.60169,40.9641],[-74.6063,40.9628],[-74.606,40.9634]]]}},{"type":"Feature","properties":{},"geometry":{"type":"Polygon","coordinates":[[[-74.6039,40.9645],[-74.6052,40.9642],[-74.6041,40.9649],[-74.6039,40.9645]]]}},{"type":"Feature","properties":{},"geometry":{"type":"Polygon","coordinates":[[[-74.6006,40.9677],[-74.60039,40.9666],[-74.6007,40.9661],[-74.60141,40.9669],[-74.6006,40.9677]]]}},{"type":"Feature","properties":{},"geometry":{"type":"Polygon","coordinates":[[[-74.60341,40.9669],[-74.6005,40.9685],[-74.6005,40.9685],[-74.6028,40.9664],[-74.60341,40.9669]]]}},{"type":"Feature","properties":{},"geometry":{"type":"Polygon","coordinates":[[[-74.6333,40.971],[-74.6393,40.9652],[-74.6325,40.972],[-74.6333,40.971]]]}},{"type":"Feature","properties":{},"geometry":{"type":"Polygon","coordinates":[[[-74.43881,40.9781],[-74.4386,40.9798],[-74.436,40.9802],[-74.4362,40.9773],[-74.43881,40.9781]]]}},{"type":"Feature","properties":{},"geometry":{"type":"Polygon","coordinates":[[[-74.426,41.0229],[-74.4269,41.0217],[-74.4281,41.0207],[-74.4281,41.0207],[-74.426,41.0229]]]}},{"type":"Feature","properties":{},"geometry":{"type":"Polygon","coordinates":[[[-74.65149,41.0274],[-74.65651,41.0242],[-74.6532,41.0287],[-74.65149,41.0274]]]}},{"type":"Feature","properties":{},"geometry":{"type":"Polygon","coordinates":[[[-74.43081,41.0285],[-74.429,41.0303],[-74.4324,41.0265],[-74.43081,41.0285]]]}},{"type":"Feature","properties":{},"geometry":{"type":"Polygon","coordinates":[[[-74.42709,41.0335],[-74.42771,41.032],[-74.4268,41.0354],[-74.42709,41.0335]]]}},{"type":"Feature","properties":{},"geometry":{"type":"Polygon","coordinates":[[[-74.606,41.0468],[-74.60479,41.0465],[-74.6064,41.0454],[-74.60641,41.0454],[-74.606,41.0468]]]}},{"type":"Feature","properties":{},"geometry":{"type":"Polygon","coordinates":[[[-74.6025,41.0479],[-74.601,41.0479],[-74.60099,41.0479],[-74.6023,41.0475],[-74.6025,41.0479]]]}},{"type":"Feature","properties":{},"geometry":{"type":"Polygon","coordinates":[[[-74.56321,41.0911],[-74.5618,41.0911],[-74.56179,41.0911],[-74.5626,41.0905],[-74.56321,41.0911]]]}},{"type":"Feature","properties":{},"geometry":{"type":"Polygon","coordinates":[[[-74.5601,41.0919],[-74.56029,41.0904],[-74.561,41.09],[-74.56151,41.0903],[-74.5601,41.0919]]]}},{"type":"Feature","properties":{},"geometry":{"type":"Polygon","coordinates":[[[-74.4637,41.1629],[-74.46349,41.1618],[-74.465,41.16],[-74.46501,41.16],[-74.4637,41.1629]]]}},{"type":"Feature","properties":{},"geometry":{"type":"Polygon","coordinates":[[[-74.3886,41.1686],[-74.3873,41.1696],[-74.3873,41.1696],[-74.388,41.1674],[-74.3886,41.1686]]]}},{"type":"Feature","properties":{},"geometry":{"type":"Polygon","coordinates":[[[-74.46231,41.17],[-74.462,41.171],[-74.46009,41.1702],[-74.4607,41.1696],[-74.46231,41.17]]]}},{"type":"Feature","properties":{},"geometry":{"type":"Polygon","coordinates":[[[-74.3865,41.1701],[-74.3874,41.1701],[-74.38599,41.1707],[-74.3865,41.1701]]]}},{"type":"Feature","properties":{},"geometry":{"type":"Polygon","coordinates":[[[-74.4621,41.1724],[-74.46189,41.1717],[-74.4619,41.1717],[-74.46261,41.1719],[-74.4621,41.1724]]]}},{"type":"Feature","properties":{},"geometry":{"type":"Polygon","coordinates":[[[-74.43329,41.1805],[-74.43349,41.179],[-74.434,41.1788],[-74.43451,41.1807],[-74.43329,41.1805]]]}},{"type":"Feature","properties":{},"geometry":{"type":"Polygon","coordinates":[[[-74.3743,41.1795],[-74.37409,41.1787],[-74.3763,41.1764],[-74.37641,41.17839],[-74.38061,41.1768],[-74.3754,41.1832],[-74.3724,41.1832],[-74.37309,41.1805],[-74.3744,41.18069],[-74.37578,41.17891],[-74.3743,41.1795]]]}},{"type":"Feature","properties":{},"geometry":{"type":"Polygon","coordinates":[[[-74.73591,41.3465],[-74.7304,41.346],[-74.72109,41.3474],[-74.7284,41.3459],[-74.7309,41.3459],[-74.73591,41.3465]]]}},{"type":"Feature","properties":{},"geometry":{"type":"Polygon","coordinates":[[[-74.7176,41.3486],[-74.7208,41.3474],[-74.70989,41.3521],[-74.7176,41.3486]]]}},{"type":"Feature","properties":{},"geometry":{"type":"Polygon","coordinates":[[[-74.7006,41.3525],[-74.7091,41.3521],[-74.70911,41.3521],[-74.7005,41.3535],[-74.7006,41.3525]]]}},{"type":"Feature","properties":{},"geometry":{"type":"Polygon","coordinates":[[[-74.6999,41.3538],[-74.6974,41.3548],[-74.69739,41.3548],[-74.7,41.3525],[-74.6999,41.3538]]]}},{"type":"Feature","properties":{},"geometry":{"type":"Polygon","coordinates":[[[-74.7001,41.3547],[-74.7006,41.3546],[-74.6969,41.3564],[-74.7001,41.3547]]]}},{"type":"Feature","properties":{},"geometry":{"type":"Polygon","coordinates":[[[-74.6952,41.358],[-74.6952,41.3574],[-74.6964,41.3573],[-74.6964,41.3573],[-74.6952,41.358]]]}},{"type":"Feature","properties":{},"geometry":{"type":"Polygon","coordinates":[[[-74.6893,41.3649],[-74.68829,41.3634],[-74.6891,41.362],[-74.68911,41.362],[-74.6893,41.3649]]]}},{"type":"Feature","properties":{},"geometry":{"type":"Polygon","coordinates":[[[-74.69029,41.366],[-74.69001,41.3649],[-74.6909,41.3668],[-74.69029,41.366]]]}},{"type":"Feature","properties":{},"geometry":{"type":"Polygon","coordinates":[[[-74.6941,41.3701],[-74.6922,41.3682],[-74.6994,41.3729],[-74.6941,41.3701]]]}},{"type":"Feature","properties":{},"geometry":{"type":"Polygon","coordinates":[[[-74.70589,41.3771],[-74.70851,41.3789],[-74.71101,41.3837],[-74.7159,41.3926],[-74.71249,41.3888],[-74.71099,41.3837],[-74.70849,41.3792],[-74.70589,41.3771]]]}},{"type":"Feature","properties":{},"geometry":{"type":"Polygon","coordinates":[[[-74.72091,41.3947],[-74.7188,41.3943],[-74.71599,41.3926],[-74.716,41.3926],[-74.72091,41.3947]]]}},{"type":"Feature","properties":{},"geometry":{"type":"Polygon","coordinates":[[[-74.7304,41.3957],[-74.7339,41.3972],[-74.72969,41.3956],[-74.7304,41.3957]]]}},{"type":"Feature","properties":{},"geometry":{"type":"Polygon","coordinates":[[[-74.73469,41.423],[-74.73491,41.4258],[-74.7355,41.4274],[-74.73499,41.4264],[-74.73469,41.425],[-74.73469,41.423]]]}},{"type":"Feature","properties":{},"geometry":{"type":"Polygon","coordinates":[[[-74.35401,40.4819],[-74.3506,40.4829],[-74.34769,40.4814],[-74.351,40.4808],[-74.35401,40.4819]]]}},{"type":"Feature","properties":{},"geometry":{"type":"Polygon","coordinates":[[[-74.34199,40.482],[-74.3433,40.4816],[-74.34571,40.4821],[-74.3441,40.4825],[-74.34199,40.482]]]}},{"type":"Feature","properties":{},"geometry":{"type":"Polygon","coordinates":[[[-74.33,40.4892],[-74.32869,40.4887],[-74.3382,40.4831],[-74.34681,40.4832],[-74.334,40.4866],[-74.33,40.4892]]]}},{"type":"Feature","properties":{},"geometry":{"type":"Polygon","coordinates":[[[-74.3252,40.494],[-74.32449,40.4923],[-74.3288,40.4891],[-74.32881,40.4891],[-74.3252,40.494]]]}},{"type":"Feature","properties":{},"geometry":{"type":"Polygon","coordinates":[[[-74.23639,40.5001],[-74.2398,40.4976],[-74.2443,40.4975],[-74.2468,40.4961],[-74.2497,40.4969],[-74.25323,40.50016],[-74.25381,40.5016],[-74.25521,40.5039],[-74.25541,40.5046],[-74.25531,40.5065],[-74.25561,40.5076],[-74.2552,40.5082],[-74.25401,40.509],[-74.25411,40.5092],[-74.25371,40.5094],[-74.2546,40.5099],[-74.2536,40.50951],[-74.25331,40.5099],[-74.25301,40.5112],[-74.25311,40.5121],[-74.25201,40.513],[-74.25211,40.5137],[-74.2514,40.5144],[-74.25011,40.515],[-74.25021,40.5154],[-74.2499,40.5155],[-74.24942,40.51502],[-74.24961,40.5155],[-74.24951,40.5157],[-74.24861,40.5161],[-74.24881,40.5163],[-74.2483,40.5165],[-74.2475,40.51571],[-74.2469,40.5161],[-74.2464,40.51601],[-74.24631,40.5161],[-74.24671,40.5165],[-74.24641,40.5167],[-74.2465,40.517],[-74.2463,40.51681],[-74.24521,40.5173],[-74.24571,40.5178],[-74.2456,40.5181],[-74.2451,40.5181],[-74.2443,40.5185],[-74.2426,40.5182],[-74.241,40.5195],[-74.2405,40.51921],[-74.2401,40.5199],[-74.23981,40.52],[-74.24,40.5203],[-74.2406,40.5204],[-74.2412,40.52109],[-74.2413,40.5209],[-74.24291,40.5212],[-74.24261,40.5222],[-74.24281,40.5227],[-74.24261,40.5231],[-74.24281,40.524],[-74.2434,40.5248],[-74.24401,40.5249],[-74.24331,40.5259],[-74.24291,40.5273],[-74.24291,40.5282],[-74.24251,40.5284],[-74.24221,40.5298],[-74.24151,40.531],[-74.24181,40.5326],[-74.24221,40.5326],[-74.24231,40.5334],[-74.24201,40.5336],[-74.24201,40.5343],[-74.2437,40.5361],[-74.2441,40.5362],[-74.24411,40.5369],[-74.2446,40.5369],[-74.2449,40.5367],[-74.24541,40.537],[-74.2448,40.5374],[-74.24441,40.538],[-74.24541,40.5396],[-74.24561,40.5409],[-74.2465,40.5422],[-74.2477,40.5431],[-74.24801,40.5431],[-74.2461,40.5457],[-74.2436,40.5476],[-74.2434,40.5479],[-74.24329,40.5478],[-74.24359,40.5476],[-74.2429,40.5471],[-74.2422,40.5469],[-74.2404,40.5477],[-74.2384,40.5491],[-74.2375,40.5502],[-74.23641,40.5505],[-74.23621,40.5514],[-74.23651,40.552],[-74.2364,40.5523],[-74.2349,40.553],[-74.2338,40.5525],[-74.2333,40.5525],[-74.2327,40.5529],[-74.2307,40.5556],[-74.2302,40.5554],[-74.22931,40.5555],[-74.22941,40.5558],[-74.22911,40.5559],[-74.2291,40.5561],[-74.2283,40.5564],[-74.2274,40.556],[-74.2264,40.5563],[-74.22391,40.55591],[-74.2239,40.5561],[-74.2234,40.556],[-74.22378,40.5559],[-74.2232,40.5558],[-74.223,40.5555],[-74.2226,40.5554],[-74.2218,40.5554],[-74.2216,40.5556],[-74.2212,40.55541],[-74.221,40.5559],[-74.2206,40.5559],[-74.2199,40.5547],[-74.2197,40.55461],[-74.21911,40.5548],[-74.21931,40.5552],[-74.21921,40.5555],[-74.21931,40.5557],[-74.2192,40.5558],[-74.21919,40.5555],[-74.21909,40.5555],[-74.21899,40.5549],[-74.21861,40.55471],[-74.2187,40.5561],[-74.2178,40.55501],[-74.216,40.5555],[-74.21471,40.5562],[-74.215,40.5568],[-74.2146,40.5569],[-74.2145,40.5567],[-74.214,40.5567],[-74.2138,40.55641],[-74.2133,40.5566],[-74.2131,40.5571],[-74.21261,40.5573],[-74.21271,40.5576],[-74.21201,40.5584],[-74.21191,40.5596],[-74.21121,40.5605],[-74.21131,40.5612],[-74.21111,40.5621],[-74.21141,40.5635],[-74.20891,40.5689],[-74.20891,40.5696],[-74.20801,40.5705],[-74.20821,40.5707],[-74.20781,40.5726],[-74.20711,40.5743],[-74.20731,40.5753],[-74.20681,40.5759],[-74.20711,40.5763],[-74.2067,40.5765],[-74.20651,40.5769],[-74.20681,40.5772],[-74.20631,40.5775],[-74.20621,40.5782],[-74.20591,40.5786],[-74.20611,40.5796],[-74.20601,40.5804],[-74.20511,40.5816],[-74.20501,40.5826],[-74.20471,40.5828],[-74.20441,40.5837],[-74.20461,40.5843],[-74.20441,40.5846],[-74.20441,40.5855],[-74.20411,40.5859],[-74.20431,40.5861],[-74.20431,40.5873],[-74.20461,40.5882],[-74.20411,40.5889],[-74.2043,40.58909],[-74.2046,40.5887],[-74.20441,40.5892],[-74.20461,40.5893],[-74.2044,40.5897],[-74.2042,40.58961],[-74.2039,40.5902],[-74.20369,40.5902],[-74.20388,40.58982],[-74.2027,40.5907],[-74.2024,40.59061],[-74.20202,40.59089],[-74.2025,40.5908],[-74.20311,40.5911],[-74.203,40.5912],[-74.20201,40.59101],[-74.20211,40.5913],[-74.20181,40.5916],[-74.20201,40.5918],[-74.2009,40.5929],[-74.2005,40.59281],[-74.19971,40.5936],[-74.19941,40.5941],[-74.19951,40.5943],[-74.19871,40.595],[-74.19861,40.5956],[-74.19801,40.5965],[-74.19751,40.5968],[-74.19731,40.5981],[-74.19881,40.6017],[-74.2001,40.6037],[-74.20141,40.6046],[-74.20221,40.606],[-74.20281,40.6083],[-74.20271,40.6098],[-74.20231,40.6119],[-74.20241,40.6133],[-74.20051,40.6163],[-74.20091,40.6181],[-74.2005,40.61801],[-74.20041,40.6183],[-74.20081,40.6188],[-74.20071,40.6192],[-74.20111,40.6204],[-74.2005,40.62031],[-74.20041,40.6205],[-74.2009,40.6206],[-74.20131,40.6216],[-74.20121,40.6221],[-74.20161,40.6235],[-74.2013,40.6236],[-74.20111,40.6241],[-74.20101,40.6254],[-74.2012,40.6261],[-74.20141,40.6261],[-74.20101,40.6293],[-74.20081,40.6293],[-74.2008,40.6296],[-74.20041,40.6298],[-74.20021,40.6313],[-74.20041,40.6314],[-74.1986,40.6327],[-74.1982,40.6327],[-74.1977,40.6331],[-74.1973,40.63301],[-74.19671,40.6335],[-74.19691,40.6338],[-74.19631,40.6341],[-74.1959,40.6351],[-74.1956,40.63501],[-74.19531,40.6352],[-74.19521,40.6357],[-74.19441,40.6366],[-74.19451,40.6371],[-74.19481,40.6371],[-74.1946,40.6374],[-74.194,40.6373],[-74.19361,40.6375],[-74.1937,40.6376],[-74.1865,40.6434],[-74.1862,40.64321],[-74.1856,40.6438],[-74.18511,40.6438],[-74.1852,40.6439],[-74.1848,40.6441],[-74.18409,40.6435],[-74.18439,40.6431],[-74.18419,40.6431],[-74.1837,40.64221],[-74.18361,40.6424],[-74.18401,40.6431],[-74.1838,40.6433],[-74.1835,40.64291],[-74.18321,40.643],[-74.18351,40.6433],[-74.18341,40.6436],[-74.18381,40.6444],[-74.1837,40.6446],[-74.1829,40.6448],[-74.1812,40.6446],[-74.1809,40.6449],[-74.1805,40.6443],[-74.18001,40.6443],[-74.18,40.6453],[-74.1799,40.64511],[-74.17979,40.6452],[-74.17969,40.6444],[-74.17931,40.6444],[-74.1793,40.645],[-74.17909,40.6446],[-74.17899,40.6434],[-74.17939,40.6431],[-74.17958,40.64196],[-74.1792,40.643],[-74.1788,40.6425],[-74.1785,40.6425],[-74.17831,40.64212],[-74.1783,40.6426],[-74.1778,40.6426],[-74.1777,40.6429],[-74.1772,40.6431],[-74.1768,40.6429],[-74.17671,40.64264],[-74.1767,40.6434],[-74.176,40.6435],[-74.1756,40.64331],[-74.17551,40.6435],[-74.1757,40.6447],[-74.1755,40.64461],[-74.1753,40.6451],[-74.1744,40.6451],[-74.1729,40.6442],[-74.17299,40.6436],[-74.17239,40.6434],[-74.17259,40.643],[-74.1724,40.64281],[-74.1718,40.6431],[-74.17129,40.6429],[-74.17179,40.6425],[-74.1715,40.64123],[-74.1714,40.6421],[-74.1712,40.6417],[-74.1703,40.6418],[-74.1701,40.6421],[-74.1692,40.64191],[-74.1691,40.6421],[-74.1668,40.6416],[-74.1665,40.64141],[-74.1661,40.6424],[-74.16629,40.6414],[-74.1656,40.64121],[-74.16541,40.6423],[-74.1649,40.6422],[-74.16519,40.6406],[-74.16471,40.64041],[-74.16461,40.6414],[-74.1644,40.6414],[-74.16459,40.6403],[-74.1642,40.64011],[-74.1639,40.6411],[-74.16399,40.6399],[-74.1635,40.6399],[-74.1632,40.641],[-74.16169,40.6406],[-74.16229,40.6388],[-74.1618,40.63861],[-74.1613,40.6394],[-74.16169,40.6387],[-74.1612,40.63861],[-74.16091,40.6394],[-74.1607,40.6394],[-74.16109,40.6386],[-74.1603,40.63841],[-74.1599,40.6399],[-74.16009,40.6387],[-74.1596,40.6384],[-74.15959,40.638],[-74.1593,40.63781],[-74.159,40.6388],[-74.15889,40.6383],[-74.1579,40.63801],[-74.1577,40.6389],[-74.15779,40.638],[-74.1561,40.6379],[-74.15609,40.6375],[-74.15571,40.6375],[-74.1557,40.6378],[-74.15481,40.63771],[-74.15481,40.6392],[-74.1547,40.6392],[-74.15479,40.6377],[-74.1546,40.6373],[-74.1543,40.6372],[-74.1534,40.6373],[-74.1528,40.63711],[-74.1527,40.6376],[-74.15221,40.6377],[-74.1523,40.6383],[-74.15209,40.6383],[-74.15199,40.6377],[-74.15121,40.6377],[-74.1514,40.6394],[-74.15119,40.6394],[-74.15109,40.63851],[-74.1506,40.6386],[-74.1504,40.6383],[-74.1501,40.6383],[-74.1497,40.6375],[-74.14941,40.63741],[-74.14941,40.6383],[-74.1492,40.6387],[-74.14889,40.6387],[-74.14862,40.63752],[-74.1488,40.6389],[-74.14601,40.6391],[-74.1461,40.6392],[-74.1452,40.6394],[-74.1439,40.63891],[-74.1434,40.6397],[-74.1426,40.6395],[-74.14241,40.6396],[-74.1423,40.6403],[-74.1416,40.6404],[-74.1415,40.6401],[-74.1413,40.6401],[-74.1412,40.6404],[-74.1408,40.6406],[-74.1376,40.641],[-74.13731,40.6411],[-74.1374,40.6413],[-74.1344,40.6419],[-74.1335,40.6417],[-74.1334,40.6415],[-74.133,40.6414],[-74.1324,40.6417],[-74.1313,40.6416],[-74.13149,40.6413],[-74.1302,40.64071],[-74.1297,40.6414],[-74.1295,40.6414],[-74.12999,40.6407],[-74.1293,40.64031],[-74.1292,40.6405],[-74.12891,40.64041],[-74.1289,40.6412],[-74.12879,40.6402],[-74.1275,40.6402],[-74.12701,40.63933],[-74.1271,40.6402],[-74.1264,40.6404],[-74.12611,40.64031],[-74.1262,40.6413],[-74.12559,40.6414],[-74.12609,40.6413],[-74.12599,40.6402],[-74.1242,40.6401],[-74.1229,40.6408],[-74.12262,40.64062],[-74.12291,40.641],[-74.12281,40.6413],[-74.12181,40.6414],[-74.1219,40.64159],[-74.122,40.6415],[-74.122,40.6416],[-74.1219,40.6416],[-74.1217,40.64141],[-74.1213,40.6416],[-74.12129,40.6414],[-74.1207,40.64101],[-74.11991,40.6412],[-74.12,40.6413],[-74.11961,40.6414],[-74.1199,40.6422],[-74.1194,40.64141],[-74.11911,40.6415],[-74.1195,40.6424],[-74.119,40.6415],[-74.11861,40.6415],[-74.119,40.6425],[-74.11879,40.6425],[-74.1184,40.64151],[-74.1182,40.6418],[-74.1178,40.6418],[-74.1177,40.64151],[-74.11631,40.6422],[-74.1167,40.6432],[-74.1161,40.64221],[-74.11381,40.6436],[-74.114,40.6441],[-74.1137,40.6437],[-74.1133,40.6437],[-74.1112,40.6451],[-74.1111,40.64501],[-74.1097,40.6455],[-74.1041,40.6457],[-74.0988,40.645],[-74.0985,40.6454],[-74.096,40.6454],[-74.093,40.646],[-74.0914,40.6467],[-74.0894,40.6473],[-74.0877,40.6482],[-74.0857,40.6489],[-74.0848,40.6489],[-74.0822,40.6483],[-74.0814,40.6485],[-74.0805,40.6482],[-74.0798,40.6484],[-74.0765,40.647],[-74.0745,40.64511],[-74.074,40.6452],[-74.0732,40.645],[-74.073,40.6448],[-74.0726,40.6448],[-74.07269,40.64441],[-74.0717,40.645],[-74.07219,40.6446],[-74.07199,40.6444],[-74.07229,40.6443],[-74.0722,40.64411],[-74.0719,40.6442],[-74.07179,40.644],[-74.07208,40.6439],[-74.0716,40.6438],[-74.07139,40.6432],[-74.0716,40.6427],[-74.07219,40.6427],[-74.0721,40.64251],[-74.0704,40.6427],[-74.07029,40.6425],[-74.07319,40.6422],[-74.0731,40.64191],[-74.0702,40.6422],[-74.07019,40.642],[-74.07309,40.6416],[-74.0729,40.64091],[-74.07,40.6413],[-74.06999,40.6411],[-74.07289,40.6408],[-74.07279,40.6405],[-74.07309,40.6405],[-74.07309,40.6386],[-74.07239,40.6382],[-74.0726,40.6379],[-74.07349,40.6378],[-74.07339,40.6366],[-74.07209,40.6367],[-74.07339,40.6365],[-74.07289,40.6336],[-74.07329,40.6321],[-74.07299,40.6303],[-74.06799,40.6288],[-74.0681,40.6285],[-74.07289,40.62999],[-74.07229,40.6271],[-74.0732,40.6271],[-74.07348,40.6269],[-74.07269,40.6269],[-74.07229,40.6246],[-74.0698,40.6212],[-74.0662,40.61871],[-74.0656,40.6193],[-74.0654,40.6192],[-74.06669,40.6181],[-74.0664,40.61791],[-74.066,40.6182],[-74.065,40.61781],[-74.0643,40.6182],[-74.06509,40.6175],[-74.0644,40.61711],[-74.064,40.6174],[-74.06389,40.6173],[-74.06429,40.617],[-74.0638,40.6168],[-74.06379,40.6166],[-74.0614,40.6144],[-74.0603,40.61191],[-74.05991,40.6121],[-74.06,40.6128],[-74.05979,40.6121],[-74.06029,40.6118],[-74.0595,40.6117],[-74.05889,40.6111],[-74.05909,40.6106],[-74.05719,40.6087],[-74.05649,40.6072],[-74.0555,40.60651],[-74.055,40.6067],[-74.05519,40.6065],[-74.0551,40.6063],[-74.05379,40.6059],[-74.05359,40.6052],[-74.05399,40.6049],[-74.05299,40.6015],[-74.05339,40.6009],[-74.05339,40.6005],[-74.05219,40.5998],[-74.0523,40.5997],[-74.0529,40.59989],[-74.0545,40.5988],[-74.05969,40.5939],[-74.0596,40.5937],[-74.0598,40.59379],[-74.0606,40.5934],[-74.0622,40.592],[-74.06499,40.589],[-74.0644,40.5883],[-74.0648,40.58849],[-74.0672,40.5867],[-74.07099,40.5832],[-74.07149,40.5822],[-74.0706,40.5817],[-74.0707,40.5816],[-74.0715,40.58199],[-74.0718,40.5819],[-74.07499,40.5792],[-74.0735,40.5784],[-74.0751,40.57919],[-74.07579,40.5783],[-74.0752,40.578],[-74.0753,40.5779],[-74.076,40.57819],[-74.07639,40.578],[-74.0763,40.5779],[-74.0765,40.57799],[-74.0769,40.5775],[-74.0774,40.5773],[-74.07929,40.5757],[-74.07869,40.5751],[-74.0788,40.575],[-74.0793,40.57559],[-74.0805,40.575],[-74.086,40.5703],[-74.08689,40.569],[-74.0862,40.5685],[-74.0873,40.56909],[-74.0883,40.5683],[-74.0892,40.567],[-74.09,40.56739],[-74.0905,40.5671],[-74.091,40.5667],[-74.0941,40.5627],[-74.0954,40.56319],[-74.0966,40.5621],[-74.09819,40.5598],[-74.09829,40.5593],[-74.0978,40.5591],[-74.0979,40.559],[-74.0988,40.55939],[-74.0993,40.559],[-74.0999,40.5591],[-74.10079,40.5583],[-74.10179,40.5562],[-74.10179,40.5559],[-74.10139,40.5557],[-74.1015,40.5555],[-74.1027,40.55609],[-74.1031,40.5559],[-74.10469,40.5541],[-74.1051,40.5532],[-74.1064,40.5539],[-74.1065,40.55419],[-74.1077,40.554],[-74.1103,40.5515],[-74.1128,40.5479],[-74.113,40.5478],[-74.1134,40.5481],[-74.1147,40.548],[-74.1155,40.5475],[-74.1161,40.5479],[-74.1165,40.5479],[-74.118,40.5473],[-74.1198,40.5455],[-74.1205,40.5453],[-74.1216,40.5453],[-74.1225,40.5449],[-74.12639,40.5405],[-74.1307,40.5345],[-74.1336,40.5315],[-74.1362,40.5296],[-74.1369,40.5293],[-74.1373,40.5297],[-74.1383,40.5297],[-74.13891,40.53],[-74.13921,40.5315],[-74.14061,40.5341],[-74.14041,40.5353],[-74.14,40.5355],[-74.1384,40.5352],[-74.1358,40.5352],[-74.1348,40.5353],[-74.1334,40.5359],[-74.13301,40.5362],[-74.1334,40.5364],[-74.1329,40.53631],[-74.12811,40.5406],[-74.12741,40.5419],[-74.12761,40.5436],[-74.1278,40.5436],[-74.1295,40.5456],[-74.1307,40.5463],[-74.1329,40.5468],[-74.135,40.5467],[-74.13639,40.5463],[-74.1365,40.5459],[-74.1371,40.54599],[-74.1375,40.5456],[-74.1379,40.54599],[-74.1387,40.5454],[-74.13889,40.5451],[-74.1387,40.5449],[-74.13979,40.5441],[-74.1397,40.5439],[-74.1389,40.5434],[-74.139,40.5432],[-74.13901,40.5434],[-74.1397,40.5439],[-74.1403,40.54409],[-74.14049,40.5439],[-74.14009,40.5435],[-74.1408,40.5429],[-74.141,40.54309],[-74.14139,40.543],[-74.14109,40.5428],[-74.14149,40.5425],[-74.1413,40.5423],[-74.14229,40.5423],[-74.14229,40.5415],[-74.14249,40.5413],[-74.14189,40.5404],[-74.14179,40.5397],[-74.14199,40.5396],[-74.14169,40.5393],[-74.14229,40.5391],[-74.14179,40.5385],[-74.14224,40.53814],[-74.14179,40.5384],[-74.14239,40.5378],[-74.1416,40.5371],[-74.1417,40.537],[-74.1431,40.5372],[-74.1438,40.5371],[-74.14419,40.5368],[-74.1447,40.5358],[-74.1454,40.5358],[-74.14599,40.5356],[-74.146,40.5354],[-74.1467,40.5354],[-74.14979,40.5339],[-74.14979,40.5334],[-74.1507,40.5325],[-74.1511,40.53269],[-74.1519,40.5322],[-74.1525,40.5321],[-74.15399,40.5308],[-74.1539,40.5307],[-74.1541,40.53079],[-74.1545,40.5303],[-74.1546,40.53039],[-74.15469,40.5302],[-74.1545,40.5301],[-74.1549,40.53019],[-74.15559,40.5296],[-74.1555,40.5294],[-74.1557,40.52959],[-74.156,40.5294],[-74.15639,40.5289],[-74.1561,40.5286],[-74.1567,40.529],[-74.157,40.529],[-74.1589,40.5279],[-74.1594,40.5274],[-74.1601,40.5273],[-74.1603,40.52759],[-74.1616,40.527],[-74.1623,40.52719],[-74.1655,40.5254],[-74.1666,40.525],[-74.17,40.523],[-74.1705,40.523],[-74.1713,40.52349],[-74.1727,40.523],[-74.176,40.5209],[-74.1776,40.5193],[-74.1783,40.5199],[-74.1792,40.52],[-74.1798,40.5206],[-74.1811,40.5207],[-74.1848,40.5193],[-74.1866,40.5181],[-74.1893,40.5153],[-74.1897,40.5153],[-74.1934,40.5116],[-74.1941,40.5106],[-74.1952,40.51],[-74.1965,40.5099],[-74.1986,40.5112],[-74.1997,40.5114],[-74.20011,40.5126],[-74.19891,40.5128],[-74.1991,40.51309],[-74.2,40.5129],[-74.2008,40.513],[-74.2076,40.5119],[-74.2099,40.5107],[-74.2118,40.5082],[-74.21339,40.5068],[-74.2135,40.5064],[-74.2139,40.50659],[-74.2151,40.5061],[-74.2159,40.5054],[-74.2176,40.5033],[-74.2179,40.5034],[-74.2198,40.5027],[-74.223,40.5025],[-74.225,40.5018],[-74.2255,40.5018],[-74.2266,40.5022],[-74.2284,40.5023],[-74.2297,40.5021],[-74.2303,40.5018],[-74.2312,40.5018],[-74.2336,40.5009],[-74.2353,40.5006],[-74.23621,40.50019],[-74.25029,40.50016],[-74.23639,40.5001]],[[-74.07311,40.64471],[-74.07311,40.6448],[-74.07327,40.64488],[-74.07311,40.64471]]]}},{"type":"Feature","properties":{},"geometry":{"type":"Polygon","coordinates":[[[-74.1611,40.6418],[-74.1615,40.6442],[-74.1581,40.6438],[-74.15759,40.6432],[-74.158,40.643],[-74.1582,40.6426],[-74.15859,40.6425],[-74.1588,40.6418],[-74.1595,40.6414],[-74.16,40.6414],[-74.1611,40.6418]]]}},{"type":"Feature","properties":{},"geometry":{"type":"Polygon","coordinates":[[[-74.1423,40.7395],[-74.1375,40.7414],[-74.13689,40.7414],[-74.1369,40.7414],[-74.1423,40.7395]]]}},{"type":"Feature","properties":{},"geometry":{"type":"Polygon","coordinates":[[[-74.1556,40.771],[-74.15331,40.7742],[-74.1523,40.7751],[-74.15229,40.7751],[-74.1556,40.771]]]}},{"type":"Feature","properties":{},"geometry":{"type":"Polygon","coordinates":[[[-74.1398,40.7965],[-74.13889,40.7974],[-74.1417,40.7938],[-74.1398,40.7965]]]}},{"type":"Feature","properties":{},"geometry":{"type":"Polygon","coordinates":[[[-74.13951,40.8037],[-74.13959,40.8053],[-74.1383,40.8009],[-74.13951,40.8037]]]}},{"type":"Feature","properties":{},"geometry":{"type":"Polygon","coordinates":[[[-74.1384,40.8134],[-74.13701,40.8173],[-74.136,40.8183],[-74.13599,40.8183],[-74.1384,40.8134]]]}},{"type":"Feature","properties":{},"geometry":{"type":"Polygon","coordinates":[[[-74.1334,40.8192],[-74.1318,40.8195],[-74.13591,40.8183],[-74.1334,40.8192]]]}},{"type":"Feature","properties":{},"geometry":{"type":"Polygon","coordinates":[[[-74.3279,40.866],[-74.3287,40.8665],[-74.32649,40.8661],[-74.3279,40.866]]]}},{"type":"Feature","properties":{},"geometry":{"type":"Polygon","coordinates":[[[-74.12601,40.8831],[-74.1242,40.8824],[-74.12349,40.8819],[-74.1235,40.8819],[-74.12601,40.8831]]]}},{"type":"Feature","properties":{},"geometry":{"type":"Polygon","coordinates":[[[-74.23921,40.8892],[-74.2387,40.89],[-74.23669,40.8881],[-74.2383,40.8882],[-74.23921,40.8892]]]}},{"type":"Feature","properties":{},"geometry":{"type":"Polygon","coordinates":[[[-74.1302,40.8959],[-74.1286,40.8946],[-74.1328,40.897],[-74.1302,40.8959]]]}},{"type":"Feature","properties":{},"geometry":{"type":"Polygon","coordinates":[[[-74.1334,40.8982],[-74.13371,40.9001],[-74.1334,40.9023],[-74.13339,40.9023],[-74.1334,40.8982]]]}},{"type":"Feature","properties":{},"geometry":{"type":"Polygon","coordinates":[[[-74.30479,40.9068],[-74.3056,40.9057],[-74.3059,40.9057],[-74.30521,40.9064],[-74.3054,40.9077],[-74.30479,40.9068]]]}},{"type":"Feature","properties":{},"geometry":{"type":"Polygon","coordinates":[[[-74.3059,40.9063],[-74.30611,40.9074],[-74.3061,40.9075],[-74.30559,40.9071],[-74.3059,40.9063]]]}},{"type":"Feature","properties":{},"geometry":{"type":"Polygon","coordinates":[[[-74.13219,40.9089],[-74.13171,40.9058],[-74.133,40.9108],[-74.13219,40.9089]]]}},{"type":"Feature","properties":{},"geometry":{"type":"Polygon","coordinates":[[[-74.13351,40.9122],[-74.13339,40.9129],[-74.133,40.911],[-74.13351,40.9122]]]}},{"type":"Feature","properties":{},"geometry":{"type":"Polygon","coordinates":[[[-74.1334,40.913],[-74.13271,40.9145],[-74.132,40.9154],[-74.13199,40.9154],[-74.1334,40.913]]]}},{"type":"Feature","properties":{},"geometry":{"type":"Polygon","coordinates":[[[-74.1302,40.9183],[-74.12941,40.9202],[-74.1323,40.9224],[-74.1304,40.9214],[-74.1296,40.92036],[-74.12952,40.92036],[-74.12939,40.9202],[-74.12949,40.9195],[-74.1302,40.9183]]]}},{"type":"Feature","properties":{},"geometry":{"type":"Polygon","coordinates":[[[-74.138,40.923],[-74.1388,40.9232],[-74.13549,40.923],[-74.138,40.923]]]}},{"type":"Feature","properties":{},"geometry":{"type":"Polygon","coordinates":[[[-74.14241,40.9279],[-74.14239,40.9295],[-74.1419,40.9264],[-74.14241,40.9279]]]}},{"type":"Feature","properties":{},"geometry":{"type":"Polygon","coordinates":[[[-74.28289,40.935],[-74.28371,40.9339],[-74.2823,40.9365],[-74.28289,40.935]]]}},{"type":"Feature","properties":{},"geometry":{"type":"Polygon","coordinates":[[[-74.28649,40.9365],[-74.2871,40.936],[-74.28751,40.9368],[-74.2875,40.9368],[-74.28649,40.9365]]]}},{"type":"Feature","properties":{},"geometry":{"type":"Polygon","coordinates":[[[-74.28911,40.9385],[-74.28799,40.9381],[-74.2886,40.9376],[-74.28861,40.9376],[-74.28911,40.9385]]]}},{"type":"Feature","properties":{},"geometry":{"type":"Polygon","coordinates":[[[-74.2881,40.9391],[-74.2884,40.9388],[-74.28971,40.9391],[-74.2897,40.9391],[-74.2881,40.9391]]]}},{"type":"Feature","properties":{},"geometry":{"type":"Polygon","coordinates":[[[-74.293,40.9413],[-74.2935,40.942],[-74.2915,40.9408],[-74.293,40.9413]]]}},{"type":"Feature","properties":{},"geometry":{"type":"Polygon","coordinates":[[[-74.26401,40.9982],[-74.26409,40.9993],[-74.2634,40.9982],[-74.26401,40.9982]]]}},{"type":"Feature","properties":{},"geometry":{"type":"Polygon","coordinates":[[[-74.268,41.0147],[-74.26699,41.014],[-74.2682,41.0128],[-74.26821,41.0128],[-74.268,41.0147]]]}},{"type":"Feature","properties":{},"geometry":{"type":"Polygon","coordinates":[[[-74.26909,41.0145],[-74.2698,41.0141],[-74.2699,41.0149],[-74.2699,41.0149],[-74.26909,41.0145]]]}},{"type":"Feature","properties":{},"geometry":{"type":"Polygon","coordinates":[[[-74.3364,41.1709],[-74.33679,41.1697],[-74.3401,41.1661],[-74.33841,41.1709],[-74.3364,41.1709]]]}},{"type":"Feature","properties":{},"geometry":{"type":"Polygon","coordinates":[[[-74.3254,41.1782],[-74.32641,41.1781],[-74.3248,41.1795],[-74.32479,41.1795],[-74.3254,41.1782]]]}},{"type":"Feature","properties":{},"geometry":{"type":"Polygon","coordinates":[[[-74.21,41.319],[-74.20829,41.3187],[-74.2093,41.3175],[-74.21021,41.318],[-74.21,41.319]]]}},{"type":"Feature","properties":{},"geometry":{"type":"Polygon","coordinates":[[[-74.08211,40.0004],[-74.0791,40.0005],[-74.07879,40.0002],[-74.0812,40.0],[-74.08211,40.0004]]]}},{"type":"Feature","properties":{},"geometry":{"type":"Polygon","coordinates":[[[-74.07139,40.0],[-74.0724,40.0],[-74.07241,40.0],[-74.0719,40.0006],[-74.07139,40.0]]]}},{"type":"Feature","properties":{},"geometry":{"type":"Polygon","coordinates":[[[-74.10091,40.0138],[-74.099,40.01351],[-74.0979,40.0147],[-74.09479,40.0143],[-74.0954,40.013],[-74.097,40.01409],[-74.0983,40.013],[-74.10091,40.0138]]]}},{"type":"Feature","properties":{},"geometry":{"type":"Polygon","coordinates":[[[-74.0557,40.0505],[-74.05331,40.0518],[-74.0551,40.0536],[-74.0528,40.0534],[-74.05119,40.0496],[-74.0537,40.0474],[-74.0557,40.0505]]]}},{"type":"Feature","properties":{},"geometry":{"type":"Polygon","coordinates":[[[-74.10761,40.0554],[-74.1065,40.0557],[-74.10649,40.0557],[-74.1069,40.055],[-74.10761,40.0554]]]}},{"type":"Feature","properties":{},"geometry":{"type":"Polygon","coordinates":[[[-74.0797,40.0592],[-74.0809,40.0596],[-74.07949,40.0595],[-74.0797,40.0592]]]}},{"type":"Feature","properties":{},"geometry":{"type":"Polygon","coordinates":[[[-74.0774,40.0596],[-74.0787,40.0593],[-74.07921,40.0596],[-74.0792,40.0596],[-74.0774,40.0596]]]}},{"type":"Feature","properties":{},"geometry":{"type":"Polygon","coordinates":[[[-74.088,40.0597],[-74.0891,40.0591],[-74.0891,40.0591],[-74.0883,40.0603],[-74.088,40.0597]]]}},{"type":"Feature","properties":{},"geometry":{"type":"Polygon","coordinates":[[[-74.0857,40.0599],[-74.0843,40.0596],[-74.08771,40.0595],[-74.0857,40.0599]]]}},{"type":"Feature","properties":{},"geometry":{"type":"Polygon","coordinates":[[[-74.0781,40.0598],[-74.0811,40.06],[-74.07519,40.0607],[-74.0781,40.0598]]]}},{"type":"Feature","properties":{},"geometry":{"type":"Polygon","coordinates":[[[-74.0721,40.0937],[-74.07099,40.0918],[-74.0719,40.09],[-74.07261,40.093],[-74.0721,40.0937]]]}},{"type":"Feature","properties":{},"geometry":{"type":"Polygon","coordinates":[[[-74.0661,40.0925],[-74.0645,40.0934],[-74.0675,40.0913],[-74.0661,40.0925]]]}},{"type":"Feature","properties":{},"geometry":{"type":"Polygon","coordinates":[[[-74.0823,40.0948],[-74.0834,40.0955],[-74.08079,40.0945],[-74.0823,40.0948]]]}},{"type":"Feature","properties":{},"geometry":{"type":"Polygon","coordinates":[[[-74.05679,40.0979],[-74.05761,40.0973],[-74.0568,40.0992],[-74.05679,40.0979]]]}},{"type":"Feature","properties":{},"geometry":{"type":"Polygon","coordinates":[[[-74.05651,40.1005],[-74.05609,40.1008],[-74.0567,40.0993],[-74.05651,40.1005]]]}},{"type":"Feature","properties":{},"geometry":{"type":"Polygon","coordinates":[[[-74.0924,40.106],[-74.0909,40.1039],[-74.0939,40.1072],[-74.0924,40.106]]]}},{"type":"Feature","properties":{},"geometry":{"type":"Polygon","coordinates":[[[-74.09451,40.1088],[-74.09389,40.1102],[-74.0942,40.1075],[-74.09451,40.1088]]]}},{"type":"Feature","properties":{},"geometry":{"type":"Polygon","coordinates":[[[-74.09491,40.1132],[-74.09459,40.1137],[-74.0944,40.1125],[-74.09491,40.1132]]]}},{"type":"Feature","properties":{},"geometry":{"type":"Polygon","coordinates":[[[-74.09981,40.1239],[-74.0984,40.124],[-74.09689,40.1238],[-74.0976,40.1227],[-74.09981,40.1239]]]}},{"type":"Feature","properties":{},"geometry":{"type":"Polygon","coordinates":[[[-74.10489,40.1357],[-74.1062,40.1357],[-74.106,40.1363],[-74.106,40.1363],[-74.10489,40.1357]]]}},{"type":"Feature","properties":{},"geometry":{"type":"Polygon","coordinates":[[[-74.0294,40.1828],[-74.03091,40.1835],[-74.0289,40.1883],[-74.02359,40.1859],[-74.0259,40.1846],[-74.02561,40.18549],[-74.0279,40.1853],[-74.0294,40.1828]]]}},{"type":"Feature","properties":{},"geometry":{"type":"Polygon","coordinates":[[[-73.99029,40.3442],[-73.9917,40.3439],[-73.99171,40.3439],[-73.9907,40.3445],[-73.99029,40.3442]]]}},{"type":"Feature","properties":{},"geometry":{"type":"Polygon","coordinates":[[[-73.97939,40.3454],[-73.98149,40.3428],[-73.9815,40.3428],[-73.9825,40.3454],[-73.9813,40.3465],[-73.97939,40.3454]]]}},{"type":"Feature","properties":{},"geometry":{"type":"Polygon","coordinates":[[[-73.983,40.3458],[-73.98271,40.34659],[-73.9848,40.3455],[-73.9874,40.3473],[-73.9873,40.3488],[-73.9832,40.3483],[-73.9806,40.3492],[-73.98029,40.3468],[-73.9815,40.3467],[-73.983,40.3458]]]}},{"type":"Feature","properties":{},"geometry":{"type":"Polygon","coordinates":[[[-73.9764,40.3537],[-73.9829,40.35],[-73.98491,40.3508],[-73.9849,40.3508],[-73.9764,40.3537]]]}},{"type":"Feature","properties":{},"geometry":{"type":"Polygon","coordinates":[[[-73.9781,40.3585],[-73.9777,40.3569],[-73.9818,40.355],[-73.9839,40.3553],[-73.9827,40.357],[-73.9781,40.3585]]]}},{"type":"Feature","properties":{},"geometry":{"type":"Polygon","coordinates":[[[-73.9914,40.3765],[-73.9934,40.3749],[-73.99801,40.3756],[-73.99801,40.3761],[-73.9974,40.3773],[-73.9946,40.3777],[-73.9942,40.3763],[-73.9921,40.3761],[-73.9914,40.3765]]]}},{"type":"Feature","properties":{},"geometry":{"type":"Polygon","coordinates":[[[-73.99601,40.3794],[-73.9924,40.3807],[-73.98909,40.3768],[-73.994,40.3764],[-73.99421,40.3783],[-73.99601,40.3794]]]}},{"type":"Feature","properties":{},"geometry":{"type":"Polygon","coordinates":[[[-73.9968,40.3783],[-73.9982,40.3791],[-73.998,40.3795],[-73.9969,40.3794],[-73.9968,40.3783]]]}},{"type":"Feature","properties":{},"geometry":{"type":"Polygon","coordinates":[[[-73.9997,40.3802],[-73.9976,40.3804],[-73.99759,40.3804],[-73.9994,40.3792],[-73.9997,40.3802]]]}},{"type":"Feature","properties":{},"geometry":{"type":"Polygon","coordinates":[[[-73.9792,40.3812],[-73.97929,40.3784],[-73.9793,40.3784],[-73.98091,40.3804],[-73.9792,40.3812]]]}},{"type":"Feature","properties":{},"geometry":{"type":"Polygon","coordinates":[[[-73.98551,40.3799],[-73.9842,40.3809],[-73.9842,40.3809],[-73.9851,40.3798],[-73.98551,40.3799]]]}},{"type":"Feature","properties":{},"geometry":{"type":"Polygon","coordinates":[[[-73.9798,40.3827],[-73.9802,40.3813],[-73.983,40.3803],[-73.9826,40.3812],[-73.9798,40.3827]]]}},{"type":"Feature","properties":{},"geometry":{"type":"Polygon","coordinates":[[[-73.9979,40.3854],[-73.9977,40.3845],[-73.9996,40.3866],[-73.9979,40.3854]]]}},{"type":"Feature","properties":{},"geometry":{"type":"Polygon","coordinates":[[[-73.9892,40.4204],[-73.9842,40.4188],[-73.9841,40.4174],[-73.9901,40.4197],[-73.9892,40.4204]]]}},{"type":"Feature","properties":{},"geometry":{"type":"Polygon","coordinates":[[[-74.0493,40.5659],[-74.0492,40.5654],[-74.05,40.5653],[-74.05091,40.5661],[-74.05071,40.5663],[-74.05111,40.5667],[-74.0505,40.5664],[-74.05,40.5664],[-74.0493,40.5659]]]}},{"type":"Feature","properties":{},"geometry":{"type":"Polygon","coordinates":[[[-74.0537,40.5805],[-74.05289,40.5799],[-74.05309,40.5777],[-74.0541,40.5771],[-74.05491,40.5778],[-74.05481,40.5799],[-74.0537,40.5805]]]}},{"type":"Feature","properties":{},"geometry":{"type":"Polygon","coordinates":[[[-74.0736,40.6881],[-74.0721,40.687],[-74.07079,40.6868],[-74.07009,40.6843],[-74.0705,40.6839],[-74.07351,40.6862],[-74.07351,40.6868],[-74.07441,40.6875],[-74.0736,40.6881]]]}},{"type":"Feature","properties":{},"geometry":{"type":"Polygon","coordinates":[[[-74.0724,40.6884],[-74.0713,40.6872],[-74.0713,40.6872],[-74.0722,40.6873],[-74.07321,40.6883],[-74.0724,40.6884]]]}},{"type":"Feature","properties":{},"geometry":{"type":"Polygon","coordinates":[[[-74.0123,40.6926],[-74.01179,40.6925],[-74.0119,40.6921],[-74.0122,40.692],[-74.0125,40.69219],[-74.01319,40.692],[-74.01249,40.6914],[-74.01249,40.6911],[-74.01179,40.691],[-74.01219,40.691],[-74.01199,40.6906],[-74.01219,40.6905],[-74.01229,40.6893],[-74.01319,40.6882],[-74.0149,40.6873],[-74.016,40.6873],[-74.01699,40.6869],[-74.0166,40.6864],[-74.0151,40.6864],[-74.0168,40.6863],[-74.0171,40.68679],[-74.02049,40.6853],[-74.0202,40.68481],[-74.0195,40.6852],[-74.01939,40.6851],[-74.021,40.6844],[-74.02031,40.6848],[-74.0206,40.68519],[-74.02219,40.6845],[-74.0221,40.6844],[-74.02259,40.6844],[-74.02209,40.6838],[-74.0231,40.6829],[-74.02321,40.683],[-74.02241,40.6838],[-74.0228,40.68429],[-74.0242,40.6839],[-74.0257,40.6842],[-74.02661,40.6852],[-74.02641,40.6862],[-74.02021,40.692],[-74.0197,40.6931],[-74.0167,40.6933],[-74.01541,40.69311],[-74.0154,40.6933],[-74.0152,40.6933],[-74.01529,40.69302],[-74.0151,40.6932],[-74.01519,40.693],[-74.0142,40.6928],[-74.0134,40.69211],[-74.0125,40.6923],[-74.0123,40.6926]],[[-74.01329,40.69191],[-74.01321,40.692],[-74.01329,40.692],[-74.01329,40.69191]]]}},{"type":"Feature","properties":{},"geometry":{"type":"Polygon","coordinates":[[[-74.04721,40.691],[-74.0461,40.6911],[-74.0446,40.6906],[-74.0439,40.6902],[-74.0435,40.68971],[-74.0427,40.69],[-74.0426,40.69],[-74.04259,40.6899],[-74.0427,40.68999],[-74.04349,40.6896],[-74.0436,40.6888],[-74.0444,40.6885],[-74.0463,40.6893],[-74.0468,40.68999],[-74.0475,40.6896],[-74.0476,40.69],[-74.0474,40.68981],[-74.04691,40.6901],[-74.04721,40.6904],[-74.04721,40.691]]]}},{"type":"Feature","properties":{},"geometry":{"type":"Polygon","coordinates":[[[-74.0411,40.7005],[-74.0408,40.70031],[-74.04,40.7009],[-74.03769,40.6993],[-74.03809,40.699],[-74.0382,40.6984],[-74.039,40.6984],[-74.0393,40.6981],[-74.0412,40.69949],[-74.04163,40.69915],[-74.03989,40.6977],[-74.0417,40.6965],[-74.04371,40.698],[-74.043,40.699],[-74.0411,40.7005]]]}},{"type":"Feature","properties":{},"geometry":{"type":"Polygon","coordinates":[[[-73.9962,40.7034],[-73.99509,40.703],[-73.9967,40.7009],[-73.99811,40.7015],[-73.9962,40.7034]]]}},{"type":"Feature","properties":{},"geometry":{"type":"Polygon","coordinates":[[[-74.08779,40.7654],[-74.08801,40.7645],[-74.0879,40.767],[-74.08779,40.7654]]]}},{"type":"Feature","properties":{},"geometry":{"type":"Polygon","coordinates":[[[-74.088,40.7676],[-74.08841,40.7693],[-74.0887,40.7718],[-74.08869,40.7718],[-74.088,40.7676]]]}},{"type":"Feature","properties":{},"geometry":{"type":"Polygon","coordinates":[[[-74.09,40.7781],[-74.08911,40.7796],[-74.0877,40.7814],[-74.08769,40.7814],[-74.09,40.7781]]]}},{"type":"Feature","properties":{},"geometry":{"type":"Polygon","coordinates":[[[-74.0705,40.7977],[-74.0733,40.7972],[-74.06899,40.7984],[-74.0705,40.7977]]]}},{"type":"Feature","properties":{},"geometry":{"type":"Polygon","coordinates":[[[-74.10719,40.8575],[-74.10761,40.8568],[-74.1069,40.8591],[-74.10719,40.8575]]]}},{"type":"Feature","properties":{},"geometry":{"type":"Polygon","coordinates":[[[-74.1075,40.8632],[-74.10699,40.8619],[-74.1068,40.8595],[-74.10681,40.8595],[-74.1075,40.8632]]]}},{"type":"Feature","properties":{},"geometry":{"type":"Polygon","coordinates":[[[-74.10169,41.2961],[-74.10291,41.2952],[-74.1022,41.2966],[-74.10169,41.2961]]]}},{"type":"Feature","properties":{},"geometry":{"type":"Polygon","coordinates":[[[-73.96569,41.4155],[-73.96521,41.414],[-73.9674,41.4187],[-73.96569,41.4155]]]}},{"type":"Feature","properties":{},"geometry":{"type":"Polygon","coordinates":[[[-73.9684,41.4201],[-73.9676,41.419],[-73.9701,41.4217],[-73.9684,41.4201]]]}},{"type":"Feature","properties":{},"geometry":{"type":"Polygon","coordinates":[[[-73.9714,41.4228],[-73.9725,41.4243],[-73.9703,41.422],[-73.9714,41.4228]]]}},{"type":"Feature","properties":{},"geometry":{"type":"Polygon","coordinates":[[[-73.99961,41.455],[-73.99973,41.45574],[-73.9979,41.4524],[-73.99961,41.455]]]}},{"type":"Feature","properties":{},"geometry":{"type":"Polygon","coordinates":[[[-73.9784,40.3427],[-73.97809,40.3419],[-73.9781,40.3419],[-73.97901,40.3423],[-73.9784,40.3427]]]}},{"type":"Feature","properties":{},"geometry":{"type":"Polygon","coordinates":[[[-73.8664,40.5919],[-73.8643,40.5914],[-73.8633,40.5909],[-73.86269,40.5904],[-73.86269,40.5901],[-73.86129,40.588],[-73.86169,40.5861],[-73.8633,40.5839],[-73.8638,40.5836],[-73.8645,40.5836],[-73.8677,40.5817],[-73.869,40.5817],[-73.87051,40.5833],[-73.87061,40.5849],[-73.87121,40.5869],[-73.8698,40.5895],[-73.8685,40.5901],[-73.8664,40.5919]]]}},{"type":"Feature","properties":{},"geometry":{"type":"Polygon","coordinates":[[[-73.91439,40.596],[-73.91309,40.5941],[-73.91329,40.5922],[-73.91289,40.5921],[-73.9144,40.5915],[-73.9152,40.5916],[-73.916,40.5922],[-73.91701,40.5939],[-73.9185,40.5952],[-73.9206,40.59639],[-73.9208,40.5963],[-73.92091,40.5966],[-73.92181,40.5973],[-73.92231,40.5984],[-73.9216,40.5991],[-73.9208,40.5995],[-73.9189,40.5996],[-73.9163,40.5982],[-73.9151,40.5965],[-73.91439,40.596]]]}},{"type":"Feature","properties":{},"geometry":{"type":"Polygon","coordinates":[[[-73.8697,40.5967],[-73.87021,40.597],[-73.8695,40.5987],[-73.86949,40.5987],[-73.8697,40.5967]]]}},{"type":"Feature","properties":{},"geometry":{"type":"Polygon","coordinates":[[[-73.8702,40.599],[-73.87111,40.5989],[-73.8705,40.6026],[-73.87029,40.6017],[-73.8702,40.599]]]}},{"type":"Feature","properties":{},"geometry":{"type":"Polygon","coordinates":[[[-73.8683,40.6031],[-73.8679,40.604],[-73.867,40.6042],[-73.86699,40.6037],[-73.8677,40.6031],[-73.8683,40.6031]]]}},{"type":"Feature","properties":{},"geometry":{"type":"Polygon","coordinates":[[[-73.87099,40.6097],[-73.87079,40.6087],[-73.86969,40.6065],[-73.8711,40.6047],[-73.87111,40.6063],[-73.87251,40.6082],[-73.87301,40.6106],[-73.8718,40.6103],[-73.87099,40.6097]]]}},{"type":"Feature","properties":{},"geometry":{"type":"Polygon","coordinates":[[[-73.86699,40.6081],[-73.8687,40.607],[-73.8687,40.607],[-73.8687,40.6082],[-73.8678,40.6085],[-73.86699,40.6081]]]}},{"type":"Feature","properties":{},"geometry":{"type":"Polygon","coordinates":[[[-73.879,40.6161],[-73.87971,40.617],[-73.87971,40.6189],[-73.87941,40.6199],[-73.8778,40.6217],[-73.8775,40.6217],[-73.8766,40.6222],[-73.8759,40.6229],[-73.8748,40.6236],[-73.8665,40.6283],[-73.8655,40.6279],[-73.8652,40.6277],[-73.86469,40.6265],[-73.86499,40.6257],[-73.8653,40.6255],[-73.86589,40.6244],[-73.86629,40.6242],[-73.86649,40.6234],[-73.86639,40.623],[-73.86519,40.6219],[-73.86489,40.6211],[-73.86539,40.6198],[-73.86529,40.6194],[-73.86549,40.6189],[-73.8662,40.6181],[-73.8682,40.6174],[-73.8715,40.6167],[-73.8722,40.6163],[-73.874,40.6158],[-73.8786,40.6159],[-73.879,40.6161]]]}},{"type":"Feature","properties":{},"geometry":{"type":"Polygon","coordinates":[[[-73.8634,40.6242],[-73.8631,40.624],[-73.8626,40.624],[-73.86199,40.6243],[-73.8622,40.6238],[-73.8625,40.62389],[-73.86279,40.6236],[-73.8627,40.6234],[-73.863,40.6233],[-73.8635,40.6234],[-73.86381,40.624],[-73.86341,40.62391],[-73.8634,40.6242]]]}},{"type":"Feature","properties":{},"geometry":{"type":"Polygon","coordinates":[[[-74.01221,40.6841],[-74.0084,40.6864],[-74.0082,40.6862],[-74.01004,40.68505],[-74.008,40.6863],[-74.0078,40.68621],[-74.007,40.6865],[-74.0059,40.68621],[-74.00561,40.6868],[-74.00781,40.6874],[-74.0074,40.6882],[-74.00503,40.68761],[-74.00461,40.6882],[-74.0068,40.6888],[-74.00641,40.6897],[-74.0038,40.68891],[-74.00343,40.6896],[-74.0058,40.6902],[-74.0053,40.6911],[-74.002,40.69011],[-74.0019,40.6904],[-74.001,40.69011],[-74.00071,40.6906],[-74.00481,40.6918],[-74.0044,40.6925],[-74.002,40.69181],[-74.00181,40.6922],[-74.002,40.69229],[-74.00221,40.6922],[-74.0021,40.6924],[-74.0018,40.69221],[-74.00171,40.6924],[-74.00401,40.6932],[-74.00351,40.6941],[-74.00133,40.69332],[-74.00101,40.6941],[-74.00301,40.6948],[-74.0024,40.6957],[-74.0003,40.69501],[-73.99941,40.6964],[-73.99951,40.6967],[-73.99891,40.6969],[-73.99891,40.6972],[-74.001,40.6979],[-74.00051,40.6988],[-73.9984,40.6981],[-73.99864,40.69766],[-73.99769,40.69929],[-73.998,40.6988],[-74.00001,40.6995],[-73.9995,40.7003],[-73.9975,40.69961],[-73.99721,40.6998],[-73.99721,40.7001],[-73.99501,40.7031],[-73.99541,40.7033],[-73.99531,40.7036],[-73.9948,40.70331],[-73.99471,40.7034],[-73.99501,40.7038],[-73.99471,40.704],[-73.99481,40.7042],[-73.9946,40.7044],[-73.9939,40.7046],[-73.9938,40.70441],[-73.9936,40.7046],[-73.9921,40.7047],[-73.9919,40.7041],[-73.9909,40.704],[-73.9902,40.7049],[-73.98831,40.70451],[-73.9883,40.7051],[-73.9869,40.7052],[-73.9865,40.70501],[-73.9864,40.7053],[-73.98248,40.70558],[-73.9824,40.7058],[-73.981,40.7059],[-73.9823,40.7057],[-73.98236,40.70557],[-73.98091,40.70541],[-73.9809,40.7059],[-73.9796,40.7057],[-73.97911,40.7059],[-73.9791,40.706],[-73.97889,40.7059],[-73.9791,40.7059],[-73.97919,40.7056],[-73.979,40.7055],[-73.9785,40.7056],[-73.97859,40.705],[-73.978,40.7043],[-73.97719,40.7042],[-73.97739,40.70312],[-73.9773,40.7032],[-73.9771,40.70301],[-73.97621,40.7048],[-73.97599,40.7047],[-73.97689,40.7028],[-73.9762,40.70221],[-73.9755,40.703],[-73.9753,40.703],[-73.97599,40.7019],[-73.9754,40.7019],[-73.97459,40.7016],[-73.97579,40.6998],[-73.9757,40.6996],[-73.9754,40.6996],[-73.9741,40.7013],[-73.9726,40.70011],[-73.97241,40.7002],[-73.97381,40.7015],[-73.9732,40.7017],[-73.9711,40.69991],[-73.97081,40.7],[-73.97331,40.7024],[-73.9728,40.7027],[-73.9698,40.70021],[-73.96951,40.7005],[-73.9728,40.7033],[-73.97271,40.7035],[-73.9692,40.70141],[-73.96891,40.7016],[-73.97231,40.7038],[-73.9722,40.704],[-73.9715,40.7035],[-73.97091,40.7036],[-73.971,40.7038],[-73.9747,40.7061],[-73.9744,40.7063],[-73.9734,40.70571],[-73.97251,40.7062],[-73.97461,40.7077],[-73.9742,40.708],[-73.9712,40.70581],[-73.97101,40.7068],[-73.97281,40.7088],[-73.9723,40.7091],[-73.97029,40.7069],[-73.97049,40.7054],[-73.97019,40.7054],[-73.97019,40.7049],[-73.9676,40.70331],[-73.96751,40.7039],[-73.96931,40.7051],[-73.96931,40.7071],[-73.96981,40.708],[-73.96991,40.7093],[-73.96961,40.7103],[-73.97011,40.7105],[-73.9697,40.7105],[-73.96961,40.7107],[-73.96981,40.7108],[-73.96941,40.711],[-73.96991,40.7113],[-73.9693,40.71111],[-73.96921,40.7112],[-73.96881,40.7123],[-73.96891,40.7126],[-73.9687,40.7129],[-73.96841,40.7129],[-73.96881,40.7132],[-73.96741,40.7165],[-73.96721,40.7166],[-73.96711,40.7169],[-73.96731,40.717],[-73.9663,40.7183],[-73.96511,40.7192],[-73.96541,40.7196],[-73.96511,40.7203],[-73.96561,40.7207],[-73.9645,40.72001],[-73.96431,40.7202],[-73.96441,40.7204],[-73.96411,40.7208],[-73.96441,40.721],[-73.9643,40.7211],[-73.96402,40.72092],[-73.96301,40.722],[-73.96191,40.7241],[-73.96171,40.7249],[-73.96211,40.7251],[-73.9619,40.7253],[-73.9615,40.72511],[-73.9612,40.7253],[-73.9583,40.7244],[-73.958,40.7244],[-73.95791,40.7246],[-73.9584,40.7254],[-73.9601,40.7253],[-73.9603,40.7259],[-73.9616,40.7259],[-73.96161,40.7267],[-73.96101,40.7287],[-73.96141,40.7309],[-73.9617,40.73156],[-73.9637,40.7312],[-73.96371,40.7314],[-73.9633,40.7315],[-73.96172,40.7316],[-73.96231,40.7329],[-73.96211,40.7345],[-73.9598,40.7371],[-73.9569,40.7389],[-73.9548,40.7391],[-73.9532,40.739],[-73.9504,40.7383],[-73.9465,40.7369],[-73.94719,40.7354],[-73.94709,40.7344],[-73.94661,40.7344],[-73.94671,40.7353],[-73.9462,40.7362],[-73.9459,40.73611],[-73.9456,40.7366],[-73.945,40.7364],[-73.94529,40.7359],[-73.945,40.73541],[-73.9445,40.7363],[-73.9417,40.735],[-73.94179,40.7349],[-73.94109,40.7342],[-73.94099,40.7338],[-73.94119,40.7337],[-73.9408,40.73321],[-73.94069,40.7333],[-73.94039,40.7322],[-73.93979,40.7312],[-73.9381,40.7297],[-73.9369,40.7291],[-73.9349,40.7285],[-73.9303,40.7278],[-73.9297,40.72751],[-73.9296,40.7276],[-73.9292,40.7274],[-73.92789,40.7259],[-73.92779,40.7249],[-73.9256,40.72011],[-73.9248,40.7203],[-73.92449,40.7196],[-73.9248,40.7185],[-73.9284,40.7176],[-73.9289,40.71769],[-73.92969,40.717],[-73.92929,40.7161],[-73.9295,40.7157],[-73.93219,40.715],[-73.9321,40.7147],[-73.9318,40.7147],[-73.93139,40.7144],[-73.93119,40.7137],[-73.9316,40.7133],[-73.93259,40.7131],[-73.932,40.7116],[-73.93339,40.7112],[-73.9333,40.71101],[-73.9319,40.7113],[-73.93079,40.709],[-73.9304,40.70871],[-73.93031,40.7089],[-73.93151,40.7119],[-73.93086,40.71218],[-73.9316,40.712],[-73.93181,40.7126],[-73.93041,40.7132],[-73.93111,40.7146],[-73.9309,40.7149],[-73.92841,40.7155],[-73.92891,40.7166],[-73.9287,40.7168],[-73.9282,40.7171],[-73.9246,40.718],[-73.92359,40.7173],[-73.92309,40.7163],[-73.9243,40.7158],[-73.92489,40.7153],[-73.9243,40.7141],[-73.92371,40.7141],[-73.92411,40.7151],[-73.9235,40.7156],[-73.9223,40.7161],[-73.92061,40.71581],[-73.92061,40.716],[-73.9222,40.7164],[-73.92281,40.7175],[-73.92351,40.7181],[-73.92391,40.719],[-73.92401,40.7197],[-73.92381,40.7201],[-73.92421,40.7209],[-73.92421,40.7214],[-73.92521,40.7224],[-73.9244,40.7236],[-73.9221,40.7237],[-73.9207,40.72331],[-73.92041,40.7237],[-73.9217,40.7241],[-73.9242,40.7243],[-73.9249,40.7245],[-73.9266,40.7257],[-73.9272,40.7265],[-73.9292,40.7283],[-73.9304,40.7286],[-73.9345,40.7291],[-73.9364,40.7297],[-73.938,40.7305],[-73.93911,40.7314],[-73.9399,40.73329],[-73.94,40.7332],[-73.94021,40.7335],[-73.94001,40.7335],[-73.94011,40.7338],[-73.94091,40.7351],[-73.9416,40.7358],[-73.9422,40.7362],[-73.94591,40.7375],[-73.9455,40.7378],[-73.94261,40.7388],[-73.94281,40.7389],[-73.9426,40.739],[-73.9415,40.7392],[-73.94051,40.7401],[-73.94041,40.7403],[-73.94061,40.7404],[-73.9391,40.7426],[-73.9387,40.74251],[-73.93861,40.7429],[-73.94,40.74319],[-73.94009,40.7428],[-73.93969,40.7427],[-73.94119,40.7403],[-73.9418,40.7397],[-73.94259,40.7394],[-73.9427,40.7391],[-73.9438,40.7389],[-73.9455,40.7382],[-73.9472,40.7379],[-73.9519,40.7395],[-73.9538,40.7398],[-73.9574,40.7396],[-73.9601,40.7385],[-73.9603,40.7382],[-73.9607,40.7381],[-73.9622,40.7383],[-73.96211,40.7385],[-73.9625,40.7386],[-73.96261,40.739],[-73.9622,40.74],[-73.9618,40.74],[-73.96121,40.7404],[-73.9618,40.7406],[-73.96191,40.7408],[-73.9618,40.7411],[-73.96121,40.7411],[-73.96111,40.7418],[-73.96161,40.742],[-73.96111,40.7428],[-73.9605,40.7435],[-73.9598,40.7435],[-73.9594,40.7443],[-73.95881,40.7446],[-73.95881,40.7449],[-73.95961,40.7452],[-73.95855,40.74501],[-73.9593,40.7453],[-73.95931,40.7455],[-73.9591,40.7458],[-73.95853,40.7458],[-73.95911,40.746],[-73.95831,40.7471],[-73.95851,40.7471],[-73.957,40.7489],[-73.9549,40.748],[-73.9532,40.74771],[-73.95311,40.7481],[-73.9548,40.7484],[-73.9563,40.7491],[-73.95581,40.7496],[-73.95621,40.7497],[-73.9555,40.7497],[-73.9553,40.75],[-73.9551,40.74961],[-73.95451,40.7506],[-73.95471,40.7508],[-73.95451,40.7512],[-73.9513,40.7546],[-73.9435,40.7645],[-73.9413,40.7669],[-73.9398,40.768],[-73.9394,40.7682],[-73.939,40.76801],[-73.938,40.7688],[-73.9375,40.769],[-73.9368,40.76891],[-73.93671,40.7693],[-73.9364,40.7695],[-73.9357,40.7694],[-73.93491,40.77],[-73.93471,40.7704],[-73.93511,40.7705],[-73.93501,40.7712],[-73.9345,40.7712],[-73.93441,40.7715],[-73.9375,40.7725],[-73.93791,40.7741],[-73.93771,40.7751],[-73.9361,40.7772],[-73.9347,40.7781],[-73.9338,40.7781],[-73.9318,40.7779],[-73.931,40.7774],[-73.9306,40.7766],[-73.9299,40.77621],[-73.9286,40.7766],[-73.9263,40.7782],[-73.9249,40.7786],[-73.923,40.7804],[-73.9221,40.7809],[-73.9191,40.7834],[-73.91721,40.7842],[-73.91721,40.7846],[-73.9168,40.7852],[-73.9158,40.7861],[-73.91531,40.7862],[-73.91561,40.7864],[-73.9126,40.7894],[-73.91239,40.7893],[-73.91268,40.78901],[-73.9122,40.7892],[-73.9118,40.7897],[-73.9117,40.78961],[-73.91091,40.7898],[-73.9109,40.79],[-73.9099,40.7909],[-73.9025,40.78951],[-73.9024,40.7896],[-73.9003,40.789],[-73.8969,40.7866],[-73.8964,40.78591],[-73.8962,40.786],[-73.89599,40.7858],[-73.89619,40.7857],[-73.8958,40.7852],[-73.89749,40.784],[-73.8977,40.7836],[-73.8988,40.7827],[-73.9011,40.7827],[-73.90219,40.7818],[-73.90269,40.7806],[-73.90259,40.7803],[-73.9023,40.78021],[-73.90201,40.7812],[-73.9013,40.7819],[-73.9012,40.78181],[-73.9003,40.7822],[-73.8987,40.782],[-73.8972,40.7828],[-73.8971,40.78271],[-73.8947,40.7841],[-73.89449,40.7841],[-73.89609,40.7832],[-73.89479,40.7823],[-73.89534,40.78175],[-73.89459,40.7823],[-73.89522,40.78167],[-73.8942,40.7825],[-73.8938,40.7824],[-73.8931,40.78181],[-73.89231,40.7825],[-73.89281,40.7829],[-73.8927,40.783],[-73.8917,40.7822],[-73.8922,40.78239],[-73.89299,40.7818],[-73.8923,40.78131],[-73.8921,40.7814],[-73.89219,40.7812],[-73.89169,40.7809],[-73.89159,40.7806],[-73.89249,40.7798],[-73.89249,40.7796],[-73.8918,40.7796],[-73.89119,40.7786],[-73.89249,40.7774],[-73.89142,40.77633],[-73.89151,40.7765],[-73.8911,40.7771],[-73.8906,40.7774],[-73.8904,40.7778],[-73.89009,40.7778],[-73.88949,40.7755],[-73.88979,40.7742],[-73.89009,40.774],[-73.89019,40.77361],[-73.8899,40.7738],[-73.8895,40.7735],[-73.88431,40.7742],[-73.88461,40.7744],[-73.88481,40.775],[-73.88481,40.7753],[-73.88441,40.7755],[-73.88531,40.7786],[-73.88511,40.7787],[-73.8849,40.78],[-73.8839,40.7803],[-73.8827,40.7802],[-73.8814,40.7806],[-73.87961,40.7807],[-73.8796,40.7809],[-73.8795,40.78071],[-73.8792,40.7808],[-73.87871,40.78061],[-73.87931,40.7819],[-73.8783,40.783],[-73.8752,40.78151],[-73.8748,40.7817],[-73.8712,40.786],[-73.8698,40.78531],[-73.8681,40.7875],[-73.8679,40.7874],[-73.86989,40.7851],[-73.86939,40.7836],[-73.8705,40.7823],[-73.8715,40.7821],[-73.87259,40.7808],[-73.8647,40.7767],[-73.8589,40.774],[-73.85899,40.7739],[-73.8551,40.7722],[-73.85509,40.7718],[-73.8565,40.7703],[-73.8567,40.7702],[-73.85789,40.77069],[-73.85779,40.7704],[-73.85799,40.7702],[-73.8573,40.7702],[-73.8568,40.7695],[-73.8562,40.7692],[-73.8562,40.7689],[-73.857,40.76909],[-73.8588,40.7673],[-73.8594,40.7671],[-73.8609,40.7669],[-73.8611,40.76729],[-73.8613,40.7669],[-73.86279,40.7668],[-73.86119,40.765],[-73.8595,40.7626],[-73.8589,40.7624],[-73.85899,40.7622],[-73.8586,40.7619],[-73.8553,40.7606],[-73.8547,40.7602],[-73.8537,40.7602],[-73.85281,40.76001],[-73.8528,40.7601],[-73.8527,40.7601],[-73.85279,40.76],[-73.8527,40.75991],[-73.8525,40.7601],[-73.8525,40.76],[-73.85269,40.7599],[-73.8516,40.7594],[-73.8507,40.7594],[-73.8499,40.7597],[-73.84931,40.7602],[-73.8499,40.76109],[-73.852,40.7602],[-73.8521,40.7604],[-73.8498,40.7613],[-73.8492,40.7603],[-73.8487,40.76011],[-73.84361,40.7634],[-73.8437,40.7636],[-73.8434,40.76341],[-73.84311,40.7636],[-73.84301,40.7643],[-73.8427,40.7646],[-73.8405,40.7654],[-73.8396,40.7653],[-73.83911,40.766],[-73.8395,40.7661],[-73.83971,40.7664],[-73.83961,40.7671],[-73.8399,40.7671],[-73.8403,40.7663],[-73.842,40.766],[-73.8423,40.7658],[-73.843,40.7659],[-73.8439,40.7655],[-73.8453,40.7657],[-73.8465,40.7663],[-73.8472,40.7663],[-73.8478,40.7668],[-73.84861,40.7681],[-73.84831,40.7682],[-73.84821,40.7685],[-73.8486,40.7686],[-73.84901,40.7691],[-73.84851,40.7697],[-73.84871,40.7708],[-73.8495,40.7713],[-73.8499,40.7719],[-73.85029,40.7719],[-73.8503,40.7717],[-73.85041,40.7718],[-73.8503,40.7719],[-73.8498,40.7722],[-73.84901,40.7736],[-73.84921,40.7747],[-73.84891,40.7756],[-73.84921,40.7758],[-73.84901,40.7781],[-73.84971,40.7784],[-73.84951,40.7785],[-73.84951,40.7787],[-73.84981,40.7788],[-73.84961,40.7792],[-73.84981,40.7798],[-73.84961,40.78],[-73.8505,40.78],[-73.8516,40.7799],[-73.85171,40.78],[-73.8505,40.78],[-73.84951,40.7801],[-73.84991,40.7811],[-73.8498,40.7816],[-73.84923,40.7816],[-73.84951,40.7817],[-73.84921,40.7823],[-73.8503,40.7825],[-73.8531,40.7823],[-73.8532,40.7821],[-73.8537,40.782],[-73.8553,40.782],[-73.85551,40.7831],[-73.85649,40.78339],[-73.8564,40.7832],[-73.85669,40.7832],[-73.8566,40.7829],[-73.8568,40.7834],[-73.8573,40.7834],[-73.8581,40.7837],[-73.85801,40.7847],[-73.8585,40.7852],[-73.859,40.7852],[-73.85911,40.7854],[-73.85891,40.7856],[-73.85911,40.7856],[-73.85901,40.786],[-73.85861,40.7861],[-73.85871,40.7865],[-73.858,40.7871],[-73.857,40.78661],[-73.8564,40.787],[-73.8559,40.7877],[-73.8535,40.7878],[-73.85282,40.7882],[-73.8544,40.7883],[-73.85481,40.7886],[-73.85481,40.789],[-73.8545,40.7903],[-73.85271,40.7911],[-73.85291,40.7916],[-73.85381,40.7923],[-73.85361,40.7931],[-73.85371,40.794],[-73.85261,40.7945],[-73.8526,40.7949],[-73.8516,40.7941],[-73.8491,40.7934],[-73.84881,40.7935],[-73.84911,40.7941],[-73.84881,40.7945],[-73.84891,40.7951],[-73.8487,40.7954],[-73.8479,40.7958],[-73.8462,40.7962],[-73.846,40.796],[-73.8456,40.796],[-73.84529,40.7954],[-73.8446,40.7949],[-73.8435,40.7949],[-73.84331,40.795],[-73.8433,40.7955],[-73.84281,40.79521],[-73.8433,40.7962],[-73.8428,40.79541],[-73.84231,40.7956],[-73.8429,40.7969],[-73.8422,40.7956],[-73.8419,40.7956],[-73.8414,40.79511],[-73.84131,40.7962],[-73.8406,40.7968],[-73.84011,40.7969],[-73.8404,40.7977],[-73.8392,40.7979],[-73.8384,40.7984],[-73.8379,40.7985],[-73.8392,40.7978],[-73.84029,40.7976],[-73.84,40.79691],[-73.839,40.7971],[-73.8384,40.7968],[-73.83709,40.7939],[-73.83659,40.7925],[-73.83659,40.7918],[-73.8373,40.7914],[-73.83749,40.791],[-73.83749,40.7905],[-73.83679,40.7905],[-73.83749,40.7904],[-73.8372,40.78942],[-73.8371,40.7896],[-73.8357,40.7896],[-73.8353,40.7892],[-73.8341,40.7891],[-73.8338,40.7885],[-73.8329,40.7885],[-73.8321,40.7888],[-73.83161,40.7893],[-73.83201,40.7894],[-73.83211,40.79],[-73.8314,40.7914],[-73.8307,40.7917],[-73.83,40.7916],[-73.8291,40.7919],[-73.82851,40.7925],[-73.8293,40.7929],[-73.8292,40.793],[-73.8284,40.79261],[-73.82791,40.7929],[-73.82801,40.7948],[-73.8291,40.7965],[-73.8274,40.7967],[-73.82701,40.7971],[-73.82721,40.7976],[-73.8267,40.7978],[-73.8261,40.7973],[-73.8253,40.7973],[-73.82401,40.798],[-73.8241,40.7982],[-73.82351,40.7983],[-73.8237,40.7989],[-73.8234,40.79841],[-73.8226,40.7989],[-73.821,40.8005],[-73.8198,40.8008],[-73.8192,40.8006],[-73.8172,40.7992],[-73.8165,40.799],[-73.8161,40.7986],[-73.8136,40.79741],[-73.8134,40.7977],[-73.81349,40.79692],[-73.8132,40.7972],[-73.8129,40.7972],[-73.81251,40.798],[-73.8122,40.7981],[-73.8118,40.798],[-73.81179,40.7975],[-73.8116,40.7974],[-73.8088,40.7968],[-73.8064,40.7964],[-73.8059,40.7965],[-73.8054,40.79621],[-73.8053,40.7965],[-73.80529,40.7962],[-73.8047,40.7962],[-73.8046,40.7964],[-73.80459,40.79611],[-73.80421,40.7962],[-73.8041,40.7967],[-73.80409,40.79621],[-73.8038,40.7965],[-73.80379,40.79631],[-73.8036,40.7964],[-73.8034,40.7967],[-73.803,40.7967],[-73.80299,40.7964],[-73.8026,40.7963],[-73.801,40.7965],[-73.8009,40.7963],[-73.7996,40.7963],[-73.7987,40.796],[-73.7984,40.7957],[-73.7979,40.79561],[-73.79771,40.796],[-73.7976,40.796],[-73.79789,40.7956],[-73.7972,40.7955],[-73.79729,40.7953],[-73.7957,40.795],[-73.7951,40.7951],[-73.79509,40.7949],[-73.7946,40.7949],[-73.79429,40.7943],[-73.79429,40.7936],[-73.79489,40.7918],[-73.7938,40.7891],[-73.7926,40.78881],[-73.7903,40.7903],[-73.7857,40.7903],[-73.7838,40.7906],[-73.7825,40.7914],[-73.7817,40.79111],[-73.78121,40.7915],[-73.78091,40.7922],[-73.78081,40.794],[-73.781,40.7944],[-73.7819,40.7949],[-73.78331,40.7949],[-73.782,40.795],[-73.7815,40.7957],[-73.7798,40.7962],[-73.7794,40.7967],[-73.7775,40.7966],[-73.7762,40.7961],[-73.77469,40.7949],[-73.77399,40.794],[-73.77359,40.7927],[-73.77239,40.7915],[-73.77229,40.7905],[-73.77059,40.7885],[-73.7708,40.788],[-73.7717,40.7875],[-73.7738,40.7868],[-73.7743,40.7868],[-73.77421,40.7871],[-73.775,40.7874],[-73.77621,40.78842],[-73.7745,40.7867],[-73.7743,40.7867],[-73.77409,40.7859],[-73.7716,40.783],[-73.7682,40.7796],[-73.76819,40.77941],[-73.7672,40.7799],[-73.7669,40.7798],[-73.7671,40.7797],[-73.76819,40.7794],[-73.76759,40.7783],[-73.76709,40.7768],[-73.76509,40.7738],[-73.7642,40.7728],[-73.7606,40.7698],[-73.7596,40.7687],[-73.7589,40.7683],[-73.75859,40.7674],[-73.7579,40.76691],[-73.7574,40.7672],[-73.7564,40.7665],[-73.75649,40.76631],[-73.756,40.7665],[-73.7549,40.7661],[-73.7522,40.7638],[-73.7511,40.7618],[-73.75,40.7613],[-73.7491,40.7612],[-73.74752,40.75993],[-73.7485,40.7614],[-73.7489,40.76169],[-73.74919,40.7616],[-73.7492,40.7614],[-73.75,40.7616],[-73.7512,40.7625],[-73.75171,40.7637],[-73.753,40.7648],[-73.75511,40.7675],[-73.75491,40.7684],[-73.75441,40.7688],[-73.75471,40.7688],[-73.75471,40.7697],[-73.75561,40.7715],[-73.7544,40.772],[-73.75361,40.7727],[-73.75341,40.7732],[-73.75401,40.7743],[-73.75421,40.7753],[-73.75521,40.7765],[-73.75491,40.7769],[-73.75481,40.7776],[-73.7555,40.7776],[-73.75551,40.7777],[-73.7548,40.77761],[-73.75441,40.7781],[-73.75401,40.7796],[-73.75301,40.7809],[-73.753,40.7813],[-73.752,40.7822],[-73.7511,40.7826],[-73.7507,40.7826],[-73.7502,40.7824],[-73.7499,40.7819],[-73.7495,40.7818],[-73.749,40.7811],[-73.74819,40.7808],[-73.74799,40.7805],[-73.74809,40.7802],[-73.74739,40.7794],[-73.74779,40.7791],[-73.7469,40.7789],[-73.746,40.7783],[-73.7458,40.7779],[-73.74561,40.77781],[-73.74571,40.7782],[-73.74611,40.7785],[-73.74601,40.7789],[-73.7454,40.779],[-73.7451,40.7782],[-73.7448,40.7782],[-73.74459,40.7779],[-73.74487,40.77762],[-73.7447,40.7777],[-73.74469,40.7775],[-73.74441,40.7775],[-73.74441,40.7781],[-73.74411,40.7783],[-73.74431,40.7784],[-73.744,40.7786],[-73.74135,40.77703],[-73.74681,40.7804],[-73.74611,40.7807],[-73.74611,40.7823],[-73.747,40.78409],[-73.7482,40.7838],[-73.749,40.7842],[-73.75241,40.7869],[-73.75341,40.7944],[-73.75401,40.7959],[-73.75381,40.7975],[-73.7534,40.7977],[-73.75201,40.7976],[-73.75191,40.7988],[-73.7554,40.8022],[-73.7582,40.8025],[-73.75931,40.8036],[-73.7602,40.8053],[-73.7632,40.8066],[-73.76361,40.8074],[-73.76331,40.8084],[-73.76431,40.8119],[-73.7585,40.817],[-73.7572,40.8175],[-73.7546,40.8194],[-73.75341,40.8211],[-73.75271,40.8243],[-73.75351,40.8252],[-73.75361,40.8273],[-73.75631,40.8305],[-73.75681,40.8335],[-73.75431,40.8352],[-73.75411,40.8372],[-73.753,40.8384],[-73.75019,40.8356],[-73.75009,40.8346],[-73.7496,40.8341],[-73.7464,40.8329],[-73.7436,40.8327],[-73.7412,40.831],[-73.7389,40.8279],[-73.732,40.8269],[-73.73119,40.8249],[-73.73,40.8235],[-73.7283,40.8233],[-73.7267,40.8237],[-73.7218,40.8218],[-73.71719,40.8153],[-73.71779,40.815],[-73.71799,40.8142],[-73.71529,40.8088],[-73.71589,40.8064],[-73.71679,40.8061],[-73.71239,40.7976],[-73.71059,40.7963],[-73.71039,40.7945],[-73.7095,40.79302],[-73.70921,40.796],[-73.71041,40.7981],[-73.71041,40.7991],[-73.70941,40.7993],[-73.70941,40.7998],[-73.7106,40.8001],[-73.71091,40.8007],[-73.71091,40.8058],[-73.70761,40.8136],[-73.7052,40.8152],[-73.70372,40.81441],[-73.70471,40.816],[-73.70391,40.818],[-73.70531,40.8216],[-73.70531,40.8238],[-73.70321,40.8298],[-73.70281,40.8322],[-73.70002,40.8335],[-73.70002,40.83424],[-73.7008,40.8351],[-73.7038,40.83719],[-73.70459,40.8369],[-73.7046,40.8365],[-73.7061,40.8353],[-73.7074,40.8351],[-73.7083,40.8336],[-73.7105,40.8348],[-73.71291,40.8391],[-73.7102,40.8399],[-73.70892,40.84139],[-73.7108,40.8408],[-73.712,40.84119],[-73.71359,40.8403],[-73.7141,40.8386],[-73.7219,40.8371],[-73.7254,40.8393],[-73.727,40.839],[-73.72849,40.8379],[-73.72859,40.8371],[-73.72729,40.8347],[-73.72719,40.8333],[-73.7278,40.8332],[-73.72961,40.8367],[-73.72961,40.8412],[-73.73001,40.8422],[-73.73761,40.8484],[-73.7371,40.8497],[-73.7344,40.8501],[-73.72791,40.8529],[-73.72671,40.8568],[-73.72921,40.8622],[-73.72921,40.8635],[-73.73051,40.8656],[-73.7297,40.8664],[-73.7289,40.8664],[-73.7237,40.8654],[-73.7205,40.8657],[-73.7175,40.8688],[-73.7141,40.87],[-73.7129,40.8692],[-73.7053,40.8664],[-73.7019,40.8656],[-73.6767,40.8572],[-73.67609,40.8545],[-73.66849,40.8433],[-73.66179,40.8363],[-73.66199,40.835],[-73.6552,40.8292],[-73.65069,40.8284],[-73.65719,40.8256],[-73.65479,40.8241],[-73.65439,40.811],[-73.65239,40.8099],[-73.65209,40.8081],[-73.65339,40.8063],[-73.64962,40.80084],[-73.65091,40.8043],[-73.64711,40.8098],[-73.64711,40.8205],[-73.64382,40.82329],[-73.64731,40.8222],[-73.64801,40.8286],[-73.65311,40.836],[-73.65391,40.8444],[-73.65251,40.8496],[-73.64811,40.8539],[-73.64821,40.8561],[-73.6525,40.8583],[-73.65321,40.8625],[-73.65581,40.8649],[-73.65441,40.8782],[-73.6498,40.881],[-73.6427,40.8896],[-73.64051,40.8904],[-73.64161,40.8913],[-73.6404,40.894],[-73.6375,40.8955],[-73.63594,40.89346],[-73.63711,40.8956],[-73.63381,40.8982],[-73.6331,40.9027],[-73.627,40.8994],[-73.6176,40.8979],[-73.613,40.9022],[-73.60781,40.90161],[-73.6083,40.9023],[-73.6037,40.9023],[-73.5994,40.9043],[-73.59772,40.90351],[-73.59881,40.905],[-73.5946,40.9086],[-73.5802,40.91],[-73.5761,40.9112],[-73.57,40.9154],[-73.5661,40.9158],[-73.5557,40.9108],[-73.5481,40.9087],[-73.532,40.913],[-73.52811,40.915],[-73.5275,40.9166],[-73.5219,40.9182],[-73.52119,40.9148],[-73.5123,40.9114],[-73.50809,40.904],[-73.5084,40.9015],[-73.5129,40.9025],[-73.5172,40.9011],[-73.52099,40.8925],[-73.5207,40.8867],[-73.53311,40.8854],[-73.53361,40.89],[-73.5283,40.8923],[-73.52321,40.8987],[-73.52261,40.9086],[-73.52701,40.9114],[-73.52451,40.9118],[-73.527,40.91429],[-73.5365,40.9053],[-73.53859,40.9053],[-73.538,40.9046],[-73.5449,40.9039],[-73.54461,40.90489],[-73.5486,40.9037],[-73.5561,40.90629],[-73.5614,40.901],[-73.5661,40.8997],[-73.5724,40.9012],[-73.5736,40.9027],[-73.5782,40.903],[-73.5792,40.90458],[-73.57939,40.9029],[-73.5746,40.9016],[-73.57579,40.9007],[-73.5731,40.9007],[-73.57379,40.8997],[-73.57219,40.8974],[-73.57359,40.8959],[-73.57209,40.8954],[-73.5714,40.89291],[-73.57,40.8932],[-73.56849,40.8917],[-73.56759,40.8888],[-73.56411,40.88761],[-73.56531,40.8915],[-73.56721,40.8926],[-73.5673,40.897],[-73.5489,40.9023],[-73.54779,40.9011],[-73.54899,40.8948],[-73.54709,40.89],[-73.54809,40.8864],[-73.5419,40.8769],[-73.5312,40.8777],[-73.5305,40.87612],[-73.5301,40.8777],[-73.5284,40.8776],[-73.5256,40.8765],[-73.52549,40.8749],[-73.5204,40.8737],[-73.5155,40.8735],[-73.5104,40.8751],[-73.50869,40.874],[-73.51029,40.87429],[-73.5095,40.873],[-73.5071,40.872],[-73.50321,40.8726],[-73.50531,40.8753],[-73.50541,40.879],[-73.50731,40.8801],[-73.51071,40.8873],[-73.50851,40.8907],[-73.50881,40.8933],[-73.4948,40.8948],[-73.49129,40.89],[-73.48959,40.8846],[-73.49099,40.8822],[-73.4887,40.8777],[-73.4818,40.8732],[-73.4765,40.8715],[-73.4694,40.86641],[-73.4654,40.8678],[-73.46395,40.86732],[-73.4652,40.868],[-73.4639,40.8677],[-73.4639,40.8673],[-73.46989,40.8659],[-73.4671,40.8602],[-73.4641,40.85851],[-73.46121,40.8704],[-73.4638,40.8705],[-73.46747,40.87475],[-73.4657,40.8716],[-73.4695,40.8741],[-73.4697,40.87568],[-73.47041,40.8747],[-73.47231,40.8816],[-73.47231,40.8913],[-73.4753,40.8975],[-73.47941,40.8999],[-73.48511,40.9087],[-73.48681,40.9154],[-73.4899,40.9197],[-73.49651,40.9231],[-73.49281,40.9414],[-73.4854,40.9464],[-73.4784,40.9423],[-73.4637,40.9377],[-73.438,40.9347],[-73.43019,40.9287],[-73.42939,40.9207],[-73.43359,40.9173],[-73.4354,40.914],[-73.43101,40.92428],[-73.4348,40.9212],[-73.4442,40.9199],[-73.4492,40.9154],[-73.456,40.9138],[-73.4617,40.9148],[-73.4685,40.9137],[-73.4746,40.9142],[-73.48479,40.9117],[-73.48409,40.909],[-73.48101,40.90751],[-73.4821,40.9103],[-73.48001,40.90971],[-73.48,40.9109],[-73.4723,40.9122],[-73.4652,40.9129],[-73.4586,40.9112],[-73.4477,40.9126],[-73.4391,40.9075],[-73.43449,40.9074],[-73.4361,40.9033],[-73.43789,40.9034],[-73.4375,40.9015],[-73.4418,40.9001],[-73.4454,40.90219],[-73.44739,40.8994],[-73.4286,40.8971],[-73.42489,40.8951],[-73.42269,40.8897],[-73.42369,40.8874],[-73.4213,40.886],[-73.4189,40.8857],[-73.41651,40.8877],[-73.41661,40.8911],[-73.4233,40.89909],[-73.4249,40.8979],[-73.42561,40.8999],[-73.4287,40.90139],[-73.4302,40.8996],[-73.432,40.8998],[-73.43301,40.9023],[-73.43091,40.90509],[-73.433,40.905],[-73.4321,40.9062],[-73.4135,40.904],[-73.4026,40.9058],[-73.3964,40.9088],[-73.3865,40.9047],[-73.3836,40.9002],[-73.3808,40.8996],[-73.373,40.89301],[-73.37191,40.8946],[-73.37521,40.8974],[-73.37521,40.9008],[-73.37921,40.9023],[-73.37621,40.9124],[-73.3739,40.9129],[-73.37,40.9084],[-73.3624,40.904],[-73.35849,40.8982],[-73.3602,40.89979],[-73.36049,40.8977],[-73.36359,40.895],[-73.36409,40.8897],[-73.3624,40.88811],[-73.3597,40.8908],[-73.35421,40.8908],[-73.35431,40.8921],[-73.35741,40.8927],[-73.35361,40.8948],[-73.35251,40.8979],[-73.35821,40.9114],[-73.3554,40.9124],[-73.34934,40.91002],[-73.35401,40.913],[-73.35191,40.9184],[-73.35161,40.9227],[-73.3532,40.9243],[-73.3603,40.9252],[-73.3642,40.9288],[-73.372,40.9304],[-73.37669,40.9291],[-73.37739,40.9256],[-73.3793,40.9255],[-73.38051,40.9287],[-73.377,40.9295],[-73.3743,40.9337],[-73.3716,40.9312],[-73.36951,40.93111],[-73.38157,40.94277],[-73.37979,40.9399],[-73.37999,40.9369],[-73.37809,40.9364],[-73.37719,40.9335],[-73.38489,40.93629],[-73.38349,40.9336],[-73.38419,40.9287],[-73.38279,40.928],[-73.3882,40.9256],[-73.3895,40.9236],[-73.3985,40.9299],[-73.40331,40.9312],[-73.40241,40.9377],[-73.40341,40.9422],[-73.40191,40.947],[-73.39961,40.9481],[-73.39841,40.9539],[-73.4007,40.9539],[-73.4022,40.9476],[-73.40211,40.9544],[-73.3993,40.9557],[-73.3929,40.9553],[-73.3745,40.9376],[-73.366,40.9317],[-73.3462,40.9248],[-73.34559,40.92091],[-73.34361,40.9213],[-73.3442,40.9267],[-73.331,40.9296],[-73.2951,40.9245],[-73.2674,40.9147],[-73.252,40.911],[-73.2371,40.9091],[-73.23699,40.9072],[-73.22789,40.9032],[-73.228,40.8998],[-73.23173,40.89911],[-73.2279,40.8993],[-73.228,40.8978],[-73.2289,40.89869],[-73.22989,40.8981],[-73.22799,40.8973],[-73.22759,40.89511],[-73.2248,40.8955],[-73.2239,40.8976],[-73.2171,40.8978],[-73.212,40.8951],[-73.21229,40.89321],[-73.2109,40.8942],[-73.2093,40.89211],[-73.2088,40.8929],[-73.2067,40.8923],[-73.20489,40.8885],[-73.2023,40.8866],[-73.1986,40.8865],[-73.19529,40.884],[-73.19559,40.8786],[-73.19299,40.8727],[-73.19429,40.8693],[-73.19589,40.8689],[-73.1965,40.8669],[-73.1977,40.8671],[-73.2003,40.8652],[-73.2012,40.8638],[-73.2056,40.8623],[-73.20619,40.86081],[-73.2009,40.8635],[-73.1999,40.8651],[-73.1986,40.86441],[-73.19821,40.8647],[-73.19901,40.8657],[-73.19631,40.8667],[-73.1958,40.8686],[-73.1943,40.8686],[-73.19221,40.8726],[-73.19361,40.8823],[-73.19581,40.8872],[-73.201,40.8955],[-73.2028,40.8957],[-73.2036,40.8977],[-73.2077,40.8978],[-73.2091,40.90119],[-73.2117,40.8989],[-73.2204,40.9061],[-73.2276,40.9049],[-73.22921,40.9062],[-73.217,40.9086],[-73.173,40.9211],[-73.1545,40.9279],[-73.1492,40.9285],[-73.151,40.9257],[-73.1598,40.9212],[-73.1628,40.9208],[-73.1634,40.9203],[-73.1651,40.9218],[-73.16748,40.9218],[-73.1633,40.9198],[-73.1639,40.9189],[-73.1666,40.9187],[-73.16471,40.9196],[-73.1702,40.92089],[-73.1735,40.9187],[-73.1746,40.9196],[-73.1761,40.9195],[-73.17849,40.9174],[-73.1786,40.9161],[-73.18259,40.9134],[-73.18109,40.903],[-73.1767,40.8995],[-73.17669,40.8974],[-73.1702,40.89341],[-73.16871,40.8969],[-73.17071,40.9029],[-73.16852,40.90271],[-73.17081,40.9044],[-73.1625,40.9138],[-73.1559,40.9147],[-73.14951,40.9185],[-73.1498,40.91939],[-73.1515,40.9183],[-73.15111,40.9201],[-73.14922,40.91961],[-73.15071,40.9208],[-73.14751,40.9235],[-73.14711,40.9249],[-73.1475,40.92579],[-73.14761,40.9257],[-73.1476,40.9259],[-73.14752,40.92583],[-73.14801,40.9269],[-73.14471,40.9449],[-73.14471,40.9558],[-73.148,40.9597],[-73.1543,40.9616],[-73.15881,40.9664],[-73.1581,40.9675],[-73.147,40.9659],[-73.1377,40.9667],[-73.1374,40.9657],[-73.144,40.9626],[-73.1466,40.96449],[-73.14879,40.9638],[-73.1443,40.9618],[-73.1376,40.9614],[-73.13381,40.9637],[-73.13391,40.9659],[-73.13459,40.9659],[-73.13399,40.9649],[-73.1351,40.964],[-73.13461,40.96489],[-73.1364,40.9647],[-73.1371,40.9665],[-73.1303,40.9689],[-73.1186,40.9772],[-73.1048,40.9698],[-73.0938,40.9691],[-73.09089,40.9665],[-73.0929,40.9656],[-73.0948,40.9669],[-73.1048,40.9679],[-73.11,40.9712],[-73.1159,40.9709],[-73.1174,40.9666],[-73.12829,40.9593],[-73.1262,40.95291],[-73.1233,40.9542],[-73.1196,40.9533],[-73.11789,40.948],[-73.11661,40.94741],[-73.11841,40.9523],[-73.11581,40.9576],[-73.11871,40.9632],[-73.115,40.9653],[-73.1127,40.9702],[-73.1087,40.9681],[-73.1066,40.9618],[-73.1022,40.9619],[-73.09999,40.9604],[-73.10179,40.9562],[-73.1013,40.9525],[-73.10948,40.9493],[-73.1065,40.9491],[-73.10599,40.9471],[-73.10191,40.94361],[-73.1029,40.9479],[-73.097,40.9514],[-73.09501,40.95061],[-73.09871,40.9566],[-73.0963,40.9581],[-73.0758,40.9504],[-73.0728,40.94611],[-73.0684,40.9487],[-73.06711,40.9513],[-73.07071,40.9543],[-73.0781,40.9655],[-73.07951,40.9658],[-73.07431,40.9683],[-73.07451,40.971],[-73.07909,40.9714],[-73.07949,40.9683],[-73.0809,40.9681],[-73.084,40.97129],[-73.0856,40.9698],[-73.09,40.9697],[-73.09141,40.9712],[-73.0906,40.9719],[-73.0775,40.9728],[-73.0579,40.9656],[-73.0426,40.962],[-73.04049,40.9576],[-73.04269,40.9574],[-73.04289,40.9561],[-73.04189,40.9556],[-73.0424,40.9552],[-73.0429,40.9561],[-73.04301,40.9561],[-73.04271,40.95739],[-73.0437,40.9573],[-73.04549,40.9545],[-73.044,40.95331],[-73.04101,40.9543],[-73.04081,40.9559],[-73.04261,40.9568],[-73.0409,40.9575],[-73.03979,40.9548],[-73.0326,40.95071],[-73.0303,40.9537],[-73.0248,40.9546],[-73.02042,40.96248],[-73.0222,40.9613],[-73.0231,40.9627],[-73.02611,40.9624],[-73.0258,40.9634],[-73.02302,40.96311],[-73.0244,40.9639],[-73.027,40.964],[-73.0285,40.9621],[-73.03039,40.96319],[-73.03,40.9619],[-73.0311,40.9619],[-73.0332,40.96],[-73.03591,40.9608],[-73.03411,40.9635],[-73.0355,40.9636],[-73.0365,40.9605],[-73.0397,40.96],[-73.0411,40.9634],[-73.04221,40.9634],[-73.0409,40.9645],[-72.9959,40.9665],[-72.9552,40.9661],[-72.9257,40.9628],[-72.90015,40.96277],[-72.90017,40.75879],[-72.9112,40.7576],[-72.918,40.7602],[-72.9221,40.7599],[-72.9206,40.7606],[-72.91861,40.7642],[-72.91641,40.7723],[-72.917,40.77329],[-72.91839,40.7723],[-72.91729,40.7712],[-72.92059,40.7622],[-72.9236,40.76419],[-72.92607,40.76296],[-72.9238,40.7639],[-72.92309,40.7631],[-72.9252,40.76185],[-72.923,40.7629],[-72.92229,40.7621],[-72.9245,40.76095],[-72.9222,40.7619],[-72.92109,40.7609],[-72.92869,40.7574],[-72.92719,40.7563],[-72.93079,40.7551],[-72.9318,40.751],[-72.9343,40.7506],[-72.9347,40.75199],[-72.94419,40.745],[-72.9448,40.7404],[-72.9627,40.7436],[-72.96212,40.74535],[-72.9631,40.7437],[-72.967,40.7433],[-72.9803,40.7488],[-72.9862,40.749],[-72.98912,40.75269],[-72.9874,40.7501],[-72.9909,40.7484],[-72.9975,40.7486],[-72.9979,40.7474],[-73.0074,40.7489],[-73.01009,40.7484],[-73.0096,40.74721],[-73.00899,40.7473],[-73.0095,40.7469],[-73.0102,40.7484],[-73.0152,40.74959],[-73.0156,40.7474],[-73.01719,40.74819],[-73.017,40.7472],[-73.0209,40.7467],[-73.02229,40.74907],[-73.022,40.7475],[-73.0273,40.7451],[-73.03129,40.7387],[-73.03329,40.7377],[-73.035,40.7294],[-73.0455,40.7287],[-73.0487,40.72989],[-73.0536,40.7272],[-73.0567,40.7272],[-73.05671,40.72846],[-73.057,40.7274],[-73.0658,40.7264],[-73.0694,40.7225],[-73.0767,40.7236],[-73.0919,40.7196],[-73.0935,40.72179],[-73.1042,40.7188],[-73.111,40.7201],[-73.11161,40.7217],[-73.1186,40.7262],[-73.1226,40.7261],[-73.1235,40.7277],[-73.1257,40.7277],[-73.13021,40.7324],[-73.12891,40.7327],[-73.12771,40.7383],[-73.13014,40.73917],[-73.12809,40.7381],[-73.13048,40.7381],[-73.12829,40.737],[-73.1287,40.7362],[-73.13081,40.73667],[-73.12879,40.736],[-73.12929,40.7345],[-73.1304,40.7332],[-73.1333,40.73389],[-73.13379,40.7335],[-73.1316,40.73231],[-73.1307,40.7329],[-73.13139,40.7318],[-73.12519,40.7272],[-73.1256,40.7254],[-73.1324,40.7261],[-73.1348,40.72769],[-73.1366,40.7268],[-73.1408,40.7276],[-73.1425,40.7265],[-73.1475,40.72809],[-73.1478,40.7265],[-73.1508,40.7274],[-73.1533,40.7268],[-73.15571,40.7289],[-73.15551,40.7317],[-73.15771,40.7356],[-73.1562,40.7377],[-73.15464,40.73683],[-73.15591,40.7379],[-73.1545,40.7407],[-73.1496,40.7424],[-73.14611,40.74619],[-73.1496,40.7455],[-73.1503,40.74699],[-73.15079,40.7459],[-73.14889,40.7448],[-73.1501,40.7437],[-73.1535,40.7424],[-73.1561,40.74379],[-73.15679,40.7405],[-73.16059,40.7357],[-73.16,40.7336],[-73.16367,40.73419],[-73.1591,40.732],[-73.15939,40.7294],[-73.1559,40.7254],[-73.1451,40.7227],[-73.14539,40.72122],[-73.1443,40.7226],[-73.1416,40.7226],[-73.13949,40.7216],[-73.13899,40.7198],[-73.14029,40.7192],[-73.139,40.71801],[-73.1369,40.7194],[-73.13509,40.7179],[-73.14419,40.7117],[-73.1488,40.6986],[-73.1708,40.6996],[-73.17601,40.701],[-73.17291,40.7041],[-73.17281,40.70629],[-73.17559,40.706],[-73.17509,40.7031],[-73.1776,40.7018],[-73.1875,40.70789],[-73.1921,40.7051],[-73.1948,40.7055],[-73.1973,40.7079],[-73.2016,40.7078],[-73.20251,40.7104],[-73.2048,40.71159],[-73.2134,40.7058],[-73.21629,40.706],[-73.2167,40.702],[-73.21711,40.7063],[-73.22161,40.707],[-73.22092,40.71281],[-73.2223,40.7074],[-73.22491,40.7092],[-73.22381,40.7183],[-73.2253,40.7186],[-73.2288,40.7166],[-73.233,40.71799],[-73.2357,40.7127],[-73.2363,40.71359],[-73.2372,40.7113],[-73.241,40.71],[-73.2448,40.7103],[-73.246,40.71238],[-73.24539,40.7113],[-73.2468,40.7085],[-73.2492,40.7122],[-73.25284,40.71495],[-73.24929,40.7114],[-73.24869,40.7087],[-73.24689,40.7081],[-73.2482,40.7076],[-73.25017,40.70927],[-73.249,40.7077],[-73.24769,40.7072],[-73.24959,40.7052],[-73.24879,40.7042],[-73.25,40.7033],[-73.25128,40.70418],[-73.25069,40.7031],[-73.2532,40.7008],[-73.2552,40.7011],[-73.2582,40.6996],[-73.2609,40.6959],[-73.2668,40.6952],[-73.269,40.6927],[-73.2723,40.6915],[-73.27469,40.6864],[-73.2781,40.6834],[-73.2801,40.6853],[-73.2831,40.6854],[-73.28349,40.68713],[-73.2834,40.6853],[-73.28529,40.68679],[-73.2849,40.6853],[-73.2877,40.6846],[-73.2909,40.6852],[-73.2911,40.68769],[-73.2912,40.6849],[-73.2965,40.6852],[-73.2968,40.6851],[-73.2969,40.6854],[-73.29651,40.68521],[-73.29778,40.69011],[-73.29719,40.6853],[-73.2989,40.6855],[-73.30101,40.6881],[-73.29858,40.68849],[-73.30081,40.6884],[-73.29882,40.6896],[-73.30051,40.6896],[-73.3007,40.69515],[-73.3022,40.6876],[-73.30347,40.69061],[-73.3026,40.6875],[-73.3036,40.6869],[-73.30467,40.6896],[-73.3039,40.6867],[-73.307,40.6869],[-73.30557,40.69093],[-73.3073,40.6869],[-73.3074,40.69066],[-73.30839,40.6872],[-73.3098,40.6868],[-73.31201,40.6885],[-73.31209,40.6915],[-73.31209,40.6877],[-73.3133,40.6873],[-73.31331,40.6921],[-73.31429,40.6921],[-73.31349,40.6872],[-73.31461,40.6873],[-73.31509,40.69101],[-73.31509,40.6864],[-73.31399,40.6858],[-73.31609,40.6838],[-73.31489,40.6818],[-73.31579,40.6812],[-73.31429,40.6804],[-73.3161,40.6798],[-73.3168,40.6814],[-73.3205,40.6812],[-73.32273,40.68555],[-73.32079,40.681],[-73.32181,40.6807],[-73.3238,40.68516],[-73.32199,40.6806],[-73.323,40.6804],[-73.32781,40.682],[-73.32651,40.6873],[-73.32859,40.69476],[-73.32859,40.6917],[-73.33018,40.69179],[-73.32869,40.691],[-73.32769,40.686],[-73.3289,40.6838],[-73.33059,40.68399],[-73.32979,40.6802],[-73.3333,40.676],[-73.3361,40.6747],[-73.33761,40.6761],[-73.33522,40.677],[-73.33741,40.6776],[-73.33517,40.6777],[-73.33731,40.6779],[-73.33511,40.6787],[-73.33721,40.6794],[-73.3351,40.6796],[-73.33691,40.6796],[-73.33728,40.68415],[-73.3372,40.6824],[-73.34003,40.68103],[-73.33719,40.682],[-73.33789,40.678],[-73.33946,40.67829],[-73.33789,40.6776],[-73.33769,40.675],[-73.3413,40.6707],[-73.3457,40.6722],[-73.35008,40.68006],[-73.34759,40.6702],[-73.3487,40.6685],[-73.3529,40.6693],[-73.3565,40.67169],[-73.3578,40.6674],[-73.3653,40.6658],[-73.3665,40.66719],[-73.3674,40.6628],[-73.37969,40.6601],[-73.3797,40.6585],[-73.3871,40.6572],[-73.3919,40.65969],[-73.3937,40.6562],[-73.4003,40.6551],[-73.4059,40.65779],[-73.40669,40.6552],[-73.4084,40.6549],[-73.4117,40.6582],[-73.41399,40.65859],[-73.4141,40.6569],[-73.4177,40.6542],[-73.418,40.6553],[-73.4207,40.6551],[-73.42271,40.6569],[-73.42331,40.6581],[-73.42143,40.66057],[-73.42409,40.65855],[-73.4239,40.656],[-73.4314,40.65819],[-73.4323,40.6566],[-73.43461,40.65688],[-73.43169,40.6562],[-73.42959,40.6507],[-73.4307,40.6505],[-73.43189,40.65347],[-73.4318,40.6503],[-73.434,40.6507],[-73.43534,40.65423],[-73.43429,40.6508],[-73.4375,40.6516],[-73.43886,40.65537],[-73.43789,40.6517],[-73.4391,40.6517],[-73.44121,40.653],[-73.44245,40.65645],[-73.4415,40.653],[-73.4446,40.6534],[-73.44547,40.6556],[-73.4449,40.6535],[-73.4505,40.6545],[-73.45288,40.65963],[-73.45239,40.6579],[-73.45414,40.65741],[-73.4525,40.6576],[-73.45159,40.6557],[-73.45365,40.6553],[-73.4516,40.6553],[-73.45089,40.654],[-73.4535,40.6522],[-73.45489,40.65576],[-73.45459,40.6525],[-73.4595,40.6476],[-73.4657,40.6479],[-73.46851,40.6525],[-73.46871,40.6564],[-73.4699,40.65669],[-73.471,40.6523],[-73.4806,40.6464],[-73.4852,40.6461],[-73.48461,40.6488],[-73.4866,40.6489],[-73.4872,40.6461],[-73.49198,40.64828],[-73.4883,40.6445],[-73.4911,40.644],[-73.4949,40.6401],[-73.50208,40.6373],[-73.49619,40.6369],[-73.49839,40.6311],[-73.49759,40.629],[-73.50069,40.62919],[-73.4999,40.6268],[-73.49809,40.6268],[-73.49839,40.6256],[-73.5017,40.6242],[-73.50401,40.6258],[-73.50401,40.62899],[-73.50801,40.628],[-73.50891,40.6339],[-73.50731,40.6358],[-73.50851,40.6379],[-73.50741,40.6403],[-73.515,40.6426],[-73.51341,40.6452],[-73.5142,40.64729],[-73.5162,40.6438],[-73.51861,40.6446],[-73.51831,40.64628],[-73.51949,40.645],[-73.51739,40.6422],[-73.5203,40.6392],[-73.5226,40.6403],[-73.525,40.64479],[-73.5273,40.6395],[-73.5295,40.64209],[-73.5317,40.6385],[-73.533,40.6386],[-73.53461,40.6396],[-73.53521,40.6431],[-73.5405,40.6434],[-73.54411,40.653],[-73.54519,40.65408],[-73.54299,40.6472],[-73.54549,40.6437],[-73.5449,40.6392],[-73.5474,40.6382],[-73.5529,40.6411],[-73.55771,40.6451],[-73.5585,40.64778],[-73.55929,40.6458],[-73.55639,40.6431],[-73.55989,40.6389],[-73.5579,40.6358],[-73.55579,40.6356],[-73.5591,40.6304],[-73.56249,40.6298],[-73.55829,40.6213],[-73.55429,40.618],[-73.5546,40.6162],[-73.5583,40.6156],[-73.57401,40.6226],[-73.5681,40.6285],[-73.56251,40.6298],[-73.56401,40.6314],[-73.56451,40.641],[-73.56671,40.6429],[-73.56631,40.64568],[-73.5681,40.6434],[-73.5723,40.6445],[-73.57519,40.65176],[-73.57459,40.6446],[-73.5729,40.6432],[-73.56919,40.6433],[-73.56739,40.6397],[-73.56779,40.6338],[-73.56559,40.6325],[-73.5668,40.6307],[-73.57033,40.63295],[-73.56749,40.6306],[-73.57358,40.62741],[-73.57149,40.6275],[-73.5731,40.624],[-73.5772,40.6234],[-73.5796,40.6274],[-73.5861,40.627],[-73.58661,40.6348],[-73.5883,40.6399],[-73.58929,40.6398],[-73.5874,40.6318],[-73.5915,40.6332],[-73.59189,40.63592],[-73.59189,40.6337],[-73.5934,40.6334],[-73.59369,40.63631],[-73.5936,40.6336],[-73.596,40.63469],[-73.59817,40.63341],[-73.5963,40.6338],[-73.59639,40.6319],[-73.59349,40.6294],[-73.59339,40.626],[-73.59619,40.6239],[-73.5951,40.622],[-73.5988,40.6216],[-73.59931,40.6235],[-73.6014,40.6238],[-73.6018,40.62499],[-73.6028,40.623],[-73.6104,40.6233],[-73.6151,40.6294],[-73.61641,40.6295],[-73.6165,40.63207],[-73.6177,40.6294],[-73.62262,40.63254],[-73.61709,40.6282],[-73.6179,40.6203],[-73.6243,40.6171],[-73.6258,40.6138],[-73.6317,40.6121],[-73.64,40.6148],[-73.64188,40.61697],[-73.64009,40.6128],[-73.6424,40.6124],[-73.64339,40.6108],[-73.6412,40.6078],[-73.64548,40.60819],[-73.64249,40.6067],[-73.6426,40.6046],[-73.64579,40.6036],[-73.64509,40.5989],[-73.65356,40.60008],[-73.64639,40.5986],[-73.65099,40.5974],[-73.6511,40.596],[-73.6619,40.5965],[-73.66191,40.60152],[-73.66219,40.5971],[-73.6641,40.5967],[-73.66921,40.6025],[-73.6687,40.6047],[-73.6643,40.606],[-73.6615,40.6051],[-73.6571,40.6068],[-73.65261,40.6109],[-73.65211,40.6159],[-73.64983,40.61719],[-73.6533,40.6165],[-73.6564,40.6235],[-73.6619,40.6231],[-73.6625,40.6222],[-73.6662,40.6226],[-73.66751,40.6239],[-73.66701,40.62839],[-73.6705,40.6262],[-73.6763,40.62899],[-73.6884,40.623],[-73.69191,40.6239],[-73.69162,40.62708],[-73.692,40.6251],[-73.7,40.62019],[-73.702,40.6156],[-73.7042,40.6147],[-73.706,40.616],[-73.7064,40.61679],[-73.70669,40.6165],[-73.70599,40.6136],[-73.70799,40.612],[-73.70829,40.61091],[-73.7069,40.6115],[-73.70569,40.6111],[-73.70719,40.6101],[-73.70759,40.6089],[-73.7058,40.6088],[-73.7044,40.6092],[-73.70519,40.6075],[-73.70429,40.6066],[-73.70429,40.606],[-73.7058,40.6043],[-73.7081,40.6044],[-73.70839,40.6041],[-73.7061,40.6034],[-73.7048,40.6021],[-73.7019,40.6024],[-73.69979,40.6006],[-73.7,40.59833],[-73.7,40.59224],[-73.69921,40.5976],[-73.7,40.603],[-73.7,40.6021],[-73.70021,40.6023],[-73.70011,40.6031],[-73.70001,40.60318],[-73.6961,40.6049],[-73.6939,40.6046],[-73.6916,40.6013],[-73.6865,40.6009],[-73.68699,40.5941],[-73.6884,40.593],[-73.7033,40.5918],[-73.7134,40.5936],[-73.7161,40.595],[-73.7174,40.5948],[-73.7186,40.5939],[-73.7226,40.5943],[-73.7272,40.5941],[-73.735,40.5954],[-73.73461,40.601],[-73.7332,40.6013],[-73.7318,40.6026],[-73.72791,40.6045],[-73.72731,40.60796],[-73.728,40.6065],[-73.73149,40.6053],[-73.7315,40.6042],[-73.7342,40.6043],[-73.73629,40.6024],[-73.73559,40.6008],[-73.73589,40.5957],[-73.7363,40.5948],[-73.73769,40.5944],[-73.7375,40.5935],[-73.73808,40.59487],[-73.738,40.5946],[-73.7385,40.5944],[-73.739,40.5946],[-73.7409,40.5946],[-73.7413,40.5948],[-73.7416,40.5948],[-73.7417,40.5946],[-73.7418,40.5948],[-73.7422,40.5949],[-73.74239,40.5949],[-73.7424,40.5947],[-73.7433,40.5948],[-73.7435,40.5946],[-73.7446,40.5947],[-73.7475,40.594],[-73.7482,40.5935],[-73.7491,40.5932],[-73.7519,40.5912],[-73.756,40.5909],[-73.7579,40.5914],[-73.7613,40.5917],[-73.763,40.5916],[-73.768,40.5907],[-73.7687,40.5909],[-73.7708,40.5906],[-73.7776,40.5901],[-73.7792,40.5896],[-73.7804,40.5896],[-73.7818,40.5893],[-73.7845,40.5885],[-73.7877,40.5879],[-73.7888,40.5875],[-73.7894,40.5876],[-73.7915,40.5873],[-73.7961,40.5863],[-73.7967,40.5864],[-73.8006,40.5855],[-73.8018,40.5854],[-73.8033,40.5849],[-73.8037,40.585],[-73.8068,40.5844],[-73.808,40.584],[-73.8135,40.5835],[-73.8222,40.5811],[-73.825,40.5801],[-73.8267,40.5797],[-73.8272,40.5794],[-73.8315,40.5784],[-73.8339,40.5776],[-73.8378,40.5759],[-73.8513,40.5712],[-73.8522,40.5707],[-73.854,40.5703],[-73.8547,40.5699],[-73.8572,40.5691],[-73.8626,40.5668],[-73.8636,40.567],[-73.8656,40.5666],[-73.8683,40.5655],[-73.8692,40.5654],[-73.8709,40.5648],[-73.87259,40.5641],[-73.8724,40.5636],[-73.8727,40.5641],[-73.8732,40.5641],[-73.8746,40.5635],[-73.876,40.5632],[-73.8803,40.5614],[-73.8813,40.5614],[-73.8824,40.5608],[-73.8832,40.5609],[-73.88699,40.5596],[-73.887,40.5594],[-73.8879,40.5595],[-73.8896,40.5587],[-73.8902,40.5588],[-73.8908,40.5586],[-73.8919,40.5582],[-73.8921,40.5579],[-73.8925,40.5581],[-73.8935,40.5579],[-73.89499,40.5573],[-73.8949,40.5571],[-73.8952,40.5574],[-73.8958,40.5574],[-73.897,40.5569],[-73.8971,40.5567],[-73.8974,40.557],[-73.898,40.5571],[-73.89909,40.5568],[-73.8991,40.5566],[-73.8996,40.5567],[-73.9006,40.5564],[-73.9012,40.5568],[-73.9028,40.5567],[-73.9044,40.5564],[-73.9069,40.5556],[-73.9163,40.552],[-73.9195,40.5506],[-73.9264,40.5482],[-73.9305,40.5464],[-73.9361,40.5445],[-73.9389,40.5432],[-73.94049,40.5429],[-73.9407,40.5418],[-73.94011,40.548],[-73.94031,40.5524],[-73.94001,40.5536],[-73.93931,40.555],[-73.9387,40.5557],[-73.9368,40.5568],[-73.9351,40.5573],[-73.9325,40.5575],[-73.9278,40.5604],[-73.9262,40.5616],[-73.9233,40.5621],[-73.9204,40.5622],[-73.92021,40.5625],[-73.92031,40.5626],[-73.9201,40.5626],[-73.92029,40.56221],[-73.9177,40.5628],[-73.9146,40.5644],[-73.9131,40.5646],[-73.9122,40.565],[-73.9115,40.5651],[-73.9101,40.565],[-73.90979,40.5643],[-73.9093,40.564],[-73.9087,40.5639],[-73.9081,40.564],[-73.908,40.5642],[-73.90799,40.5634],[-73.9074,40.5633],[-73.9066,40.5628],[-73.9047,40.5628],[-73.9029,40.5635],[-73.9024,40.5629],[-73.9016,40.5628],[-73.9,40.5632],[-73.8961,40.5654],[-73.89531,40.5663],[-73.8956,40.567],[-73.8952,40.56691],[-73.8941,40.5678],[-73.8926,40.5686],[-73.8891,40.5679],[-73.8884,40.5681],[-73.8879,40.568],[-73.8865,40.5685],[-73.8853,40.5686],[-73.8849,40.5685],[-73.8845,40.56791],[-73.88361,40.5682],[-73.88371,40.5684],[-73.8835,40.5685],[-73.8834,40.56831],[-73.8826,40.5684],[-73.8812,40.5688],[-73.8787,40.5686],[-73.8776,40.5689],[-73.876,40.5695],[-73.8655,40.5746],[-73.8531,40.5813],[-73.8504,40.5821],[-73.8486,40.5822],[-73.8452,40.5816],[-73.8394,40.5819],[-73.83911,40.5821],[-73.839,40.5826],[-73.8383,40.5828],[-73.8358,40.5829],[-73.82851,40.5849],[-73.82831,40.5858],[-73.828,40.5861],[-73.82481,40.587],[-73.8248,40.5872],[-73.8247,40.58701],[-73.8229,40.5875],[-73.8215,40.58681],[-73.81741,40.5889],[-73.8176,40.5893],[-73.8167,40.5893],[-73.8152,40.59],[-73.8147,40.5906],[-73.8136,40.5908],[-73.81331,40.591],[-73.8136,40.5917],[-73.8132,40.59111],[-73.8125,40.5914],[-73.8122,40.59131],[-73.8117,40.5916],[-73.81151,40.5918],[-73.8115,40.5929],[-73.8114,40.5925],[-73.81099,40.5925],[-73.81139,40.5924],[-73.81129,40.59171],[-73.81101,40.5918],[-73.8109,40.5921],[-73.80991,40.5923],[-73.81,40.5931],[-73.80975,40.59253],[-73.80981,40.5927],[-73.80969,40.5927],[-73.80969,40.59242],[-73.80951,40.5928],[-73.8096,40.5936],[-73.806,40.592],[-73.80571,40.59088],[-73.8058,40.5919],[-73.8043,40.59131],[-73.80421,40.5919],[-73.8073,40.5931],[-73.80801,40.5937],[-73.80781,40.5939],[-73.80801,40.5942],[-73.8075,40.5946],[-73.8071,40.5953],[-73.806,40.5956],[-73.8049,40.5951],[-73.80409,40.5943],[-73.80409,40.5935],[-73.8038,40.5929],[-73.803,40.5926],[-73.80241,40.5926],[-73.80251,40.5939],[-73.80309,40.5939],[-73.8031,40.5938],[-73.80321,40.5939],[-73.80251,40.594],[-73.80261,40.5944],[-73.80233,40.5945],[-73.803,40.5945],[-73.8034,40.59489],[-73.80371,40.5947],[-73.8037,40.5948],[-73.8034,40.5949],[-73.80321,40.5951],[-73.8036,40.5951],[-73.80333,40.5952],[-73.8037,40.5952],[-73.80461,40.5963],[-73.80511,40.5972],[-73.8047,40.5977],[-73.80391,40.5979],[-73.8039,40.5981],[-73.803,40.5988],[-73.8017,40.5989],[-73.80091,40.5992],[-73.8009,40.5994],[-73.8008,40.59921],[-73.7991,40.5994],[-73.7981,40.5992],[-73.7955,40.5995],[-73.7946,40.5994],[-73.7933,40.6],[-73.7923,40.6],[-73.7913,40.6005],[-73.7879,40.6031],[-73.7865,40.6033],[-73.78619,40.603],[-73.7872,40.6023],[-73.7879,40.601],[-73.79029,40.5993],[-73.79119,40.5966],[-73.79089,40.596],[-73.79089,40.595],[-73.7907,40.5948],[-73.79021,40.5948],[-73.79031,40.596],[-73.79041,40.5961],[-73.7903,40.5961],[-73.79009,40.5948],[-73.7898,40.59471],[-73.7895,40.595],[-73.78941,40.59491],[-73.78941,40.5952],[-73.78911,40.5954],[-73.78931,40.5965],[-73.78911,40.598],[-73.786,40.6003],[-73.78561,40.6008],[-73.7854,40.6015],[-73.7838,40.6022],[-73.78351,40.6026],[-73.78311,40.6038],[-73.7835,40.604],[-73.78391,40.6048],[-73.78371,40.6053],[-73.7804,40.6084],[-73.7786,40.6096],[-73.7773,40.6098],[-73.7763,40.6096],[-73.7754,40.6097],[-73.77419,40.6089],[-73.7742,40.6086],[-73.77479,40.6084],[-73.77419,40.6076],[-73.77459,40.6074],[-73.77459,40.6065],[-73.77519,40.6045],[-73.77469,40.6043],[-73.7749,40.6041],[-73.7754,40.60419],[-73.77609,40.6028],[-73.77579,40.6028],[-73.7761,40.6025],[-73.7764,40.6025],[-73.7765,40.6022],[-73.7778,40.601],[-73.77839,40.6008],[-73.77809,40.6007],[-73.7782,40.6004],[-73.7801,40.60069],[-73.7808,40.5999],[-73.7812,40.5998],[-73.78199,40.5989],[-73.78179,40.5983],[-73.7806,40.5973],[-73.7802,40.5972],[-73.7801,40.59691],[-73.7797,40.5974],[-73.779,40.5976],[-73.7788,40.598],[-73.7782,40.5982],[-73.77741,40.5988],[-73.77721,40.5996],[-73.776,40.6014],[-73.775,40.6017],[-73.77459,40.6004],[-73.77409,40.5999],[-73.77419,40.599],[-73.77369,40.5987],[-73.77359,40.5981],[-73.7725,40.5979],[-73.7717,40.598],[-73.7711,40.5983],[-73.7704,40.5981],[-73.7698,40.5981],[-73.7695,40.5983],[-73.7681,40.59781],[-73.76791,40.5981],[-73.7697,40.5986],[-73.7703,40.59899],[-73.7707,40.5988],[-73.77121,40.5994],[-73.77111,40.6005],[-73.77071,40.6015],[-73.77081,40.6018],[-73.77021,40.6027],[-73.77041,40.6029],[-73.77021,40.6031],[-73.77061,40.6048],[-73.77001,40.6053],[-73.77011,40.6057],[-73.76981,40.6063],[-73.77001,40.6072],[-73.76981,40.6079],[-73.76921,40.6084],[-73.76891,40.6091],[-73.7692,40.6097],[-73.7698,40.6101],[-73.7713,40.6104],[-73.7718,40.6108],[-73.7722,40.61149],[-73.77339,40.6111],[-73.773,40.6102],[-73.77381,40.6113],[-73.7739,40.61209],[-73.77421,40.6118],[-73.77341,40.6137],[-73.773,40.6136],[-73.7717,40.614],[-73.7693,40.614],[-73.7667,40.6143],[-73.766,40.6139],[-73.7652,40.6138],[-73.76499,40.6135],[-73.76519,40.6131],[-73.76509,40.612],[-73.7623,40.6114],[-73.7617,40.6118],[-73.76019,40.6108],[-73.76179,40.6092],[-73.7616,40.60901],[-73.76,40.6109],[-73.75949,40.6108],[-73.75969,40.61021],[-73.7592,40.6104],[-73.7573,40.6103],[-73.7566,40.6101],[-73.7559,40.6103],[-73.75562,40.61012],[-73.75581,40.6104],[-73.7557,40.6104],[-73.7556,40.6101],[-73.755,40.6101],[-73.75471,40.6104],[-73.76,40.6113],[-73.7652,40.6149],[-73.7667,40.615],[-73.76684,40.61592],[-73.7667,40.6149],[-73.7683,40.6154],[-73.77091,40.6159],[-73.7685,40.6206],[-73.7675,40.6205],[-73.7652,40.62011],[-73.76491,40.6205],[-73.7652,40.6212],[-73.7639,40.6214],[-73.76321,40.622],[-73.7642,40.623],[-73.763,40.6232],[-73.7619,40.6224],[-73.76011,40.6227],[-73.7602,40.6233],[-73.7578,40.6241],[-73.7555,40.6262],[-73.7509,40.6277],[-73.7485,40.6295],[-73.74561,40.62871],[-73.74661,40.6307],[-73.7459,40.6314],[-73.7433,40.6308],[-73.74173,40.6309],[-73.7443,40.6315],[-73.74801,40.6346],[-73.746,40.6352],[-73.7433,40.638],[-73.74129,40.6373],[-73.74259,40.6356],[-73.74255,40.63556],[-73.74101,40.6373],[-73.7412,40.6378],[-73.7427,40.6383],[-73.744,40.6379],[-73.74351,40.6389],[-73.7438,40.63899],[-73.74419,40.638],[-73.7448,40.6372],[-73.7456,40.637],[-73.7463,40.6364],[-73.74681,40.6368],[-73.74652,40.63728],[-73.747,40.6369],[-73.74691,40.638],[-73.74631,40.6393],[-73.74631,40.6414],[-73.74731,40.6432],[-73.7481,40.6441],[-73.74881,40.6445],[-73.74871,40.6449],[-73.7489,40.64519],[-73.7495,40.6449],[-73.7517,40.6465],[-73.7536,40.6475],[-73.7539,40.6475],[-73.7543,40.64789],[-73.7548,40.6478],[-73.75489,40.6476],[-73.7546,40.6472],[-73.7538,40.64671],[-73.7537,40.6469],[-73.7536,40.6469],[-73.75379,40.6467],[-73.7506,40.6447],[-73.7487,40.6433],[-73.74739,40.6414],[-73.74749,40.6393],[-73.74809,40.6369],[-73.74839,40.6367],[-73.74849,40.6356],[-73.7488,40.6352],[-73.7507,40.6346],[-73.7524,40.6337],[-73.7535,40.6335],[-73.7552,40.6327],[-73.7555,40.63279],[-73.7557,40.6326],[-73.7574,40.6321],[-73.7577,40.6318],[-73.7582,40.6318],[-73.759,40.6315],[-73.7605,40.6307],[-73.7622,40.6303],[-73.7636,40.6295],[-73.7645,40.6292],[-73.76498,40.62939],[-73.7648,40.6292],[-73.7665,40.6283],[-73.76829,40.6253],[-73.76879,40.6239],[-73.76869,40.6227],[-73.76969,40.6218],[-73.76979,40.6214],[-73.76959,40.6211],[-73.7702,40.6198],[-73.7707,40.6198],[-73.77171,40.6204],[-73.77151,40.6216],[-73.77091,40.6224],[-73.77091,40.6233],[-73.7714,40.6233],[-73.7727,40.6246],[-73.7765,40.6277],[-73.7795,40.6273],[-73.78419,40.6209],[-73.7849,40.6205],[-73.78519,40.6201],[-73.78519,40.6186],[-73.78479,40.6183],[-73.78479,40.618],[-73.7845,40.618],[-73.78439,40.6178],[-73.78449,40.6176],[-73.78429,40.6174],[-73.78449,40.617],[-73.7832,40.6156],[-73.7825,40.6156],[-73.7823,40.6152],[-73.7819,40.61501],[-73.7817,40.6152],[-73.7808,40.6146],[-73.78069,40.614],[-73.78109,40.614],[-73.78089,40.6136],[-73.7812,40.6136],[-73.7813,40.6133],[-73.7826,40.6125],[-73.7829,40.6125],[-73.783,40.6122],[-73.7835,40.6121],[-73.7836,40.6119],[-73.78509,40.6119],[-73.78519,40.6114],[-73.7858,40.611],[-73.7865,40.6107],[-73.78719,40.6107],[-73.7872,40.6104],[-73.7876,40.6102],[-73.7877,40.61039],[-73.7885,40.61],[-73.7887,40.61009],[-73.78879,40.6096],[-73.78909,40.6096],[-73.789,40.6092],[-73.78999,40.609],[-73.79,40.6087],[-73.79049,40.6085],[-73.7905,40.6081],[-73.79089,40.608],[-73.7909,40.6077],[-73.7914,40.6076],[-73.79161,40.6078],[-73.7915,40.6082],[-73.79111,40.6084],[-73.7912,40.6085],[-73.7917,40.6088],[-73.7927,40.6086],[-73.7937,40.609],[-73.7939,40.6095],[-73.79451,40.6097],[-73.7948,40.6104],[-73.7957,40.6105],[-73.7975,40.6113],[-73.7984,40.6113],[-73.7985,40.6115],[-73.799,40.6115],[-73.7992,40.61199],[-73.7997,40.6119],[-73.8,40.6116],[-73.80081,40.6119],[-73.80021,40.6121],[-73.79991,40.6131],[-73.79931,40.6134],[-73.7997,40.6136],[-73.79971,40.6138],[-73.79951,40.6139],[-73.79951,40.6146],[-73.79901,40.6156],[-73.7988,40.61551],[-73.7985,40.6159],[-73.7982,40.61571],[-73.7981,40.6163],[-73.79731,40.6167],[-73.79741,40.6171],[-73.79711,40.6174],[-73.79721,40.6176],[-73.79681,40.6177],[-73.79701,40.6184],[-73.79641,40.6185],[-73.79621,40.6196],[-73.79561,40.6202],[-73.79551,40.6209],[-73.79501,40.6213],[-73.79521,40.6216],[-73.79451,40.6218],[-73.79471,40.6222],[-73.7946,40.6225],[-73.7934,40.6227],[-73.7923,40.6223],[-73.7908,40.6223],[-73.7897,40.6227],[-73.78591,40.6258],[-73.7854,40.6267],[-73.785,40.62651],[-73.78361,40.6281],[-73.78331,40.629],[-73.78351,40.6302],[-73.7843,40.6314],[-73.7857,40.6321],[-73.7869,40.6323],[-73.7883,40.6334],[-73.7894,40.634],[-73.78941,40.63429],[-73.7908,40.6339],[-73.79071,40.6342],[-73.7911,40.6342],[-73.79131,40.6344],[-73.79121,40.6349],[-73.7922,40.6359],[-73.7934,40.6361],[-73.7943,40.6366],[-73.7947,40.6366],[-73.7954,40.6371],[-73.7969,40.6377],[-73.797,40.6379],[-73.7986,40.6384],[-73.7992,40.6384],[-73.8018,40.6398],[-73.8047,40.6409],[-73.8057,40.6416],[-73.8067,40.6418],[-73.8086,40.6428],[-73.8108,40.6435],[-73.812,40.6443],[-73.8136,40.6447],[-73.8162,40.6458],[-73.8173,40.6459],[-73.8183,40.6463],[-73.8212,40.649],[-73.82221,40.6501],[-73.82211,40.6506],[-73.82261,40.6528],[-73.82301,40.6534],[-73.82351,40.6553],[-73.8225,40.6592],[-73.82161,40.6599],[-73.8217,40.6601],[-73.8215,40.66001],[-73.81971,40.6607],[-73.81981,40.6608],[-73.8197,40.6609],[-73.81969,40.66071],[-73.8187,40.6611],[-73.8166,40.6607],[-73.81471,40.66051],[-73.8147,40.6607],[-73.8146,40.6605],[-73.8131,40.6602],[-73.8115,40.6602],[-73.81121,40.6605],[-73.8115,40.6608],[-73.8187,40.6621],[-73.82349,40.6601],[-73.82429,40.6578],[-73.82399,40.6578],[-73.82429,40.6577],[-73.82489,40.6554],[-73.82289,40.6481],[-73.8231,40.648],[-73.82391,40.6488],[-73.82401,40.6492],[-73.8245,40.6493],[-73.8246,40.64949],[-73.825,40.6494],[-73.8253,40.64969],[-73.8256,40.6495],[-73.8261,40.64969],[-73.82639,40.6494],[-73.82619,40.6484],[-73.8265,40.6483],[-73.827,40.6488],[-73.8285,40.6491],[-73.8296,40.6498],[-73.83001,40.6503],[-73.83001,40.6509],[-73.83091,40.6516],[-73.83131,40.6527],[-73.83131,40.6535],[-73.83161,40.6537],[-73.82906,40.65605],[-73.8297,40.6556],[-73.8302,40.65569],[-73.83049,40.6554],[-73.8305,40.6549],[-73.83059,40.65508],[-73.8306,40.6548],[-73.8317,40.6539],[-73.8321,40.654],[-73.83211,40.6543],[-73.83151,40.655],[-73.8312,40.6559],[-73.8302,40.6563],[-73.83,40.6566],[-73.8296,40.65641],[-73.8294,40.6565],[-73.82901,40.6572],[-73.8291,40.65739],[-73.8295,40.6566],[-73.8301,40.65669],[-73.8305,40.6563],[-73.8313,40.656],[-73.83159,40.6552],[-73.8319,40.6549],[-73.8322,40.6549],[-73.83291,40.6575],[-73.8321,40.65611],[-73.83191,40.6562],[-73.83261,40.6578],[-73.83111,40.6583],[-73.8313,40.6584],[-73.83339,40.6581],[-73.83159,40.6512],[-73.83119,40.6508],[-73.83079,40.649],[-73.8315,40.6479],[-73.8345,40.648],[-73.8356,40.6484],[-73.83601,40.6493],[-73.83851,40.6594],[-73.83881,40.6609],[-73.83861,40.6611],[-73.83891,40.6612],[-73.8389,40.6614],[-73.83811,40.6616],[-73.83811,40.6621],[-73.8387,40.6624],[-73.83969,40.6622],[-73.8396,40.662],[-73.83999,40.6619],[-73.83589,40.6455],[-73.8363,40.6453],[-73.8386,40.6453],[-73.8458,40.6441],[-73.8495,40.6441],[-73.8521,40.6462],[-73.85241,40.6472],[-73.85161,40.6491],[-73.8509,40.6492],[-73.8506,40.6503],[-73.8497,40.6509],[-73.8494,40.6509],[-73.84921,40.6512],[-73.8501,40.65169],[-73.8515,40.6512],[-73.8518,40.6508],[-73.8523,40.6506],[-73.854,40.6507],[-73.855,40.651],[-73.8553,40.6513],[-73.8559,40.6513],[-73.85631,40.6517],[-73.85671,40.6528],[-73.8571,40.65299],[-73.8577,40.6527],[-73.8583,40.653],[-73.85881,40.6542],[-73.85921,40.6544],[-73.85931,40.6549],[-73.8608,40.6562],[-73.86141,40.6564],[-73.8614,40.6566],[-73.8606,40.6565],[-73.8602,40.657],[-73.8601,40.65681],[-73.85981,40.6573],[-73.85991,40.6577],[-73.85961,40.658],[-73.85961,40.6585],[-73.8603,40.6586],[-73.86031,40.6588],[-73.86049,40.6588],[-73.8605,40.6585],[-73.86101,40.6584],[-73.86051,40.659],[-73.8606,40.65929],[-73.86119,40.6587],[-73.86129,40.6583],[-73.861,40.6581],[-73.8605,40.6581],[-73.8598,40.6583],[-73.86,40.658],[-73.86057,40.6578],[-73.86039,40.6578],[-73.8603,40.6572],[-73.8606,40.6572],[-73.8609,40.6569],[-73.8616,40.657],[-73.86171,40.65799],[-73.863,40.6575],[-73.86329,40.6569],[-73.86299,40.6567],[-73.86309,40.6563],[-73.8626,40.6557],[-73.8617,40.6553],[-73.8605,40.6551],[-73.8598,40.6545],[-73.85979,40.6541],[-73.85939,40.6539],[-73.85899,40.6527],[-73.8573,40.6511],[-73.85699,40.6506],[-73.8572,40.6503],[-73.85759,40.6499],[-73.85779,40.6483],[-73.85839,40.6473],[-73.85719,40.6437],[-73.8589,40.6432],[-73.862,40.6429],[-73.8629,40.6426],[-73.8638,40.6418],[-73.86669,40.64],[-73.8662,40.6395],[-73.8668,40.63999],[-73.8673,40.6399],[-73.86871,40.6409],[-73.86991,40.6433],[-73.87001,40.6441],[-73.8706,40.6449],[-73.8712,40.6453],[-73.8726,40.6456],[-73.8792,40.65459],[-73.87969,40.6544],[-73.87319,40.6454],[-73.87339,40.6451],[-73.87329,40.6439],[-73.87299,40.6438],[-73.87279,40.6432],[-73.87189,40.6424],[-73.8708,40.6406],[-73.87039,40.6403],[-73.86989,40.6389],[-73.8695,40.6386],[-73.86799,40.6381],[-73.8696,40.6371],[-73.86921,40.6375],[-73.8696,40.63789],[-73.8717,40.6371],[-73.8724,40.6365],[-73.8735,40.6363],[-73.8755,40.6373],[-73.8771,40.6386],[-73.8786,40.639],[-73.87861,40.6394],[-73.8793,40.6401],[-73.8799,40.6404],[-73.8803,40.641],[-73.88051,40.641],[-73.88071,40.6416],[-73.8803,40.64141],[-73.88001,40.6417],[-73.8801,40.642],[-73.8814,40.6423],[-73.88221,40.6435],[-73.88211,40.6437],[-73.8834,40.6445],[-73.884,40.6444],[-73.8848,40.6439],[-73.8856,40.644],[-73.88741,40.6459],[-73.88771,40.6465],[-73.88751,40.6474],[-73.8877,40.6479],[-73.8886,40.648],[-73.8892,40.6487],[-73.8901,40.6493],[-73.89028,40.6493],[-73.89009,40.6492],[-73.8903,40.649],[-73.891,40.64939],[-73.89119,40.6491],[-73.89109,40.6488],[-73.8894,40.647],[-73.889,40.647],[-73.8889,40.6472],[-73.8886,40.64711],[-73.8885,40.6474],[-73.88819,40.6471],[-73.88819,40.6468],[-73.88848,40.6467],[-73.88809,40.6466],[-73.88829,40.646],[-73.888,40.646],[-73.88739,40.6453],[-73.88809,40.6451],[-73.8879,40.64501],[-73.8873,40.6452],[-73.8862,40.6438],[-73.8837,40.6425],[-73.8808,40.6398],[-73.88059,40.6392],[-73.8795,40.63821],[-73.8791,40.6383],[-73.879,40.6385],[-73.8786,40.6383],[-73.87839,40.6379],[-73.87859,40.6375],[-73.8784,40.6375],[-73.87709,40.636],[-73.8782,40.6346],[-73.88,40.6335],[-73.8813,40.6324],[-73.882,40.6322],[-73.883,40.6316],[-73.88359,40.6309],[-73.88379,40.6302],[-73.88349,40.6299],[-73.88399,40.6296],[-73.88259,40.6283],[-73.8837,40.6276],[-73.8851,40.62879],[-73.8857,40.6284],[-73.8863,40.62869],[-73.8875,40.6283],[-73.8883,40.6279],[-73.8904,40.6263],[-73.8915,40.6245],[-73.893,40.6234],[-73.8935,40.6234],[-73.8952,40.6225],[-73.8955,40.6225],[-73.8956,40.6227],[-73.9041,40.6263],[-73.9145,40.631],[-73.9161,40.632],[-73.9168,40.632],[-73.91749,40.6315],[-73.91739,40.6311],[-73.9166,40.6305],[-73.904,40.62481],[-73.9039,40.625],[-73.9032,40.6247],[-73.90329,40.6245],[-73.90269,40.6242],[-73.90289,40.6236],[-73.9022,40.6236],[-73.9019,40.623],[-73.901,40.6227],[-73.90059,40.6218],[-73.9003,40.62161],[-73.8997,40.6218],[-73.8981,40.6219],[-73.897,40.6217],[-73.8965,40.6214],[-73.8963,40.62071],[-73.8962,40.6208],[-73.8957,40.6202],[-73.89579,40.62],[-73.89559,40.6198],[-73.89609,40.6184],[-73.89649,40.6181],[-73.89659,40.6173],[-73.89649,40.6161],[-73.89619,40.616],[-73.89569,40.6149],[-73.89599,40.6149],[-73.89589,40.6145],[-73.894,40.6138],[-73.8932,40.6139],[-73.8919,40.6136],[-73.8913,40.6133],[-73.89099,40.6128],[-73.89099,40.6125],[-73.8914,40.6121],[-73.8922,40.6121],[-73.8927,40.6117],[-73.8931,40.6118],[-73.89389,40.6115],[-73.89399,40.6112],[-73.8936,40.6112],[-73.8935,40.61101],[-73.892,40.6116],[-73.8919,40.61151],[-73.89101,40.6121],[-73.8911,40.6123],[-73.8903,40.612],[-73.88969,40.6115],[-73.8903,40.6103],[-73.8919,40.6091],[-73.892,40.60939],[-73.89229,40.6092],[-73.89239,40.6087],[-73.89219,40.6086],[-73.89238,40.6086],[-73.89219,40.6085],[-73.8923,40.6082],[-73.89249,40.6082],[-73.89269,40.6072],[-73.8931,40.6071],[-73.8933,40.6067],[-73.8943,40.6064],[-73.8949,40.6064],[-73.8959,40.6058],[-73.8983,40.6053],[-73.9001,40.6056],[-73.90081,40.6064],[-73.90111,40.6071],[-73.90081,40.6075],[-73.90031,40.6101],[-73.90141,40.6111],[-73.90141,40.6117],[-73.9016,40.61189],[-73.902,40.6117],[-73.9023,40.61199],[-73.9026,40.6119],[-73.90241,40.612],[-73.907,40.6161],[-73.90671,40.6163],[-73.9068,40.61639],[-73.9071,40.6162],[-73.90711,40.6166],[-73.9076,40.6166],[-73.90761,40.6169],[-73.9079,40.6169],[-73.908,40.6172],[-73.9088,40.61739],[-73.90909,40.6172],[-73.90879,40.6169],[-73.90909,40.6165],[-73.90921,40.6166],[-73.90881,40.6169],[-73.909,40.61699],[-73.90959,40.6166],[-73.90959,40.6164],[-73.9086,40.6155],[-73.9078,40.6152],[-73.9071,40.61451],[-73.907,40.6146],[-73.9054,40.613],[-73.9042,40.6124],[-73.90429,40.612],[-73.9031,40.611],[-73.9027,40.6109],[-73.90229,40.6104],[-73.9016,40.6058],[-73.9052,40.6049],[-73.906,40.6064],[-73.9081,40.6063],[-73.9086,40.60669],[-73.9093,40.6065],[-73.90989,40.606],[-73.9089,40.6051],[-73.9083,40.6041],[-73.9109,40.6035],[-73.9137,40.604],[-73.915,40.60539],[-73.9151,40.6053],[-73.91681,40.6069],[-73.91631,40.6087],[-73.91691,40.6087],[-73.91681,40.6088],[-73.91661,40.6094],[-73.91671,40.6095],[-73.91611,40.6104],[-73.91621,40.6105],[-73.9149,40.6114],[-73.9148,40.61131],[-73.91451,40.6117],[-73.91491,40.614],[-73.91391,40.6146],[-73.9141,40.6149],[-73.9145,40.6149],[-73.91659,40.6134],[-73.91569,40.6118],[-73.91809,40.6102],[-73.91769,40.6098],[-73.91799,40.6088],[-73.91949,40.608],[-73.91949,40.6077],[-73.9156,40.60391],[-73.9154,40.604],[-73.91479,40.6034],[-73.91489,40.6033],[-73.9135,40.6023],[-73.91165,40.60211],[-73.91231,40.6023],[-73.91153,40.6024],[-73.9124,40.6026],[-73.911,40.6024],[-73.91149,40.6024],[-73.91149,40.6022],[-73.9109,40.6022],[-73.9108,40.60202],[-73.9107,40.6024],[-73.91069,40.602],[-73.9098,40.602],[-73.9091,40.60161],[-73.9078,40.6023],[-73.9074,40.60221],[-73.9072,40.6024],[-73.9068,40.6023],[-73.9057,40.6026],[-73.9049,40.6025],[-73.9043,40.6027],[-73.9037,40.60241],[-73.9036,40.6026],[-73.9019,40.6032],[-73.9004,40.6032],[-73.8993,40.6036],[-73.8983,40.6032],[-73.8978,40.6033],[-73.8956,40.603],[-73.895,40.6032],[-73.8941,40.6031],[-73.8935,40.6034],[-73.8924,40.6033],[-73.8914,40.6035],[-73.891,40.6039],[-73.88911,40.6045],[-73.8891,40.6047],[-73.8877,40.6053],[-73.8848,40.6051],[-73.8845,40.6054],[-73.884,40.6055],[-73.88269,40.6042],[-73.88299,40.6037],[-73.88289,40.6035],[-73.88339,40.6029],[-73.88269,40.6017],[-73.88229,40.6002],[-73.88179,40.5994],[-73.88139,40.5972],[-73.88079,40.5963],[-73.88079,40.5948],[-73.87969,40.5914],[-73.8794,40.59081],[-73.879,40.5909],[-73.87889,40.5907],[-73.87929,40.5907],[-73.87899,40.59],[-73.87909,40.5894],[-73.87879,40.588],[-73.87669,40.5849],[-73.8797,40.5801],[-73.8817,40.5796],[-73.88189,40.5795],[-73.8817,40.5792],[-73.8831,40.579],[-73.8839,40.5786],[-73.8861,40.5781],[-73.889,40.5781],[-73.8894,40.5778],[-73.8912,40.5779],[-73.8945,40.5768],[-73.8955,40.5768],[-73.89651,40.579],[-73.89681,40.5813],[-73.89661,40.5824],[-73.89671,40.5832],[-73.89821,40.5854],[-73.89791,40.5859],[-73.89831,40.5868],[-73.8989,40.58749],[-73.8992,40.5874],[-73.89971,40.5871],[-73.8997,40.5872],[-73.8992,40.5874],[-73.89901,40.5877],[-73.8995,40.588],[-73.8998,40.588],[-73.8999,40.5878],[-73.89991,40.588],[-73.9007,40.5881],[-73.9021,40.5874],[-73.9029,40.5874],[-73.9043,40.5869],[-73.9059,40.5875],[-73.90591,40.5879],[-73.9065,40.588],[-73.9069,40.5879],[-73.90709,40.5875],[-73.9065,40.5873],[-73.9064,40.587],[-73.9081,40.5868],[-73.9109,40.5859],[-73.9115,40.5861],[-73.91201,40.5867],[-73.91181,40.5873],[-73.91211,40.5887],[-73.91161,40.5899],[-73.91141,40.5911],[-73.91201,40.593],[-73.91201,40.5944],[-73.91251,40.5954],[-73.91311,40.5959],[-73.9136,40.5967],[-73.9143,40.5972],[-73.91451,40.5977],[-73.91511,40.598],[-73.91511,40.5986],[-73.9155,40.5988],[-73.9157,40.5992],[-73.917,40.5996],[-73.9187,40.6007],[-73.9199,40.6009],[-73.9208,40.6015],[-73.9217,40.6017],[-73.9222,40.6017],[-73.923,40.6011],[-73.9239,40.5997],[-73.9247,40.5997],[-73.9257,40.6004],[-73.9263,40.6006],[-73.9285,40.60219],[-73.9288,40.6021],[-73.92891,40.6024],[-73.9295,40.6027],[-73.92961,40.6031],[-73.92911,40.6037],[-73.9292,40.60389],[-73.93,40.6036],[-73.9302,40.60399],[-73.9306,40.6037],[-73.931,40.60389],[-73.93199,40.6031],[-73.93209,40.6027],[-73.9318,40.6026],[-73.9311,40.6017],[-73.9307,40.6016],[-73.9303,40.6012],[-73.9296,40.6012],[-73.92929,40.601],[-73.92939,40.6006],[-73.9292,40.6005],[-73.9287,40.60041],[-73.9286,40.6006],[-73.9284,40.6004],[-73.9278,40.6003],[-73.9277,40.6001],[-73.9274,40.6001],[-73.9263,40.5991],[-73.925,40.5983],[-73.9225,40.5961],[-73.9218,40.595],[-73.9203,40.5947],[-73.919,40.5938],[-73.9187,40.5933],[-73.9178,40.5928],[-73.9164,40.5911],[-73.9149,40.5903],[-73.9149,40.5901],[-73.91509,40.5901],[-73.91449,40.5894],[-73.91449,40.5889],[-73.9164,40.5878],[-73.9173,40.5875],[-73.91789,40.5869],[-73.9181,40.5864],[-73.9192,40.586],[-73.9196,40.5862],[-73.9208,40.586],[-73.92089,40.5859],[-73.9207,40.5858],[-73.9207,40.5857],[-73.9209,40.58589],[-73.921,40.5858],[-73.9235,40.586],[-73.9247,40.5856],[-73.9252,40.5858],[-73.9254,40.5862],[-73.9266,40.587],[-73.92651,40.5871],[-73.92721,40.5877],[-73.92781,40.5887],[-73.92401,40.5911],[-73.9242,40.59139],[-73.9282,40.5888],[-73.9286,40.58909],[-73.929,40.589],[-73.92881,40.5892],[-73.93,40.5894],[-73.93028,40.58977],[-73.9302,40.5896],[-73.93041,40.5898],[-73.93031,40.5898],[-73.93041,40.5899],[-73.93031,40.59],[-73.93061,40.59],[-73.93041,40.5922],[-73.93039,40.59187],[-73.93031,40.5924],[-73.92971,40.5931],[-73.93001,40.5941],[-73.9306,40.59449],[-73.9308,40.5944],[-73.9311,40.5946],[-73.9326,40.5949],[-73.93279,40.5948],[-73.93269,40.5942],[-73.9314,40.5922],[-73.93109,40.592],[-73.93139,40.5919],[-73.93109,40.5917],[-73.93159,40.5913],[-73.93139,40.5911],[-73.93119,40.5895],[-73.92969,40.5876],[-73.93129,40.5873],[-73.93129,40.5868],[-73.93101,40.5868],[-73.9311,40.5869],[-73.931,40.5869],[-73.93099,40.58681],[-73.9292,40.5871],[-73.9286,40.5871],[-73.92809,40.5867],[-73.92809,40.5862],[-73.92789,40.5861],[-73.92819,40.5861],[-73.92819,40.58591],[-73.9277,40.5861],[-73.92741,40.58601],[-73.9275,40.5864],[-73.92729,40.586],[-73.92738,40.586],[-73.9253,40.5846],[-73.9234,40.5848],[-73.9202,40.5846],[-73.9196,40.5849],[-73.9192,40.5849],[-73.9184,40.5854],[-73.9171,40.5857],[-73.917,40.5859],[-73.9157,40.5862],[-73.9148,40.5863],[-73.9138,40.586],[-73.9131,40.586],[-73.91259,40.5856],[-73.91239,40.5845],[-73.91269,40.58362],[-73.9126,40.5837],[-73.91239,40.5835],[-73.91299,40.583],[-73.91299,40.58274],[-73.9129,40.583],[-73.9119,40.583],[-73.91129,40.5823],[-73.9115,40.5818],[-73.9128,40.5818],[-73.9137,40.5816],[-73.9144,40.5817],[-73.9151,40.5815],[-73.9181,40.5821],[-73.9222,40.5833],[-73.9244,40.5836],[-73.9296,40.5834],[-73.9306,40.5832],[-73.93089,40.5829],[-73.9307,40.5828],[-73.931,40.5827],[-73.9317,40.5828],[-73.9318,40.58309],[-73.9319,40.5829],[-73.932,40.58309],[-73.933,40.5829],[-73.9342,40.583],[-73.93459,40.58319],[-73.9346,40.583],[-73.9353,40.5831],[-73.93569,40.58329],[-73.9357,40.583],[-73.9358,40.5833],[-73.9381,40.5833],[-73.9382,40.5831],[-73.9383,40.5833],[-73.94119,40.5833],[-73.94109,40.5831],[-73.9412,40.5831],[-73.94121,40.5833],[-73.9414,40.5833],[-73.9416,40.5836],[-73.94299,40.5835],[-73.9426,40.5831],[-73.9432,40.5835],[-73.94349,40.5835],[-73.9431,40.5831],[-73.9437,40.5835],[-73.94409,40.5835],[-73.94359,40.5831],[-73.9438,40.5831],[-73.9442,40.5835],[-73.94459,40.5835],[-73.9443,40.5832],[-73.9448,40.5835],[-73.94569,40.5835],[-73.9454,40.5832],[-73.9459,40.5836],[-73.94629,40.5836],[-73.9459,40.5832],[-73.9464,40.5836],[-73.94679,40.5836],[-73.9463,40.5832],[-73.9469,40.5835],[-73.94728,40.5835],[-73.94679,40.5832],[-73.947,40.5832],[-73.9475,40.5835],[-73.95349,40.583],[-73.9533,40.582],[-73.9497,40.5823],[-73.9427,40.581],[-73.93301,40.5811],[-73.933,40.5813],[-73.9328,40.58111],[-73.9326,40.5813],[-73.93109,40.5762],[-73.9315,40.5757],[-73.93489,40.5755],[-73.9349,40.5752],[-73.9351,40.5755],[-73.9365,40.57589],[-73.9367,40.5754],[-73.9368,40.5756],[-73.9425,40.5754],[-73.9426,40.5756],[-73.9444,40.5758],[-73.94459,40.5757],[-73.9446,40.5752],[-73.9447,40.5755],[-73.9457,40.5756],[-73.94619,40.5753],[-73.9459,40.5751],[-73.9521,40.5744],[-73.9526,40.5742],[-73.954,40.5743],[-73.9541,40.5741],[-73.95411,40.5743],[-73.9551,40.5744],[-73.95629,40.5742],[-73.9563,40.5738],[-73.9566,40.5742],[-73.9584,40.5741],[-73.95899,40.5739],[-73.959,40.5734],[-73.95911,40.5739],[-73.9598,40.5739],[-73.9672,40.5733],[-73.9674,40.573],[-73.9675,40.5732],[-73.9682,40.5732],[-73.96949,40.5729],[-73.9692,40.5723],[-73.9696,40.5728],[-73.9709,40.5728],[-73.97139,40.5725],[-73.97109,40.5721],[-73.9712,40.5719],[-73.9714,40.5725],[-73.9725,40.5726],[-73.97329,40.5723],[-73.9732,40.5716],[-73.9734,40.57229],[-73.97549,40.572],[-73.9754,40.5714],[-73.9757,40.572],[-73.9771,40.5719],[-73.97769,40.5717],[-73.9776,40.5712],[-73.9778,40.5718],[-73.9785,40.5719],[-73.97979,40.5715],[-73.9794,40.5712],[-73.9798,40.5712],[-73.98,40.5717],[-73.98199,40.5715],[-73.982,40.5713],[-73.9822,40.5716],[-73.988,40.571],[-73.98859,40.5709],[-73.9886,40.5707],[-73.9887,40.57089],[-73.9903,40.5707],[-73.99079,40.5706],[-73.9908,40.5702],[-73.9909,40.5706],[-73.99299,40.5704],[-73.993,40.5702],[-73.9932,40.5704],[-73.9949,40.5704],[-73.9952,40.57],[-73.9953,40.5703],[-74.0008,40.5705],[-74.00199,40.5702],[-74.0021,40.5696],[-74.00251,40.5717],[-74.0048,40.5729],[-74.0088,40.5738],[-74.0101,40.5738],[-74.0112,40.5742],[-74.012,40.5749],[-74.01301,40.5779],[-74.01241,40.5792],[-74.0115,40.5801],[-74.0075,40.5818],[-74.006,40.582],[-74.0029,40.5814],[-74.0006,40.5813],[-73.9996,40.5813],[-73.999,40.5816],[-73.9982,40.5817],[-73.99779,40.5815],[-73.99769,40.5807],[-73.9918,40.5792],[-73.9904,40.5794],[-73.9896,40.5792],[-73.989,40.5788],[-73.9884,40.5788],[-73.9874,40.5791],[-73.98671,40.5798],[-73.98701,40.58],[-73.9862,40.581],[-73.98591,40.5811],[-73.986,40.58169],[-73.9869,40.5811],[-73.98759,40.5799],[-73.988,40.5796],[-73.9897,40.5804],[-73.99,40.5807],[-73.9916,40.5811],[-73.99181,40.5817],[-73.99031,40.5842],[-73.99031,40.58459],[-73.9955,40.5822],[-73.9961,40.5821],[-74.0002,40.5831],[-74.0004,40.5842],[-73.9988,40.5852],[-73.99812,40.5854],[-73.9997,40.5857],[-73.99951,40.5858],[-73.99961,40.5862],[-73.9994,40.5864],[-73.9981,40.5865],[-73.99438,40.58832],[-73.9956,40.5878],[-73.99571,40.5879],[-73.99411,40.5887],[-73.9942,40.58889],[-73.9951,40.5885],[-73.99491,40.5888],[-73.9953,40.58929],[-74.00009,40.587],[-74.00009,40.5866],[-74.0004,40.5865],[-74.0004,40.5871],[-73.99791,40.5883],[-73.9987,40.58919],[-73.9992,40.5889],[-73.99951,40.5892],[-73.99841,40.5899],[-73.99881,40.5903],[-73.9984,40.59021],[-73.9978,40.591],[-73.99711,40.5913],[-73.9972,40.59159],[-73.9981,40.5912],[-73.99731,40.5917],[-73.9975,40.59189],[-73.9992,40.5911],[-74.0,40.5912],[-74.00021,40.5915],[-73.99901,40.5923],[-73.99951,40.593],[-73.99841,40.5935],[-73.9985,40.59359],[-74.0011,40.5925],[-74.00281,40.5952],[-74.0041,40.5965],[-74.0056,40.5976],[-74.0107,40.6006],[-74.0147,40.6021],[-74.0191,40.6026],[-74.0197,40.6031],[-74.0209,40.6035],[-74.0301,40.6048],[-74.0327,40.6063],[-74.0343,40.6077],[-74.0349,40.6086],[-74.036,40.6093],[-74.03701,40.6113],[-74.03901,40.6132],[-74.04051,40.6156],[-74.04161,40.6206],[-74.04171,40.6233],[-74.04191,40.6238],[-74.04111,40.6302],[-74.03681,40.639],[-74.03881,40.6396],[-74.0387,40.6397],[-74.0367,40.63911],[-74.03571,40.6406],[-74.0367,40.6415],[-74.03671,40.6417],[-74.0341,40.6443],[-74.0329,40.64361],[-74.0326,40.6438],[-74.03227,40.64364],[-74.03251,40.6438],[-74.0323,40.6441],[-74.0319,40.64391],[-74.0305,40.6453],[-74.0282,40.64401],[-74.02601,40.6463],[-74.0297,40.6485],[-74.0294,40.6488],[-74.0257,40.64661],[-74.0254,40.6469],[-74.0251,40.64671],[-74.02411,40.6476],[-74.02511,40.6483],[-74.02501,40.6486],[-74.02551,40.6498],[-74.02481,40.6506],[-74.0252,40.65079],[-74.0254,40.6506],[-74.02611,40.651],[-74.0255,40.6515],[-74.02489,40.6511],[-74.02509,40.6509],[-74.0248,40.65071],[-74.02421,40.6511],[-74.0255,40.6518],[-74.0254,40.6519],[-74.0242,40.65121],[-74.0238,40.6514],[-74.0231,40.65101],[-74.02291,40.6512],[-74.0254,40.6527],[-74.0252,40.6528],[-74.0215,40.65071],[-74.0214,40.651],[-74.02111,40.65091],[-74.02111,40.6511],[-74.0223,40.652],[-74.02113,40.65134],[-74.02381,40.653],[-74.0236,40.6532],[-74.0233,40.6529],[-74.0229,40.6529],[-74.02289,40.6527],[-74.022,40.6522],[-74.0216,40.6523],[-74.02121,40.6527],[-74.02321,40.6541],[-74.0231,40.6542],[-74.0219,40.65351],[-74.0216,40.6536],[-74.02111,40.6542],[-74.02181,40.6547],[-74.0216,40.6549],[-74.0205,40.6542],[-74.0196,40.6542],[-74.019,40.6539],[-74.0187,40.65351],[-74.01811,40.6539],[-74.02031,40.6551],[-74.0201,40.6553],[-74.0179,40.65411],[-74.01721,40.6548],[-74.0198,40.6565],[-74.0197,40.6566],[-74.0173,40.65521],[-74.0169,40.6555],[-74.0167,40.65531],[-74.01641,40.6556],[-74.0191,40.6574],[-74.0186,40.6578],[-74.0159,40.65621],[-74.01541,40.6566],[-74.0179,40.6583],[-74.0177,40.6585],[-74.015,40.65701],[-74.01441,40.6576],[-74.0175,40.6595],[-74.0155,40.6608],[-74.014,40.65981],[-74.0137,40.66],[-74.0118,40.65891],[-74.01111,40.6597],[-74.014,40.6615],[-74.0132,40.662],[-74.0127,40.662],[-74.0086,40.65951],[-74.00751,40.6606],[-74.0104,40.6624],[-74.0105,40.6626],[-74.0096,40.6633],[-74.0087,40.6634],[-74.0062,40.66181],[-74.0057,40.6623],[-74.0043,40.66141],[-74.00411,40.6616],[-74.0062,40.6628],[-74.0059,40.6631],[-74.0038,40.66191],[-74.00351,40.6622],[-74.0046,40.66279],[-74.0047,40.6625],[-74.0054,40.6629],[-74.00601,40.6633],[-74.00561,40.6635],[-74.0077,40.6648],[-74.0073,40.66471],[-74.0071,40.6649],[-74.00649,40.6645],[-74.00689,40.6643],[-74.0066,40.66421],[-74.0064,40.6645],[-74.0059,40.66421],[-74.00571,40.6643],[-74.0058,40.6645],[-74.0056,40.6645],[-74.00569,40.6639],[-74.0036,40.66271],[-74.00341,40.663],[-74.00461,40.6637],[-74.00431,40.6641],[-74.00531,40.6647],[-74.0049,40.6651],[-74.0011,40.66291],[-74.0009,40.6631],[-74.0008,40.66301],[-73.99951,40.6644],[-74.00291,40.6665],[-74.0022,40.6668],[-74.0016,40.6668],[-74.00121,40.667],[-74.0015,40.6672],[-74.0007,40.6675],[-74.0,40.6675],[-73.99901,40.6684],[-73.99911,40.669],[-73.99871,40.6695],[-73.99891,40.6696],[-73.99861,40.6713],[-73.9988,40.67159],[-74.0003,40.6687],[-74.0011,40.66889],[-74.0014,40.6684],[-74.0022,40.66859],[-74.0029,40.6673],[-74.0037,40.6674],[-74.00361,40.6676],[-74.0051,40.668],[-74.0059,40.668],[-74.0069,40.6661],[-74.00481,40.6707],[-74.0054,40.67089],[-74.0075,40.6671],[-74.00781,40.6672],[-74.00711,40.6686],[-74.0099,40.6685],[-74.0115,40.6651],[-74.0157,40.6646],[-74.0169,40.6648],[-74.01791,40.6659],[-74.01861,40.6704],[-74.01881,40.6711],[-74.0193,40.6716],[-74.0189,40.6716],[-74.01749,40.671],[-74.01649,40.6649],[-74.01601,40.6649],[-74.0159,40.6655],[-74.0123,40.6657],[-74.01091,40.6686],[-74.01041,40.6686],[-74.01031,40.6691],[-74.0109,40.6692],[-74.01091,40.6697],[-74.0115,40.6698],[-74.01161,40.67059],[-74.0142,40.6697],[-74.01181,40.6707],[-74.0123,40.67099],[-74.0126,40.6708],[-74.0136,40.67129],[-74.0139,40.6712],[-74.0143,40.67139],[-74.0151,40.6707],[-74.0152,40.6708],[-74.01391,40.6719],[-74.0142,40.67209],[-74.01571,40.671],[-74.01301,40.6733],[-74.0134,40.67359],[-74.0151,40.6722],[-74.0163,40.6729],[-74.01461,40.6744],[-74.015,40.67469],[-74.0182,40.6719],[-74.0188,40.6723],[-74.01731,40.6736],[-74.0178,40.67399],[-74.018,40.6739],[-74.01781,40.6741],[-74.01821,40.6745],[-74.01781,40.6753],[-74.01829,40.67549],[-74.01819,40.6753],[-74.0184,40.6751],[-74.0185,40.67529],[-74.01881,40.6751],[-74.01841,40.6755],[-74.0185,40.6758],[-74.01801,40.6759],[-74.01791,40.6765],[-74.0198,40.6766],[-74.02001,40.6771],[-74.01911,40.6771],[-74.0192,40.6778],[-74.01841,40.6779],[-74.01831,40.6787],[-74.0186,40.679],[-74.01951,40.679],[-74.0193,40.6796],[-74.0128,40.6836],[-74.01209,40.6829],[-74.01409,40.6817],[-74.01359,40.6812],[-74.01389,40.681],[-74.013,40.68041],[-74.00971,40.6833],[-74.0108,40.68439],[-74.0118,40.6838],[-74.01221,40.6841]],[[-73.85901,40.6527],[-73.86023,40.65424],[-73.8577,40.65096],[-73.85901,40.6527]],[[-73.70575,40.75506],[-73.7112,40.75842],[-73.7078,40.7562],[-73.70575,40.75506]],[[-73.71297,40.75952],[-73.71486,40.76068],[-73.7135,40.7598],[-73.71297,40.75952]],[[-73.72558,40.65651],[-73.72549,40.6555],[-73.72499,40.6543],[-73.72499,40.65278],[-73.72481,40.654],[-73.72558,40.65651]],[[-73.72562,40.67983],[-73.72581,40.68413],[-73.72589,40.6827],[-73.72562,40.67983]],[[-73.72619,40.689],[-73.72585,40.68506],[-73.7269,40.70833],[-73.72619,40.689]],[[-73.72719,40.67511],[-73.72759,40.6742],[-73.72821,40.66733],[-73.72751,40.6742],[-73.72719,40.67511]],[[-73.72763,40.66128],[-73.72787,40.66308],[-73.72829,40.663],[-73.72763,40.66128]],[[-73.7302,40.72224],[-73.72659,40.72367],[-73.7293,40.7227],[-73.7302,40.72224]],[[-73.72616,40.76766],[-73.73199,40.77126],[-73.7313,40.7708],[-73.72616,40.76766]],[[-73.74129,40.64695],[-73.73527,40.64963],[-73.739,40.6482],[-73.74129,40.64695]],[[-73.7388,40.597],[-73.7391,40.5972],[-73.7399,40.5971],[-73.74009,40.5967],[-73.73979,40.5964],[-73.7401,40.5962],[-73.74041,40.5962],[-73.74031,40.5964],[-73.7406,40.59699],[-73.7411,40.5968],[-73.7416,40.59689],[-73.74179,40.5966],[-73.7405,40.5966],[-73.74059,40.5963],[-73.7403,40.59601],[-73.7399,40.5961],[-73.73951,40.5965],[-73.7395,40.597],[-73.7389,40.59681],[-73.73849,40.59705],[-73.73848,40.59743],[-73.7388,40.597]],[[-73.7415,40.6349],[-73.74191,40.63499],[-73.7417,40.63481],[-73.74001,40.6351],[-73.74001,40.63529],[-73.7414,40.6351],[-73.7415,40.6349]],[[-73.74168,40.635],[-73.74151,40.635],[-73.74151,40.63509],[-73.74168,40.635]],[[-73.74169,40.6422],[-73.74209,40.6415],[-73.74141,40.64052],[-73.74141,40.64671],[-73.74169,40.6422]],[[-73.74252,40.63554],[-73.74241,40.63543],[-73.74241,40.63559],[-73.74252,40.63554]],[[-73.73993,40.77616],[-73.74066,40.77661],[-73.7401,40.7762],[-73.73993,40.77616]],[[-73.7455,40.6118],[-73.74569,40.6118],[-73.7444,40.60978],[-73.7455,40.6118]],[[-73.74569,40.6381],[-73.7455,40.6379],[-73.74639,40.63736],[-73.74531,40.6379],[-73.74531,40.63829],[-73.74569,40.6381]],[[-73.74638,40.6118],[-73.74699,40.6118],[-73.7469,40.61161],[-73.74638,40.6118]],[[-73.74451,40.7566],[-73.7446,40.75688],[-73.74469,40.7566],[-73.74451,40.7566]],[[-73.74499,40.7766],[-73.74491,40.7766],[-73.74508,40.77713],[-73.74499,40.7766]],[[-73.74509,40.77751],[-73.74492,40.7776],[-73.74509,40.7776],[-73.74509,40.77751]],[[-73.74543,40.75752],[-73.7458,40.75789],[-73.74599,40.7578],[-73.74543,40.75752]],[[-73.74511,40.77722],[-73.74511,40.77749],[-73.74519,40.7774],[-73.74511,40.77722]],[[-73.74539,40.7773],[-73.74532,40.77723],[-73.74547,40.77753],[-73.74539,40.7773]],[[-73.74551,40.7777],[-73.74559,40.7777],[-73.74551,40.77761],[-73.74551,40.7777]],[[-73.7461,40.75771],[-73.74601,40.7578],[-73.74619,40.75789],[-73.7461,40.75771]],[[-73.7463,40.75908],[-73.74639,40.758],[-73.74621,40.75791],[-73.74631,40.7584],[-73.74611,40.7588],[-73.7463,40.75908]],[[-73.75091,40.61134],[-73.75464,40.61041],[-73.7535,40.6105],[-73.75091,40.61134]],[[-73.77489,40.60808],[-73.77472,40.60759],[-73.77481,40.608],[-73.77489,40.60808]],[[-73.7756,40.609],[-73.77597,40.60918],[-73.77496,40.60816],[-73.7756,40.609]],[[-73.82629,40.65],[-73.82611,40.64972],[-73.82611,40.65009],[-73.82629,40.65]],[[-73.83019,40.6583],[-73.8296,40.6578],[-73.82922,40.65771],[-73.83019,40.65849],[-73.83019,40.6583]],[[-73.82961,40.65869],[-73.83008,40.6585],[-73.8297,40.6585],[-73.82961,40.65869]],[[-73.82999,40.6592],[-73.82982,40.65903],[-73.8299,40.6592],[-73.82999,40.6592]],[[-73.83059,40.65522],[-73.83052,40.65537],[-73.83059,40.6553],[-73.83059,40.65522]],[[-73.86319,40.6563],[-73.86311,40.6563],[-73.86319,40.65639],[-73.86319,40.6563]],[[-73.88391,40.77411],[-73.88391,40.7742],[-73.88426,40.7742],[-73.88391,40.77411]],[[-73.89182,40.6095],[-73.89199,40.6095],[-73.89199,40.60941],[-73.89182,40.6095]],[[-73.89141,40.7756],[-73.89141,40.77595],[-73.89149,40.7756],[-73.89141,40.7756]],[[-73.89179,40.77493],[-73.89151,40.77559],[-73.89179,40.7754],[-73.89179,40.77493]],[[-73.91309,40.5832],[-73.91309,40.58311],[-73.91301,40.5832],[-73.91309,40.5832]],[[-73.9163,40.5828],[-73.916,40.5824],[-73.91441,40.5824],[-73.91451,40.5826],[-73.91421,40.5826],[-73.9142,40.5828],[-73.9137,40.58271],[-73.91341,40.583],[-73.9142,40.583],[-73.9146,40.5828],[-73.9149,40.5829],[-73.915,40.58319],[-73.9161,40.5829],[-73.9166,40.5832],[-73.91729,40.5832],[-73.9166,40.58271],[-73.9163,40.5828]],[[-73.93782,40.7686],[-73.93797,40.76868],[-73.9379,40.7686],[-73.93782,40.7686]],[[-74.00519,40.66318],[-74.00519,40.663],[-74.00511,40.663],[-74.00519,40.66318]],[[-74.00619,40.6639],[-74.006,40.66381],[-74.00581,40.66409],[-74.0061,40.664],[-74.00619,40.6639]],[[-73.1274,40.8258],[-73.1183,40.82221],[-73.11711,40.8228],[-73.11681,40.8298],[-73.1179,40.8308],[-73.1231,40.833],[-73.1263,40.8323],[-73.12899,40.8282],[-73.1274,40.8258]],[[-73.13449,40.9663],[-73.13391,40.96591],[-73.13391,40.96639],[-73.13449,40.9663]],[[-73.15159,40.7463],[-73.15083,40.74592],[-73.1514,40.74649],[-73.15159,40.7463]],[[-73.2242,40.8393],[-73.2164,40.8403],[-73.21203,40.84219],[-73.222,40.8407],[-73.2273,40.84289],[-73.22919,40.83861],[-73.2261,40.8405],[-73.22429,40.8329],[-73.22589,40.8297],[-73.225,40.828],[-73.22281,40.828],[-73.2242,40.8393]],[[-73.6226,40.8956],[-73.6202,40.89461],[-73.61881,40.89579],[-73.6203,40.8957],[-73.6217,40.8977],[-73.6274,40.8976],[-73.63589,40.8934],[-73.634,40.89091],[-73.6271,40.8946],[-73.6226,40.8956]],[[-73.63582,40.68858],[-73.6411,40.6851],[-73.64849,40.6739],[-73.645,40.67281],[-73.63582,40.68858]]]}},{"type":"Feature","properties":{},"geometry":{"type":"Polygon","coordinates":[[[-73.961,40.7497],[-73.96151,40.7497],[-73.96111,40.7506],[-73.96001,40.7518],[-73.95951,40.753],[-73.959,40.7536],[-73.9585,40.7539],[-73.9537,40.7595],[-73.9521,40.7609],[-73.9509,40.7626],[-73.9491,40.7643],[-73.94571,40.7683],[-73.94561,40.7688],[-73.9452,40.7688],[-73.9447,40.7698],[-73.9426,40.7717],[-73.9409,40.7724],[-73.9402,40.773],[-73.93999,40.7728],[-73.94029,40.7723],[-73.94029,40.7707],[-73.9411,40.7694],[-73.9429,40.7683],[-73.9448,40.7658],[-73.9494,40.7605],[-73.9503,40.7599],[-73.95179,40.7584],[-73.9525,40.7571],[-73.9579,40.7521],[-73.961,40.7497]]]}},{"type":"Feature","properties":{},"geometry":{"type":"Polygon","coordinates":[[[-73.93871,40.781],[-73.9381,40.7814],[-73.9379,40.78072],[-73.9378,40.781],[-73.93759,40.781],[-73.93759,40.7805],[-73.9386,40.7803],[-73.9395,40.7795],[-73.93951,40.7799],[-73.93871,40.7805],[-73.93871,40.781]]]}},{"type":"Feature","properties":{},"geometry":{"type":"Polygon","coordinates":[[[-74.0187,40.7044],[-74.01754,40.7047],[-74.0189,40.7047],[-74.01931,40.7061],[-74.01911,40.707],[-74.0188,40.7071],[-74.0185,40.70691],[-74.01821,40.7078],[-74.01891,40.708],[-74.01781,40.7128],[-74.01779,40.7123],[-74.01661,40.71221],[-74.01661,40.7128],[-74.01631,40.7134],[-74.01761,40.7136],[-74.01671,40.7186],[-74.0132,40.7183],[-74.01291,40.7197],[-74.0135,40.7198],[-74.01341,40.72],[-74.0164,40.7204],[-74.01631,40.7207],[-74.01301,40.72031],[-74.01291,40.7209],[-74.0157,40.7212],[-74.01561,40.7215],[-74.0132,40.7213],[-74.01311,40.7215],[-74.0136,40.7215],[-74.0136,40.7216],[-74.0131,40.7215],[-74.01251,40.7215],[-74.01171,40.7259],[-74.01521,40.7264],[-74.0151,40.7268],[-74.01151,40.72641],[-74.01141,40.7282],[-74.01441,40.7285],[-74.014,40.7307],[-74.01121,40.7305],[-74.01091,40.733],[-74.014,40.7331],[-74.01401,40.7333],[-74.01071,40.7334],[-74.01091,40.7336],[-74.01081,40.734],[-74.012,40.7341],[-74.01201,40.7343],[-74.01081,40.7343],[-74.01051,40.7381],[-74.0111,40.7381],[-74.01111,40.7384],[-74.01051,40.7384],[-74.01041,40.7392],[-74.0116,40.7393],[-74.01151,40.7406],[-74.01221,40.7407],[-74.0096,40.7406],[-74.00941,40.7412],[-74.0097,40.7413],[-74.00961,40.7414],[-74.0102,40.74159],[-74.0104,40.7414],[-74.01141,40.7418],[-74.0108,40.7426],[-74.0103,40.74241],[-74.0101,40.7425],[-74.00921,40.74231],[-74.00911,40.7429],[-74.0096,40.743],[-74.00961,40.7433],[-74.01211,40.7436],[-74.012,40.7439],[-74.0095,40.7437],[-74.0094,40.744],[-74.0089,40.74391],[-74.00871,40.7449],[-74.0096,40.745],[-74.00961,40.7453],[-74.0099,40.7453],[-74.00999,40.745],[-74.00989,40.7449],[-74.0102,40.7449],[-74.01001,40.745],[-74.01001,40.7453],[-74.0105,40.7454],[-74.0111,40.7454],[-74.0112,40.7451],[-74.01121,40.7454],[-74.0117,40.74549],[-74.0118,40.7452],[-74.01181,40.7456],[-74.0117,40.746],[-74.0095,40.7458],[-74.00941,40.7463],[-74.0116,40.7466],[-74.0115,40.747],[-74.00921,40.7468],[-74.00911,40.7474],[-74.01141,40.7476],[-74.0113,40.748],[-74.0091,40.7478],[-74.00891,40.7484],[-74.01121,40.7487],[-74.0111,40.749],[-74.0099,40.7489],[-74.00961,40.75],[-74.0093,40.75],[-74.00911,40.7504],[-74.0107,40.751],[-74.01061,40.7513],[-74.009,40.75061],[-74.00851,40.7519],[-74.0089,40.7521],[-74.0091,40.7521],[-74.00911,40.7522],[-74.0085,40.75201],[-74.00841,40.7522],[-74.00991,40.7528],[-74.0084,40.75241],[-74.00731,40.755],[-74.0071,40.75491],[-74.0054,40.7573],[-74.0052,40.75721],[-74.00481,40.7578],[-74.00531,40.758],[-74.00501,40.7584],[-74.00701,40.7592],[-74.0065,40.7599],[-74.0045,40.75911],[-74.0042,40.7595],[-74.00382,40.7595],[-74.0042,40.7597],[-74.0043,40.76],[-74.0037,40.75971],[-74.00361,40.7598],[-74.00391,40.76],[-74.00311,40.7611],[-74.0028,40.76091],[-74.00231,40.7615],[-74.0046,40.7625],[-74.0044,40.7627],[-74.0022,40.76171],[-74.00151,40.7626],[-74.00381,40.7636],[-74.0036,40.7638],[-74.0014,40.76291],[-74.00101,40.7634],[-74.0031,40.7643],[-74.00291,40.7646],[-74.0032,40.7646],[-74.0031,40.7647],[-73.9999,40.76341],[-73.9996,40.7636],[-73.99921,40.7642],[-74.00231,40.7656],[-74.002,40.7659],[-73.9989,40.76461],[-73.99861,40.765],[-73.99871,40.7652],[-73.99841,40.7653],[-73.99831,40.7656],[-74.00161,40.767],[-74.0013,40.7673],[-73.9981,40.76591],[-73.99741,40.7668],[-74.00061,40.7682],[-74.0004,40.7685],[-73.9972,40.76711],[-73.99651,40.7681],[-73.9997,40.7695],[-73.99961,40.7698],[-73.9972,40.76881],[-73.99661,40.7694],[-73.999,40.7705],[-73.9988,40.7708],[-73.9963,40.76981],[-73.99601,40.7705],[-73.99541,40.771],[-73.996,40.7713],[-73.99591,40.7715],[-73.9953,40.77121],[-73.99491,40.7715],[-73.995,40.7717],[-73.9971,40.7725],[-73.9969,40.7728],[-73.9948,40.77191],[-73.99441,40.7724],[-73.9962,40.7731],[-73.9961,40.7733],[-73.9942,40.77251],[-73.99381,40.7729],[-73.9944,40.773],[-73.99431,40.7732],[-73.995,40.77349],[-73.9951,40.7733],[-73.9962,40.7738],[-73.99621,40.774],[-73.9961,40.7741],[-73.9939,40.77321],[-73.9926,40.775],[-73.9923,40.7751],[-73.99211,40.7755],[-73.99241,40.7756],[-73.9909,40.7776],[-73.9904,40.7776],[-73.98891,40.7797],[-73.99161,40.7796],[-73.9914,40.7798],[-73.9889,40.7799],[-73.98811,40.7817],[-73.988,40.78161],[-73.98511,40.7859],[-73.98571,40.7862],[-73.985,40.78601],[-73.98471,40.7865],[-73.98571,40.7866],[-73.9846,40.7866],[-73.97211,40.8045],[-73.96861,40.8091],[-73.96411,40.8158],[-73.96,40.8204],[-73.9598,40.82031],[-73.95881,40.8215],[-73.95871,40.8218],[-73.9591,40.82249],[-73.9592,40.8223],[-73.95991,40.8226],[-73.9596,40.823],[-73.9589,40.8227],[-73.95899,40.8225],[-73.9585,40.82181],[-73.95791,40.8228],[-73.95961,40.8237],[-73.95731,40.8271],[-73.9569,40.82701],[-73.9563,40.8279],[-73.955,40.82741],[-73.95121,40.8326],[-73.94971,40.8356],[-73.94951,40.8367],[-73.94931,40.8367],[-73.94951,40.8369],[-73.94841,40.8399],[-73.94611,40.8439],[-73.94621,40.8454],[-73.94681,40.8471],[-73.94661,40.8489],[-73.94701,40.8505],[-73.9465,40.851],[-73.9463,40.85081],[-73.9461,40.8512],[-73.9457,40.8512],[-73.9447,40.8519],[-73.9443,40.85181],[-73.9439,40.8522],[-73.943,40.8526],[-73.94191,40.8539],[-73.94031,40.8566],[-73.93911,40.858],[-73.93831,40.8594],[-73.93751,40.8601],[-73.93761,40.8602],[-73.93651,40.8619],[-73.93401,40.865],[-73.93401,40.8653],[-73.93271,40.8672],[-73.93291,40.8673],[-73.9326,40.8673],[-73.93241,40.8676],[-73.93231,40.8689],[-73.93261,40.869],[-73.93211,40.8694],[-73.93221,40.8701],[-73.93191,40.8711],[-73.93111,40.8727],[-73.929,40.8757],[-73.9265,40.8776],[-73.92629,40.8775],[-73.92649,40.8773],[-73.9262,40.8771],[-73.9256,40.8771],[-73.9251,40.8774],[-73.9233,40.8773],[-73.92239,40.8768],[-73.92239,40.8757],[-73.92269,40.875],[-73.92259,40.8744],[-73.9218,40.8733],[-73.9206,40.873],[-73.9201,40.8732],[-73.91991,40.8736],[-73.92081,40.8742],[-73.92071,40.8744],[-73.92121,40.8751],[-73.9208,40.8755],[-73.9189,40.8747],[-73.91929,40.8737],[-73.9187,40.87321],[-73.9176,40.8745],[-73.91788,40.87392],[-73.9175,40.8742],[-73.9164,40.8745],[-73.9152,40.8745],[-73.9131,40.8738],[-73.9126,40.8738],[-73.9112,40.873],[-73.91059,40.8723],[-73.91039,40.8715],[-73.91069,40.8709],[-73.91089,40.8694],[-73.91148,40.86949],[-73.91099,40.8692],[-73.91109,40.8689],[-73.91269,40.8666],[-73.91249,40.8665],[-73.9139,40.8647],[-73.91489,40.8646],[-73.9144,40.8642],[-73.9151,40.8644],[-73.91589,40.8643],[-73.91589,40.8641],[-73.9154,40.8641],[-73.91519,40.8639],[-73.91549,40.8633],[-73.91529,40.8632],[-73.9173,40.8617],[-73.91879,40.8595],[-73.9195,40.8588],[-73.92025,40.85908],[-73.9198,40.8588],[-73.9207,40.8593],[-73.9213,40.86019],[-73.92159,40.8601],[-73.92159,40.8596],[-73.9218,40.8596],[-73.92189,40.8592],[-73.9213,40.8589],[-73.9211,40.8583],[-73.92089,40.8583],[-73.9211,40.8576],[-73.92239,40.8566],[-73.9223,40.85572],[-73.9217,40.8567],[-73.92149,40.8566],[-73.92229,40.8557],[-73.93019,40.8444],[-73.93089,40.8425],[-73.93489,40.8352],[-73.93519,40.8327],[-73.93439,40.827],[-73.93399,40.8197],[-73.93379,40.8197],[-73.93379,40.8156],[-73.93429,40.8096],[-73.93359,40.8076],[-73.93029,40.8038],[-73.9292,40.8011],[-73.92899,40.8011],[-73.92899,40.7968],[-73.9298,40.7949],[-73.9335,40.7928],[-73.9358,40.7911],[-73.93709,40.7894],[-73.9361,40.7889],[-73.9362,40.7888],[-73.9371,40.78919],[-73.93809,40.7872],[-73.9398,40.7853],[-73.9432,40.7833],[-73.94359,40.7827],[-73.94389,40.7815],[-73.94359,40.7802],[-73.9434,40.77981],[-73.9424,40.78],[-73.94209,40.7794],[-73.9427,40.7793],[-73.94299,40.7789],[-73.94249,40.7774],[-73.94231,40.77731],[-73.94251,40.7777],[-73.9423,40.7778],[-73.94229,40.7773],[-73.94209,40.7773],[-73.94229,40.7772],[-73.94199,40.7762],[-73.94289,40.7747],[-73.9487,40.7689],[-73.9501,40.767],[-73.9544,40.7622],[-73.9592,40.7579],[-73.9607,40.7559],[-73.9616,40.7552],[-73.96819,40.7477],[-73.96839,40.7474],[-73.96819,40.7474],[-73.9689,40.7465],[-73.9699,40.7454],[-73.97,40.74549],[-73.9708,40.7444],[-73.9709,40.74449],[-73.97109,40.7442],[-73.97069,40.744],[-73.9708,40.7439],[-73.9712,40.74409],[-73.97139,40.7438],[-73.97119,40.7438],[-73.97189,40.7427],[-73.97169,40.7427],[-73.97199,40.7423],[-73.97219,40.7403],[-73.97269,40.7392],[-73.97249,40.7358],[-73.9729,40.7358],[-73.9744,40.73639],[-73.97449,40.7363],[-73.97449,40.7359],[-73.97419,40.7358],[-73.97447,40.7357],[-73.9741,40.7357],[-73.9731,40.7352],[-73.97279,40.7352],[-73.973,40.7351],[-73.9731,40.73519],[-73.9735,40.7349],[-73.97439,40.73529],[-73.97399,40.7334],[-73.97369,40.7332],[-73.97389,40.7331],[-73.97339,40.7313],[-73.97199,40.73],[-73.97149,40.7292],[-73.97139,40.7285],[-73.97169,40.7274],[-73.97149,40.7274],[-73.97309,40.72],[-73.97489,40.7151],[-73.97669,40.7115],[-73.978,40.7106],[-73.98129,40.7102],[-73.9812,40.7098],[-73.9884,40.7091],[-73.98861,40.7099],[-73.9888,40.71],[-73.9981,40.7085],[-74.00119,40.7069],[-74.00099,40.7064],[-74.00139,40.7062],[-74.0006,40.7054],[-74.0015,40.7049],[-74.0021,40.7054],[-74.0026,40.70549],[-74.00269,40.7054],[-74.00199,40.7047],[-74.0022,40.7046],[-74.0025,40.7047],[-74.00241,40.7048],[-74.0033,40.70559],[-74.00379,40.7053],[-74.0026,40.7042],[-74.0029,40.7041],[-74.0041,40.70509],[-74.006,40.7039],[-74.0061,40.70399],[-74.00659,40.7037],[-74.0055,40.7026],[-74.0057,40.7026],[-74.0068,40.70359],[-74.0077,40.7028],[-74.00929,40.7019],[-74.0087,40.70111],[-74.0078,40.7015],[-74.00759,40.7013],[-74.00849,40.7009],[-74.0083,40.7007],[-74.0086,40.7006],[-74.0096,40.70179],[-74.01119,40.7015],[-74.01109,40.7013],[-74.01129,40.7012],[-74.0108,40.7002],[-74.0112,40.7009],[-74.01139,40.7009],[-74.0113,40.7006],[-74.0115,40.7008],[-74.01169,40.7008],[-74.0117,40.7005],[-74.01209,40.70069],[-74.012,40.7],[-74.0124,40.7006],[-74.01259,40.7006],[-74.0126,40.7001],[-74.0129,40.7005],[-74.01309,40.7005],[-74.0131,40.6998],[-74.0136,40.7009],[-74.014,40.70099],[-74.0143,40.7001],[-74.01431,40.7007],[-74.015,40.70099],[-74.0151,40.7008],[-74.0158,40.7013],[-74.0171,40.7027],[-74.0177,40.70359],[-74.01791,40.7035],[-74.0179,40.7036],[-74.01771,40.7036],[-74.01761,40.7042],[-74.01779,40.7042],[-74.0178,40.704],[-74.01781,40.7042],[-74.0184,40.7042],[-74.0187,40.7044]],[[-74.00979,40.7422],[-74.01019,40.7417],[-74.0096,40.74141],[-74.0095,40.7415],[-74.0094,40.74141],[-74.00921,40.7421],[-74.0101,40.74249],[-74.01019,40.7423],[-74.00979,40.7422]],[[-73.91842,40.8732],[-73.91857,40.87328],[-73.9185,40.8732],[-73.91842,40.8732]],[[-73.99701,40.7688],[-73.99719,40.7688],[-73.9971,40.76871],[-73.99701,40.7688]]]}},{"type":"Feature","properties":{},"geometry":{"type":"Polygon","coordinates":[[[-73.9169,40.7904],[-73.9171,40.79049],[-73.91859,40.7897],[-73.9185,40.7894],[-73.9219,40.7857],[-73.922,40.78579],[-73.92289,40.7836],[-73.9241,40.7825],[-73.9249,40.7822],[-73.9257,40.7822],[-73.9273,40.7811],[-73.9281,40.7809],[-73.9306,40.7823],[-73.935,40.783],[-73.93611,40.7842],[-73.93571,40.7857],[-73.9324,40.7897],[-73.9322,40.7897],[-73.9308,40.791],[-73.9297,40.7914],[-73.9287,40.7909],[-73.92611,40.7907],[-73.92601,40.7913],[-73.9262,40.7917],[-73.92659,40.79189],[-73.92629,40.7912],[-73.9265,40.791],[-73.9279,40.791],[-73.92711,40.7919],[-73.9278,40.792],[-73.9283,40.7923],[-73.92831,40.7932],[-73.92691,40.7955],[-73.92711,40.7972],[-73.92771,40.7972],[-73.92721,40.7974],[-73.92751,40.7981],[-73.92691,40.7999],[-73.92651,40.8003],[-73.92691,40.8008],[-73.9265,40.80071],[-73.9255,40.802],[-73.9226,40.8019],[-73.9213,40.8009],[-73.9203,40.7994],[-73.9166,40.7979],[-73.9155,40.7971],[-73.91439,40.7957],[-73.91379,40.7945],[-73.91379,40.7938],[-73.9151,40.792],[-73.91629,40.7911],[-73.9162,40.791],[-73.9169,40.7904]],[[-73.92561,40.7919],[-73.92587,40.7919],[-73.92561,40.79181],[-73.92561,40.7919]]]}},{"type":"Feature","properties":{},"geometry":{"type":"Polygon","coordinates":[[[-73.8891,40.7874],[-73.8903,40.7899],[-73.8908,40.7902],[-73.892,40.7902],[-73.89221,40.7904],[-73.89281,40.7928],[-73.89181,40.7968],[-73.8902,40.798],[-73.8892,40.7978],[-73.88841,40.7981],[-73.88851,40.7986],[-73.8888,40.7987],[-73.8882,40.7987],[-73.88839,40.7986],[-73.8882,40.79821],[-73.8876,40.7984],[-73.8871,40.7983],[-73.8853,40.7971],[-73.884,40.7958],[-73.88371,40.79571],[-73.8837,40.796],[-73.8832,40.7955],[-73.8798,40.7949],[-73.878,40.7944],[-73.8758,40.7932],[-73.8749,40.7923],[-73.8722,40.791],[-73.8712,40.79],[-73.87099,40.7894],[-73.87079,40.788],[-73.8716,40.7868],[-73.8725,40.7863],[-73.8728,40.7859],[-73.8768,40.7858],[-73.8783,40.7854],[-73.886,40.7868],[-73.8869,40.7867],[-73.8883,40.787],[-73.8891,40.7874]]]}},{"type":"Feature","properties":{},"geometry":{"type":"Polygon","coordinates":[[[-73.8969,40.7956],[-73.898,40.7956],[-73.89921,40.7965],[-73.8979,40.7971],[-73.8971,40.7968],[-73.89679,40.7963],[-73.8969,40.7956]]]}},{"type":"Feature","properties":{},"geometry":{"type":"Polygon","coordinates":[[[-73.90001,40.8009],[-73.89951,40.8009],[-73.8994,40.8019],[-73.8983,40.8024],[-73.89649,40.8008],[-73.8986,40.7991],[-73.90021,40.7993],[-73.89981,40.7995],[-73.89971,40.8008],[-73.90001,40.8009]]]}},{"type":"Feature","properties":{},"geometry":{"type":"Polygon","coordinates":[[[-73.9656,40.8238],[-73.96361,40.8266],[-73.9535,40.8495],[-73.96319,40.8269],[-73.9656,40.8238]]]}},{"type":"Feature","properties":{},"geometry":{"type":"Polygon","coordinates":[[[-73.90491,40.9581],[-73.89779,40.9774],[-73.9078,40.9498],[-73.90491,40.9581]]]}},{"type":"Feature","properties":{},"geometry":{"type":"Polygon","coordinates":[[[-73.89271,41.0535],[-73.89359,41.0568],[-73.8909,41.0478],[-73.89271,41.0535]]]}},{"type":"Feature","properties":{},"geometry":{"type":"Polygon","coordinates":[[[-73.89469,41.0773],[-73.89481,41.0717],[-73.8949,41.0821],[-73.89469,41.0773]]]}},{"type":"Feature","properties":{},"geometry":{"type":"Polygon","coordinates":[[[-73.9649,41.1108],[-73.96591,41.1103],[-73.9649,41.1124],[-73.96489,41.1124],[-73.9649,41.1108]]]}},{"type":"Feature","properties":{},"geometry":{"type":"Polygon","coordinates":[[[-73.92879,41.2009],[-73.92741,41.1983],[-73.9312,41.2046],[-73.92879,41.2009]]]}},{"type":"Feature","properties":{},"geometry":{"type":"Polygon","coordinates":[[[-73.94629,41.2862],[-73.94741,41.2847],[-73.9458,41.2875],[-73.94629,41.2862]]]}},{"type":"Feature","properties":{},"geometry":{"type":"Polygon","coordinates":[[[-73.9466,41.2909],[-73.94589,41.2895],[-73.9458,41.2877],[-73.94581,41.2877],[-73.9466,41.2909]]]}},{"type":"Feature","properties":{},"geometry":{"type":"Polygon","coordinates":[[[-73.96349,41.3453],[-73.96501,41.3436],[-73.9615,41.3482],[-73.96349,41.3453]]]}},{"type":"Feature","properties":{},"geometry":{"type":"Polygon","coordinates":[[[-73.9593,41.3616],[-73.95891,41.3642],[-73.9583,41.3668],[-73.95829,41.3668],[-73.9593,41.3616]]]}},{"type":"Feature","properties":{},"geometry":{"type":"Polygon","coordinates":[[[-73.95359,41.3786],[-73.95501,41.3767],[-73.9524,41.3807],[-73.95359,41.3786]]]}},{"type":"Feature","properties":{},"geometry":{"type":"Polygon","coordinates":[[[-73.95161,41.3845],[-73.95099,41.3866],[-73.952,41.3823],[-73.95161,41.3845]]]}},{"type":"Feature","properties":{},"geometry":{"type":"Polygon","coordinates":[[[-73.8497,41.3885],[-73.84939,41.3867],[-73.8494,41.3867],[-73.85061,41.3879],[-73.8497,41.3885]]]}},{"type":"Feature","properties":{},"geometry":{"type":"Polygon","coordinates":[[[-73.94931,41.3902],[-73.94829,41.3918],[-73.9508,41.3871],[-73.94931,41.3902]]]}},{"type":"Feature","properties":{},"geometry":{"type":"Polygon","coordinates":[[[-73.9494,41.3981],[-73.9487,41.3976],[-73.95141,41.3989],[-73.9494,41.3981]]]}},{"type":"Feature","properties":{},"geometry":{"type":"Polygon","coordinates":[[[-73.9571,41.3998],[-73.959,41.4004],[-73.95329,41.3993],[-73.9571,41.3998]]]}},{"type":"Feature","properties":{},"geometry":{"type":"Polygon","coordinates":[[[-73.94269,41.4009],[-73.9433,41.4006],[-73.94361,41.4013],[-73.9436,41.4013],[-73.94269,41.4009]]]}},{"type":"Feature","properties":{},"geometry":{"type":"Polygon","coordinates":[[[-73.9608,41.4017],[-73.9623,41.4036],[-73.9592,41.4005],[-73.9608,41.4017]]]}},{"type":"Feature","properties":{},"geometry":{"type":"Polygon","coordinates":[[[-73.96271,41.4055],[-73.96269,41.4074],[-73.9624,41.4038],[-73.96271,41.4055]]]}},{"type":"Feature","properties":{},"geometry":{"type":"Polygon","coordinates":[[[-73.8255,40.592],[-73.8256,40.5917],[-73.82639,40.5914],[-73.8264,40.5903],[-73.8269,40.5899],[-73.8274,40.5898],[-73.82761,40.5905],[-73.82711,40.591],[-73.8273,40.5915],[-73.826,40.592],[-73.8255,40.592]]]}},{"type":"Feature","properties":{},"geometry":{"type":"Polygon","coordinates":[[[-73.83811,40.5903],[-73.83811,40.5907],[-73.83879,40.59118],[-73.8384,40.5904],[-73.84059,40.59149],[-73.8405,40.5912],[-73.8424,40.5925],[-73.84241,40.5929],[-73.8426,40.5929],[-73.8428,40.5933],[-73.84341,40.5935],[-73.84351,40.5951],[-73.8406,40.5973],[-73.8375,40.5969],[-73.8357,40.5948],[-73.8349,40.5943],[-73.83479,40.5939],[-73.834,40.5936],[-73.8319,40.5934],[-73.83119,40.5915],[-73.8336,40.589],[-73.8346,40.5891],[-73.8352,40.5894],[-73.8367,40.5896],[-73.8369,40.5895],[-73.83691,40.5897],[-73.83811,40.5903]]]}},{"type":"Feature","properties":{},"geometry":{"type":"Polygon","coordinates":[[[-73.86341,40.6003],[-73.8619,40.6022],[-73.8608,40.6026],[-73.8605,40.6023],[-73.8591,40.6021],[-73.8548,40.6019],[-73.85469,40.6016],[-73.8543,40.6014],[-73.8537,40.6014],[-73.8528,40.6009],[-73.85079,40.5988],[-73.8515,40.5984],[-73.852,40.5977],[-73.8527,40.5972],[-73.8547,40.5966],[-73.8549,40.5963],[-73.8572,40.596],[-73.8604,40.5965],[-73.86051,40.5971],[-73.8633,40.5998],[-73.86341,40.6003]]]}},{"type":"Feature","properties":{},"geometry":{"type":"Polygon","coordinates":[[[-73.8116,40.5981],[-73.8131,40.5995],[-73.81361,40.6004],[-73.81461,40.6013],[-73.81501,40.6021],[-73.81481,40.604],[-73.81441,40.6042],[-73.8143,40.6045],[-73.8132,40.6044],[-73.8127,40.6039],[-73.8117,40.6036],[-73.80999,40.6027],[-73.80999,40.5998],[-73.81019,40.59989],[-73.8103,40.599],[-73.8105,40.5988],[-73.8116,40.5981]]]}},{"type":"Feature","properties":{},"geometry":{"type":"Polygon","coordinates":[[[-73.8445,40.6048],[-73.84499,40.6044],[-73.8449,40.6037],[-73.8452,40.6039],[-73.84548,40.6039],[-73.84519,40.6037],[-73.8456,40.6036],[-73.846,40.6038],[-73.84621,40.6042],[-73.8458,40.6048],[-73.8445,40.6048]],[[-73.84521,40.60451],[-73.84521,40.60469],[-73.84529,40.6046],[-73.84521,40.60451]]]}},{"type":"Feature","properties":{},"geometry":{"type":"Polygon","coordinates":[[[-73.8468,40.605],[-73.8466,40.6046],[-73.8475,40.6045],[-73.84791,40.6047],[-73.8478,40.6049],[-73.8471,40.6048],[-73.8468,40.605]]]}},{"type":"Feature","properties":{},"geometry":{"type":"Polygon","coordinates":[[[-73.79779,40.6052],[-73.798,40.6048],[-73.7986,40.6048],[-73.7988,40.60499],[-73.79987,40.60461],[-73.7979,40.6047],[-73.79761,40.6051],[-73.79821,40.6056],[-73.79801,40.6057],[-73.79821,40.6059],[-73.7977,40.6064],[-73.7973,40.6061],[-73.7963,40.6058],[-73.79649,40.6051],[-73.79668,40.6051],[-73.7962,40.6048],[-73.79619,40.6046],[-73.7964,40.60469],[-73.79669,40.6045],[-73.7966,40.6044],[-73.7973,40.6041],[-73.799,40.6041],[-73.7992,40.6043],[-73.8002,40.6042],[-73.8004,40.60439],[-73.8006,40.6042],[-73.801,40.6042],[-73.8011,40.60439],[-73.8017,40.6041],[-73.8018,40.60429],[-73.8022,40.6042],[-73.8023,40.60439],[-73.8024,40.6042],[-73.8027,40.60449],[-73.8038,40.6043],[-73.80341,40.6048],[-73.80371,40.6049],[-73.80391,40.6056],[-73.8034,40.6059],[-73.8031,40.6064],[-73.8018,40.6064],[-73.8008,40.6071],[-73.80059,40.6068],[-73.801,40.6067],[-73.80109,40.6064],[-73.8007,40.60621],[-73.80041,40.6063],[-73.80091,40.6066],[-73.80051,40.6068],[-73.8005,40.6071],[-73.7992,40.6068],[-73.7983,40.6068],[-73.79839,40.6067],[-73.7979,40.6066],[-73.79839,40.606],[-73.79829,40.6055],[-73.79779,40.6052]],[[-73.79833,40.60551],[-73.7987,40.60569],[-73.79898,40.6056],[-73.79833,40.60551]],[[-73.79901,40.6056],[-73.7991,40.6056],[-73.79918,40.60543],[-73.79901,40.6056]],[[-73.79923,40.6054],[-73.79949,40.6054],[-73.79949,40.60531],[-73.79923,40.6054]],[[-73.79951,40.6053],[-73.79959,40.6053],[-73.79951,40.60521],[-73.79951,40.6053]],[[-73.79991,40.6053],[-73.80009,40.60549],[-73.80009,40.6053],[-73.79991,40.6053]]]}},{"type":"Feature","properties":{},"geometry":{"type":"Polygon","coordinates":[[[-73.8258,40.6079],[-73.82598,40.6078],[-73.82569,40.6078],[-73.82509,40.6059],[-73.82449,40.6051],[-73.8246,40.6047],[-73.8277,40.6052],[-73.8291,40.6058],[-73.82941,40.6066],[-73.82931,40.6071],[-73.829,40.6074],[-73.8288,40.60731],[-73.82761,40.6079],[-73.8277,40.6081],[-73.82711,40.6083],[-73.82761,40.6093],[-73.8275,40.6095],[-73.8264,40.6093],[-73.8258,40.6089],[-73.82599,40.6083],[-73.8258,40.6079]],[[-73.82679,40.6079],[-73.82602,40.60781],[-73.8263,40.608],[-73.82679,40.608],[-73.82679,40.6079]]]}},{"type":"Feature","properties":{},"geometry":{"type":"Polygon","coordinates":[[[-73.8325,40.6095],[-73.8321,40.6095],[-73.8315,40.6091],[-73.83119,40.6088],[-73.83129,40.60842],[-73.8311,40.6086],[-73.8308,40.6085],[-73.83009,40.6079],[-73.82979,40.6071],[-73.82989,40.6063],[-73.8311,40.6052],[-73.8319,40.6051],[-73.832,40.60529],[-73.8323,40.6051],[-73.8331,40.6053],[-73.8351,40.6053],[-73.83571,40.6058],[-73.83531,40.6069],[-73.8347,40.6073],[-73.8344,40.6079],[-73.83448,40.60731],[-73.8343,40.608],[-73.8329,40.609],[-73.8325,40.6095]]]}},{"type":"Feature","properties":{},"geometry":{"type":"Polygon","coordinates":[[[-73.7958,40.6081],[-73.79529,40.6064],[-73.79529,40.6056],[-73.7957,40.6052],[-73.79601,40.6053],[-73.79561,40.6059],[-73.7957,40.60649],[-73.7963,40.6062],[-73.7967,40.6062],[-73.7979,40.6069],[-73.799,40.6069],[-73.8005,40.6072],[-73.8011,40.6072],[-73.8019,40.6066],[-73.8033,40.6066],[-73.8035,40.6063],[-73.80401,40.6061],[-73.8031,40.6075],[-73.80141,40.6082],[-73.80161,40.6084],[-73.801,40.6087],[-73.7967,40.609],[-73.79599,40.6082],[-73.79649,40.608],[-73.79629,40.6079],[-73.79629,40.6075],[-73.79649,40.6073],[-73.7964,40.60721],[-73.79611,40.6074],[-73.79611,40.6078],[-73.7958,40.6081]]]}},{"type":"Feature","properties":{},"geometry":{"type":"Polygon","coordinates":[[[-73.84509,40.6056],[-73.84529,40.6054],[-73.8449,40.6052],[-73.8449,40.605],[-73.8454,40.60519],[-73.8456,40.605],[-73.8458,40.60519],[-73.8461,40.6048],[-73.8467,40.6051],[-73.84751,40.6051],[-73.8474,40.6057],[-73.8467,40.606],[-73.8466,40.60581],[-73.84641,40.60619],[-73.8477,40.6059],[-73.8488,40.60639],[-73.84961,40.606],[-73.8496,40.6067],[-73.8488,40.60651],[-73.84821,40.6069],[-73.8482,40.6071],[-73.8479,40.60691],[-73.8475,40.607],[-73.84701,40.6075],[-73.8468,40.6081],[-73.8462,40.60791],[-73.8456,40.6083],[-73.84493,40.60811],[-73.8455,40.60849],[-73.8461,40.6082],[-73.84631,40.6083],[-73.84581,40.6086],[-73.84601,40.6088],[-73.84561,40.6093],[-73.84561,40.6095],[-73.84581,40.6095],[-73.8457,40.6098],[-73.84542,40.6098],[-73.84571,40.61],[-73.84541,40.6101],[-73.84571,40.6103],[-73.84551,40.6105],[-73.84581,40.6108],[-73.84551,40.6108],[-73.84581,40.6113],[-73.8453,40.6113],[-73.84493,40.61103],[-73.84531,40.6115],[-73.84511,40.6123],[-73.8453,40.6127],[-73.84571,40.6129],[-73.84531,40.6131],[-73.84531,40.6135],[-73.8456,40.6137],[-73.8448,40.614],[-73.8442,40.6137],[-73.8436,40.6137],[-73.84359,40.6131],[-73.8434,40.613],[-73.8426,40.6132],[-73.8418,40.6127],[-73.84149,40.6123],[-73.84159,40.6118],[-73.8407,40.6116],[-73.84069,40.61141],[-73.8398,40.6124],[-73.8389,40.6124],[-73.8388,40.6128],[-73.8382,40.6131],[-73.8371,40.6129],[-73.8365,40.6126],[-73.83619,40.6122],[-73.837,40.6111],[-73.83749,40.6109],[-73.83749,40.6102],[-73.8378,40.6101],[-73.8381,40.6095],[-73.83849,40.6092],[-73.8389,40.6079],[-73.8391,40.60829],[-73.8396,40.6081],[-73.8398,40.60829],[-73.84,40.6082],[-73.8402,40.60869],[-73.84049,40.6086],[-73.8401,40.608],[-73.8398,40.608],[-73.83939,40.6076],[-73.83999,40.6075],[-73.8399,40.6074],[-73.8405,40.607],[-73.8412,40.607],[-73.84139,40.6068],[-73.84139,40.6064],[-73.841,40.60611],[-73.8406,40.6063],[-73.84059,40.60611],[-73.84039,40.6062],[-73.84039,40.6056],[-73.8406,40.6054],[-73.8408,40.60559],[-73.8412,40.6055],[-73.84129,40.6053],[-73.84109,40.6053],[-73.84129,40.6051],[-73.8411,40.6047],[-73.8416,40.6045],[-73.8419,40.60479],[-73.8424,40.6044],[-73.8428,40.60449],[-73.843,40.6042],[-73.8433,40.60439],[-73.844,40.6041],[-73.8444,40.6042],[-73.8444,40.6044],[-73.8436,40.6044],[-73.8434,40.6047],[-73.84271,40.60461],[-73.8427,40.6051],[-73.8424,40.60481],[-73.84191,40.6049],[-73.8424,40.60529],[-73.84299,40.6051],[-73.8428,40.6047],[-73.8432,40.6048],[-73.84321,40.60509],[-73.8434,40.605],[-73.84381,40.6054],[-73.84361,40.6058],[-73.84387,40.60633],[-73.84369,40.6058],[-73.84409,40.6054],[-73.84359,40.6051],[-73.84359,40.6047],[-73.8438,40.6045],[-73.8441,40.6046],[-73.84461,40.605],[-73.84471,40.6061],[-73.8443,40.60581],[-73.84411,40.6059],[-73.84459,40.60658],[-73.8446,40.6063],[-73.84529,40.6063],[-73.8452,40.60581],[-73.84499,40.6059],[-73.8451,40.6057],[-73.8452,40.60579],[-73.84539,40.6057],[-73.84509,40.6056]],[[-73.84011,40.60896],[-73.84019,40.60872],[-73.84011,40.6088],[-73.84011,40.60896]],[[-73.84621,40.6064],[-73.84621,40.60658],[-73.84639,40.60621],[-73.84592,40.6063],[-73.84621,40.6064]],[[-73.84619,40.60669],[-73.84619,40.6066],[-73.84611,40.6066],[-73.84619,40.60669]],[[-73.8466,40.6068],[-73.84642,40.60699],[-73.84669,40.6069],[-73.8466,40.60661],[-73.84622,40.6068],[-73.8466,40.6068]],[[-73.84688,40.6066],[-73.8467,40.60651],[-73.84661,40.6066],[-73.84688,40.6066]],[[-73.8481,40.60671],[-73.84801,40.6069],[-73.84819,40.6069],[-73.8481,40.60671]]]}},{"type":"Feature","properties":{},"geometry":{"type":"Polygon","coordinates":[[[-73.85271,40.6112],[-73.8525,40.61091],[-73.8521,40.6111],[-73.852,40.6109],[-73.85171,40.6109],[-73.85201,40.6112],[-73.8517,40.6116],[-73.8514,40.6118],[-73.85101,40.61151],[-73.85101,40.612],[-73.8507,40.612],[-73.8505,40.6123],[-73.8497,40.6121],[-73.84989,40.612],[-73.84959,40.6117],[-73.84979,40.6116],[-73.84959,40.6113],[-73.84989,40.611],[-73.84959,40.6109],[-73.84969,40.6104],[-73.84949,40.6103],[-73.84999,40.6102],[-73.84939,40.6098],[-73.84989,40.6098],[-73.8499,40.6094],[-73.8504,40.60959],[-73.8512,40.6092],[-73.8513,40.60929],[-73.85159,40.6091],[-73.8517,40.6086],[-73.8521,40.60869],[-73.8525,40.6082],[-73.8528,40.60829],[-73.853,40.608],[-73.85339,40.608],[-73.8532,40.6077],[-73.8535,40.6079],[-73.85449,40.6079],[-73.8541,40.6075],[-73.85369,40.6075],[-73.8538,40.6072],[-73.8544,40.6072],[-73.8548,40.6075],[-73.85511,40.6075],[-73.85461,40.6077],[-73.85481,40.6078],[-73.85481,40.6086],[-73.85551,40.609],[-73.85521,40.6095],[-73.856,40.6096],[-73.85591,40.6099],[-73.85621,40.6101],[-73.85631,40.6107],[-73.85661,40.6108],[-73.85631,40.6109],[-73.8563,40.6111],[-73.8554,40.6104],[-73.85549,40.6101],[-73.8532,40.6101],[-73.8531,40.6103],[-73.8527,40.6104],[-73.85201,40.61021],[-73.85201,40.6106],[-73.8525,40.6109],[-73.85271,40.6112]],[[-73.85001,40.61011],[-73.85001,40.6102],[-73.85009,40.6102],[-73.85001,40.61011]]]}},{"type":"Feature","properties":{},"geometry":{"type":"Polygon","coordinates":[[[-73.8366,40.6151],[-73.83781,40.6156],[-73.8372,40.6158],[-73.8369,40.6162],[-73.8364,40.6162],[-73.83531,40.6172],[-73.83501,40.6178],[-73.83501,40.618],[-73.83521,40.618],[-73.83501,40.6181],[-73.83501,40.6185],[-73.8351,40.6187],[-73.83541,40.6187],[-73.83571,40.6197],[-73.8355,40.62],[-73.8352,40.62],[-73.83499,40.6198],[-73.83509,40.61951],[-73.83491,40.6196],[-73.83481,40.6199],[-73.83531,40.6201],[-73.8349,40.6205],[-73.8345,40.62011],[-73.83421,40.6203],[-73.8343,40.6206],[-73.8325,40.6218],[-73.8323,40.62171],[-73.83163,40.62199],[-73.8327,40.6219],[-73.83291,40.6223],[-73.8326,40.6227],[-73.8323,40.6228],[-73.8314,40.62241],[-73.831,40.6228],[-73.8304,40.62241],[-73.83011,40.623],[-73.8303,40.62338],[-73.8304,40.6226],[-73.8309,40.6229],[-73.83091,40.62309],[-73.8311,40.6229],[-73.8315,40.6229],[-73.83187,40.62308],[-73.8317,40.6229],[-73.83221,40.6233],[-73.83101,40.6246],[-73.83091,40.6248],[-73.83131,40.625],[-73.8312,40.6252],[-73.83081,40.6253],[-73.83101,40.6255],[-73.83061,40.6262],[-73.83081,40.6268],[-73.8317,40.6271],[-73.83231,40.6271],[-73.83221,40.6274],[-73.83251,40.6276],[-73.83231,40.6281],[-73.83183,40.6282],[-73.8326,40.6283],[-73.833,40.6279],[-73.83291,40.6289],[-73.8324,40.6291],[-73.83201,40.6297],[-73.83191,40.6306],[-73.83111,40.6328],[-73.83131,40.6336],[-73.83191,40.6342],[-73.83201,40.635],[-73.83251,40.6356],[-73.83341,40.6385],[-73.8329,40.6389],[-73.8322,40.6389],[-73.8287,40.6366],[-73.8281,40.6359],[-73.8259,40.6357],[-73.82441,40.6362],[-73.82411,40.6388],[-73.82461,40.6394],[-73.8242,40.64],[-73.82339,40.639],[-73.82279,40.6356],[-73.82229,40.6347],[-73.82179,40.632],[-73.82109,40.6297],[-73.8201,40.6278],[-73.8183,40.627],[-73.81789,40.6259],[-73.81619,40.6247],[-73.81619,40.6244],[-73.8168,40.6239],[-73.818,40.62409],[-73.81859,40.6234],[-73.81869,40.6229],[-73.8175,40.6221],[-73.81759,40.6218],[-73.8167,40.62161],[-73.8166,40.622],[-73.8162,40.6221],[-73.81539,40.6215],[-73.81529,40.6207],[-73.81539,40.6201],[-73.81719,40.6193],[-73.81739,40.6181],[-73.81779,40.6175],[-73.81749,40.6164],[-73.81709,40.6153],[-73.81649,40.6149],[-73.81659,40.6146],[-73.8164,40.6143],[-73.8155,40.6143],[-73.8144,40.6147],[-73.81409,40.6146],[-73.8142,40.6143],[-73.8147,40.614],[-73.81491,40.614],[-73.81491,40.61429],[-73.81549,40.614],[-73.81479,40.6132],[-73.815,40.613],[-73.8157,40.61329],[-73.81619,40.6129],[-73.81599,40.6128],[-73.8154,40.61041],[-73.81449,40.6111],[-73.81449,40.6107],[-73.81519,40.6098],[-73.81479,40.6089],[-73.81489,40.608],[-73.81509,40.6073],[-73.81569,40.6065],[-73.81549,40.6064],[-73.81549,40.6062],[-73.81561,40.6062],[-73.81551,40.60639],[-73.81599,40.6063],[-73.81589,40.6059],[-73.8164,40.6052],[-73.81739,40.6052],[-73.81729,40.6039],[-73.81769,40.6022],[-73.81829,40.6013],[-73.81849,40.5994],[-73.81929,40.5975],[-73.82019,40.5969],[-73.82049,40.5961],[-73.82039,40.5957],[-73.8212,40.5947],[-73.8241,40.5946],[-73.8255,40.5951],[-73.8332,40.5942],[-73.8343,40.5947],[-73.83481,40.5955],[-73.8342,40.5967],[-73.8335,40.5969],[-73.8334,40.5972],[-73.8325,40.5976],[-73.8324,40.5978],[-73.8315,40.598],[-73.8306,40.59741],[-73.8304,40.5977],[-73.8294,40.5981],[-73.8292,40.5978],[-73.8283,40.5976],[-73.82721,40.5983],[-73.8272,40.5986],[-73.826,40.5995],[-73.82579,40.5994],[-73.82589,40.5991],[-73.8256,40.5985],[-73.8247,40.59811],[-73.8243,40.5983],[-73.82401,40.5989],[-73.82421,40.5993],[-73.8238,40.6],[-73.82321,40.6],[-73.8232,40.6001],[-73.8231,40.6001],[-73.82319,40.6],[-73.82301,40.59991],[-73.82301,40.6001],[-73.8229,40.6001],[-73.82299,40.5999],[-73.8224,40.5999],[-73.8219,40.5998],[-73.82151,40.6],[-73.8223,40.6002],[-73.8244,40.6003],[-73.82451,40.6008],[-73.824,40.601],[-73.82351,40.6016],[-73.82371,40.602],[-73.82361,40.6023],[-73.8231,40.6023],[-73.82291,40.6026],[-73.82291,40.6047],[-73.82251,40.6055],[-73.82291,40.6059],[-73.8224,40.6065],[-73.8222,40.60641],[-73.8213,40.607],[-73.82001,40.6089],[-73.82001,40.6096],[-73.81961,40.6105],[-73.82051,40.6119],[-73.82041,40.6121],[-73.8209,40.61229],[-73.82129,40.6111],[-73.8205,40.6104],[-73.82049,40.6102],[-73.82089,40.6092],[-73.8214,40.6085],[-73.8216,40.6085],[-73.82181,40.6086],[-73.82171,40.6092],[-73.8221,40.6102],[-73.8229,40.6103],[-73.82321,40.6109],[-73.82401,40.6116],[-73.82391,40.6119],[-73.8241,40.6123],[-73.8247,40.6124],[-73.82471,40.6131],[-73.8258,40.61419],[-73.827,40.6134],[-73.8274,40.6134],[-73.8276,40.6137],[-73.82791,40.6137],[-73.82722,40.6141],[-73.8285,40.6142],[-73.8309,40.615],[-73.8315,40.615],[-73.834,40.6144],[-73.8354,40.6146],[-73.8359,40.6152],[-73.8365,40.61529],[-73.8366,40.6151]],[[-73.83372,40.62062],[-73.83379,40.6197],[-73.83394,40.61593],[-73.83372,40.62062]],[[-73.83,40.6237],[-73.8299,40.62342],[-73.82981,40.6237],[-73.8295,40.6238],[-73.82921,40.62429],[-73.8297,40.6242],[-73.83009,40.6238],[-73.83009,40.62344],[-73.83,40.6237]],[[-73.8306,40.62399],[-73.83069,40.62381],[-73.83051,40.6239],[-73.8306,40.62399]],[[-73.83069,40.62348],[-73.83069,40.62321],[-73.83061,40.6233],[-73.83069,40.62348]],[[-73.83079,40.6237],[-73.83071,40.62361],[-73.83071,40.6237],[-73.83079,40.6237]],[[-73.83189,40.62889],[-73.83161,40.62852],[-73.83161,40.6288],[-73.83189,40.62889]],[[-73.83179,40.6283],[-73.83179,40.62822],[-73.83172,40.62837],[-73.83179,40.6283]],[[-73.83413,40.61981],[-73.83448,40.62008],[-73.8344,40.6199],[-73.83413,40.61981]]]}},{"type":"Feature","properties":{},"geometry":{"type":"Polygon","coordinates":[[[-73.7992,40.6242],[-73.79869,40.6237],[-73.79869,40.6234],[-73.79969,40.6211],[-73.79979,40.6201],[-73.8002,40.6196],[-73.8007,40.6195],[-73.8013,40.6198],[-73.8018,40.6208],[-73.80209,40.6208],[-73.80129,40.6185],[-73.80149,40.6184],[-73.80149,40.6177],[-73.80239,40.6158],[-73.8027,40.6157],[-73.8035,40.6144],[-73.80361,40.616],[-73.80451,40.617],[-73.80451,40.6176],[-73.8049,40.6186],[-73.8052,40.6187],[-73.80591,40.6196],[-73.80561,40.6199],[-73.80641,40.6211],[-73.80621,40.6214],[-73.80641,40.6223],[-73.80591,40.6234],[-73.8054,40.6238],[-73.8047,40.6238],[-73.8043,40.6243],[-73.8036,40.6247],[-73.8029,40.6247],[-73.8016,40.6256],[-73.7996,40.6261],[-73.79921,40.6263],[-73.7991,40.6266],[-73.7983,40.6262],[-73.79759,40.6261],[-73.79896,40.62532],[-73.7987,40.6254],[-73.7978,40.6245],[-73.7982,40.6245],[-73.7988,40.62509],[-73.80039,40.6241],[-73.80039,40.62391],[-73.7997,40.6242],[-73.7992,40.6242]]]}},{"type":"Feature","properties":{},"geometry":{"type":"Polygon","coordinates":[[[-73.8495,40.6213],[-73.8496,40.62139],[-73.8505,40.6209],[-73.8509,40.6202],[-73.8511,40.62039],[-73.8514,40.6201],[-73.8521,40.6203],[-73.8527,40.6201],[-73.8535,40.6202],[-73.854,40.6199],[-73.8549,40.62],[-73.8566,40.6196],[-73.8568,40.62039],[-73.8574,40.6203],[-73.85751,40.6205],[-73.85701,40.6207],[-73.8571,40.621],[-73.8568,40.6212],[-73.85661,40.62111],[-73.8566,40.6215],[-73.8564,40.62141],[-73.856,40.6218],[-73.8553,40.62171],[-73.8552,40.622],[-73.855,40.6216],[-73.85459,40.6216],[-73.85449,40.6208],[-73.8536,40.6205],[-73.8525,40.6205],[-73.85141,40.6208],[-73.85131,40.6218],[-73.85241,40.623],[-73.8519,40.62281],[-73.8518,40.6233],[-73.8513,40.6235],[-73.8511,40.6233],[-73.8506,40.6233],[-73.8502,40.6236],[-73.85019,40.6231],[-73.8498,40.6231],[-73.84969,40.6227],[-73.8491,40.6224],[-73.8485,40.6224],[-73.84909,40.6217],[-73.8489,40.6216],[-73.8495,40.6213]]]}},{"type":"Feature","properties":{},"geometry":{"type":"Polygon","coordinates":[[[-73.8334,40.6235],[-73.83371,40.6237],[-73.8332,40.6242],[-73.8327,40.6242],[-73.832,40.6247],[-73.83179,40.6243],[-73.83229,40.6237],[-73.83239,40.6229],[-73.8328,40.6228],[-73.83309,40.6224],[-73.8331,40.6217],[-73.8339,40.6213],[-73.8341,40.621],[-73.835,40.621],[-73.83481,40.6211],[-73.83491,40.6215],[-73.83461,40.622],[-73.83501,40.6227],[-73.8341,40.6224],[-73.8334,40.6226],[-73.83311,40.6228],[-73.83301,40.6231],[-73.83321,40.6234],[-73.83301,40.6237],[-73.8333,40.62379],[-73.8334,40.6235]],[[-73.83271,40.6238],[-73.83271,40.6239],[-73.8328,40.62399],[-73.83289,40.6238],[-73.83271,40.6238]]]}},{"type":"Feature","properties":{},"geometry":{"type":"Polygon","coordinates":[[[-73.8432,40.6237],[-73.8429,40.6233],[-73.8433,40.6234],[-73.8443,40.623],[-73.8454,40.623],[-73.8455,40.6231],[-73.84511,40.6233],[-73.84551,40.6238],[-73.84521,40.6244],[-73.8458,40.6246],[-73.84601,40.625],[-73.8453,40.6248],[-73.8448,40.6249],[-73.84479,40.62421],[-73.8439,40.6243],[-73.84379,40.6237],[-73.8432,40.6237]]]}},{"type":"Feature","properties":{},"geometry":{"type":"Polygon","coordinates":[[[-73.8141,40.6252],[-73.81441,40.6252],[-73.81451,40.6255],[-73.8144,40.6257],[-73.8126,40.6263],[-73.8125,40.6265],[-73.81199,40.626],[-73.81239,40.6244],[-73.8122,40.6241],[-73.8117,40.6239],[-73.81169,40.6236],[-73.8121,40.6234],[-73.81249,40.62349],[-73.81249,40.6231],[-73.813,40.6223],[-73.81331,40.6226],[-73.81301,40.6239],[-73.8141,40.6252]]]}},{"type":"Feature","properties":{},"geometry":{"type":"Polygon","coordinates":[[[-73.8408,40.6259],[-73.84081,40.6261],[-73.8417,40.6264],[-73.84181,40.6266],[-73.84151,40.6268],[-73.8424,40.6274],[-73.8422,40.6275],[-73.8413,40.6269],[-73.8404,40.62661],[-73.84011,40.627],[-73.8407,40.6274],[-73.8406,40.6275],[-73.83971,40.62731],[-73.8398,40.6275],[-73.8395,40.6273],[-73.8408,40.6259]]]}},{"type":"Feature","properties":{},"geometry":{"type":"Polygon","coordinates":[[[-73.816,40.6304],[-73.81469,40.63],[-73.81429,40.6291],[-73.8147,40.6275],[-73.8153,40.6278],[-73.81621,40.6289],[-73.81641,40.6298],[-73.816,40.6304]]]}},{"type":"Feature","properties":{},"geometry":{"type":"Polygon","coordinates":[[[-73.8578,40.6299],[-73.85861,40.6305],[-73.85811,40.6312],[-73.85821,40.632],[-73.8576,40.6327],[-73.8573,40.6328],[-73.8554,40.6328],[-73.8548,40.6336],[-73.8533,40.6339],[-73.8525,40.6337],[-73.85229,40.6332],[-73.85299,40.6319],[-73.8526,40.6312],[-73.8517,40.6309],[-73.8518,40.6306],[-73.8525,40.6304],[-73.8537,40.63089],[-73.8544,40.6304],[-73.856,40.6299],[-73.8578,40.6299]]]}},{"type":"Feature","properties":{},"geometry":{"type":"Polygon","coordinates":[[[-73.8359,40.6313],[-73.83621,40.6315],[-73.836,40.6322],[-73.83499,40.6318],[-73.8359,40.6313]]]}},{"type":"Feature","properties":{},"geometry":{"type":"Polygon","coordinates":[[[-73.85,40.6321],[-73.84991,40.6341],[-73.84891,40.6354],[-73.84831,40.6375],[-73.8472,40.6385],[-73.8467,40.6387],[-73.846,40.6385],[-73.84579,40.6378],[-73.8451,40.6371],[-73.84429,40.6367],[-73.845,40.6357],[-73.84659,40.6352],[-73.84679,40.6344],[-73.84759,40.6335],[-73.8478,40.6328],[-73.8486,40.6325],[-73.849,40.6321],[-73.85,40.6321]]]}},{"type":"Feature","properties":{},"geometry":{"type":"Polygon","coordinates":[[[-73.7883,40.8347],[-73.7893,40.8345],[-73.7895,40.8354],[-73.7885,40.8353],[-73.7883,40.8347]]]}},{"type":"Feature","properties":{},"geometry":{"type":"Polygon","coordinates":[[[-73.8039,40.8426],[-73.8037,40.8423],[-73.8022,40.8416],[-73.8026,40.8411],[-73.8053,40.8411],[-73.80691,40.8415],[-73.8068,40.8425],[-73.8039,40.8426]]]}},{"type":"Feature","properties":{},"geometry":{"type":"Polygon","coordinates":[[[-73.813,40.8447],[-73.8131,40.8448],[-73.8127,40.8448],[-73.8126,40.84471],[-73.81241,40.8452],[-73.81251,40.8453],[-73.81201,40.8465],[-73.8117,40.8467],[-73.8128,40.8442],[-73.81261,40.8447],[-73.813,40.8447]]]}},{"type":"Feature","properties":{},"geometry":{"type":"Polygon","coordinates":[[[-73.7932,40.8518],[-73.7932,40.8519],[-73.7931,40.85181],[-73.79121,40.8523],[-73.79141,40.8526],[-73.7914,40.8528],[-73.79041,40.853],[-73.7905,40.8532],[-73.79111,40.8533],[-73.79131,40.8537],[-73.79111,40.8539],[-73.79181,40.854],[-73.79191,40.8542],[-73.79131,40.8544],[-73.79131,40.8546],[-73.79251,40.8559],[-73.7923,40.8561],[-73.7921,40.85601],[-73.79201,40.8562],[-73.7926,40.8562],[-73.79261,40.8563],[-73.792,40.85621],[-73.79191,40.8564],[-73.79211,40.8565],[-73.7919,40.8565],[-73.79171,40.8569],[-73.79191,40.857],[-73.7916,40.8574],[-73.7913,40.85731],[-73.7908,40.8578],[-73.7904,40.8579],[-73.7901,40.8585],[-73.7892,40.8587],[-73.78879,40.8584],[-73.78879,40.85741],[-73.78799,40.8576],[-73.788,40.8575],[-73.78879,40.8574],[-73.78869,40.857],[-73.78889,40.8566],[-73.78879,40.8563],[-73.78849,40.8562],[-73.78849,40.8551],[-73.78829,40.855],[-73.78849,40.8544],[-73.7883,40.8541],[-73.7872,40.8542],[-73.78709,40.854],[-73.7879,40.8537],[-73.78799,40.8535],[-73.7864,40.8521],[-73.7853,40.85161],[-73.7848,40.8518],[-73.7843,40.8518],[-73.784,40.85151],[-73.7834,40.8516],[-73.7836,40.8513],[-73.78459,40.8511],[-73.78449,40.8508],[-73.78399,40.8505],[-73.78429,40.8503],[-73.7835,40.8492],[-73.783,40.8491],[-73.7816,40.8494],[-73.78209,40.8491],[-73.7816,40.84871],[-73.78139,40.8488],[-73.7815,40.8486],[-73.7826,40.8483],[-73.78269,40.8481],[-73.7825,40.8479],[-73.7816,40.848],[-73.78139,40.8475],[-73.78209,40.8471],[-73.78219,40.8466],[-73.78249,40.8464],[-73.78249,40.84571],[-73.7818,40.8458],[-73.78309,40.8455],[-73.78319,40.8451],[-73.78299,40.8447],[-73.78339,40.8444],[-73.7831,40.8444],[-73.78299,40.8442],[-73.78329,40.8441],[-73.78309,40.8439],[-73.78347,40.84371],[-73.78299,40.8438],[-73.7831,40.8437],[-73.78349,40.8437],[-73.7832,40.8429],[-73.78299,40.8429],[-73.78309,40.8427],[-73.7829,40.8425],[-73.78229,40.8425],[-73.78229,40.84201],[-73.78139,40.8421],[-73.78229,40.8419],[-73.7822,40.8417],[-73.7819,40.8417],[-73.78169,40.8411],[-73.78139,40.841],[-73.78159,40.8409],[-73.78139,40.8407],[-73.78129,40.8393],[-73.78169,40.8382],[-73.78199,40.838],[-73.78189,40.8377],[-73.7824,40.8373],[-73.7827,40.83749],[-73.78289,40.8373],[-73.78269,40.8368],[-73.7828,40.8363],[-73.783,40.8363],[-73.7834,40.83689],[-73.7841,40.8367],[-73.7843,40.8368],[-73.7849,40.83749],[-73.78561,40.8371],[-73.78521,40.8375],[-73.78531,40.8378],[-73.78561,40.8379],[-73.78551,40.8388],[-73.78571,40.8392],[-73.7861,40.8396],[-73.7874,40.8397],[-73.78751,40.84079],[-73.78819,40.8407],[-73.78809,40.8405],[-73.7882,40.8405],[-73.7882,40.8407],[-73.78761,40.8409],[-73.78791,40.8411],[-73.78761,40.8412],[-73.7878,40.8415],[-73.78841,40.8415],[-73.78801,40.8419],[-73.78881,40.8427],[-73.78881,40.843],[-73.7891,40.8432],[-73.78989,40.8432],[-73.78991,40.843],[-73.79001,40.8433],[-73.7898,40.8436],[-73.78931,40.8437],[-73.78951,40.8439],[-73.78931,40.844],[-73.7907,40.8457],[-73.79101,40.8457],[-73.79071,40.8458],[-73.791,40.84639],[-73.79151,40.8463],[-73.79111,40.8464],[-73.79151,40.8468],[-73.79141,40.8473],[-73.79191,40.8473],[-73.79141,40.8474],[-73.7912,40.8486],[-73.78981,40.8495],[-73.78989,40.85],[-73.7909,40.8497],[-73.79101,40.8498],[-73.78989,40.85],[-73.79011,40.8512],[-73.78981,40.8513],[-73.7898,40.8515],[-73.78951,40.85132],[-73.7897,40.8517],[-73.7909,40.8516],[-73.79051,40.8517],[-73.7905,40.8518],[-73.7903,40.8518],[-73.79044,40.85173],[-73.79021,40.8518],[-73.79031,40.852],[-73.79011,40.852],[-73.7902,40.8522],[-73.79049,40.8522],[-73.7905,40.852],[-73.7906,40.85219],[-73.79109,40.852],[-73.7911,40.8519],[-73.79121,40.852],[-73.79111,40.852],[-73.79111,40.8521],[-73.79121,40.85229],[-73.7914,40.8522],[-73.7931,40.8518],[-73.7932,40.8518]]]}},{"type":"Feature","properties":{},"geometry":{"type":"Polygon","coordinates":[[[-73.7811,40.8555],[-73.78059,40.8552],[-73.7808,40.8548],[-73.78121,40.8551],[-73.7811,40.8555]]]}},{"type":"Feature","properties":{},"geometry":{"type":"Polygon","coordinates":[[[-73.7839,40.8548],[-73.78331,40.8558],[-73.7833,40.8558],[-73.78289,40.8555],[-73.78259,40.8548],[-73.7839,40.8548]]]}},{"type":"Feature","properties":{},"geometry":{"type":"Polygon","coordinates":[[[-73.8214,40.8127],[-73.8218,40.81279],[-73.8221,40.8126],[-73.8223,40.8127],[-73.8234,40.8124],[-73.8235,40.8122],[-73.8241,40.8122],[-73.82519,40.8118],[-73.8249,40.8113],[-73.8253,40.81179],[-73.8262,40.8113],[-73.828,40.8115],[-73.8292,40.8113],[-73.8302,40.8108],[-73.831,40.8103],[-73.83159,40.8096],[-73.83219,40.8082],[-73.83209,40.8074],[-73.83159,40.8066],[-73.83139,40.8052],[-73.8316,40.8049],[-73.8343,40.8052],[-73.8369,40.8059],[-73.8374,40.8062],[-73.83811,40.807],[-73.83801,40.8076],[-73.83821,40.8082],[-73.84031,40.8114],[-73.84031,40.8133],[-73.83971,40.8139],[-73.83951,40.8152],[-73.83951,40.8158],[-73.84021,40.8172],[-73.84011,40.8178],[-73.8392,40.8189],[-73.83891,40.819],[-73.83871,40.8196],[-73.83911,40.8198],[-73.83891,40.8213],[-73.83901,40.8227],[-73.83951,40.8229],[-73.83961,40.8239],[-73.84011,40.8243],[-73.84221,40.8283],[-73.84231,40.8291],[-73.84191,40.8307],[-73.83921,40.8332],[-73.83881,40.834],[-73.83931,40.8372],[-73.83921,40.8387],[-73.83961,40.8388],[-73.83971,40.83959],[-73.84029,40.8395],[-73.84029,40.8392],[-73.83999,40.8389],[-73.83979,40.8356],[-73.83959,40.8356],[-73.83939,40.8346],[-73.83959,40.8346],[-73.83959,40.834],[-73.8402,40.833],[-73.8418,40.8317],[-73.8422,40.8316],[-73.84279,40.8308],[-73.84289,40.8301],[-73.84309,40.8301],[-73.84299,40.8289],[-73.84249,40.8275],[-73.84039,40.8233],[-73.84049,40.8231],[-73.83979,40.8216],[-73.84009,40.8203],[-73.83999,40.8199],[-73.841,40.8192],[-73.84199,40.8188],[-73.84209,40.8181],[-73.84309,40.8166],[-73.84299,40.8164],[-73.84419,40.8143],[-73.84519,40.8119],[-73.8458,40.8116],[-73.8462,40.8107],[-73.8469,40.8105],[-73.8472,40.8106],[-73.8482,40.8125],[-73.8504,40.8136],[-73.8506,40.8139],[-73.8516,40.8143],[-73.8524,40.8143],[-73.85231,40.8145],[-73.8526,40.8145],[-73.85279,40.8143],[-73.85259,40.8141],[-73.85299,40.8139],[-73.8529,40.8137],[-73.8512,40.8136],[-73.8497,40.8128],[-73.84899,40.8121],[-73.84939,40.8113],[-73.84919,40.8109],[-73.84999,40.8093],[-73.84979,40.8093],[-73.84999,40.8089],[-73.84969,40.8089],[-73.84999,40.8088],[-73.84999,40.8086],[-73.8494,40.8079],[-73.8484,40.8074],[-73.84839,40.8064],[-73.84749,40.8059],[-73.8475,40.8054],[-73.8479,40.805],[-73.8486,40.8047],[-73.8487,40.80489],[-73.8489,40.8048],[-73.8493,40.80509],[-73.8494,40.8047],[-73.84941,40.8051],[-73.84999,40.8051],[-73.8501,40.8045],[-73.8556,40.8045],[-73.8566,40.8048],[-73.8564,40.8049],[-73.8557,40.80471],[-73.85561,40.8051],[-73.8561,40.8053],[-73.85718,40.8053],[-73.8567,40.805],[-73.8568,40.8049],[-73.8589,40.8059],[-73.85941,40.8067],[-73.8594,40.8075],[-73.8592,40.8069],[-73.8587,40.80681],[-73.85841,40.8083],[-73.859,40.81028],[-73.8591,40.81],[-73.86009,40.8096],[-73.85929,40.809],[-73.8594,40.8082],[-73.85981,40.8091],[-73.8607,40.8096],[-73.8644,40.8103],[-73.8677,40.8106],[-73.8708,40.8145],[-73.8717,40.8149],[-73.8765,40.81609],[-73.87669,40.8154],[-73.8724,40.8139],[-73.87169,40.8133],[-73.871,40.8121],[-73.8706,40.8121],[-73.87059,40.8112],[-73.86809,40.8068],[-73.86849,40.8059],[-73.87169,40.8018],[-73.8717,40.8015],[-73.8736,40.8009],[-73.8747,40.801],[-73.87471,40.8013],[-73.87589,40.80149],[-73.8759,40.8011],[-73.8781,40.8013],[-73.87821,40.8026],[-73.8792,40.8028],[-73.8801,40.8028],[-73.8824,40.8023],[-73.8837,40.8022],[-73.884,40.8019],[-73.8851,40.8021],[-73.88511,40.8023],[-73.8854,40.8023],[-73.88531,40.8024],[-73.8862,40.8032],[-73.8873,40.8039],[-73.88741,40.8041],[-73.88721,40.8042],[-73.888,40.80499],[-73.8886,40.8048],[-73.8891,40.805],[-73.88941,40.8054],[-73.88922,40.80577],[-73.89,40.8049],[-73.89011,40.805],[-73.88951,40.8058],[-73.8898,40.80589],[-73.8901,40.8057],[-73.8906,40.8059],[-73.89149,40.8059],[-73.8914,40.8057],[-73.8918,40.8056],[-73.892,40.8064],[-73.89459,40.8062],[-73.8946,40.806],[-73.89479,40.80619],[-73.8948,40.8057],[-73.8951,40.80689],[-73.89549,40.8066],[-73.8953,40.8058],[-73.89569,40.80658],[-73.8957,40.8063],[-73.89599,40.80649],[-73.8958,40.8058],[-73.89619,40.80648],[-73.8962,40.8062],[-73.8973,40.806],[-73.89749,40.80618],[-73.8974,40.8058],[-73.8976,40.8062],[-73.89779,40.8062],[-73.8978,40.806],[-73.89799,40.80618],[-73.8979,40.8055],[-73.8981,40.80579],[-73.8985,40.8054],[-73.901,40.8049],[-73.9022,40.8049],[-73.9024,40.8044],[-73.9025,40.80449],[-73.9033,40.8038],[-73.9037,40.8038],[-73.9045,40.8032],[-73.9055,40.802],[-73.90649,40.8012],[-73.9064,40.8011],[-73.9066,40.8011],[-73.9075,40.8],[-73.90809,40.7996],[-73.9077,40.7994],[-73.90818,40.79949],[-73.908,40.7993],[-73.90859,40.7993],[-73.9083,40.799],[-73.9096,40.7979],[-73.9117,40.7966],[-73.9137,40.7968],[-73.9202,40.7996],[-73.9213,40.8013],[-73.9229,40.8024],[-73.9267,40.8024],[-73.9276,40.8027],[-73.92731,40.8032],[-73.9276,40.804],[-73.9281,40.804],[-73.9283,40.80419],[-73.9287,40.8041],[-73.9305,40.8066],[-73.9312,40.8071],[-73.93231,40.8084],[-73.93261,40.8101],[-73.93291,40.8101],[-73.93261,40.8109],[-73.93231,40.8147],[-73.93241,40.8211],[-73.93361,40.8328],[-73.93301,40.8357],[-73.93241,40.837],[-73.93051,40.8399],[-73.93051,40.8405],[-73.92921,40.8428],[-73.92861,40.8447],[-73.92691,40.8469],[-73.92681,40.8473],[-73.92471,40.8498],[-73.92261,40.8532],[-73.9217,40.8542],[-73.9215,40.85411],[-73.92131,40.8543],[-73.92151,40.8545],[-73.9208,40.8554],[-73.92032,40.85521],[-73.92061,40.8555],[-73.9196,40.8568],[-73.9178,40.8587],[-73.9172,40.8589],[-73.9134,40.8634],[-73.9128,40.86301],[-73.91231,40.8636],[-73.91271,40.864],[-73.91041,40.8666],[-73.90951,40.8688],[-73.90891,40.871],[-73.90861,40.8714],[-73.90891,40.8722],[-73.9097,40.8732],[-73.9104,40.8738],[-73.9119,40.8746],[-73.9158,40.8757],[-73.9183,40.8758],[-73.9201,40.8766],[-73.92031,40.877],[-73.9221,40.8786],[-73.9227,40.8789],[-73.9236,40.87895],[-73.9237,40.8788],[-73.92363,40.87895],[-73.9245,40.8791],[-73.92491,40.8789],[-73.92381,40.8803],[-73.92041,40.8876],[-73.91781,40.8944],[-73.91791,40.8947],[-73.91761,40.8949],[-73.91691,40.8966],[-73.91521,40.9016],[-73.91541,40.9018],[-73.91501,40.9031],[-73.9146,40.9041],[-73.9142,40.9041],[-73.91291,40.9075],[-73.91311,40.9078],[-73.91261,40.9081],[-73.91151,40.9122],[-73.91141,40.9128],[-73.91171,40.9134],[-73.91042,40.91528],[-73.91031,40.9159],[-73.91131,40.9161],[-73.91001,40.9189],[-73.91061,40.9193],[-73.9091,40.9227],[-73.9075,40.9228],[-73.90491,40.9292],[-73.90151,40.9477],[-73.89981,40.948],[-73.89821,40.9566],[-73.8969,40.9566],[-73.89221,40.963],[-73.88551,40.9853],[-73.88671,40.9862],[-73.88641,40.9961],[-73.88461,40.9974],[-73.88551,40.9994],[-73.8842,40.9996],[-73.87791,41.02],[-73.87501,41.0341],[-73.87591,41.0353],[-73.87431,41.0422],[-73.87091,41.0467],[-73.87081,41.0545],[-73.86621,41.0714],[-73.86791,41.0719],[-73.86611,41.0756],[-73.8693,41.0755],[-73.86831,41.0801],[-73.87391,41.0828],[-73.87291,41.0885],[-73.87001,41.0905],[-73.86991,41.09459],[-73.87121,41.0943],[-73.86991,41.0953],[-73.86811,41.1078],[-73.86931,41.1172],[-73.86631,41.1355],[-73.86831,41.1442],[-73.86971,41.1449],[-73.86841,41.1451],[-73.86871,41.1481],[-73.87151,41.1496],[-73.87181,41.1525],[-73.86961,41.1549],[-73.87211,41.1595],[-73.86931,41.1613],[-73.87141,41.1622],[-73.87011,41.1635],[-73.87521,41.175],[-73.87461,41.1799],[-73.87621,41.1852],[-73.87431,41.1873],[-73.8761,41.18799],[-73.8788,41.1857],[-73.87771,41.1875],[-73.87931,41.1896],[-73.87812,41.1899],[-73.8799,41.19059],[-73.88109,41.1895],[-73.8798,41.1842],[-73.88828,41.18529],[-73.88699,41.1843],[-73.88788,41.18351],[-73.88659,41.184],[-73.88773,41.1821],[-73.8864,41.1839],[-73.88549,41.1822],[-73.89659,41.1744],[-73.899,41.1688],[-73.89981,41.1755],[-73.89831,41.179],[-73.90111,41.1817],[-73.90161,41.1865],[-73.9013,41.1875],[-73.9004,41.1861],[-73.8965,41.1856],[-73.88981,41.1919],[-73.88841,41.1995],[-73.8901,41.2019],[-73.89241,41.2025],[-73.89271,41.2052],[-73.9093,41.2137],[-73.916,41.2206],[-73.9246,41.22659],[-73.9269,41.2259],[-73.92661,41.228],[-73.93061,41.2312],[-73.93031,41.23319],[-73.9374,41.2324],[-73.9404,41.2331],[-73.9414,41.23529],[-73.9436,41.2335],[-73.9446,41.23739],[-73.948,41.2365],[-73.9511,41.2374],[-73.95351,41.2419],[-73.95201,41.2475],[-73.9538,41.2489],[-73.9621,41.2479],[-73.96591,41.2504],[-73.96501,41.2522],[-73.96651,41.2525],[-73.96631,41.2555],[-73.9632,41.2634],[-73.949,41.2742],[-73.9466,41.2748],[-73.9443,41.27271],[-73.9434,41.2734],[-73.94084,41.27262],[-73.94261,41.2737],[-73.94371,41.2771],[-73.9405,41.2791],[-73.93711,41.27881],[-73.93771,41.2821],[-73.93241,41.2848],[-73.93221,41.288],[-73.93081,41.2884],[-73.9319,41.2908],[-73.93781,41.2936],[-73.9364,41.2934],[-73.93091,41.2984],[-73.9306,41.3009],[-73.92831,41.3016],[-73.92752,41.30396],[-73.9289,41.302],[-73.92991,41.302],[-73.9281,41.3041],[-73.92642,41.3047],[-73.92811,41.3052],[-73.92643,41.30826],[-73.928,41.3066],[-73.92949,41.30749],[-73.92849,41.3044],[-73.93359,41.3009],[-73.9343,41.2968],[-73.94549,41.29879],[-73.94519,41.2953],[-73.9385,41.2937],[-73.9472,41.2952],[-73.953,41.2973],[-73.958,41.3013],[-73.9638,41.3026],[-73.98051,41.3199],[-73.9772,41.327],[-73.96901,41.3341],[-73.9675,41.3377],[-73.9627,41.3405],[-73.9613,41.34021],[-73.95851,41.3449],[-73.95661,41.3526],[-73.95681,41.363],[-73.95281,41.3753],[-73.9507,41.3774],[-73.9496,41.37641],[-73.94891,41.3775],[-73.94721,41.3881],[-73.94381,41.3932],[-73.94421,41.3967],[-73.94299,41.3958],[-73.94339,41.3919],[-73.93972,41.38972],[-73.94111,41.3918],[-73.93821,41.3964],[-73.93991,41.3989],[-73.93892,41.39979],[-73.94031,41.3994],[-73.94021,41.4023],[-73.94401,41.4023],[-73.9435,41.4043],[-73.94161,41.4048],[-73.94171,41.4056],[-73.94351,41.4066],[-73.94251,41.4072],[-73.94251,41.40808],[-73.94389,41.4064],[-73.942,41.4048],[-73.9463,41.40436],[-73.94469,41.4045],[-73.94599,41.4023],[-73.9444,41.3969],[-73.9468,41.40199],[-73.953,41.401],[-73.9579,41.402],[-73.95991,41.4036],[-73.96,41.4063],[-73.95321,41.4105],[-73.9574,41.4141],[-73.9607,41.4141],[-73.95971,41.415],[-73.96251,41.417],[-73.96171,41.419],[-73.9655,41.42529],[-73.968,41.4246],[-73.96991,41.4259],[-73.96881,41.4287],[-73.96981,41.4292],[-73.96841,41.4299],[-73.97311,41.4374],[-73.97861,41.4421],[-73.98481,41.45573],[-73.75154,41.45537],[-73.7493,41.4548],[-73.7466,41.4514],[-73.7394,41.45],[-73.73711,41.4511],[-73.7405,41.4529],[-73.7449,41.4533],[-73.74558,41.45535],[-73.66767,41.45512],[-73.6664,41.4497],[-73.6707,41.45199],[-73.67189,41.451],[-73.666,41.4483],[-73.66401,41.4486],[-73.66291,41.4548],[-73.66124,41.4551],[-73.48169,41.45435],[-73.48069,41.4498],[-73.48209,41.449],[-73.48209,41.4468],[-73.4782,41.44141],[-73.47681,41.4422],[-73.47671,41.4459],[-73.47431,41.447],[-73.477,41.45433],[-73.45082,41.45419],[-73.45899,41.439],[-73.46039,41.4314],[-73.45959,41.4285],[-73.45371,41.42302],[-73.4543,41.4248],[-73.4525,41.42381],[-73.44891,41.4273],[-73.45341,41.431],[-73.45431,41.4381],[-73.45251,41.4393],[-73.45311,41.442],[-73.4517,41.4422],[-73.4506,41.4453],[-73.44721,41.4455],[-73.44671,41.4502],[-73.44413,41.45416],[-73.43942,41.45413],[-73.4375,41.4525],[-73.4354,41.4527],[-73.42962,41.44673],[-73.4329,41.4541],[-73.30403,41.45333],[-73.30299,41.4486],[-73.30499,41.4482],[-73.30529,41.4455],[-73.3037,41.44431],[-73.3004,41.4469],[-73.2918,41.4472],[-73.28436,41.45112],[-73.294,41.4474],[-73.29841,41.4489],[-73.2959,41.44805],[-73.29551,41.45],[-73.29787,41.45329],[-73.06661,41.45155],[-73.06797,41.44874],[-73.06573,41.45154],[-72.9,41.45],[-72.90006,41.30008],[-72.9049,41.2995],[-72.9089,41.2974],[-72.9101,41.29859],[-72.9107,41.2969],[-72.9152,41.2969],[-72.9164,41.294],[-72.9177,41.2941],[-72.9252,41.285],[-72.92758,41.2849],[-72.92599,41.2839],[-72.9297,41.2809],[-72.9325,41.2803],[-72.9331,41.2821],[-72.9379,41.282],[-72.9386,41.2811],[-72.94039,41.28358],[-72.94019,41.2812],[-72.9387,41.281],[-72.93659,41.277],[-72.93639,41.2731],[-72.93059,41.2679],[-72.9313,41.2623],[-72.9362,41.2599],[-72.9532,41.2554],[-72.9572,41.2524],[-72.9621,41.2519],[-72.96349,41.248],[-72.96889,41.2439],[-72.97199,41.2372],[-72.9752,41.2338],[-72.9783,41.2333],[-72.9824,41.2352],[-72.98679,41.2354],[-72.98749,41.2311],[-72.992,41.2237],[-72.997,41.2226],[-73.0014,41.2232],[-73.00379,41.222],[-73.00839,41.2101],[-73.0149,41.2047],[-73.0202,41.2043],[-73.02031,41.2067],[-73.0296,41.2075],[-73.0349,41.2061],[-73.038,41.2018],[-73.04691,41.2106],[-73.043,41.2122],[-73.03801,41.2164],[-73.0383,41.2174],[-73.0371,41.21711],[-73.03451,41.2231],[-73.0335,41.2231],[-73.03178,41.22445],[-73.0338,41.2232],[-73.0355,41.22419],[-73.0376,41.2201],[-73.03929,41.22079],[-73.0394,41.2182],[-73.0431,41.2179],[-73.04519,41.21919],[-73.04349,41.2151],[-73.04629,41.2148],[-73.0468,41.2111],[-73.05291,41.2143],[-73.05321,41.2188],[-73.05539,41.22207],[-73.05459,41.2187],[-73.05589,41.2188],[-73.05629,41.2159],[-73.05489,41.2139],[-73.05701,41.21351],[-73.0546,41.2137],[-73.04949,41.2108],[-73.0555,41.2091],[-73.0608,41.2058],[-73.0659,41.1984],[-73.073,41.1976],[-73.082,41.193],[-73.1013,41.174],[-73.109,41.1721],[-73.1103,41.173],[-73.11061,41.1731],[-73.1104,41.1741],[-73.11029,41.173],[-73.1086,41.17251],[-73.10693,41.17369],[-73.109,41.1731],[-73.108,41.1739],[-73.1044,41.1744],[-73.10362,41.17509],[-73.105,41.1748],[-73.1026,41.1758],[-73.10221,41.1765],[-73.1057,41.1773],[-73.10461,41.1787],[-73.1071,41.18059],[-73.10759,41.1761],[-73.10809,41.17854],[-73.10809,41.1758],[-73.1099,41.1752],[-73.10971,41.1763],[-73.11088,41.17903],[-73.11009,41.1758],[-73.11159,41.17709],[-73.1114,41.1747],[-73.11311,41.1766],[-73.11271,41.1785],[-73.1129,41.17879],[-73.1133,41.1769],[-73.11551,41.1781],[-73.11283,41.18039],[-73.1149,41.1796],[-73.11559,41.178],[-73.1153,41.1776],[-73.11641,41.178],[-73.11681,41.1797],[-73.11201,41.1831],[-73.1116,41.1853],[-73.1069,41.1829],[-73.10729,41.18101],[-73.101,41.1832],[-73.10169,41.18102],[-73.1,41.1825],[-73.09879,41.1816],[-73.09979,41.17971],[-73.09821,41.1807],[-73.10081,41.185],[-73.10261,41.1867],[-73.10281,41.189],[-73.1067,41.19],[-73.10563,41.19108],[-73.1077,41.1899],[-73.11241,41.1917],[-73.11101,41.1921],[-73.11071,41.1979],[-73.10741,41.2013],[-73.108,41.20769],[-73.1087,41.2069],[-73.10941,41.2085],[-73.10721,41.2201],[-73.10451,41.2205],[-73.1055,41.2221],[-73.1072,41.2221],[-73.10771,41.2209],[-73.10541,41.2276],[-73.1064,41.22789],[-73.1079,41.2234],[-73.10871,41.2287],[-73.1071,41.2311],[-73.1012,41.2348],[-73.08631,41.2507],[-73.08471,41.254],[-73.08461,41.2611],[-73.08621,41.2678],[-73.08472,41.27048],[-73.0865,41.2693],[-73.08691,41.27],[-73.08591,41.2756],[-73.078,41.2835],[-73.06761,41.289],[-73.06441,41.2974],[-73.067,41.3013],[-73.0758,41.3065],[-73.07791,41.3118],[-73.08101,41.3151],[-73.08111,41.3285],[-73.07691,41.334],[-73.08101,41.3397],[-73.08041,41.3453],[-73.09071,41.3599],[-73.08951,41.36329],[-73.09179,41.3625],[-73.09169,41.36],[-73.0826,41.346],[-73.08089,41.3452],[-73.08159,41.3393],[-73.07789,41.334],[-73.08189,41.3288],[-73.0816,41.3136],[-73.0864,41.315],[-73.0932,41.3216],[-73.1034,41.3275],[-73.1144,41.3323],[-73.11651,41.3346],[-73.11671,41.3381],[-73.11799,41.33919],[-73.1178,41.3379],[-73.11909,41.33829],[-73.118,41.3366],[-73.1252,41.3472],[-73.1358,41.3518],[-73.13881,41.3625],[-73.1498,41.37],[-73.1576,41.37759],[-73.15709,41.3767],[-73.15939,41.37511],[-73.1571,41.3766],[-73.1512,41.3698],[-73.1413,41.3623],[-73.13949,41.3534],[-73.1257,41.3454],[-73.12439,41.3405],[-73.1175,41.3322],[-73.09221,41.31901],[-73.0932,41.3209],[-73.0868,41.3137],[-73.0796,41.312],[-73.07669,41.3054],[-73.06619,41.2979],[-73.0662,41.2955],[-73.06919,41.29858],[-73.06739,41.2934],[-73.0703,41.2889],[-73.0829,41.284],[-73.08749,41.2781],[-73.09039,41.2707],[-73.08949,41.2563],[-73.0906,41.25769],[-73.0944,41.2569],[-73.09481,41.2588],[-73.09687,41.25871],[-73.0946,41.25621],[-73.0909,41.2571],[-73.08679,41.2546],[-73.08939,41.25559],[-73.08849,41.2523],[-73.092,41.2469],[-73.0964,41.2453],[-73.0984,41.2427],[-73.1051,41.2405],[-73.11389,41.226],[-73.11569,41.2178],[-73.11421,41.21592],[-73.1145,41.221],[-73.11159,41.213],[-73.11269,41.2073],[-73.11099,41.2047],[-73.11179,41.2003],[-73.1136,41.1983],[-73.1146,41.19869],[-73.12379,41.188],[-73.12259,41.1859],[-73.12579,41.1817],[-73.12449,41.181],[-73.12419,41.1773],[-73.12089,41.1755],[-73.1242,41.17719],[-73.12609,41.1732],[-73.1217,41.17171],[-73.1195,41.1736],[-73.12079,41.17151],[-73.1152,41.1719],[-73.1118,41.1697],[-73.10909,41.1669],[-73.11038,41.1662],[-73.10869,41.166],[-73.11039,41.1597],[-73.10959,41.1569],[-73.1011,41.1541],[-73.103,41.1514],[-73.1072,41.1525],[-73.1106,41.1508],[-73.1181,41.1511],[-73.1303,41.1468],[-73.163,41.1577],[-73.1722,41.1591],[-73.1666,41.1644],[-73.16569,41.1623],[-73.1583,41.1569],[-73.1429,41.1519],[-73.1417,41.1523],[-73.13972,41.15023],[-73.1403,41.1516],[-73.13593,41.15208],[-73.14,41.1518],[-73.1403,41.1532],[-73.1371,41.1538],[-73.13571,41.15281],[-73.1358,41.1538],[-73.13419,41.153],[-73.13498,41.15231],[-73.13391,41.1527],[-73.13391,41.1532],[-73.13661,41.1546],[-73.13461,41.1552],[-73.1349,41.15659],[-73.1393,41.1549],[-73.143,41.1562],[-73.13992,41.15959],[-73.1423,41.1588],[-73.14321,41.1614],[-73.1446,41.1623],[-73.14558,41.16239],[-73.14339,41.1612],[-73.14479,41.1597],[-73.14299,41.1589],[-73.1467,41.156],[-73.14771,41.1572],[-73.1454,41.1571],[-73.14381,41.1584],[-73.1446,41.15909],[-73.1457,41.1572],[-73.14761,41.1575],[-73.14528,41.15925],[-73.1467,41.1584],[-73.147,41.15979],[-73.14829,41.1596],[-73.14719,41.1584],[-73.1494,41.1565],[-73.15061,41.1575],[-73.14901,41.1589],[-73.1492,41.15929],[-73.15089,41.1576],[-73.1502,41.157],[-73.15171,41.1574],[-73.15211,41.1586],[-73.15081,41.1587],[-73.1511,41.15949],[-73.15259,41.1585],[-73.1519,41.1572],[-73.1512,41.1569],[-73.15409,41.15779],[-73.1536,41.1568],[-73.1548,41.15909],[-73.1556,41.1581],[-73.1586,41.1608],[-73.15801,41.162],[-73.15939,41.16269],[-73.1595,41.1614],[-73.1637,41.1631],[-73.16131,41.1667],[-73.1628,41.1668],[-73.16321,41.1689],[-73.15891,41.1737],[-73.1607,41.1739],[-73.1638,41.171],[-73.16519,41.17288],[-73.1652,41.1661],[-73.1717,41.16959],[-73.1727,41.1686],[-73.1776,41.1723],[-73.17531,41.1766],[-73.1774,41.1769],[-73.1801,41.1747],[-73.1841,41.1758],[-73.18521,41.183],[-73.18871,41.1849],[-73.18901,41.1917],[-73.18713,41.19447],[-73.18989,41.1921],[-73.18979,41.1848],[-73.18609,41.1824],[-73.18649,41.1771],[-73.18449,41.1727],[-73.17779,41.1667],[-73.1843,41.1651],[-73.1867,41.1597],[-73.1915,41.1605],[-73.2023,41.1583],[-73.2094,41.1548],[-73.2157,41.1485],[-73.21651,41.1534],[-73.20073,41.16658],[-73.2044,41.1648],[-73.2047,41.16619],[-73.2078,41.1616],[-73.20989,41.16239],[-73.20939,41.1603],[-73.2129,41.1578],[-73.21669,41.15909],[-73.21619,41.1552],[-73.22369,41.1505],[-73.22269,41.1483],[-73.2276,41.143],[-73.2351,41.14399],[-73.24049,41.1352],[-73.2426,41.1282],[-73.2525,41.1253],[-73.2624,41.1182],[-73.2683,41.1205],[-73.2751,41.1211],[-73.2788,41.1257],[-73.28601,41.1277],[-73.2818,41.1324],[-73.2767,41.1335],[-73.27341,41.139],[-73.2741,41.13979],[-73.2768,41.136],[-73.28449,41.1321],[-73.2852,41.1291],[-73.2987,41.1248],[-73.29744,41.12588],[-73.29899,41.1247],[-73.2986,41.1202],[-73.3091,41.1148],[-73.3118,41.1166],[-73.3175,41.1163],[-73.3233,41.1146],[-73.3304,41.1103],[-73.3379,41.1116],[-73.3419,41.1136],[-73.3439,41.1134],[-73.34311,41.1142],[-73.3442,41.1144],[-73.34629,41.1128],[-73.34489,41.111],[-73.34599,41.1086],[-73.35089,41.1059],[-73.3527,41.1016],[-73.35701,41.1048],[-73.3567,41.1059],[-73.35451,41.10511],[-73.35441,41.1068],[-73.3643,41.1062],[-73.3659,41.10899],[-73.3676,41.1078],[-73.3688,41.10919],[-73.37111,41.1083],[-73.36611,41.122],[-73.36881,41.1237],[-73.36771,41.1301],[-73.3662,41.1324],[-73.3642,41.13161],[-73.3625,41.1337],[-73.36081,41.1336],[-73.36181,41.1366],[-73.35961,41.1373],[-73.3609,41.13879],[-73.36181,41.1379],[-73.36381,41.1465],[-73.36631,41.149],[-73.36505,41.14891],[-73.36659,41.14929],[-73.36429,41.1458],[-73.3646,41.1451],[-73.36529,41.14529],[-73.36319,41.1381],[-73.36469,41.1339],[-73.36769,41.1321],[-73.37129,41.1238],[-73.36969,41.1227],[-73.36939,41.1176],[-73.3726,41.113],[-73.37281,41.1166],[-73.3736,41.11769],[-73.37529,41.1169],[-73.37309,41.1164],[-73.37459,41.114],[-73.37389,41.1125],[-73.3765,41.1123],[-73.37889,41.1086],[-73.37989,41.1064],[-73.3785,41.105],[-73.38,41.10569],[-73.3813,41.1044],[-73.38319,41.10588],[-73.3825,41.10391],[-73.3792,41.1045],[-73.3744,41.1005],[-73.3689,41.0994],[-73.36919,41.0976],[-73.36751,41.0976],[-73.3682,41.1015],[-73.36549,41.0974],[-73.3722,41.0955],[-73.3771,41.09689],[-73.3786,41.0957],[-73.3798,41.09739],[-73.3817,41.097],[-73.38229,41.09601],[-73.3811,41.0964],[-73.37949,41.0954],[-73.3814,41.09589],[-73.383,41.0949],[-73.3832,41.09568],[-73.3847,41.0928],[-73.3856,41.09369],[-73.3865,41.0931],[-73.39219,41.0877],[-73.3928,41.0833],[-73.398,41.0826],[-73.39911,41.084],[-73.39831,41.0861],[-73.39421,41.0872],[-73.395,41.08829],[-73.4005,41.086],[-73.40251,41.0865],[-73.40041,41.09408],[-73.4019,41.0924],[-73.404,41.0929],[-73.40381,41.0962],[-73.4054,41.0966],[-73.407,41.09938],[-73.4075,41.0965],[-73.41,41.0961],[-73.41451,41.0993],[-73.41531,41.103],[-73.40921,41.1069],[-73.41081,41.1098],[-73.40891,41.1113],[-73.40911,41.1149],[-73.41227,41.11836],[-73.40989,41.1144],[-73.41209,41.1102],[-73.41109,41.1065],[-73.4143,41.1053],[-73.41527,41.10587],[-73.41459,41.1052],[-73.4159,41.1043],[-73.4164,41.10538],[-73.41669,41.104],[-73.41549,41.0982],[-73.41209,41.0948],[-73.41259,41.0932],[-73.41009,41.0915],[-73.41199,41.0876],[-73.41049,41.0854],[-73.41559,41.081],[-73.41121,41.0807],[-73.41131,41.0833],[-73.40789,41.0845],[-73.40919,41.0797],[-73.40729,41.0761],[-73.40819,41.072],[-73.4119,41.0714],[-73.4144,41.0761],[-73.41609,41.0759],[-73.4157,41.075],[-73.4203,41.0754],[-73.4209,41.0772],[-73.42327,41.07769],[-73.42069,41.0763],[-73.42449,41.0711],[-73.42339,41.0704],[-73.42419,41.0661],[-73.4263,41.066],[-73.43339,41.0598],[-73.4333,41.0558],[-73.437,41.05709],[-73.4386,41.0556],[-73.4458,41.0583],[-73.4505,41.057],[-73.4526,41.05779],[-73.45399,41.0571],[-73.4542,41.0546],[-73.4596,41.0525],[-73.46151,41.0545],[-73.4577,41.0563],[-73.45621,41.05829],[-73.4584,41.0576],[-73.45781,41.0594],[-73.45375,41.06208],[-73.4612,41.059],[-73.4626,41.06138],[-73.46279,41.0587],[-73.4648,41.0581],[-73.46381,41.0597],[-73.4664,41.06199],[-73.47239,41.0567],[-73.47039,41.0566],[-73.4715,41.0553],[-73.474,41.05579],[-73.4757,41.0544],[-73.47581,41.05658],[-73.47629,41.0559],[-73.476,41.05401],[-73.4733,41.0553],[-73.4706,41.05361],[-73.4673,41.0548],[-73.46719,41.0524],[-73.4696,41.0507],[-73.47499,41.05129],[-73.4742,41.0481],[-73.47749,41.04899],[-73.4757,41.04461],[-73.4728,41.0487],[-73.4705,41.0483],[-73.47019,41.0472],[-73.4745,41.0458],[-73.47599,41.0439],[-73.4775,41.0364],[-73.47911,41.0366],[-73.48381,41.0468],[-73.4827,41.04641],[-73.48151,41.0501],[-73.48181,41.0534],[-73.47881,41.0558],[-73.481,41.05679],[-73.4833,41.0531],[-73.48559,41.0531],[-73.4847,41.05111],[-73.4834,41.0517],[-73.48259,41.0506],[-73.4836,41.0498],[-73.48449,41.05059],[-73.48459,41.0467],[-73.4868,41.0446],[-73.48999,41.0439],[-73.4887,41.0425],[-73.48679,41.0427],[-73.4885,41.0409],[-73.4893,41.0428],[-73.49131,41.0427],[-73.49041,41.0447],[-73.49411,41.048],[-73.49391,41.0492],[-73.49681,41.0494],[-73.4934,41.0519],[-73.49189,41.0514],[-73.49279,41.0497],[-73.4917,41.04941],[-73.48931,41.0516],[-73.49181,41.053],[-73.49051,41.0536],[-73.49051,41.0545],[-73.4928,41.0547],[-73.4934,41.0536],[-73.4945,41.0554],[-73.4969,41.0561],[-73.49671,41.05729],[-73.5009,41.0569],[-73.50727,41.06088],[-73.49609,41.0485],[-73.50599,41.0428],[-73.508,41.0385],[-73.5173,41.0399],[-73.52329,41.0367],[-73.52149,41.0318],[-73.51699,41.0301],[-73.51919,41.0243],[-73.5231,41.02],[-73.527,41.0197],[-73.5299,41.0172],[-73.53121,41.0226],[-73.53031,41.0292],[-73.5327,41.03239],[-73.5393,41.0305],[-73.54281,41.034],[-73.5449,41.0428],[-73.54609,41.0427],[-73.54539,41.0357],[-73.54409,41.0344],[-73.54509,41.0342],[-73.54259,41.0298],[-73.54479,41.026],[-73.5461,41.02729],[-73.54759,41.0268],[-73.5475,41.0229],[-73.5505,41.0257],[-73.54871,41.026],[-73.55011,41.0276],[-73.54791,41.0284],[-73.5491,41.03129],[-73.55029,41.029],[-73.55029,41.0262],[-73.55299,41.0254],[-73.5534,41.0239],[-73.55462,41.02465],[-73.55289,41.0233],[-73.55639,41.0208],[-73.5572,41.0172],[-73.5627,41.0172],[-73.56479,41.0155],[-73.5644,41.0143],[-73.5671,41.0128],[-73.57039,41.0064],[-73.5705,41.0016],[-73.5839,41.0009],[-73.58511,41.0054],[-73.5823,41.0076],[-73.5753,41.00401],[-73.56931,41.0115],[-73.56911,41.01399],[-73.57201,41.0137],[-73.56981,41.0146],[-73.5696,41.0166],[-73.5688,41.01521],[-73.56631,41.0166],[-73.56781,41.0168],[-73.56681,41.01819],[-73.5688,41.0175],[-73.57011,41.0196],[-73.57,41.0207],[-73.56841,41.0208],[-73.5694,41.02359],[-73.5708,41.0219],[-73.57351,41.0235],[-73.57142,41.02569],[-73.5741,41.0246],[-73.5744,41.02689],[-73.57669,41.0253],[-73.57479,41.024],[-73.57469,41.0212],[-73.5784,41.0213],[-73.5839,41.0137],[-73.5846,41.0151],[-73.5869,41.01559],[-73.58939,41.0131],[-73.5875,41.01201],[-73.5866,41.0134],[-73.5865,41.011],[-73.5886,41.0108],[-73.58791,41.012],[-73.5898,41.01279],[-73.5925,41.0118],[-73.59421,41.0145],[-73.59152,41.0154],[-73.59571,41.016],[-73.5961,41.0173],[-73.5904,41.0178],[-73.58911,41.0216],[-73.58931,41.02309],[-73.5933,41.0218],[-73.59411,41.0261],[-73.59061,41.0376],[-73.58811,41.0404],[-73.5896,41.04189],[-73.59379,41.037],[-73.5947,41.0328],[-73.5967,41.03439],[-73.59719,41.0337],[-73.5953,41.0292],[-73.5976,41.0275],[-73.60129,41.02799],[-73.60039,41.0249],[-73.60179,41.0223],[-73.59999,41.018],[-73.6028,41.0174],[-73.60399,41.01819],[-73.60419,41.0159],[-73.60749,41.0146],[-73.6075,41.013],[-73.6143,41.009],[-73.61621,41.0111],[-73.61331,41.0121],[-73.61421,41.0136],[-73.61221,41.0154],[-73.61381,41.0156],[-73.6118,41.0164],[-73.60817,41.02013],[-73.6123,41.0167],[-73.61417,41.02111],[-73.61349,41.0187],[-73.61599,41.0183],[-73.61669,41.0121],[-73.6189,41.0101],[-73.6208,41.01658],[-73.6223,41.011],[-73.6239,41.01858],[-73.6248,41.0171],[-73.62651,41.0174],[-73.62631,41.0188],[-73.62849,41.0189],[-73.62509,41.0135],[-73.63008,41.01449],[-73.62399,41.0095],[-73.62539,41.0086],[-73.62419,41.0066],[-73.6271,41.0018],[-73.6294,41.0021],[-73.6316,41.00459],[-73.6341,41.0026],[-73.6402,41.0041],[-73.6406,41.0049],[-73.63901,41.005],[-73.64201,41.0079],[-73.64072,41.01206],[-73.64629,41.0027],[-73.6441,41.0026],[-73.64389,41.0013],[-73.64659,41.00179],[-73.64609,41.0005],[-73.6513,40.9959],[-73.6568,40.9877],[-73.65901,40.9888],[-73.65721,40.9909],[-73.65819,40.9923],[-73.65901,40.9933],[-73.65961,40.9943],[-73.65934,40.99682],[-73.65979,40.9935],[-73.65779,40.9905],[-73.6608,40.9897],[-73.66479,40.9842],[-73.6641,40.9795],[-73.66511,40.9793],[-73.66431,40.9804],[-73.6661,40.9828],[-73.66809,40.9826],[-73.66659,40.9813],[-73.66809,40.97791],[-73.6633,40.9784],[-73.6615,40.97561],[-73.66011,40.976],[-73.6605,40.982],[-73.6581,40.9824],[-73.65629,40.9797],[-73.65979,40.975],[-73.66009,40.9691],[-73.6628,40.9668],[-73.6657,40.9676],[-73.67199,40.9667],[-73.6714,40.966],[-73.6776,40.9642],[-73.68089,40.9566],[-73.6828,40.9553],[-73.68489,40.95569],[-73.68329,40.954],[-73.68448,40.95153],[-73.6827,40.9535],[-73.68209,40.9529],[-73.6831,40.9496],[-73.6844,40.9494],[-73.68451,40.95069],[-73.68789,40.9486],[-73.68569,40.9478],[-73.6865,40.9452],[-73.6942,40.9441],[-73.69539,40.94],[-73.69761,40.9396],[-73.69251,40.9509],[-73.69261,40.9543],[-73.69101,40.9552],[-73.69291,40.9556],[-73.6917,40.957],[-73.6898,40.9569],[-73.68951,40.9581],[-73.69131,40.9585],[-73.68981,40.9588],[-73.68981,40.96009],[-73.6951,40.9548],[-73.697,40.9538],[-73.69809,40.95469],[-73.69759,40.9515],[-73.7016,40.9462],[-73.7023,40.94939],[-73.7078,40.9445],[-73.7096,40.9453],[-73.7137,40.9446],[-73.71651,40.9453],[-73.7152,40.9467],[-73.71371,40.94601],[-73.7144,40.94929],[-73.71829,40.9473],[-73.71649,40.9468],[-73.71849,40.9458],[-73.71919,40.94361],[-73.71629,40.9448],[-73.7187,40.9424],[-73.7194,40.94349],[-73.7204,40.9421],[-73.7243,40.9421],[-73.72381,40.94359],[-73.7263,40.9421],[-73.7281,40.9449],[-73.73215,40.94756],[-73.72929,40.945],[-73.73,40.9431],[-73.7354,40.94489],[-73.73769,40.9439],[-73.7373,40.943],[-73.7323,40.9428],[-73.7315,40.94141],[-73.7291,40.9419],[-73.72949,40.9409],[-73.7292,40.94012],[-73.729,40.9414],[-73.7261,40.941],[-73.7212,40.9387],[-73.72339,40.9365],[-73.72249,40.9341],[-73.72469,40.93141],[-73.72169,40.932],[-73.7235,40.9306],[-73.72499,40.93129],[-73.72449,40.9299],[-73.7272,40.9274],[-73.7312,40.92829],[-73.7344,40.9215],[-73.73551,40.9233],[-73.73421,40.9288],[-73.7326,40.929],[-73.73289,40.92811],[-73.73081,40.9296],[-73.7319,40.93169],[-73.738,40.928],[-73.73361,40.93279],[-73.7358,40.9325],[-73.7362,40.9314],[-73.7371,40.9329],[-73.73879,40.9328],[-73.73659,40.9307],[-73.73959,40.9298],[-73.7387,40.928],[-73.7436,40.9277],[-73.74579,40.926],[-73.74309,40.9255],[-73.74509,40.9233],[-73.74426,40.9201],[-73.74379,40.9199],[-73.7438,40.9178],[-73.7465,40.9167],[-73.7469,40.9176],[-73.7481,40.9176],[-73.74879,40.9167],[-73.7476,40.9163],[-73.7484,40.9159],[-73.7492,40.91609],[-73.7506,40.9151],[-73.7545,40.9135],[-73.756,40.9133],[-73.75999,40.9095],[-73.76019,40.9083],[-73.761,40.9073],[-73.76051,40.9083],[-73.76111,40.9089],[-73.75971,40.9103],[-73.75921,40.9119],[-73.7601,40.91219],[-73.7615,40.9116],[-73.76171,40.914],[-73.7621,40.91419],[-73.7626,40.9132],[-73.76271,40.9139],[-73.76311,40.9139],[-73.76281,40.91499],[-73.7636,40.9146],[-73.76431,40.9153],[-73.76371,40.9168],[-73.7641,40.91689],[-73.7649,40.916],[-73.76609,40.9159],[-73.76599,40.9153],[-73.76719,40.9135],[-73.7665,40.91331],[-73.7655,40.914],[-73.7647,40.9137],[-73.7644,40.9131],[-73.763,40.913],[-73.76379,40.9121],[-73.7638,40.911],[-73.7654,40.91149],[-73.76559,40.9108],[-73.766,40.9107],[-73.76561,40.9116],[-73.7672,40.91319],[-73.7695,40.9118],[-73.77001,40.9123],[-73.77011,40.9142],[-73.7704,40.9146],[-73.77089,40.9146],[-73.7706,40.913],[-73.7721,40.9124],[-73.7728,40.91269],[-73.77358,40.9122],[-73.7712,40.9122],[-73.76979,40.9107],[-73.77,40.9099],[-73.77049,40.90999],[-73.7702,40.9096],[-73.77269,40.9072],[-73.7723,40.90691],[-73.769,40.909],[-73.7676,40.9086],[-73.76799,40.9074],[-73.7678,40.90711],[-73.76729,40.9072],[-73.768,40.9066],[-73.7688,40.9066],[-73.76939,40.9057],[-73.76899,40.9052],[-73.76939,40.905],[-73.76919,40.9044],[-73.7682,40.90381],[-73.7674,40.9044],[-73.7664,40.9034],[-73.7651,40.9032],[-73.76469,40.9027],[-73.76589,40.8992],[-73.76679,40.8985],[-73.7665,40.8973],[-73.7672,40.897],[-73.768,40.8978],[-73.7694,40.8976],[-73.77009,40.8968],[-73.76949,40.8961],[-73.7693,40.8951],[-73.7703,40.8943],[-73.771,40.89489],[-73.7717,40.8942],[-73.7732,40.8942],[-73.77369,40.893],[-73.7735,40.8918],[-73.7747,40.8911],[-73.7757,40.891],[-73.7767,40.8897],[-73.7773,40.89],[-73.7792,40.8895],[-73.78,40.8899],[-73.78021,40.8908],[-73.7796,40.8916],[-73.7786,40.89141],[-73.77801,40.8925],[-73.77821,40.893],[-73.77661,40.8945],[-73.77551,40.897],[-73.77561,40.8985],[-73.77649,40.89859],[-73.77639,40.8977],[-73.7776,40.8954],[-73.7779,40.89559],[-73.7801,40.8936],[-73.781,40.8937],[-73.78101,40.89419],[-73.78159,40.8941],[-73.78159,40.8936],[-73.78069,40.8934],[-73.7812,40.8924],[-73.78131,40.8933],[-73.7825,40.8933],[-73.78289,40.8929],[-73.78119,40.8919],[-73.78179,40.8913],[-73.78189,40.8903],[-73.78269,40.8899],[-73.7828,40.8894],[-73.7836,40.88969],[-73.7849,40.8888],[-73.78581,40.8892],[-73.7854,40.89],[-73.7836,40.8907],[-73.78271,40.8919],[-73.783,40.89229],[-73.78429,40.8913],[-73.7841,40.8909],[-73.7848,40.89119],[-73.7857,40.8909],[-73.7878,40.8888],[-73.78889,40.8885],[-73.7884,40.8882],[-73.7867,40.8885],[-73.78579,40.8879],[-73.78709,40.8872],[-73.7871,40.8864],[-73.78839,40.8859],[-73.78829,40.8851],[-73.78749,40.8843],[-73.7888,40.8843],[-73.79,40.8837],[-73.7915,40.8842],[-73.7925,40.884],[-73.7949,40.8805],[-73.79549,40.88069],[-73.79499,40.8797],[-73.79629,40.877],[-73.79709,40.8762],[-73.79739,40.8751],[-73.7986,40.8744],[-73.7989,40.87459],[-73.79979,40.8742],[-73.79989,40.8735],[-73.80079,40.8715],[-73.8018,40.8711],[-73.80209,40.8708],[-73.8021,40.8704],[-73.80269,40.8702],[-73.80279,40.8697],[-73.80259,40.8692],[-73.803,40.8687],[-73.8034,40.86899],[-73.8036,40.8688],[-73.804,40.86899],[-73.8041,40.8687],[-73.8045,40.8687],[-73.805,40.86909],[-73.8059,40.8689],[-73.80571,40.8696],[-73.8067,40.8704],[-73.8071,40.8705],[-73.80711,40.8707],[-73.80869,40.87129],[-73.80839,40.8707],[-73.80869,40.8704],[-73.80749,40.8704],[-73.8076,40.8701],[-73.80853,40.86926],[-73.8079,40.8697],[-73.8072,40.8697],[-73.8067,40.8695],[-73.80689,40.8689],[-73.8066,40.8689],[-73.80669,40.8687],[-73.8063,40.8684],[-73.8054,40.8682],[-73.80489,40.8683],[-73.80469,40.86671],[-73.8043,40.8668],[-73.8039,40.8672],[-73.8029,40.867],[-73.80309,40.8665],[-73.80299,40.8657],[-73.8021,40.8657],[-73.80181,40.8659],[-73.80181,40.8664],[-73.80071,40.8681],[-73.79961,40.8694],[-73.79961,40.8697],[-73.7984,40.8716],[-73.7977,40.8723],[-73.7948,40.8732],[-73.79401,40.8746],[-73.79361,40.8767],[-73.79321,40.8771],[-73.79441,40.8776],[-73.7938,40.8786],[-73.79301,40.8791],[-73.7929,40.8796],[-73.7922,40.8796],[-73.7917,40.8801],[-73.791,40.8801],[-73.79061,40.8804],[-73.7908,40.8808],[-73.7896,40.8813],[-73.7891,40.8813],[-73.78909,40.8807],[-73.78929,40.8806],[-73.78909,40.8801],[-73.79009,40.8796],[-73.7895,40.879],[-73.7883,40.8789],[-73.7861,40.8791],[-73.7852,40.8786],[-73.7846,40.8786],[-73.78419,40.8783],[-73.78449,40.8769],[-73.78479,40.8769],[-73.78469,40.8761],[-73.78529,40.8757],[-73.7854,40.8753],[-73.7857,40.87539],[-73.78599,40.8751],[-73.7861,40.8744],[-73.78689,40.874],[-73.78709,40.8728],[-73.7868,40.8725],[-73.7862,40.87241],[-73.7853,40.8736],[-73.7851,40.8736],[-73.78509,40.8733],[-73.78549,40.8729],[-73.78549,40.872],[-73.7852,40.87161],[-73.784,40.8738],[-73.7834,40.8737],[-73.78319,40.8735],[-73.7835,40.8731],[-73.78399,40.8729],[-73.7837,40.8725],[-73.78309,40.8723],[-73.78329,40.8707],[-73.7849,40.8695],[-73.7856,40.8683],[-73.78561,40.8692],[-73.7864,40.8694],[-73.7886,40.8692],[-73.7903,40.8685],[-73.79149,40.8673],[-73.79199,40.8665],[-73.79219,40.8653],[-73.79209,40.8636],[-73.79149,40.8623],[-73.79189,40.8611],[-73.7936,40.8605],[-73.79389,40.8601],[-73.79369,40.86],[-73.794,40.8599],[-73.79419,40.8595],[-73.79409,40.8593],[-73.79459,40.8589],[-73.79489,40.8581],[-73.79429,40.8568],[-73.7944,40.8565],[-73.7946,40.8564],[-73.7949,40.8566],[-73.7969,40.8563],[-73.798,40.8548],[-73.7985,40.85499],[-73.79869,40.8549],[-73.79899,40.854],[-73.7986,40.8534],[-73.79799,40.853],[-73.79779,40.8519],[-73.79819,40.8506],[-73.7993,40.8499],[-73.8003,40.8481],[-73.8008,40.8482],[-73.80151,40.8488],[-73.80171,40.8499],[-73.80261,40.8514],[-73.80421,40.8533],[-73.80451,40.8549],[-73.8037,40.8553],[-73.80351,40.8556],[-73.80411,40.8578],[-73.80421,40.859],[-73.80451,40.8594],[-73.80461,40.8612],[-73.8048,40.8615],[-73.8054,40.8618],[-73.806,40.8618],[-73.80619,40.8614],[-73.8058,40.86],[-73.8066,40.8598],[-73.8074,40.86009],[-73.8082,40.8595],[-73.8094,40.8605],[-73.8109,40.8623],[-73.8123,40.8627],[-73.81231,40.8629],[-73.8129,40.8632],[-73.8133,40.8632],[-73.814,40.86409],[-73.8146,40.8631],[-73.8151,40.8631],[-73.81639,40.8612],[-73.8159,40.861],[-73.8148,40.8611],[-73.81489,40.8609],[-73.8138,40.8605],[-73.81269,40.8589],[-73.81229,40.8542],[-73.8164,40.8541],[-73.81719,40.8518],[-73.81689,40.8517],[-73.81709,40.8513],[-73.8169,40.851],[-73.8157,40.8508],[-73.81629,40.8502],[-73.8155,40.8492],[-73.81509,40.8492],[-73.81529,40.8486],[-73.81589,40.848],[-73.81589,40.8478],[-73.81559,40.8477],[-73.816,40.8477],[-73.81609,40.8475],[-73.81609,40.8465],[-73.8157,40.84631],[-73.8155,40.8466],[-73.8153,40.8467],[-73.81568,40.84631],[-73.8149,40.8465],[-73.8145,40.8462],[-73.8146,40.8459],[-73.81509,40.8456],[-73.815,40.84551],[-73.8142,40.846],[-73.814,40.84581],[-73.8132,40.8462],[-73.81399,40.8456],[-73.8135,40.8452],[-73.8133,40.8452],[-73.8128,40.8463],[-73.81319,40.8452],[-73.81291,40.84511],[-73.8129,40.8452],[-73.81259,40.8451],[-73.81286,40.8451],[-73.81249,40.845],[-73.8137,40.8451],[-73.81418,40.8448],[-73.8137,40.8448],[-73.81419,40.8447],[-73.8135,40.8443],[-73.81339,40.8439],[-73.8135,40.8437],[-73.8145,40.8435],[-73.815,40.8435],[-73.81521,40.8441],[-73.8157,40.8444],[-73.8163,40.8444],[-73.8164,40.8441],[-73.817,40.8441],[-73.8171,40.8443],[-73.8175,40.8444],[-73.81819,40.8443],[-73.81819,40.84411],[-73.8177,40.8443],[-73.8172,40.8439],[-73.8166,40.8439],[-73.81619,40.8431],[-73.81539,40.8424],[-73.81559,40.8418],[-73.8153,40.84131],[-73.81479,40.8414],[-73.81519,40.8412],[-73.81499,40.8401],[-73.81469,40.8398],[-73.81479,40.8391],[-73.816,40.8385],[-73.81649,40.8377],[-73.8161,40.836],[-73.81549,40.836],[-73.81609,40.8358],[-73.816,40.8355],[-73.81559,40.8355],[-73.81609,40.8354],[-73.81609,40.8346],[-73.81569,40.8345],[-73.81599,40.8344],[-73.81599,40.8339],[-73.81569,40.8335],[-73.81549,40.8323],[-73.81499,40.8317],[-73.81479,40.8308],[-73.8138,40.83],[-73.81389,40.8299],[-73.81369,40.8299],[-73.81389,40.8298],[-73.8136,40.8294],[-73.81339,40.8294],[-73.81339,40.829],[-73.81289,40.829],[-73.81309,40.8287],[-73.81279,40.8286],[-73.81279,40.8282],[-73.80989,40.8282],[-73.8101,40.8278],[-73.8103,40.828],[-73.81109,40.828],[-73.811,40.8278],[-73.81111,40.8278],[-73.81111,40.828],[-73.8116,40.828],[-73.8126,40.8278],[-73.81379,40.8268],[-73.81369,40.8263],[-73.81399,40.8261],[-73.81399,40.8257],[-73.8138,40.8253],[-73.8131,40.8251],[-73.81309,40.8249],[-73.81399,40.8245],[-73.81399,40.8242],[-73.8138,40.824],[-73.8133,40.824],[-73.81281,40.8243],[-73.8127,40.8248],[-73.8123,40.8244],[-73.8118,40.8243],[-73.81121,40.8246],[-73.8112,40.8248],[-73.811,40.82471],[-73.8103,40.8252],[-73.8101,40.82511],[-73.8097,40.8253],[-73.80921,40.8256],[-73.8091,40.8259],[-73.8077,40.8259],[-73.807,40.8254],[-73.80659,40.8246],[-73.80679,40.8244],[-73.80649,40.8242],[-73.80679,40.8238],[-73.80649,40.8238],[-73.80669,40.8234],[-73.80619,40.8233],[-73.80649,40.8232],[-73.8063,40.82281],[-73.80599,40.8229],[-73.80619,40.8227],[-73.80579,40.8218],[-73.80599,40.8208],[-73.80569,40.8202],[-73.8046,40.819],[-73.8035,40.8183],[-73.8027,40.8182],[-73.8025,40.8185],[-73.8021,40.8186],[-73.8007,40.818],[-73.80059,40.8177],[-73.7976,40.8165],[-73.79739,40.8158],[-73.7977,40.8155],[-73.7981,40.8157],[-73.799,40.8155],[-73.8001,40.814],[-73.8009,40.8138],[-73.8015,40.8129],[-73.80169,40.8129],[-73.8014,40.8124],[-73.8018,40.81289],[-73.8026,40.8125],[-73.8036,40.8125],[-73.80321,40.8133],[-73.80351,40.814],[-73.8044,40.8147],[-73.8052,40.8157],[-73.806,40.816],[-73.8066,40.81669],[-73.80689,40.8166],[-73.80659,40.8156],[-73.80549,40.8147],[-73.80529,40.8128],[-73.80499,40.8126],[-73.80499,40.8122],[-73.8048,40.812],[-73.8039,40.8121],[-73.8024,40.81],[-73.8021,40.81],[-73.8014,40.8107],[-73.801,40.8107],[-73.80149,40.8101],[-73.8001,40.8097],[-73.7985,40.8096],[-73.7923,40.8068],[-73.79141,40.807],[-73.7915,40.8075],[-73.7909,40.8073],[-73.79009,40.8054],[-73.79029,40.8048],[-73.791,40.8043],[-73.7922,40.804],[-73.7934,40.8042],[-73.7958,40.80619],[-73.796,40.8059],[-73.7965,40.8061],[-73.79641,40.8063],[-73.797,40.8063],[-73.7979,40.8067],[-73.8017,40.809],[-73.8028,40.8091],[-73.80359,40.8088],[-73.8037,40.8085],[-73.8039,40.8085],[-73.805,40.8095],[-73.8062,40.81],[-73.8071,40.8107],[-73.8082,40.8119],[-73.8099,40.8129],[-73.8104,40.813],[-73.8108,40.8128],[-73.8117,40.81309],[-73.8119,40.8129],[-73.814,40.8136],[-73.81439,40.8135],[-73.81449,40.813],[-73.8144,40.8129],[-73.81461,40.813],[-73.81451,40.813],[-73.81451,40.8135],[-73.8157,40.8135],[-73.8159,40.8138],[-73.8165,40.81389],[-73.8167,40.8137],[-73.81789,40.8135],[-73.8179,40.8133],[-73.8181,40.81349],[-73.8198,40.8132],[-73.8204,40.8128],[-73.8206,40.8128],[-73.82061,40.813],[-73.8212,40.813],[-73.8214,40.8127]],[[-73.82059,40.813],[-73.82041,40.81281],[-73.82041,40.813],[-73.82059,40.813]],[[-73.80502,40.8865],[-73.80819,40.88732],[-73.8076,40.8871],[-73.80502,40.8865]],[[-73.80884,40.8712],[-73.80919,40.8712],[-73.80919,40.87111],[-73.80884,40.8712]],[[-73.81156,40.88819],[-73.81909,40.89013],[-73.8183,40.8898],[-73.81156,40.88819]],[[-73.82317,40.88974],[-73.8225,40.88941],[-73.82241,40.8896],[-73.82317,40.88974]],[[-73.82319,40.89119],[-73.82315,40.89111],[-73.82303,40.89115],[-73.82319,40.89119]],[[-73.83969,40.8979],[-73.83962,40.89747],[-73.83921,40.89877],[-73.83969,40.8979]],[[-73.83919,40.89929],[-73.83919,40.89882],[-73.83911,40.8991],[-73.83919,40.89929]],[[-73.84079,40.9016],[-73.83932,40.89957],[-73.84138,40.90414],[-73.84079,40.9016]],[[-73.8471,40.9062],[-73.84501,40.90563],[-73.85013,40.90748],[-73.8471,40.9062]],[[-73.8503,40.90738],[-73.85137,40.90677],[-73.8509,40.90661],[-73.8503,40.90738]],[[-73.85265,40.90721],[-73.85111,40.90999],[-73.85145,40.90997],[-73.85349,40.9075],[-73.85265,40.90721]],[[-73.8548,40.8141],[-73.8551,40.81439],[-73.85539,40.8143],[-73.8544,40.8137],[-73.8535,40.8135],[-73.85297,40.81368],[-73.8534,40.8136],[-73.8548,40.8141]],[[-73.8523,40.9099],[-73.85227,40.90992],[-73.85244,40.90991],[-73.8523,40.9099]],[[-73.85488,40.90817],[-73.85426,40.907],[-73.85371,40.9078],[-73.8538,40.908],[-73.8547,40.908],[-73.85488,40.90817]],[[-73.856,40.9062],[-73.85572,40.90633],[-73.85615,40.90623],[-73.856,40.9062]],[[-73.85601,40.9053],[-73.85601,40.9055],[-73.85646,40.90559],[-73.85659,40.90511],[-73.85601,40.9053]],[[-73.8589,40.8067],[-73.85909,40.8065],[-73.85889,40.806],[-73.8585,40.80581],[-73.85831,40.806],[-73.85841,40.8064],[-73.8586,40.8067],[-73.8589,40.8067]],[[-73.85884,40.90242],[-73.8584,40.90221],[-73.8582,40.9026],[-73.85884,40.90242]],[[-73.85951,40.9019],[-73.85959,40.90215],[-73.85942,40.90061],[-73.85911,40.901],[-73.85941,40.9016],[-73.859,40.90141],[-73.85891,40.9017],[-73.85951,40.9019]],[[-73.8792,40.9064],[-73.88302,40.90732],[-73.86384,40.90174],[-73.8792,40.9064]],[[-73.8972,40.91166],[-73.8966,40.9114],[-73.8946,40.91082],[-73.8972,40.91166]],[[-73.89811,40.80581],[-73.8982,40.80609],[-73.89829,40.8059],[-73.89811,40.80581]],[[-73.158,41.38296],[-73.15879,41.3797],[-73.15761,41.37761],[-73.158,41.38296]],[[-72.96381,41.392],[-72.96161,41.393],[-72.96161,41.39519],[-72.9629,41.3944],[-72.9632,41.39589],[-72.9649,41.395],[-72.96491,41.39732],[-72.96549,41.3935],[-72.97259,41.3856],[-72.9683,41.38381],[-72.96381,41.392]],[[-72.9684,41.4209],[-72.9692,41.42229],[-72.97039,41.4218],[-72.97049,41.41261],[-72.96681,41.4131],[-72.96761,41.4158],[-72.96293,41.42028],[-72.96531,41.4191],[-72.96501,41.4242],[-72.9666,41.4241],[-72.9684,41.4209]],[[-72.98661,41.3968],[-72.98381,41.40059],[-72.9854,41.4005],[-72.98969,41.40628],[-72.98919,41.4009],[-72.99119,41.3959],[-72.9905,41.3935],[-72.98691,41.3934],[-72.98661,41.3968]],[[-73.07069,41.419],[-73.07419,41.4134],[-73.07319,41.4067],[-73.06869,41.403],[-73.0718,41.3975],[-73.07649,41.3962],[-73.07659,41.3933],[-73.07459,41.3906],[-73.07579,41.3859],[-73.0815,41.3769],[-73.08141,41.37816],[-73.08596,41.36727],[-73.07551,41.3849],[-73.07361,41.3924],[-73.07591,41.3934],[-73.07621,41.3955],[-73.071,41.3976],[-73.06841,41.402],[-73.06871,41.4043],[-73.07181,41.4065],[-73.07401,41.4127],[-73.07061,41.4181],[-73.07061,41.4293],[-73.0627,41.4322],[-73.06061,41.4341],[-73.06021,41.43688],[-73.0634,41.4322],[-73.07079,41.4299],[-73.07069,41.419]],[[-73.06026,41.43704],[-73.06221,41.442],[-73.06771,41.4445],[-73.068,41.44867],[-73.06879,41.4459],[-73.0677,41.4443],[-73.0625,41.4417],[-73.06026,41.43704]],[[-73.10061,41.1775],[-73.1013,41.17779],[-73.10189,41.17691],[-73.10061,41.1775]],[[-73.103,41.17909],[-73.10329,41.17801],[-73.10251,41.1783],[-73.103,41.17909]],[[-73.1041,41.17931],[-73.10292,41.18019],[-73.10558,41.1801],[-73.1041,41.17931]],[[-73.10659,41.2283],[-73.1064,41.22791],[-73.10602,41.22897],[-73.10659,41.2283]],[[-73.1383,41.1504],[-73.1392,41.15109],[-73.13969,41.1501],[-73.1374,41.1502],[-73.13632,41.15119],[-73.1383,41.1504]],[[-73.13749,41.1568],[-73.13711,41.15642],[-73.1374,41.15728],[-73.13749,41.1568]],[[-73.13811,41.15139],[-73.13849,41.1513],[-73.1383,41.15111],[-73.13811,41.15139]],[[-73.1453,41.2628],[-73.143,41.2628],[-73.13791,41.2675],[-73.13931,41.2685],[-73.13941,41.2704],[-73.13691,41.2716],[-73.1386,41.27779],[-73.1397,41.2761],[-73.1417,41.27689],[-73.1421,41.2757],[-73.14601,41.2767],[-73.14392,41.27799],[-73.1523,41.2773],[-73.15439,41.27849],[-73.1542,41.2775],[-73.1551,41.27839],[-73.15629,41.2777],[-73.1541,41.2754],[-73.14759,41.2763],[-73.1472,41.2755],[-73.15168,41.2733],[-73.1491,41.2732],[-73.14699,41.2715],[-73.14899,41.2696],[-73.14729,41.267],[-73.14859,41.26051],[-73.1453,41.2628]],[[-73.14562,41.1603],[-73.14651,41.1608],[-73.14563,41.16226],[-73.14759,41.16011],[-73.14562,41.1603]],[[-73.14859,41.1597],[-73.1483,41.15961],[-73.14783,41.16008],[-73.14859,41.1597]],[[-73.15391,41.15988],[-73.15449,41.15881],[-73.15391,41.1591],[-73.15391,41.15988]],[[-73.15559,41.1595],[-73.1554,41.15941],[-73.15512,41.15978],[-73.15559,41.1595]],[[-73.1715,41.3839],[-73.17155,41.3839],[-73.16981,41.38365],[-73.1715,41.3839]],[[-73.1666,41.3833],[-73.16659,41.3832],[-73.15803,41.3835],[-73.161,41.3842],[-73.17146,41.3839],[-73.1666,41.3833]],[[-73.17392,41.39168],[-73.1769,41.389],[-73.1807,41.3908],[-73.18201,41.3941],[-73.18701,41.3966],[-73.18341,41.4082],[-73.1878,41.41109],[-73.1891,41.4105],[-73.1904,41.4118],[-73.1941,41.4116],[-73.198,41.4131],[-73.2002,41.4162],[-73.20641,41.4205],[-73.20621,41.42508],[-73.2085,41.4217],[-73.217,41.4297],[-73.2261,41.4309],[-73.2278,41.43269],[-73.2281,41.4307],[-73.2383,41.4276],[-73.24031,41.4299],[-73.24261,41.4389],[-73.2461,41.441],[-73.25129,41.4399],[-73.2508,41.4387],[-73.2571,41.4345],[-73.2635,41.4352],[-73.2646,41.4367],[-73.26591,41.4371],[-73.26751,41.4436],[-73.27021,41.448],[-73.2737,41.4516],[-73.2783,41.4526],[-73.28039,41.45209],[-73.2734,41.4509],[-73.27069,41.4472],[-73.271,41.4463],[-73.27246,41.44805],[-73.271,41.4455],[-73.26789,41.4433],[-73.26699,41.4388],[-73.2691,41.43969],[-73.26959,41.4385],[-73.266,41.4372],[-73.26579,41.4361],[-73.2635,41.4342],[-73.2583,41.433],[-73.2513,41.4369],[-73.2443,41.4382],[-73.24399,41.4365],[-73.24599,41.4345],[-73.24469,41.4326],[-73.24609,41.4314],[-73.2439,41.4286],[-73.2371,41.42451],[-73.2283,41.4291],[-73.2237,41.429],[-73.2169,41.4269],[-73.1997,41.4108],[-73.1878,41.4076],[-73.18649,41.4033],[-73.19079,41.3985],[-73.18759,41.395],[-73.1868,41.39071],[-73.1833,41.3917],[-73.1734,41.38361],[-73.17221,41.3844],[-73.17521,41.389],[-73.17392,41.39168]],[[-73.27329,41.27291],[-73.2709,41.2733],[-73.26879,41.2693],[-73.26979,41.26701],[-73.26879,41.2673],[-73.26949,41.265],[-73.26799,41.2608],[-73.27039,41.2584],[-73.26909,41.2576],[-73.27019,41.25501],[-73.2684,41.2553],[-73.26649,41.2524],[-73.26938,41.2511],[-73.2651,41.2508],[-73.2588,41.24771],[-73.25561,41.2498],[-73.25831,41.2524],[-73.25931,41.2569],[-73.26221,41.2572],[-73.26321,41.2596],[-73.26211,41.26169],[-73.2633,41.2614],[-73.26431,41.2633],[-73.26361,41.26749],[-73.2646,41.2667],[-73.26601,41.2683],[-73.26471,41.2703],[-73.26701,41.2713],[-73.26861,41.2762],[-73.27451,41.2839],[-73.2751,41.29047],[-73.27719,41.2843],[-73.27609,41.2843],[-73.27899,41.2834],[-73.27509,41.2813],[-73.27549,41.2789],[-73.27309,41.2773],[-73.27329,41.27291]],[[-73.2987,41.2208],[-73.2888,41.2137],[-73.2846,41.2068],[-73.2832,41.20631],[-73.28041,41.2086],[-73.28241,41.2155],[-73.2873,41.22139],[-73.2904,41.2196],[-73.2953,41.2202],[-73.298,41.2239],[-73.3013,41.22539],[-73.3016,41.2233],[-73.3043,41.2224],[-73.30591,41.2233],[-73.30571,41.2273],[-73.30691,41.228],[-73.30571,41.2301],[-73.3077,41.23039],[-73.3089,41.2288],[-73.3156,41.23139],[-73.31629,41.2302],[-73.31259,41.2278],[-73.31279,41.2246],[-73.30949,41.2224],[-73.30999,41.22111],[-73.3019,41.2216],[-73.2987,41.2208]],[[-73.33879,41.4121],[-73.34109,41.4108],[-73.3402,41.40941],[-73.3368,41.4102],[-73.3304,41.4072],[-73.3283,41.4073],[-73.32721,41.4086],[-73.3303,41.4122],[-73.3385,41.41589],[-73.3394,41.4153],[-73.34039,41.4139],[-73.33879,41.4121]],[[-73.3659,41.2691],[-73.36991,41.2724],[-73.36971,41.27668],[-73.3713,41.2743],[-73.37081,41.27679],[-73.372,41.2759],[-73.37271,41.2769],[-73.37171,41.282],[-73.3733,41.28449],[-73.3757,41.2836],[-73.3792,41.28489],[-73.3807,41.2837],[-73.3837,41.28809],[-73.38729,41.2864],[-73.38779,41.284],[-73.37699,41.2775],[-73.37589,41.2746],[-73.37859,41.2695],[-73.37049,41.2656],[-73.37119,41.25951],[-73.3671,41.2614],[-73.36059,41.2545],[-73.36089,41.25181],[-73.3548,41.2541],[-73.35099,41.2506],[-73.35089,41.2489],[-73.34801,41.24801],[-73.3475,41.252],[-73.34204,41.24628],[-73.36392,41.26976],[-73.3622,41.2679],[-73.3643,41.26949],[-73.3659,41.2691]],[[-73.3646,41.14579],[-73.36506,41.14543],[-73.36451,41.1457],[-73.3646,41.14579]],[[-73.4475,41.1784],[-73.44631,41.1784],[-73.44631,41.1832],[-73.44731,41.1832],[-73.44581,41.1841],[-73.44571,41.1879],[-73.44271,41.1889],[-73.44281,41.1907],[-73.4456,41.1911],[-73.4468,41.1897],[-73.4477,41.19079],[-73.4481,41.189],[-73.4503,41.19009],[-73.45079,41.1892],[-73.44809,41.1864],[-73.45029,41.1838],[-73.44869,41.1817],[-73.45379,41.1748],[-73.4501,41.1741],[-73.44969,41.17191],[-73.44741,41.1723],[-73.4475,41.1784]],[[-73.5004,41.40868],[-73.501,41.4066],[-73.5038,41.4099],[-73.5095,41.4127],[-73.51139,41.4123],[-73.5113,41.4105],[-73.5154,41.4146],[-73.51819,41.41549],[-73.5148,41.40961],[-73.51269,41.4102],[-73.51169,41.4061],[-73.5067,41.4033],[-73.5021,41.4027],[-73.4993,41.40051],[-73.49711,41.4016],[-73.5004,41.40868]],[[-73.54101,41.1307],[-73.53861,41.1317],[-73.53911,41.1343],[-73.53601,41.1369],[-73.53442,41.14256],[-73.537,41.1381],[-73.53999,41.136],[-73.54,41.1344],[-73.5434,41.13559],[-73.54449,41.1338],[-73.54319,41.133],[-73.54369,41.13],[-73.54079,41.1291],[-73.54079,41.1252],[-73.53731,41.12481],[-73.53761,41.1277],[-73.54101,41.1307]],[[-73.54751,41.1726],[-73.5481,41.1743],[-73.55221,41.1739],[-73.55121,41.17899],[-73.55659,41.1751],[-73.55459,41.1742],[-73.55609,41.1729],[-73.5541,41.1643],[-73.5483,41.1644],[-73.54191,41.1678],[-73.54291,41.1702],[-73.54751,41.1726]],[[-73.5505,41.241],[-73.5493,41.23921],[-73.5478,41.2394],[-73.54541,41.2464],[-73.5471,41.2472],[-73.5504,41.2465],[-73.55349,41.2425],[-73.5518,41.24031],[-73.5505,41.241]],[[-73.5506,41.02861],[-73.55031,41.02899],[-73.55069,41.0289],[-73.5506,41.02861]],[[-73.54469,41.3665],[-73.5487,41.32906],[-73.54348,41.37591],[-73.54469,41.3665]],[[-73.5523,41.2272],[-73.55019,41.2256],[-73.55599,41.2174],[-73.55599,41.2141],[-73.5542,41.2141],[-73.5527,41.2174],[-73.55171,41.21701],[-73.55211,41.2191],[-73.54691,41.2284],[-73.5498,41.23089],[-73.55469,41.2268],[-73.55459,41.22541],[-73.5523,41.2272]],[[-73.55511,41.0262],[-73.55553,41.02754],[-73.55482,41.02514],[-73.55511,41.0262]],[[-73.5813,41.391],[-73.58221,41.3918],[-73.58051,41.3922],[-73.58001,41.3944],[-73.581,41.3957],[-73.5715,41.3987],[-73.5702,41.4007],[-73.56751,41.4006],[-73.56791,41.4032],[-73.56641,41.40241],[-73.56641,41.4042],[-73.5649,41.40391],[-73.56341,41.4053],[-73.56161,41.4087],[-73.5625,41.41157],[-73.5629,41.4078],[-73.5661,41.4064],[-73.56989,41.40719],[-73.56979,41.4032],[-73.5743,41.3994],[-73.57581,41.3996],[-73.57501,41.403],[-73.5765,41.40439],[-73.5789,41.402],[-73.5824,41.4024],[-73.5834,41.4013],[-73.5881,41.4006],[-73.5901,41.3964],[-73.59349,41.39709],[-73.59359,41.3935],[-73.5899,41.3901],[-73.5719,41.3868],[-73.56682,41.3888],[-73.5813,41.391]],[[-73.63645,41.14296],[-73.6158,41.1522],[-73.57184,41.17207],[-73.63645,41.14296]],[[-73.5788,41.2982],[-73.57861,41.2993],[-73.58171,41.2995],[-73.58101,41.30109],[-73.5891,41.2987],[-73.5933,41.2987],[-73.59609,41.2968],[-73.5951,41.29581],[-73.5884,41.297],[-73.5789,41.2964],[-73.5771,41.29521],[-73.5762,41.2967],[-73.57271,41.2978],[-73.5749,41.2987],[-73.5788,41.2982]],[[-73.57421,41.3597],[-73.57311,41.3611],[-73.57581,41.3624],[-73.57551,41.3651],[-73.5833,41.37029],[-73.584,41.3684],[-73.586,41.3686],[-73.58749,41.3639],[-73.5813,41.3594],[-73.5784,41.3596],[-73.5771,41.3562],[-73.5743,41.35561],[-73.57171,41.3584],[-73.57421,41.3597]],[[-73.58139,41.4114],[-73.58109,41.40851],[-73.57891,41.4095],[-73.57811,41.4155],[-73.5852,41.42879],[-73.58989,41.4258],[-73.58629,41.4231],[-73.59129,41.4193],[-73.59189,41.4147],[-73.5893,41.40451],[-73.58651,41.4055],[-73.5862,41.4118],[-73.58139,41.4114]],[[-73.63021,41.3251],[-73.62941,41.329],[-73.6283,41.3298],[-73.625,41.328],[-73.6231,41.32531],[-73.62211,41.3293],[-73.61971,41.3304],[-73.62111,41.331],[-73.6202,41.3326],[-73.6156,41.3294],[-73.6122,41.3291],[-73.6082,41.3309],[-73.5981,41.3283],[-73.59713,41.32685],[-73.5977,41.3283],[-73.6006,41.3292],[-73.6026,41.3319],[-73.6108,41.33479],[-73.612,41.3338],[-73.6135,41.33449],[-73.6146,41.3331],[-73.61501,41.3342],[-73.6214,41.3364],[-73.6256,41.3352],[-73.6288,41.3365],[-73.6352,41.3353],[-73.6381,41.3331],[-73.6441,41.3316],[-73.64869,41.326],[-73.6477,41.32481],[-73.6407,41.3269],[-73.6346,41.3221],[-73.6309,41.3227],[-73.6289,41.32161],[-73.62751,41.3233],[-73.63021,41.3251]],[[-73.6132,41.1384],[-73.61579,41.1362],[-73.6136,41.1359],[-73.61259,41.1341],[-73.61259,41.1325],[-73.61429,41.1318],[-73.6133,41.1296],[-73.6101,41.1296],[-73.60881,41.1298],[-73.60861,41.1329],[-73.61021,41.1343],[-73.60901,41.13411],[-73.61091,41.1432],[-73.61251,41.1447],[-73.6135,41.15319],[-73.61529,41.1516],[-73.6132,41.1384]],[[-73.64371,41.2568],[-73.64289,41.2547],[-73.6322,41.24821],[-73.6303,41.2513],[-73.6266,41.25],[-73.62359,41.2458],[-73.62409,41.24451],[-73.618,41.245],[-73.6173,41.23921],[-73.61131,41.2425],[-73.6124,41.244],[-73.6172,41.2454],[-73.61771,41.2488],[-73.62121,41.2492],[-73.61481,41.2614],[-73.6119,41.26051],[-73.61091,41.2611],[-73.6151,41.2623],[-73.61709,41.2617],[-73.61649,41.2604],[-73.6198,41.2567],[-73.624,41.2546],[-73.62541,41.2551],[-73.62521,41.2576],[-73.632,41.2572],[-73.635,41.2583],[-73.63431,41.2629],[-73.6358,41.264],[-73.6405,41.2641],[-73.6431,41.2615],[-73.6448,41.2615],[-73.64331,41.2648],[-73.6484,41.26739],[-73.6565,41.2649],[-73.66,41.26809],[-73.6608,41.2666],[-73.6641,41.2663],[-73.66569,41.2645],[-73.665,41.2634],[-73.6596,41.2619],[-73.6568,41.25871],[-73.6522,41.26],[-73.6497,41.2572],[-73.6466,41.2561],[-73.6454,41.25351],[-73.64371,41.2568]],[[-73.6335,41.3794],[-73.61941,41.3893],[-73.6205,41.39059],[-73.6235,41.3881],[-73.63,41.3855],[-73.64149,41.3756],[-73.6371,41.37461],[-73.6335,41.3794]],[[-73.6394,41.0923],[-73.64199,41.09299],[-73.64039,41.0883],[-73.64209,41.0872],[-73.6413,41.0845],[-73.6381,41.08421],[-73.63541,41.0966],[-73.6378,41.09739],[-73.6394,41.0923]],[[-73.644,41.38931],[-73.642,41.3934],[-73.6399,41.3936],[-73.63801,41.3956],[-73.63671,41.4003],[-73.6391,41.41139],[-73.6434,41.4107],[-73.6459,41.41499],[-73.6507,41.4134],[-73.65199,41.4107],[-73.64809,41.4109],[-73.64489,41.4065],[-73.64309,41.3992],[-73.64959,41.3914],[-73.64989,41.38981],[-73.6461,41.3904],[-73.644,41.38931]],[[-73.65411,41.3753],[-73.64981,41.3771],[-73.65001,41.3794],[-73.64611,41.3845],[-73.6498,41.38739],[-73.6506,41.3849],[-73.65359,41.3838],[-73.65269,41.3819],[-73.6541,41.3817],[-73.65631,41.3832],[-73.65621,41.3853],[-73.65831,41.3854],[-73.65871,41.3873],[-73.66139,41.3872],[-73.66029,41.3834],[-73.65679,41.3799],[-73.65859,41.36911],[-73.6571,41.3704],[-73.65101,41.3701],[-73.65411,41.3753]],[[-73.8394,41.2298],[-73.84029,41.22642],[-73.8349,41.2322],[-73.8307,41.2327],[-73.8236,41.2373],[-73.8163,41.2375],[-73.8125,41.2366],[-73.8097,41.23281],[-73.8088,41.2349],[-73.8062,41.2352],[-73.8029,41.2345],[-73.8004,41.23191],[-73.7952,41.2332],[-73.7921,41.2318],[-73.7915,41.23011],[-73.7908,41.2313],[-73.7891,41.23001],[-73.7874,41.2306],[-73.783,41.2273],[-73.78299,41.22541],[-73.7802,41.2275],[-73.7774,41.22521],[-73.777,41.2263],[-73.7767,41.2252],[-73.77359,41.2249],[-73.7771,41.2187],[-73.78,41.21969],[-73.78299,41.2164],[-73.7814,41.21531],[-73.7744,41.2192],[-73.77101,41.2191],[-73.77061,41.2222],[-73.7691,41.2226],[-73.76611,41.2279],[-73.765,41.22761],[-73.75841,41.2326],[-73.756,41.2377],[-73.7539,41.2382],[-73.7527,41.235],[-73.7489,41.2343],[-73.7468,41.2322],[-73.74542,41.23171],[-73.7487,41.2355],[-73.75141,41.2356],[-73.7508,41.2403],[-73.7441,41.2432],[-73.74,41.2431],[-73.7387,41.2449],[-73.7362,41.24261],[-73.7345,41.2474],[-73.7278,41.2497],[-73.72362,41.2496],[-73.72531,41.2507],[-73.72402,41.25139],[-73.72561,41.2513],[-73.724,41.2534],[-73.72389,41.2523],[-73.72079,41.2517],[-73.72278,41.2511],[-73.71703,41.25021],[-73.71911,41.2513],[-73.7182,41.2526],[-73.7117,41.2574],[-73.709,41.2613],[-73.70641,41.2616],[-73.70681,41.264],[-73.7028,41.2672],[-73.69931,41.268],[-73.6996,41.269],[-73.697,41.2687],[-73.6952,41.2666],[-73.6926,41.2664],[-73.6919,41.2677],[-73.6902,41.26631],[-73.68791,41.2674],[-73.692,41.26959],[-73.6941,41.2688],[-73.69731,41.2716],[-73.6941,41.2752],[-73.69031,41.2768],[-73.6897,41.2792],[-73.686,41.27831],[-73.68521,41.28189],[-73.6889,41.281],[-73.6883,41.2839],[-73.6857,41.2857],[-73.68451,41.28521],[-73.6847,41.2862],[-73.68259,41.2842],[-73.68299,41.28252],[-73.6822,41.2834],[-73.6812,41.28251],[-73.68001,41.28559],[-73.6824,41.2852],[-73.68171,41.2872],[-73.68451,41.2871],[-73.68401,41.29],[-73.68256,41.29077],[-73.6844,41.2901],[-73.68421,41.29218],[-73.6868,41.2883],[-73.6926,41.2893],[-73.69271,41.2953],[-73.6899,41.2961],[-73.6863,41.2951],[-73.686,41.29351],[-73.6844,41.2939],[-73.6841,41.29301],[-73.6816,41.2976],[-73.67861,41.2991],[-73.6779,41.302],[-73.67551,41.3023],[-73.67551,41.3065],[-73.67381,41.3096],[-73.66911,41.3135],[-73.6671,41.3177],[-73.66041,41.3211],[-73.65901,41.3246],[-73.6617,41.32659],[-73.66199,41.3242],[-73.6606,41.3231],[-73.6643,41.3199],[-73.6683,41.3185],[-73.6722,41.312],[-73.67859,41.3077],[-73.67949,41.3049],[-73.67819,41.3033],[-73.68329,41.2999],[-73.68219,41.298],[-73.6841,41.2957],[-73.68461,41.29899],[-73.6893,41.298],[-73.6946,41.2985],[-73.69501,41.2999],[-73.69311,41.3009],[-73.69481,41.3034],[-73.69334,41.30547],[-73.6937,41.305],[-73.6966,41.3054],[-73.69849,41.3036],[-73.69849,41.301],[-73.69479,41.2988],[-73.6973,41.2983],[-73.69819,41.2969],[-73.69649,41.295],[-73.69569,41.2878],[-73.68929,41.2859],[-73.69229,41.2849],[-73.6922,41.2837],[-73.69329,41.28449],[-73.69209,41.2778],[-73.6949,41.2765],[-73.6959,41.27769],[-73.70009,41.2737],[-73.69919,41.2712],[-73.7002,41.2693],[-73.7101,41.2727],[-73.7177,41.2728],[-73.7194,41.2718],[-73.7233,41.2741],[-73.72281,41.27539],[-73.72429,41.2753],[-73.72329,41.271],[-73.72509,41.27119],[-73.72509,41.2691],[-73.7228,41.26831],[-73.7204,41.2699],[-73.71831,41.26842],[-73.71921,41.2705],[-73.7167,41.2714],[-73.71079,41.268],[-73.70919,41.264],[-73.7133,41.2578],[-73.716,41.2579],[-73.7179,41.2556],[-73.7266,41.2551],[-73.7277,41.25839],[-73.72889,41.2576],[-73.7282,41.2561],[-73.7316,41.2559],[-73.74109,41.2497],[-73.737,41.2479],[-73.7414,41.2467],[-73.7434,41.24779],[-73.749,41.2452],[-73.751,41.24609],[-73.755,41.2409],[-73.7621,41.2367],[-73.7646,41.2368],[-73.767,41.2297],[-73.76871,41.2298],[-73.76851,41.23189],[-73.77059,41.2316],[-73.7712,41.228],[-73.7725,41.2275],[-73.7737,41.22919],[-73.777,41.2275],[-73.7806,41.23159],[-73.7822,41.2303],[-73.784,41.2307],[-73.78471,41.2335],[-73.7961,41.2353],[-73.7997,41.234],[-73.8012,41.2378],[-73.8044,41.239],[-73.8127,41.2386],[-73.8175,41.2402],[-73.8186,41.24289],[-73.82,41.2408],[-73.8244,41.2403],[-73.82031,41.2442],[-73.8253,41.2451],[-73.8261,41.24699],[-73.8314,41.2406],[-73.8386,41.236],[-73.84361,41.2412],[-73.84011,41.24719],[-73.8442,41.2456],[-73.84521,41.249],[-73.84271,41.2502],[-73.8456,41.25079],[-73.8467,41.2497],[-73.84741,41.2514],[-73.8459,41.2551],[-73.84481,41.25461],[-73.8446,41.2562],[-73.8406,41.2576],[-73.83961,41.2596],[-73.84319,41.26069],[-73.8421,41.2589],[-73.847,41.2562],[-73.8496,41.25699],[-73.85099,41.252],[-73.85389,41.2508],[-73.84759,41.2439],[-73.84989,41.2413],[-73.8444,41.2378],[-73.84309,41.2354],[-73.8517,41.2308],[-73.85321,41.2321],[-73.85281,41.2339],[-73.8552,41.235],[-73.85979,41.2349],[-73.85979,41.2334],[-73.8565,41.2328],[-73.85469,41.2305],[-73.85699,41.2278],[-73.8544,41.22541],[-73.849,41.2271],[-73.8469,41.22621],[-73.8394,41.2298]],[[-73.65881,41.38741],[-73.6611,41.40258],[-73.66199,41.4004],[-73.66379,41.3926],[-73.6615,41.3877],[-73.65881,41.38741]],[[-73.6753,41.3712],[-73.67149,41.3679],[-73.6773,41.3652],[-73.67881,41.366],[-73.67861,41.3681],[-73.68239,41.36859],[-73.6793,41.3634],[-73.6764,41.36271],[-73.6752,41.3648],[-73.6721,41.3635],[-73.67289,41.36271],[-73.6696,41.3632],[-73.66819,41.3597],[-73.6654,41.3579],[-73.664,41.3582],[-73.66201,41.3619],[-73.66251,41.3645],[-73.66431,41.3655],[-73.66171,41.3711],[-73.6626,41.3737],[-73.66591,41.3742],[-73.66711,41.3815],[-73.6716,41.3827],[-73.67131,41.385],[-73.6754,41.388],[-73.6794,41.3886],[-73.6807,41.3873],[-73.68277,41.38749],[-73.6809,41.38681],[-73.6789,41.3882],[-73.67669,41.3872],[-73.67679,41.3831],[-73.67329,41.3802],[-73.67239,41.3753],[-73.6738,41.3736],[-73.6785,41.3724],[-73.68079,41.3707],[-73.6791,41.3701],[-73.6753,41.3712]],[[-73.6716,40.96749],[-73.67198,40.96673],[-73.67141,40.9673],[-73.6716,40.96749]],[[-73.67741,41.3931],[-73.67721,41.3953],[-73.6748,41.397],[-73.6719,41.3966],[-73.67071,41.3975],[-73.67051,41.4026],[-73.6726,41.40329],[-73.6758,41.3996],[-73.68099,41.3971],[-73.68109,41.3953],[-73.6788,41.3931],[-73.67741,41.3931]],[[-73.6831,41.4242],[-73.6863,41.42519],[-73.68939,41.4155],[-73.6882,41.4148],[-73.6816,41.4161],[-73.67881,41.422],[-73.6798,41.42589],[-73.6831,41.4242]],[[-73.69379,41.1698],[-73.69299,41.1556],[-73.69091,41.15541],[-73.69041,41.1664],[-73.68711,41.1739],[-73.6938,41.17539],[-73.69539,41.1734],[-73.69379,41.1698]],[[-73.692,41.4281],[-73.6887,41.42601],[-73.68661,41.4265],[-73.68971,41.4316],[-73.68931,41.4344],[-73.6927,41.4451],[-73.69669,41.4449],[-73.69529,41.4398],[-73.69769,41.4332],[-73.6953,41.42661],[-73.692,41.4281]],[[-73.7045,41.4157],[-73.71009,41.4117],[-73.71079,41.401],[-73.7091,41.39811],[-73.70631,41.3992],[-73.70681,41.4027],[-73.70511,41.4048],[-73.7065,41.4074],[-73.703,41.4104],[-73.7001,41.40941],[-73.698,41.411],[-73.696,41.4109],[-73.6955,41.4128],[-73.69311,41.414],[-73.697,41.4155],[-73.70241,41.4213],[-73.6996,41.4237],[-73.69611,41.42231],[-73.69551,41.4265],[-73.7001,41.42909],[-73.702,41.428],[-73.7062,41.428],[-73.70721,41.4308],[-73.7149,41.4336],[-73.7181,41.4381],[-73.7215,41.4381],[-73.72649,41.44099],[-73.72619,41.4389],[-73.721,41.4361],[-73.7189,41.4324],[-73.71399,41.4298],[-73.71169,41.4263],[-73.71139,41.4223],[-73.7074,41.4202],[-73.70829,41.4177],[-73.7049,41.4175],[-73.7045,41.4157]],[[-73.7289,41.09],[-73.73201,41.0926],[-73.73281,41.0962],[-73.7343,41.0971],[-73.7372,41.0965],[-73.7415,41.0917],[-73.74581,41.0923],[-73.74561,41.0957],[-73.73991,41.0995],[-73.7393,41.103],[-73.73011,41.106],[-73.73161,41.1097],[-73.7344,41.11199],[-73.736,41.1084],[-73.73869,41.10949],[-73.73789,41.1058],[-73.7396,41.1051],[-73.7405,41.10589],[-73.74209,41.1013],[-73.7439,41.0995],[-73.7458,41.09979],[-73.74759,41.0942],[-73.74861,41.0944],[-73.74651,41.105],[-73.74751,41.1106],[-73.7438,41.113],[-73.7416,41.11221],[-73.73711,41.1187],[-73.73771,41.1212],[-73.74309,41.12449],[-73.74099,41.1176],[-73.7438,41.1156],[-73.7466,41.1173],[-73.74809,41.12007],[-73.74779,41.1158],[-73.74979,41.1154],[-73.75119,41.1097],[-73.75289,41.1081],[-73.75319,41.103],[-73.7553,41.1002],[-73.75649,41.10089],[-73.75689,41.0967],[-73.7637,41.0949],[-73.7677,41.0889],[-73.77149,41.09199],[-73.77179,41.0857],[-73.7736,41.08619],[-73.77479,41.0847],[-73.77129,41.0815],[-73.76949,41.0747],[-73.7639,41.07331],[-73.7619,41.0766],[-73.76229,41.07292],[-73.75941,41.0771],[-73.76111,41.0791],[-73.76061,41.0809],[-73.75771,41.0826],[-73.75671,41.0866],[-73.7483,41.0918],[-73.74579,41.0901],[-73.74979,41.0827],[-73.7476,41.0768],[-73.7398,41.0771],[-73.73749,41.0757],[-73.73759,41.071],[-73.7356,41.0706],[-73.7319,41.0722],[-73.7307,41.0691],[-73.72819,41.0687],[-73.7279,41.06651],[-73.7247,41.0679],[-73.7224,41.06651],[-73.72041,41.0674],[-73.721,41.0686],[-73.7194,41.06841],[-73.71891,41.0702],[-73.71931,41.0811],[-73.71821,41.0825],[-73.71971,41.0849],[-73.7188,41.0862],[-73.7182,41.08274],[-73.71781,41.0856],[-73.72018,41.08937],[-73.71979,41.0879],[-73.7227,41.0846],[-73.72539,41.084],[-73.72669,41.077],[-73.7279,41.07849],[-73.7289,41.0774],[-73.73011,41.0784],[-73.73061,41.0863],[-73.7291,41.0881],[-73.72681,41.08562],[-73.7278,41.09208],[-73.7289,41.09]],[[-73.7386,41.3748],[-73.734,41.3793],[-73.73459,41.3738],[-73.73001,41.374],[-73.72841,41.3841],[-73.736,41.3888],[-73.7369,41.39069],[-73.7394,41.39],[-73.7405,41.3923],[-73.7432,41.39299],[-73.74449,41.3922],[-73.74339,41.3844],[-73.74609,41.3822],[-73.7483,41.3768],[-73.75379,41.3743],[-73.7518,41.37181],[-73.7487,41.3725],[-73.7468,41.37131],[-73.7426,41.373],[-73.7404,41.37271],[-73.7398,41.3744],[-73.74029,41.3726],[-73.73741,41.37201],[-73.7386,41.3748]],[[-73.73791,41.3081],[-73.73701,41.3126],[-73.73821,41.3166],[-73.73051,41.3197],[-73.7358,41.32249],[-73.7399,41.3203],[-73.7417,41.32239],[-73.7453,41.319],[-73.75038,41.3181],[-73.74409,41.3161],[-73.74319,41.3131],[-73.74459,41.3109],[-73.74119,41.3031],[-73.7583,41.2924],[-73.76279,41.2911],[-73.76289,41.28831],[-73.758,41.2902],[-73.756,41.2885],[-73.7519,41.2891],[-73.7492,41.2935],[-73.7442,41.2975],[-73.73631,41.3004],[-73.73561,41.3028],[-73.73791,41.3081]],[[-73.74981,41.3881],[-73.74961,41.391],[-73.75201,41.3934],[-73.75259,41.39873],[-73.75209,41.3855],[-73.7547,41.38589],[-73.75779,41.37891],[-73.7516,41.3829],[-73.74771,41.3829],[-73.74741,41.3868],[-73.74981,41.3881]],[[-73.78591,41.4429],[-73.78471,41.44689],[-73.79149,41.443],[-73.78629,41.4387],[-73.78909,41.437],[-73.78919,41.43491],[-73.78381,41.4361],[-73.78381,41.4413],[-73.78591,41.4429]],[[-73.8122,41.2787],[-73.8147,41.28149],[-73.81869,41.2793],[-73.8162,41.2768],[-73.8124,41.27601],[-73.811,41.2771],[-73.81089,41.2754],[-73.80421,41.27181],[-73.8079,41.279],[-73.8122,41.2787]],[[-73.8086,41.4346],[-73.8053,41.43251],[-73.80411,41.4334],[-73.80491,41.4379],[-73.80771,41.4404],[-73.80681,41.4432],[-73.80553,41.44213],[-73.80631,41.4433],[-73.80361,41.446],[-73.8058,41.44659],[-73.80909,41.4434],[-73.81306,41.43656],[-73.8116,41.4384],[-73.8089,41.4379],[-73.8087,41.4351],[-73.81089,41.43609],[-73.8096,41.43411],[-73.8086,41.4346]],[[-73.82061,41.4266],[-73.81951,41.43009],[-73.822,41.4299],[-73.82579,41.427],[-73.82479,41.4253],[-73.82589,41.4252],[-73.8228,41.42061],[-73.8193,41.4229],[-73.81879,41.4204],[-73.8164,41.4197],[-73.81401,41.4205],[-73.82061,41.4266]],[[-73.84261,40.9851],[-73.8412,40.9863],[-73.8404,40.98541],[-73.84021,40.98769],[-73.8451,40.9838],[-73.85289,40.9718],[-73.85219,40.9609],[-73.8505,40.96061],[-73.84871,40.9647],[-73.84981,40.9732],[-73.84621,40.9777],[-73.84641,40.9796],[-73.8436,40.9815],[-73.84191,40.9842],[-73.84261,40.9851]],[[-73.8495,41.3892],[-73.8477,41.3901],[-73.8469,41.38821],[-73.84451,41.389],[-73.84391,41.3911],[-73.84561,41.3922],[-73.84501,41.3938],[-73.84661,41.3962],[-73.84331,41.3991],[-73.84441,41.4023],[-73.84031,41.4064],[-73.8406,41.40799],[-73.8445,41.4063],[-73.8466,41.4064],[-73.8471,41.40759],[-73.8489,41.4066],[-73.85369,41.3985],[-73.85039,41.3967],[-73.85059,41.3948],[-73.85259,41.3908],[-73.85499,41.3896],[-73.85669,41.3834],[-73.8546,41.3831],[-73.8515,41.3868],[-73.84821,41.38551],[-73.8495,41.3892]],[[-73.8524,41.318],[-73.85548,41.3178],[-73.84959,41.3153],[-73.85019,41.3112],[-73.85439,41.3095],[-73.854,41.30791],[-73.8481,41.3102],[-73.84671,41.3125],[-73.84761,41.3176],[-73.8506,41.32199],[-73.8524,41.318]]]}},{"type":"Feature","properties":{},"geometry":{"type":"Polygon","coordinates":[[[-73.7867,40.8587],[-73.7873,40.8589],[-73.78771,40.8588],[-73.787,40.8602],[-73.7845,40.8605],[-73.78429,40.8601],[-73.7847,40.8591],[-73.7853,40.8588],[-73.7858,40.8592],[-73.7864,40.8592],[-73.7867,40.8587]]]}},{"type":"Feature","properties":{},"geometry":{"type":"Polygon","coordinates":[[[-73.7843,40.8632],[-73.78349,40.8631],[-73.78379,40.863],[-73.78369,40.8628],[-73.784,40.8625],[-73.7845,40.8626],[-73.7847,40.8625],[-73.7847,40.8626],[-73.7845,40.8626],[-73.7843,40.8632]]]}},{"type":"Feature","properties":{},"geometry":{"type":"Polygon","coordinates":[[[-73.7819,40.8754],[-73.78209,40.8745],[-73.7821,40.8745],[-73.78271,40.8748],[-73.7824,40.8752],[-73.7819,40.8754]]]}},{"type":"Feature","properties":{},"geometry":{"type":"Polygon","coordinates":[[[-73.78379,40.8765],[-73.78401,40.8769],[-73.7836,40.8775],[-73.78339,40.8772],[-73.78379,40.8765]]]}},{"type":"Feature","properties":{},"geometry":{"type":"Polygon","coordinates":[[[-73.7837,40.8799],[-73.784,40.8799],[-73.7841,40.8797],[-73.7843,40.88019],[-73.7847,40.8801],[-73.7849,40.88039],[-73.7851,40.8803],[-73.78531,40.8805],[-73.7852,40.8807],[-73.7847,40.88051],[-73.7845,40.8807],[-73.7844,40.8804],[-73.7838,40.8804],[-73.7837,40.8799]]]}},{"type":"Feature","properties":{},"geometry":{"type":"Polygon","coordinates":[[[-73.7806,40.889],[-73.77989,40.8883],[-73.78009,40.8879],[-73.7796,40.88761],[-73.7792,40.8879],[-73.77899,40.8875],[-73.7799,40.8866],[-73.7813,40.8866],[-73.78289,40.8854],[-73.78299,40.8847],[-73.7827,40.88441],[-73.78129,40.8855],[-73.78309,40.882],[-73.7839,40.8817],[-73.786,40.8824],[-73.78661,40.8836],[-73.78591,40.8857],[-73.78621,40.8862],[-73.783,40.8883],[-73.7821,40.8886],[-73.7814,40.8885],[-73.7806,40.889]]]}},{"type":"Feature","properties":{},"geometry":{"type":"Polygon","coordinates":[[[-73.8437,40.9822],[-73.8443,40.9814],[-73.8454,40.9814],[-73.8452,40.9821],[-73.8437,40.9822]]]}},{"type":"Feature","properties":{},"geometry":{"type":"Polygon","coordinates":[[[-73.7293,40.5901],[-73.7138,40.589],[-73.7131,40.5892],[-73.71289,40.5881],[-73.71261,40.5881],[-73.7125,40.5893],[-73.7115,40.5897],[-73.70989,40.5893],[-73.71,40.5889],[-73.71099,40.5889],[-73.71099,40.5886],[-73.7097,40.5887],[-73.7091,40.5895],[-73.70002,40.58904],[-73.6865,40.5889],[-73.6831,40.592],[-73.6468,40.595],[-73.6455,40.58954],[-73.6453,40.595],[-73.6431,40.5949],[-73.64281,40.59259],[-73.6428,40.5949],[-73.6403,40.595],[-73.63991,40.59257],[-73.6399,40.595],[-73.6325,40.5952],[-73.63201,40.59178],[-73.632,40.5951],[-73.6179,40.595],[-73.6175,40.5967],[-73.6151,40.5969],[-73.6141,40.5956],[-73.6104,40.5951],[-73.597,40.5951],[-73.5937,40.5936],[-73.5862,40.593],[-73.5758,40.5947],[-73.57499,40.5924],[-73.5783,40.5858],[-73.5925,40.5856],[-73.6109,40.5877],[-73.6414,40.5828],[-73.7051,40.5837],[-73.7416,40.5869],[-73.7437,40.5868],[-73.7543,40.5846],[-73.75491,40.5853],[-73.7463,40.5917],[-73.7432,40.5928],[-73.7388,40.5927],[-73.7293,40.5901]]]}},{"type":"Feature","properties":{},"geometry":{"type":"Polygon","coordinates":[[[-73.6803,40.5962],[-73.68111,40.5984],[-73.6811,40.5984],[-73.67779,40.597],[-73.6803,40.5962]]]}},{"type":"Feature","properties":{},"geometry":{"type":"Polygon","coordinates":[[[-73.66599,40.5966],[-73.6663,40.5962],[-73.6694,40.5972],[-73.6702,40.5997],[-73.6681,40.5992],[-73.66599,40.5966]]]}},{"type":"Feature","properties":{},"geometry":{"type":"Polygon","coordinates":[[[-73.62309,40.5978],[-73.6241,40.5978],[-73.624,40.5985],[-73.624,40.5985],[-73.62309,40.5978]]]}},{"type":"Feature","properties":{},"geometry":{"type":"Polygon","coordinates":[[[-73.6252,40.5981],[-73.62641,40.5988],[-73.6255,40.6004],[-73.62489,40.6002],[-73.6252,40.5981]]]}},{"type":"Feature","properties":{},"geometry":{"type":"Polygon","coordinates":[[[-73.6226,40.6019],[-73.6188,40.5996],[-73.6192,40.598],[-73.6222,40.5981],[-73.624,40.5997],[-73.6226,40.6019]]]}},{"type":"Feature","properties":{},"geometry":{"type":"Polygon","coordinates":[[[-73.6715,40.5972],[-73.6749,40.5981],[-73.67391,40.6002],[-73.6743,40.6018],[-73.67581,40.6019],[-73.671,40.6048],[-73.67239,40.6016],[-73.6715,40.5972]]]}},{"type":"Feature","properties":{},"geometry":{"type":"Polygon","coordinates":[[[-73.63451,40.5996],[-73.63081,40.6046],[-73.6308,40.6046],[-73.62939,40.6028],[-73.63109,40.5993],[-73.63029,40.5981],[-73.6334,40.5983],[-73.63451,40.5996]]]}},{"type":"Feature","properties":{},"geometry":{"type":"Polygon","coordinates":[[[-73.734,40.602],[-73.73461,40.6021],[-73.73461,40.6029],[-73.7338,40.6033],[-73.734,40.602]]]}},{"type":"Feature","properties":{},"geometry":{"type":"Polygon","coordinates":[[[-73.61709,40.6021],[-73.6191,40.6024],[-73.61951,40.6031],[-73.618,40.6032],[-73.61709,40.6021]]]}},{"type":"Feature","properties":{},"geometry":{"type":"Polygon","coordinates":[[[-73.6775,40.6041],[-73.6788,40.6032],[-73.6788,40.6032],[-73.6778,40.6048],[-73.6775,40.6041]]]}},{"type":"Feature","properties":{},"geometry":{"type":"Polygon","coordinates":[[[-73.6287,40.5975],[-73.62611,40.6053],[-73.62701,40.6082],[-73.6237,40.6102],[-73.62399,40.6052],[-73.62619,40.6038],[-73.6287,40.5975]]]}},{"type":"Feature","properties":{},"geometry":{"type":"Polygon","coordinates":[[[-73.7038,40.6032],[-73.7022,40.6061],[-73.70001,40.60676],[-73.7,40.60477],[-73.6989,40.609],[-73.6959,40.6096],[-73.6948,40.6112],[-73.6934,40.6107],[-73.6946,40.6064],[-73.70002,40.60468],[-73.7038,40.6032]]]}},{"type":"Feature","properties":{},"geometry":{"type":"Polygon","coordinates":[[[-73.6418,40.6113],[-73.6349,40.6118],[-73.63429,40.605],[-73.6379,40.6005],[-73.6411,40.5991],[-73.64441,40.6004],[-73.64031,40.6074],[-73.6418,40.6113]]]}},{"type":"Feature","properties":{},"geometry":{"type":"Polygon","coordinates":[[[-73.66729,40.6072],[-73.6759,40.6022],[-73.6759,40.6022],[-73.67571,40.6054],[-73.672,40.6103],[-73.66729,40.6072]]]}},{"type":"Feature","properties":{},"geometry":{"type":"Polygon","coordinates":[[[-73.6821,40.6065],[-73.68181,40.6084],[-73.6818,40.6084],[-73.68109,40.6072],[-73.6821,40.6065]]]}},{"type":"Feature","properties":{},"geometry":{"type":"Polygon","coordinates":[[[-73.6925,40.6104],[-73.69319,40.6074],[-73.6932,40.6059],[-73.69411,40.6062],[-73.6925,40.6104]]]}},{"type":"Feature","properties":{},"geometry":{"type":"Polygon","coordinates":[[[-73.7026,40.6083],[-73.7016,40.6091],[-73.7016,40.6091],[-73.7024,40.6078],[-73.7026,40.6083]]]}},{"type":"Feature","properties":{},"geometry":{"type":"Polygon","coordinates":[[[-73.6309,40.6059],[-73.6308,40.6084],[-73.6272,40.6097],[-73.6274,40.606],[-73.6309,40.6059]]]}},{"type":"Feature","properties":{},"geometry":{"type":"Polygon","coordinates":[[[-73.6823,40.6115],[-73.6813,40.6089],[-73.6848,40.6115],[-73.6823,40.6115]]]}},{"type":"Feature","properties":{},"geometry":{"type":"Polygon","coordinates":[[[-73.61509,40.6065],[-73.618,40.6052],[-73.62251,40.6054],[-73.62261,40.6114],[-73.6167,40.6155],[-73.61509,40.6147],[-73.61669,40.6127],[-73.61409,40.6113],[-73.61599,40.6081],[-73.61509,40.6065]]]}},{"type":"Feature","properties":{},"geometry":{"type":"Polygon","coordinates":[[[-73.69519,40.6115],[-73.6966,40.6113],[-73.69701,40.6121],[-73.697,40.6121],[-73.69519,40.6115]]]}},{"type":"Feature","properties":{},"geometry":{"type":"Polygon","coordinates":[[[-73.6651,40.6076],[-73.66601,40.6085],[-73.66321,40.6146],[-73.6602,40.6157],[-73.66149,40.612],[-73.65819,40.6083],[-73.6651,40.6076]]]}},{"type":"Feature","properties":{},"geometry":{"type":"Polygon","coordinates":[[[-73.6243,40.6111],[-73.6266,40.6111],[-73.62459,40.612],[-73.6243,40.6111]]]}},{"type":"Feature","properties":{},"geometry":{"type":"Polygon","coordinates":[[[-73.68021,40.6168],[-73.67629,40.6183],[-73.6794,40.6072],[-73.68171,40.6116],[-73.68021,40.6168]]]}},{"type":"Feature","properties":{},"geometry":{"type":"Polygon","coordinates":[[[-73.68499,40.6098],[-73.68719,40.6085],[-73.68459,40.6044],[-73.6889,40.6046],[-73.69131,40.6071],[-73.69101,40.6117],[-73.69561,40.6169],[-73.69591,40.6196],[-73.6943,40.6216],[-73.6888,40.6226],[-73.6879,40.62021],[-73.68399,40.6215],[-73.68309,40.6173],[-73.68579,40.6138],[-73.68499,40.6098]]]}},{"type":"Feature","properties":{},"geometry":{"type":"Polygon","coordinates":[[[-73.69731,40.6132],[-73.6962,40.6157],[-73.69299,40.6119],[-73.693,40.6119],[-73.69731,40.6132]]]}},{"type":"Feature","properties":{},"geometry":{"type":"Polygon","coordinates":[[[-73.657,40.6094],[-73.66041,40.6128],[-73.65591,40.6143],[-73.65571,40.6171],[-73.6542,40.6177],[-73.65419,40.6119],[-73.657,40.6094]]]}},{"type":"Feature","properties":{},"geometry":{"type":"Polygon","coordinates":[[[-73.6211,40.6152],[-73.61989,40.6151],[-73.6216,40.6141],[-73.62161,40.6141],[-73.6211,40.6152]]]}},{"type":"Feature","properties":{},"geometry":{"type":"Polygon","coordinates":[[[-73.62379,40.6153],[-73.6247,40.6146],[-73.6247,40.6146],[-73.6245,40.6154],[-73.62379,40.6153]]]}},{"type":"Feature","properties":{},"geometry":{"type":"Polygon","coordinates":[[[-73.666,40.6218],[-73.6622,40.6217],[-73.66129,40.6178],[-73.6656,40.6154],[-73.6674,40.6117],[-73.6733,40.613],[-73.67211,40.6166],[-73.666,40.6218]]]}},{"type":"Feature","properties":{},"geometry":{"type":"Polygon","coordinates":[[[-73.68029,40.618],[-73.6806,40.617],[-73.68191,40.6183],[-73.6819,40.6183],[-73.68029,40.618]]]}},{"type":"Feature","properties":{},"geometry":{"type":"Polygon","coordinates":[[[-73.65439,40.6182],[-73.6558,40.61879],[-73.65649,40.6156],[-73.6587,40.6141],[-73.65681,40.61959],[-73.6597,40.618],[-73.66,40.6225],[-73.6557,40.6211],[-73.65439,40.6182]]]}},{"type":"Feature","properties":{},"geometry":{"type":"Polygon","coordinates":[[[-73.67149,40.6199],[-73.6741,40.6177],[-73.6741,40.6177],[-73.6732,40.62],[-73.67149,40.6199]]]}},{"type":"Feature","properties":{},"geometry":{"type":"Polygon","coordinates":[[[-73.6758,40.6189],[-73.68,40.6192],[-73.68001,40.6192],[-73.6782,40.6208],[-73.6752,40.6199],[-73.6758,40.6189]]]}},{"type":"Feature","properties":{},"geometry":{"type":"Polygon","coordinates":[[[-73.6804,40.6202],[-73.6814,40.6197],[-73.68161,40.6202],[-73.6816,40.6202],[-73.6804,40.6202]]]}},{"type":"Feature","properties":{},"geometry":{"type":"Polygon","coordinates":[[[-73.6819,40.6215],[-73.6805,40.6212],[-73.68049,40.6212],[-73.6816,40.6209],[-73.6819,40.6215]]]}},{"type":"Feature","properties":{},"geometry":{"type":"Polygon","coordinates":[[[-73.67819,40.6215],[-73.6786,40.6211],[-73.67911,40.6219],[-73.6791,40.6219],[-73.67819,40.6215]]]}},{"type":"Feature","properties":{},"geometry":{"type":"Polygon","coordinates":[[[-73.6745,40.6196],[-73.67731,40.6215],[-73.6774,40.6235],[-73.6755,40.6234],[-73.67499,40.6217],[-73.67309,40.6203],[-73.6745,40.6196]]]}},{"type":"Feature","properties":{},"geometry":{"type":"Polygon","coordinates":[[[-73.67451,40.625],[-73.671,40.62141],[-73.6679,40.6227],[-73.66649,40.6222],[-73.6701,40.6201],[-73.6733,40.6212],[-73.67451,40.625]]]}},{"type":"Feature","properties":{},"geometry":{"type":"Polygon","coordinates":[[[-73.68421,40.6238],[-73.6833,40.6242],[-73.68009,40.6236],[-73.6823,40.6223],[-73.68421,40.6238]]]}},{"type":"Feature","properties":{},"geometry":{"type":"Polygon","coordinates":[[[-73.74579,40.7797],[-73.7468,40.7794],[-73.74721,40.7801],[-73.7467,40.7803],[-73.74579,40.7797]]]}},{"type":"Feature","properties":{},"geometry":{"type":"Polygon","coordinates":[[[-73.7725,40.8524],[-73.77171,40.8525],[-73.77171,40.853],[-73.77231,40.8531],[-73.77211,40.8564],[-73.77241,40.8597],[-73.7722,40.86],[-73.7708,40.8601],[-73.7684,40.8584],[-73.76839,40.8577],[-73.76529,40.855],[-73.7678,40.8544],[-73.7686,40.8532],[-73.769,40.85329],[-73.76939,40.8525],[-73.76859,40.8508],[-73.76959,40.8476],[-73.76949,40.8472],[-73.7679,40.8453],[-73.769,40.8451],[-73.7712,40.8469],[-73.77161,40.8475],[-73.77131,40.848],[-73.77091,40.8498],[-73.772,40.8516],[-73.77251,40.8517],[-73.77251,40.8521],[-73.77271,40.8521],[-73.7726,40.8522],[-73.77251,40.85211],[-73.7725,40.8524]]]}},{"type":"Feature","properties":{},"geometry":{"type":"Polygon","coordinates":[[[-73.7726,40.8719],[-73.7712,40.8718],[-73.77079,40.8716],[-73.7722,40.8716],[-73.7726,40.8719]]]}},{"type":"Feature","properties":{},"geometry":{"type":"Polygon","coordinates":[[[-73.7747,40.8748],[-73.77449,40.8743],[-73.775,40.8739],[-73.77511,40.8746],[-73.7747,40.8748]]]}},{"type":"Feature","properties":{},"geometry":{"type":"Polygon","coordinates":[[[-73.771,40.8876],[-73.7704,40.8878],[-73.76729,40.8862],[-73.76829,40.8831],[-73.76769,40.881],[-73.7699,40.88],[-73.77401,40.8826],[-73.77191,40.8846],[-73.771,40.8876]]]}},{"type":"Feature","properties":{},"geometry":{"type":"Polygon","coordinates":[[[-73.7626,40.9086],[-73.7621,40.9087],[-73.76209,40.9081],[-73.76269,40.9078],[-73.7624,40.9075],[-73.7632,40.907],[-73.7626,40.9086]]]}},{"type":"Feature","properties":{},"geometry":{"type":"Polygon","coordinates":[[[-73.7666,40.9101],[-73.7662,40.9104],[-73.76539,40.9095],[-73.7663,40.9096],[-73.7666,40.9101]]]}},{"type":"Feature","properties":{},"geometry":{"type":"Polygon","coordinates":[[[-73.7018,40.9456],[-73.7033,40.9428],[-73.7058,40.9418],[-73.7072,40.9394],[-73.7073,40.9423],[-73.7018,40.9456]]]}},{"type":"Feature","properties":{},"geometry":{"type":"Polygon","coordinates":[[[-73.6626,40.9812],[-73.66251,40.982],[-73.6625,40.982],[-73.66199,40.9812],[-73.6626,40.9812]]]}},{"type":"Feature","properties":{},"geometry":{"type":"Polygon","coordinates":[[[-73.63061,40.9807],[-73.6295,40.9836],[-73.6268,40.9829],[-73.6227,40.9845],[-73.6222,40.9825],[-73.6251,40.9812],[-73.62511,40.9822],[-73.6275,40.9824],[-73.6295,40.9804],[-73.63061,40.9807]],[[-73.62509,40.98349],[-73.62509,40.98221],[-73.62401,40.983],[-73.62509,40.98349]]]}},{"type":"Feature","properties":{},"geometry":{"type":"Polygon","coordinates":[[[-73.6115,40.9897],[-73.61009,40.9889],[-73.6119,40.9882],[-73.61291,40.9886],[-73.6115,40.9897]]]}},{"type":"Feature","properties":{},"geometry":{"type":"Polygon","coordinates":[[[-73.60921,40.9906],[-73.6079,40.9905],[-73.60789,40.9905],[-73.6085,40.9901],[-73.60921,40.9906]]]}},{"type":"Feature","properties":{},"geometry":{"type":"Polygon","coordinates":[[[-73.6392,40.9896],[-73.6406,40.9893],[-73.64261,40.9916],[-73.6407,40.9945],[-73.6385,40.9941],[-73.63749,40.9925],[-73.63949,40.9913],[-73.6392,40.9896]]]}},{"type":"Feature","properties":{},"geometry":{"type":"Polygon","coordinates":[[[-73.64319,40.9966],[-73.64561,40.9961],[-73.6443,40.9983],[-73.64429,40.9983],[-73.64319,40.9966]]]}},{"type":"Feature","properties":{},"geometry":{"type":"Polygon","coordinates":[[[-73.6447,40.9997],[-73.64511,41.0009],[-73.6451,41.0009],[-73.64369,41.0003],[-73.6447,40.9997]]]}},{"type":"Feature","properties":{},"geometry":{"type":"Polygon","coordinates":[[[-73.61489,41.0088],[-73.6164,41.0084],[-73.61661,41.0087],[-73.6161,41.0093],[-73.61489,41.0088]]]}},{"type":"Feature","properties":{},"geometry":{"type":"Polygon","coordinates":[[[-73.7355,41.0926],[-73.73199,41.0894],[-73.73179,41.078],[-73.734,41.0762],[-73.73481,41.0795],[-73.7409,41.0803],[-73.7441,41.0786],[-73.74571,41.0801],[-73.74381,41.0864],[-73.7355,41.0926]]]}},{"type":"Feature","properties":{},"geometry":{"type":"Polygon","coordinates":[[[-73.7342,41.0921],[-73.73241,41.0938],[-73.7333,41.0961],[-73.73229,41.0938],[-73.7342,41.0921]]]}},{"type":"Feature","properties":{},"geometry":{"type":"Polygon","coordinates":[[[-73.74231,41.1146],[-73.7417,41.1151],[-73.7417,41.1141],[-73.7417,41.1141],[-73.74231,41.1146]]]}},{"type":"Feature","properties":{},"geometry":{"type":"Polygon","coordinates":[[[-73.7363,41.2484],[-73.7383,41.2489],[-73.73459,41.2495],[-73.7363,41.2484]]]}},{"type":"Feature","properties":{},"geometry":{"type":"Polygon","coordinates":[[[-73.7312,41.2534],[-73.72839,41.2517],[-73.7293,41.2505],[-73.733,41.2502],[-73.7312,41.2534]]]}},{"type":"Feature","properties":{},"geometry":{"type":"Polygon","coordinates":[[[-73.6415,41.2573],[-73.6399,41.2608],[-73.6374,41.2599],[-73.6377,41.258],[-73.6415,41.2573]]]}},{"type":"Feature","properties":{},"geometry":{"type":"Polygon","coordinates":[[[-73.6856,41.2872],[-73.68539,41.2862],[-73.6854,41.2862],[-73.68611,41.2865],[-73.6856,41.2872]]]}},{"type":"Feature","properties":{},"geometry":{"type":"Polygon","coordinates":[[[-73.6326,41.3243],[-73.63421,41.3253],[-73.6332,41.3266],[-73.63059,41.3253],[-73.6326,41.3243]]]}},{"type":"Feature","properties":{},"geometry":{"type":"Polygon","coordinates":[[[-73.7465,41.3747],[-73.7454,41.3783],[-73.742,41.3788],[-73.7417,41.3774],[-73.7448,41.3748],[-73.7465,41.3747]]]}},{"type":"Feature","properties":{},"geometry":{"type":"Polygon","coordinates":[[[-73.7374,41.3819],[-73.73871,41.3829],[-73.7383,41.3841],[-73.73579,41.3836],[-73.7374,41.3819]]]}},{"type":"Feature","properties":{},"geometry":{"type":"Polygon","coordinates":[[[-73.60519,40.5972],[-73.6072,40.597],[-73.60721,40.597],[-73.6058,40.5977],[-73.60519,40.5972]]]}},{"type":"Feature","properties":{},"geometry":{"type":"Polygon","coordinates":[[[-73.6071,40.6005],[-73.5976,40.5982],[-73.59589,40.5966],[-73.6015,40.5968],[-73.6075,40.5991],[-73.6071,40.6005]]]}},{"type":"Feature","properties":{},"geometry":{"type":"Polygon","coordinates":[[[-73.6158,40.6005],[-73.6147,40.5987],[-73.6175,40.6007],[-73.6158,40.6005]]]}},{"type":"Feature","properties":{},"geometry":{"type":"Polygon","coordinates":[[[-73.5916,40.5963],[-73.5991,40.6019],[-73.5993,40.6031],[-73.5913,40.5977],[-73.5916,40.5963]]]}},{"type":"Feature","properties":{},"geometry":{"type":"Polygon","coordinates":[[[-73.5738,40.5987],[-73.5715,40.6008],[-73.5705,40.6021],[-73.57049,40.5998],[-73.5716,40.598],[-73.57101,40.60019],[-73.5738,40.5987]]]}},{"type":"Feature","properties":{},"geometry":{"type":"Polygon","coordinates":[[[-73.5729,40.6062],[-73.57039,40.6043],[-73.57459,40.5998],[-73.5752,40.597],[-73.5862,40.5951],[-73.5894,40.5962],[-73.59,40.597],[-73.58821,40.5973],[-73.58881,40.5996],[-73.5862,40.6002],[-73.5847,40.6036],[-73.5783,40.6059],[-73.5729,40.6062]]]}},{"type":"Feature","properties":{},"geometry":{"type":"Polygon","coordinates":[[[-73.6081,40.6067],[-73.60679,40.603],[-73.612,40.5978],[-73.61681,40.6029],[-73.6115,40.6026],[-73.6097,40.6059],[-73.6081,40.6067]]]}},{"type":"Feature","properties":{},"geometry":{"type":"Polygon","coordinates":[[[-73.6017,40.6038],[-73.60039,40.6035],[-73.5997,40.6013],[-73.6018,40.6029],[-73.6017,40.6038]]]}},{"type":"Feature","properties":{},"geometry":{"type":"Polygon","coordinates":[[[-73.60409,40.6025],[-73.60551,40.602],[-73.6052,40.6038],[-73.6052,40.6038],[-73.60409,40.6025]]]}},{"type":"Feature","properties":{},"geometry":{"type":"Polygon","coordinates":[[[-73.564,40.6],[-73.56671,40.6014],[-73.5679,40.6072],[-73.5618,40.608],[-73.5575,40.6099],[-73.5537,40.6079],[-73.5515,40.6001],[-73.5544,40.5991],[-73.564,40.6]]]}},{"type":"Feature","properties":{},"geometry":{"type":"Polygon","coordinates":[[[-73.5277,40.6063],[-73.5283,40.6047],[-73.5306,40.6049],[-73.5306,40.6049],[-73.5277,40.6063]]]}},{"type":"Feature","properties":{},"geometry":{"type":"Polygon","coordinates":[[[-73.5974,40.6079],[-73.59689,40.6069],[-73.5972,40.6062],[-73.59721,40.6062],[-73.5974,40.6079]]]}},{"type":"Feature","properties":{},"geometry":{"type":"Polygon","coordinates":[[[-73.4865,40.6073],[-73.48419,40.6057],[-73.4846,40.6046],[-73.48881,40.6048],[-73.4865,40.6073]]]}},{"type":"Feature","properties":{},"geometry":{"type":"Polygon","coordinates":[[[-73.61501,40.6042],[-73.61321,40.6061],[-73.6097,40.6125],[-73.60779,40.6085],[-73.612,40.6034],[-73.61501,40.6042]]]}},{"type":"Feature","properties":{},"geometry":{"type":"Polygon","coordinates":[[[-73.59401,40.6047],[-73.59281,40.6052],[-73.59541,40.6076],[-73.5946,40.6136],[-73.5928,40.6118],[-73.5882,40.6103],[-73.58659,40.6038],[-73.5883,40.6021],[-73.5902,40.6022],[-73.59401,40.6047]]]}},{"type":"Feature","properties":{},"geometry":{"type":"Polygon","coordinates":[[[-73.61259,40.6099],[-73.61411,40.6074],[-73.6133,40.6101],[-73.61259,40.6099]]]}},{"type":"Feature","properties":{},"geometry":{"type":"Polygon","coordinates":[[[-73.6135,40.6104],[-73.61449,40.6085],[-73.6145,40.6085],[-73.61451,40.61],[-73.6135,40.6104]]]}},{"type":"Feature","properties":{},"geometry":{"type":"Polygon","coordinates":[[[-73.5369,40.61],[-73.53259,40.6051],[-73.5349,40.6028],[-73.5386,40.6018],[-73.5471,40.6012],[-73.55411,40.6116],[-73.5513,40.6171],[-73.5461,40.6153],[-73.5455,40.614],[-73.54896,40.6139],[-73.5435,40.6127],[-73.54299,40.6104],[-73.5399,40.60861],[-73.5369,40.61]]]}},{"type":"Feature","properties":{},"geometry":{"type":"Polygon","coordinates":[[[-73.5312,40.6063],[-73.53561,40.6105],[-73.5346,40.6119],[-73.52699,40.6076],[-73.5312,40.6063]]]}},{"type":"Feature","properties":{},"geometry":{"type":"Polygon","coordinates":[[[-73.5236,40.6035],[-73.5181,40.6149],[-73.5133,40.6132],[-73.51199,40.6101],[-73.5174,40.6042],[-73.5236,40.6035]]]}},{"type":"Feature","properties":{},"geometry":{"type":"Polygon","coordinates":[[[-73.5965,40.6082],[-73.59711,40.6111],[-73.596,40.6123],[-73.59539,40.6122],[-73.5965,40.6082]]]}},{"type":"Feature","properties":{},"geometry":{"type":"Polygon","coordinates":[[[-73.5675,40.6102],[-73.5638,40.6112],[-73.5684,40.6087],[-73.5675,40.6102]]]}},{"type":"Feature","properties":{},"geometry":{"type":"Polygon","coordinates":[[[-73.5731,40.6075],[-73.5855,40.6048],[-73.58691,40.6105],[-73.5921,40.6127],[-73.59361,40.6158],[-73.5865,40.6147],[-73.5843,40.61],[-73.5773,40.6102],[-73.5727,40.6088],[-73.5731,40.6075]]]}},{"type":"Feature","properties":{},"geometry":{"type":"Polygon","coordinates":[[[-73.5957,40.6096],[-73.59501,40.6116],[-73.595,40.6116],[-73.59549,40.6096],[-73.5957,40.6096]]]}},{"type":"Feature","properties":{},"geometry":{"type":"Polygon","coordinates":[[[-73.4886,40.61],[-73.49011,40.6107],[-73.4864,40.6118],[-73.4867,40.6111],[-73.4886,40.61]]]}},{"type":"Feature","properties":{},"geometry":{"type":"Polygon","coordinates":[[[-73.584,40.6132],[-73.5794,40.6128],[-73.57779,40.6117],[-73.5838,40.6113],[-73.584,40.6132]]]}},{"type":"Feature","properties":{},"geometry":{"type":"Polygon","coordinates":[[[-73.47679,40.6089],[-73.48431,40.6074],[-73.4826,40.6105],[-73.4725,40.6154],[-73.4731,40.6135],[-73.47849,40.61],[-73.47679,40.6089]]]}},{"type":"Feature","properties":{},"geometry":{"type":"Polygon","coordinates":[[[-73.61561,40.6128],[-73.6133,40.6147],[-73.61029,40.615],[-73.6126,40.6116],[-73.61561,40.6128]]]}},{"type":"Feature","properties":{},"geometry":{"type":"Polygon","coordinates":[[[-73.54361,40.6143],[-73.5393,40.6157],[-73.53479,40.6154],[-73.5375,40.611],[-73.5405,40.6099],[-73.54271,40.6112],[-73.54361,40.6143]]]}},{"type":"Feature","properties":{},"geometry":{"type":"Polygon","coordinates":[[[-73.5314,40.6176],[-73.5284,40.6149],[-73.52449,40.6135],[-73.5268,40.6082],[-73.53171,40.6113],[-73.53291,40.6147],[-73.5314,40.6176]]]}},{"type":"Feature","properties":{},"geometry":{"type":"Polygon","coordinates":[[[-73.60079,40.6139],[-73.6018,40.6134],[-73.60221,40.6143],[-73.6022,40.6143],[-73.60079,40.6139]]]}},{"type":"Feature","properties":{},"geometry":{"type":"Polygon","coordinates":[[[-73.5063,40.6157],[-73.50739,40.61341],[-73.5054,40.6141],[-73.5054,40.6121],[-73.511,40.6108],[-73.5123,40.6138],[-73.5063,40.6157]]]}},{"type":"Feature","properties":{},"geometry":{"type":"Polygon","coordinates":[[[-73.5602,40.615],[-73.5591,40.6138],[-73.5591,40.6138],[-73.5603,40.6142],[-73.5602,40.615]]]}},{"type":"Feature","properties":{},"geometry":{"type":"Polygon","coordinates":[[[-73.59409,40.6147],[-73.5953,40.614],[-73.5952,40.6157],[-73.5952,40.6157],[-73.59409,40.6147]]]}},{"type":"Feature","properties":{},"geometry":{"type":"Polygon","coordinates":[[[-73.58,40.6149],[-73.5791,40.6139],[-73.5814,40.6132],[-73.58301,40.6141],[-73.5838,40.6169],[-73.581,40.61431],[-73.58,40.6149]]]}},{"type":"Feature","properties":{},"geometry":{"type":"Polygon","coordinates":[[[-73.5649,40.6153],[-73.5615,40.6158],[-73.565,40.614],[-73.5649,40.6153]]]}},{"type":"Feature","properties":{},"geometry":{"type":"Polygon","coordinates":[[[-73.52951,40.6176],[-73.5252,40.6161],[-73.5244,40.6144],[-73.5279,40.6153],[-73.52951,40.6176]]]}},{"type":"Feature","properties":{},"geometry":{"type":"Polygon","coordinates":[[[-73.5118,40.6155],[-73.51231,40.6163],[-73.5123,40.6163],[-73.51129,40.6163],[-73.5118,40.6155]]]}},{"type":"Feature","properties":{},"geometry":{"type":"Polygon","coordinates":[[[-73.5691,40.6122],[-73.57441,40.6145],[-73.57,40.6164],[-73.56891,40.6177],[-73.57,40.6184],[-73.5722,40.6184],[-73.5733,40.6191],[-73.5735,40.6218],[-73.56279,40.6167],[-73.56529,40.6154],[-73.5653,40.6138],[-73.5691,40.6122]]]}},{"type":"Feature","properties":{},"geometry":{"type":"Polygon","coordinates":[[[-73.59259,40.6169],[-73.59471,40.617],[-73.5937,40.6188],[-73.59369,40.6188],[-73.59259,40.6169]]]}},{"type":"Feature","properties":{},"geometry":{"type":"Polygon","coordinates":[[[-73.5858,40.6212],[-73.58499,40.6199],[-73.5846,40.615],[-73.5855,40.6162],[-73.5902,40.6171],[-73.59071,40.6183],[-73.5858,40.6212]]]}},{"type":"Feature","properties":{},"geometry":{"type":"Polygon","coordinates":[[[-73.51461,40.6178],[-73.5113,40.619],[-73.50969,40.618],[-73.5109,40.6169],[-73.51461,40.6178]]]}},{"type":"Feature","properties":{},"geometry":{"type":"Polygon","coordinates":[[[-73.5215,40.6192],[-73.52049,40.617],[-73.5205,40.617],[-73.52291,40.6178],[-73.5215,40.6192]]]}},{"type":"Feature","properties":{},"geometry":{"type":"Polygon","coordinates":[[[-73.57781,40.6179],[-73.5759,40.6224],[-73.57389,40.6218],[-73.57449,40.6202],[-73.5729,40.6183],[-73.56949,40.6179],[-73.5721,40.6157],[-73.5753,40.6153],[-73.57781,40.6179]]]}},{"type":"Feature","properties":{},"geometry":{"type":"Polygon","coordinates":[[[-73.56691,40.6194],[-73.5657,40.6188],[-73.5659,40.6182],[-73.5659,40.6182],[-73.56691,40.6194]]]}},{"type":"Feature","properties":{},"geometry":{"type":"Polygon","coordinates":[[[-73.54559,40.6204],[-73.5448,40.6187],[-73.542,40.6174],[-73.5447,40.6172],[-73.54911,40.6205],[-73.54559,40.6204]]]}},{"type":"Feature","properties":{},"geometry":{"type":"Polygon","coordinates":[[[-73.48931,40.6149],[-73.4859,40.6154],[-73.48492,40.61747],[-73.487,40.6154],[-73.48841,40.6158],[-73.48772,40.61708],[-73.4896,40.6158],[-73.49681,40.6155],[-73.49701,40.6206],[-73.4957,40.6224],[-73.4903,40.6232],[-73.4822,40.62071],[-73.4801,40.622],[-73.4771,40.6215],[-73.4817,40.6145],[-73.48931,40.6149]]]}},{"type":"Feature","properties":{},"geometry":{"type":"Polygon","coordinates":[[[-73.5852,40.6214],[-73.5823,40.6241],[-73.58259,40.6226],[-73.58059,40.6213],[-73.5804,40.6163],[-73.58171,40.6164],[-73.58061,40.6183],[-73.58411,40.6205],[-73.58361,40.62229],[-73.5852,40.6214]]]}},{"type":"Feature","properties":{},"geometry":{"type":"Polygon","coordinates":[[[-73.4975,40.6233],[-73.5006,40.6155],[-73.5038,40.6154],[-73.5026,40.6212],[-73.4975,40.6233]]]}},{"type":"Feature","properties":{},"geometry":{"type":"Polygon","coordinates":[[[-73.5342,40.6176],[-73.5366,40.6182],[-73.53651,40.6198],[-73.53911,40.6212],[-73.5381,40.6233],[-73.53289,40.6196],[-73.5342,40.6176]]]}},{"type":"Feature","properties":{},"geometry":{"type":"Polygon","coordinates":[[[-73.5333,40.6208],[-73.5345,40.6214],[-73.5345,40.6214],[-73.5337,40.6215],[-73.5333,40.6208]]]}},{"type":"Feature","properties":{},"geometry":{"type":"Polygon","coordinates":[[[-73.52281,40.6215],[-73.5213,40.6251],[-73.51529,40.6247],[-73.51469,40.6225],[-73.5186,40.619],[-73.52281,40.6215]]]}},{"type":"Feature","properties":{},"geometry":{"type":"Polygon","coordinates":[[[-73.57581,40.6232],[-73.5741,40.6235],[-73.57409,40.6235],[-73.5744,40.6226],[-73.57581,40.6232]]]}},{"type":"Feature","properties":{},"geometry":{"type":"Polygon","coordinates":[[[-73.53001,40.6206],[-73.53031,40.6224],[-73.53231,40.6248],[-73.5328,40.6264],[-73.5324,40.6257],[-73.5297,40.6248],[-73.52319,40.6237],[-73.52419,40.621],[-73.5232,40.6193],[-73.53001,40.6206]]]}},{"type":"Feature","properties":{},"geometry":{"type":"Polygon","coordinates":[[[-73.54191,40.6201],[-73.53951,40.6273],[-73.5381,40.6274],[-73.53649,40.6247],[-73.538,40.6246],[-73.54019,40.6213],[-73.53889,40.6187],[-73.54191,40.6201]]]}},{"type":"Feature","properties":{},"geometry":{"type":"Polygon","coordinates":[[[-73.5838,40.625],[-73.5809,40.6253],[-73.581,40.6219],[-73.5827,40.62489],[-73.5851,40.6232],[-73.5838,40.625]]]}},{"type":"Feature","properties":{},"geometry":{"type":"Polygon","coordinates":[[[-73.5453,40.6209],[-73.5462,40.62169],[-73.54989,40.6209],[-73.5499,40.6182],[-73.55191,40.6189],[-73.55191,40.6228],[-73.5443,40.6282],[-73.54459,40.627],[-73.5426,40.6271],[-73.54299,40.6258],[-73.54109,40.6251],[-73.5419,40.6226],[-73.5453,40.6209]]]}},{"type":"Feature","properties":{},"geometry":{"type":"Polygon","coordinates":[[[-73.53599,40.6235],[-73.5379,40.6236],[-73.53781,40.6242],[-73.5378,40.6242],[-73.53599,40.6235]]]}},{"type":"Feature","properties":{},"geometry":{"type":"Polygon","coordinates":[[[-73.58509,40.6249],[-73.5873,40.6248],[-73.58731,40.6248],[-73.5864,40.6256],[-73.58509,40.6249]]]}},{"type":"Feature","properties":{},"geometry":{"type":"Polygon","coordinates":[[[-73.51911,40.6289],[-73.5129,40.6275],[-73.51289,40.6236],[-73.51119,40.6218],[-73.5124,40.6205],[-73.51411,40.6203],[-73.51421,40.6248],[-73.51911,40.6289]]]}},{"type":"Feature","properties":{},"geometry":{"type":"Polygon","coordinates":[[[-73.55169,40.626],[-73.5566,40.6224],[-73.55921,40.6264],[-73.5558,40.6279],[-73.55169,40.626]]]}},{"type":"Feature","properties":{},"geometry":{"type":"Polygon","coordinates":[[[-73.4809,40.6261],[-73.47769,40.6248],[-73.4818,40.6223],[-73.48691,40.6233],[-73.4809,40.6261]]]}},{"type":"Feature","properties":{},"geometry":{"type":"Polygon","coordinates":[[[-73.526,40.6263],[-73.524,40.62501],[-73.5233,40.627],[-73.52059,40.6268],[-73.5226,40.624],[-73.5257,40.6243],[-73.526,40.6263]]]}},{"type":"Feature","properties":{},"geometry":{"type":"Polygon","coordinates":[[[-73.5419,40.6264],[-73.5414,40.6258],[-73.5414,40.6258],[-73.54251,40.6261],[-73.5419,40.6264]]]}},{"type":"Feature","properties":{},"geometry":{"type":"Polygon","coordinates":[[[-73.5881,40.629],[-73.58699,40.6259],[-73.5884,40.6251],[-73.59101,40.6262],[-73.58831,40.6269],[-73.5881,40.629]]]}},{"type":"Feature","properties":{},"geometry":{"type":"Polygon","coordinates":[[[-73.5324,40.6271],[-73.5295,40.6289],[-73.52919,40.6269],[-73.52699,40.6267],[-73.5292,40.6253],[-73.5321,40.6259],[-73.5324,40.6271]]]}},{"type":"Feature","properties":{},"geometry":{"type":"Polygon","coordinates":[[[-73.5324,40.6312],[-73.53019,40.6296],[-73.5332,40.6281],[-73.53341,40.6303],[-73.5324,40.6312]]]}},{"type":"Feature","properties":{},"geometry":{"type":"Polygon","coordinates":[[[-73.54129,40.6309],[-73.5463,40.6289],[-73.549,40.6268],[-73.5476,40.6342],[-73.5443,40.62981],[-73.5431,40.6311],[-73.54129,40.6309]]]}},{"type":"Feature","properties":{},"geometry":{"type":"Polygon","coordinates":[[[-73.5559,40.6339],[-73.55579,40.6285],[-73.5589,40.6276],[-73.55951,40.6284],[-73.5559,40.6339]]]}},{"type":"Feature","properties":{},"geometry":{"type":"Polygon","coordinates":[[[-73.54009,40.6322],[-73.5421,40.6312],[-73.54281,40.6324],[-73.5419,40.6328],[-73.54009,40.6322]]]}},{"type":"Feature","properties":{},"geometry":{"type":"Polygon","coordinates":[[[-73.53891,40.6322],[-73.5368,40.6329],[-73.53629,40.6325],[-73.5378,40.6312],[-73.53891,40.6322]]]}},{"type":"Feature","properties":{},"geometry":{"type":"Polygon","coordinates":[[[-73.47259,40.6317],[-73.4821,40.6279],[-73.4894,40.629],[-73.49191,40.6337],[-73.48772,40.63221],[-73.49031,40.6351],[-73.4845,40.6377],[-73.4814,40.6333],[-73.475,40.6333],[-73.47259,40.6317]]]}},{"type":"Feature","properties":{},"geometry":{"type":"Polygon","coordinates":[[[-73.5652,40.6353],[-73.56509,40.634],[-73.5656,40.6336],[-73.56621,40.634],[-73.5652,40.6353]]]}},{"type":"Feature","properties":{},"geometry":{"type":"Polygon","coordinates":[[[-73.5102,40.6341],[-73.51221,40.6345],[-73.5094,40.6359],[-73.50939,40.6359],[-73.5102,40.6341]]]}},{"type":"Feature","properties":{},"geometry":{"type":"Polygon","coordinates":[[[-73.55339,40.6357],[-73.5543,40.6351],[-73.5543,40.6351],[-73.5542,40.6362],[-73.55339,40.6357]]]}},{"type":"Feature","properties":{},"geometry":{"type":"Polygon","coordinates":[[[-73.50979,40.6392],[-73.5155,40.6368],[-73.51691,40.6382],[-73.5147,40.641],[-73.50979,40.6392]]]}},{"type":"Feature","properties":{},"geometry":{"type":"Polygon","coordinates":[[[-73.5171,40.6406],[-73.5153,40.6411],[-73.5173,40.6396],[-73.5171,40.6406]]]}},{"type":"Feature","properties":{},"geometry":{"type":"Polygon","coordinates":[[[-73.4895,40.6435],[-73.4916,40.6394],[-73.4948,40.6382],[-73.4909,40.6434],[-73.4895,40.6435]]]}},{"type":"Feature","properties":{},"geometry":{"type":"Polygon","coordinates":[[[-73.4782,40.6393],[-73.4835,40.6415],[-73.487,40.6415],[-73.4867,40.6438],[-73.4849,40.645],[-73.4811,40.645],[-73.4782,40.6393]]]}},{"type":"Feature","properties":{},"geometry":{"type":"Polygon","coordinates":[[[-73.4783,40.6453],[-73.4771,40.6466],[-73.4771,40.6466],[-73.4764,40.6453],[-73.4783,40.6453]]]}},{"type":"Feature","properties":{},"geometry":{"type":"Polygon","coordinates":[[[-73.57959,41.0164],[-73.58061,41.0174],[-73.5774,41.0209],[-73.57759,41.0187],[-73.57969,41.0175],[-73.57959,41.0164]]]}},{"type":"Feature","properties":{},"geometry":{"type":"Polygon","coordinates":[[[-73.5918,41.0203],[-73.59231,41.0203],[-73.5918,41.0217],[-73.59179,41.0217],[-73.5918,41.0203]]]}},{"type":"Feature","properties":{},"geometry":{"type":"Polygon","coordinates":[[[-73.5993,41.0229],[-73.60001,41.024],[-73.6,41.024],[-73.59899,41.0232],[-73.5993,41.0229]]]}},{"type":"Feature","properties":{},"geometry":{"type":"Polygon","coordinates":[[[-73.5869,41.3951],[-73.58379,41.3947],[-73.5845,41.3914],[-73.58721,41.392],[-73.58611,41.3932],[-73.5869,41.3951]]]}},{"type":"Feature","properties":{},"geometry":{"type":"Polygon","coordinates":[[[-73.5847,41.3972],[-73.58611,41.3991],[-73.5859,41.4],[-73.58319,41.3991],[-73.5847,41.3972]]]}},{"type":"Feature","properties":{},"geometry":{"type":"Polygon","coordinates":[[[-73.5839,41.417],[-73.58511,41.4186],[-73.5829,41.4193],[-73.58249,41.4173],[-73.5839,41.417]]]}},{"type":"Feature","properties":{},"geometry":{"type":"Polygon","coordinates":[[[-73.58189,41.4194],[-73.58169,41.4181],[-73.5817,41.4181],[-73.58241,41.4196],[-73.58189,41.4194]]]}},{"type":"Feature","properties":{},"geometry":{"type":"Polygon","coordinates":[[[-73.4673,40.6124],[-73.4672,40.6118],[-73.468,40.6119],[-73.468,40.6119],[-73.4673,40.6124]]]}},{"type":"Feature","properties":{},"geometry":{"type":"Polygon","coordinates":[[[-73.46661,40.6136],[-73.4654,40.6141],[-73.46539,40.6141],[-73.4662,40.6131],[-73.46661,40.6136]]]}},{"type":"Feature","properties":{},"geometry":{"type":"Polygon","coordinates":[[[-73.5567,40.5914],[-73.5551,40.5897],[-73.54891,40.5904],[-73.5491,40.5923],[-73.54331,40.5953],[-73.5428,40.5968],[-73.5384,40.5961],[-73.5291,40.5994],[-73.5245,40.5985],[-73.5192,40.5995],[-73.5141,40.6026],[-73.5108,40.60161],[-73.51011,40.6031],[-73.5117,40.6053],[-73.5016,40.6094],[-73.5,40.6135],[-73.49699,40.6122],[-73.49759,40.6098],[-73.48899,40.608],[-73.4905,40.6066],[-73.4966,40.6059],[-73.49869,40.604],[-73.4971,40.60251],[-73.4913,40.6056],[-73.4922,40.6036],[-73.50239,40.6012],[-73.50229,40.5991],[-73.5003,40.59851],[-73.4975,40.5998],[-73.4956,40.5989],[-73.4817,40.6005],[-73.48071,40.6016],[-73.48251,40.6032],[-73.4821,40.6056],[-73.4607,40.6126],[-73.4377,40.6146],[-73.4314,40.6161],[-73.4307,40.61461],[-73.4242,40.6158],[-73.42413,40.61375],[-73.42431,40.61979],[-73.4313,40.6176],[-73.43161,40.61999],[-73.4337,40.6196],[-73.43511,40.6207],[-73.43321,40.6251],[-73.4359,40.6259],[-73.43821,40.6297],[-73.4344,40.6304],[-73.4307,40.63],[-73.43199,40.629],[-73.4307,40.6289],[-73.42461,40.6311],[-73.42491,40.63809],[-73.4279,40.6378],[-73.43051,40.6393],[-73.4303,40.6411],[-73.4287,40.6416],[-73.42501,40.63981],[-73.4253,40.6506],[-73.42429,40.6237],[-73.4165,40.6233],[-73.41629,40.6212],[-73.42419,40.6198],[-73.42409,40.61781],[-73.42139,40.6184],[-73.42398,40.61481],[-73.42151,40.6159],[-73.4206,40.6187],[-73.4168,40.6189],[-73.4139,40.61512],[-73.4135,40.6206],[-73.4059,40.6223],[-73.39859,40.6192],[-73.40333,40.61742],[-73.39305,40.61989],[-73.3966,40.6197],[-73.3971,40.6237],[-73.3918,40.6249],[-73.3875,40.6229],[-73.38285,40.6237],[-73.3859,40.6237],[-73.3873,40.6265],[-73.3767,40.6292],[-73.37549,40.628],[-73.37828,40.62591],[-73.3758,40.6262],[-73.37341,40.6273],[-73.3742,40.6294],[-73.3721,40.62721],[-73.36492,40.6308],[-73.3687,40.6309],[-73.3473,40.6363],[-73.3457,40.63481],[-73.34411,40.6352],[-73.3448,40.6368],[-73.3338,40.6417],[-73.33151,40.63902],[-73.3316,40.6409],[-73.3298,40.64021],[-73.32731,40.6413],[-73.32731,40.6439],[-73.3243,40.6464],[-73.3175,40.6447],[-73.31849,40.64261],[-73.31432,40.643],[-73.31541,40.6434],[-73.3139,40.6458],[-73.31189,40.6443],[-73.31419,40.6437],[-73.3116,40.6425],[-73.3083,40.6425],[-73.2999,40.6398],[-73.2751,40.6427],[-73.2738,40.6419],[-73.2584,40.6429],[-73.2564,40.6418],[-73.24889,40.6423],[-73.2495,40.6407],[-73.2552,40.637],[-73.2671,40.6355],[-73.2823,40.6389],[-73.2941,40.6376],[-73.3103,40.6389],[-73.3263,40.6331],[-73.3418,40.6327],[-73.3515,40.6305],[-73.424,40.6096],[-73.4632,40.6012],[-73.5255,40.5904],[-73.5718,40.5783],[-73.5733,40.579],[-73.57061,40.5837],[-73.5674,40.5853],[-73.5654,40.5887],[-73.5567,40.5914]]]}},{"type":"Feature","properties":{},"geometry":{"type":"Polygon","coordinates":[[[-73.4612,40.6146],[-73.4646,40.6147],[-73.46461,40.6147],[-73.4615,40.6164],[-73.4612,40.6146]]]}},{"type":"Feature","properties":{},"geometry":{"type":"Polygon","coordinates":[[[-73.4599,40.6172],[-73.4578,40.61501],[-73.4546,40.6167],[-73.45309,40.6145],[-73.4604,40.6141],[-73.4599,40.6172]]]}},{"type":"Feature","properties":{},"geometry":{"type":"Polygon","coordinates":[[[-73.4574,40.6165],[-73.4539,40.6197],[-73.4534,40.6179],[-73.44949,40.6175],[-73.4512,40.6146],[-73.4538,40.61739],[-73.4574,40.6165]]]}},{"type":"Feature","properties":{},"geometry":{"type":"Polygon","coordinates":[[[-73.4627,40.6186],[-73.46109,40.6184],[-73.4643,40.6165],[-73.46431,40.6165],[-73.4627,40.6186]]]}},{"type":"Feature","properties":{},"geometry":{"type":"Polygon","coordinates":[[[-73.4482,40.6159],[-73.4474,40.6193],[-73.4422,40.62],[-73.439,40.61851],[-73.4377,40.62],[-73.43309,40.6167],[-73.4455,40.6152],[-73.4482,40.6159]]]}},{"type":"Feature","properties":{},"geometry":{"type":"Polygon","coordinates":[[[-73.4552,40.6209],[-73.4546,40.6199],[-73.4571,40.6176],[-73.4585,40.6178],[-73.4552,40.6209]]]}},{"type":"Feature","properties":{},"geometry":{"type":"Polygon","coordinates":[[[-73.4791,40.6174],[-73.4779,40.6196],[-73.471,40.624],[-73.4749,40.6212],[-73.4791,40.6174]]]}},{"type":"Feature","properties":{},"geometry":{"type":"Polygon","coordinates":[[[-73.47519,40.6236],[-73.4771,40.6216],[-73.47901,40.6226],[-73.4774,40.6237],[-73.47519,40.6236]]]}},{"type":"Feature","properties":{},"geometry":{"type":"Polygon","coordinates":[[[-73.4342,40.6245],[-73.43619,40.6212],[-73.4337,40.6182],[-73.4382,40.6207],[-73.44651,40.6201],[-73.44511,40.62259],[-73.4467,40.6224],[-73.44741,40.6243],[-73.4456,40.6244],[-73.4452,40.626],[-73.44,40.6255],[-73.43841,40.62421],[-73.4391,40.6276],[-73.4364,40.6246],[-73.4342,40.6245]]]}},{"type":"Feature","properties":{},"geometry":{"type":"Polygon","coordinates":[[[-73.4205,40.627],[-73.41889,40.6255],[-73.4203,40.6243],[-73.42191,40.6258],[-73.4205,40.627]]]}},{"type":"Feature","properties":{},"geometry":{"type":"Polygon","coordinates":[[[-73.3867,40.6241],[-73.3906,40.6258],[-73.39061,40.6258],[-73.388,40.6264],[-73.3867,40.6241]]]}},{"type":"Feature","properties":{},"geometry":{"type":"Polygon","coordinates":[[[-73.4031,40.6269],[-73.397,40.6283],[-73.39699,40.6283],[-73.402,40.6253],[-73.40331,40.6252],[-73.4031,40.6269]]]}},{"type":"Feature","properties":{},"geometry":{"type":"Polygon","coordinates":[[[-73.3946,40.6265],[-73.39571,40.6281],[-73.3936,40.6288],[-73.39359,40.6288],[-73.3946,40.6265]]]}},{"type":"Feature","properties":{},"geometry":{"type":"Polygon","coordinates":[[[-73.3895,40.6274],[-73.3857,40.63],[-73.37999,40.6289],[-73.38,40.6289],[-73.3895,40.6274]]]}},{"type":"Feature","properties":{},"geometry":{"type":"Polygon","coordinates":[[[-73.4225,40.63],[-73.4165,40.6306],[-73.41649,40.6306],[-73.4173,40.6282],[-73.4233,40.6283],[-73.4225,40.63]]]}},{"type":"Feature","properties":{},"geometry":{"type":"Polygon","coordinates":[[[-73.4149,40.6248],[-73.4136,40.635],[-73.4057,40.6333],[-73.3976,40.6343],[-73.39939,40.6318],[-73.3989,40.6301],[-73.4033,40.6281],[-73.4067,40.6246],[-73.4092,40.6238],[-73.4121,40.6252],[-73.4149,40.6248]]]}},{"type":"Feature","properties":{},"geometry":{"type":"Polygon","coordinates":[[[-73.4213,40.6304],[-73.4244,40.631],[-73.42441,40.631],[-73.4208,40.631],[-73.4213,40.6304]]]}},{"type":"Feature","properties":{},"geometry":{"type":"Polygon","coordinates":[[[-73.44539,40.6313],[-73.4484,40.6315],[-73.44861,40.6323],[-73.4466,40.6323],[-73.44539,40.6313]]]}},{"type":"Feature","properties":{},"geometry":{"type":"Polygon","coordinates":[[[-73.43231,40.6318],[-73.43,40.6324],[-73.42939,40.632],[-73.4304,40.6313],[-73.43231,40.6318]]]}},{"type":"Feature","properties":{},"geometry":{"type":"Polygon","coordinates":[[[-73.43329,40.6327],[-73.438,40.6321],[-73.43851,40.6326],[-73.4351,40.6354],[-73.43329,40.6327]]]}},{"type":"Feature","properties":{},"geometry":{"type":"Polygon","coordinates":[[[-73.3732,40.6346],[-73.37299,40.6316],[-73.3748,40.6318],[-73.37541,40.6338],[-73.3732,40.6346]]]}},{"type":"Feature","properties":{},"geometry":{"type":"Polygon","coordinates":[[[-73.43391,40.6347],[-73.432,40.6359],[-73.42559,40.6347],[-73.4279,40.6334],[-73.43391,40.6347]]]}},{"type":"Feature","properties":{},"geometry":{"type":"Polygon","coordinates":[[[-73.4182,40.6327],[-73.4238,40.6344],[-73.423,40.6359],[-73.4193,40.6371],[-73.4176,40.6364],[-73.41699,40.6334],[-73.4182,40.6327]]]}},{"type":"Feature","properties":{},"geometry":{"type":"Polygon","coordinates":[[[-73.44531,40.6339],[-73.4428,40.6373],[-73.441,40.6377],[-73.44019,40.6357],[-73.4419,40.633],[-73.44531,40.6339]]]}},{"type":"Feature","properties":{},"geometry":{"type":"Polygon","coordinates":[[[-73.3811,40.6385],[-73.37929,40.6333],[-73.3801,40.632],[-73.3883,40.6364],[-73.38931,40.6382],[-73.3868,40.6394],[-73.3811,40.6385]]]}},{"type":"Feature","properties":{},"geometry":{"type":"Polygon","coordinates":[[[-73.3946,40.6391],[-73.39419,40.6357],[-73.396,40.6339],[-73.4002,40.6355],[-73.4017,40.6378],[-73.3946,40.6391]]]}},{"type":"Feature","properties":{},"geometry":{"type":"Polygon","coordinates":[[[-73.4209,40.6381],[-73.4193,40.639],[-73.4193,40.639],[-73.4194,40.6382],[-73.4209,40.6381]]]}},{"type":"Feature","properties":{},"geometry":{"type":"Polygon","coordinates":[[[-73.3511,40.6396],[-73.347,40.63761],[-73.3444,40.6391],[-73.34119,40.6391],[-73.3516,40.6361],[-73.3511,40.6396]]]}},{"type":"Feature","properties":{},"geometry":{"type":"Polygon","coordinates":[[[-73.4247,40.6382],[-73.4248,40.6397],[-73.4234,40.6396],[-73.4234,40.6396],[-73.4247,40.6382]]]}},{"type":"Feature","properties":{},"geometry":{"type":"Polygon","coordinates":[[[-73.4131,40.6442],[-73.40669,40.6423],[-73.4108,40.6397],[-73.4131,40.6357],[-73.4131,40.6442]]]}},{"type":"Feature","properties":{},"geometry":{"type":"Polygon","coordinates":[[[-73.3566,40.6349],[-73.36389,40.6345],[-73.364,40.6331],[-73.3705,40.6315],[-73.37151,40.6344],[-73.3706,40.63341],[-73.36981,40.6394],[-73.367,40.6407],[-73.3658,40.6387],[-73.35614,40.6386],[-73.36641,40.641],[-73.3552,40.6474],[-73.35259,40.64595],[-73.3551,40.6477],[-73.3566,40.6476],[-73.3543,40.6483],[-73.3527,40.64711],[-73.3495,40.648],[-73.3494,40.6461],[-73.35207,40.6457],[-73.3494,40.6453],[-73.3451,40.6485],[-73.3376,40.6486],[-73.3348,40.6464],[-73.33669,40.6449],[-73.3335,40.6442],[-73.33939,40.64489],[-73.3401,40.6395],[-73.3441,40.6403],[-73.3466,40.6387],[-73.3511,40.63999],[-73.3517,40.6361],[-73.3561,40.6351],[-73.35611,40.63857],[-73.35709,40.6361],[-73.3566,40.6349]]]}},{"type":"Feature","properties":{},"geometry":{"type":"Polygon","coordinates":[[[-73.33519,40.6423],[-73.3389,40.6399],[-73.3389,40.6399],[-73.338,40.6434],[-73.33519,40.6423]]]}},{"type":"Feature","properties":{},"geometry":{"type":"Polygon","coordinates":[[[-73.4046,40.6437],[-73.4014,40.6438],[-73.40049,40.6425],[-73.4042,40.6417],[-73.4046,40.6437]]]}},{"type":"Feature","properties":{},"geometry":{"type":"Polygon","coordinates":[[[-73.39281,40.6402],[-73.39561,40.6438],[-73.3927,40.6457],[-73.38219,40.6437],[-73.3887,40.6401],[-73.39281,40.6402]]]}},{"type":"Feature","properties":{},"geometry":{"type":"Polygon","coordinates":[[[-73.40041,40.6437],[-73.3987,40.644],[-73.39869,40.644],[-73.399,40.6431],[-73.40041,40.6437]]]}},{"type":"Feature","properties":{},"geometry":{"type":"Polygon","coordinates":[[[-73.3297,40.6425],[-73.3309,40.6427],[-73.33091,40.6427],[-73.3297,40.6433],[-73.3297,40.6425]]]}},{"type":"Feature","properties":{},"geometry":{"type":"Polygon","coordinates":[[[-73.37611,40.6454],[-73.3743,40.6462],[-73.37429,40.6462],[-73.3754,40.6445],[-73.37611,40.6454]]]}},{"type":"Feature","properties":{},"geometry":{"type":"Polygon","coordinates":[[[-73.28939,40.6439],[-73.2988,40.6411],[-73.30581,40.6432],[-73.3052,40.6451],[-73.3024,40.6459],[-73.3021,40.64491],[-73.3,40.6456],[-73.2995,40.64421],[-73.29811,40.6446],[-73.298,40.6478],[-73.2934,40.6489],[-73.28939,40.6439]]]}},{"type":"Feature","properties":{},"geometry":{"type":"Polygon","coordinates":[[[-73.28339,40.6458],[-73.2871,40.6451],[-73.28921,40.6478],[-73.2892,40.6478],[-73.28339,40.6458]]]}},{"type":"Feature","properties":{},"geometry":{"type":"Polygon","coordinates":[[[-73.3333,40.6459],[-73.33291,40.6466],[-73.337,40.6497],[-73.3302,40.6486],[-73.3333,40.6459]]]}},{"type":"Feature","properties":{},"geometry":{"type":"Polygon","coordinates":[[[-73.3466,40.6496],[-73.34869,40.6467],[-73.3487,40.6467],[-73.34981,40.6486],[-73.3466,40.6496]]]}},{"type":"Feature","properties":{},"geometry":{"type":"Polygon","coordinates":[[[-73.339,40.6504],[-73.3403,40.649],[-73.34321,40.6504],[-73.3432,40.6504],[-73.339,40.6504]]]}},{"type":"Feature","properties":{},"geometry":{"type":"Polygon","coordinates":[[[-73.28901,40.649],[-73.2837,40.6524],[-73.2837,40.6524],[-73.28319,40.6514],[-73.2872,40.6482],[-73.28901,40.649]]]}},{"type":"Feature","properties":{},"geometry":{"type":"Polygon","coordinates":[[[-73.2812,40.6463],[-73.2836,40.6471],[-73.28341,40.648],[-73.28671,40.648],[-73.28211,40.6508],[-73.28321,40.6528],[-73.2796,40.6549],[-73.27699,40.6538],[-73.2776,40.6521],[-73.2793,40.6517],[-73.28029,40.6496],[-73.2812,40.6463]]]}},{"type":"Feature","properties":{},"geometry":{"type":"Polygon","coordinates":[[[-73.2666,40.6595],[-73.26422,40.65555],[-73.2655,40.6594],[-73.26269,40.6585],[-73.26369,40.6569],[-73.26101,40.65621],[-73.262,40.658],[-73.26079,40.6564],[-73.26109,40.6534],[-73.25889,40.6534],[-73.26109,40.6528],[-73.2601,40.65211],[-73.2586,40.6532],[-73.2549,40.653],[-73.25669,40.64991],[-73.25529,40.6501],[-73.25724,40.64903],[-73.25519,40.6498],[-73.25689,40.64651],[-73.2536,40.6476],[-73.25139,40.6463],[-73.2517,40.6452],[-73.2569,40.6436],[-73.2678,40.6435],[-73.2797,40.6461],[-73.27831,40.6482],[-73.27911,40.6512],[-73.27632,40.6512],[-73.27741,40.6518],[-73.2761,40.6555],[-73.2742,40.65511],[-73.2736,40.6572],[-73.2725,40.65641],[-73.2666,40.6595]]]}},{"type":"Feature","properties":{},"geometry":{"type":"Polygon","coordinates":[[[-73.30081,40.6524],[-73.2962,40.6552],[-73.29409,40.6506],[-73.2977,40.6502],[-73.298,40.65129],[-73.2995,40.6505],[-73.30081,40.6524]]]}},{"type":"Feature","properties":{},"geometry":{"type":"Polygon","coordinates":[[[-73.4004,41.0624],[-73.39969,41.0614],[-73.40239,41.0546],[-73.4034,41.0533],[-73.4066,41.0525],[-73.4088,41.0537],[-73.4133,41.0527],[-73.4222,41.0476],[-73.4169,41.0539],[-73.4145,41.0548],[-73.4136,41.05291],[-73.4099,41.0539],[-73.4033,41.0539],[-73.40241,41.0546],[-73.40331,41.056],[-73.40221,41.0585],[-73.4058,41.06039],[-73.4069,41.0582],[-73.40771,41.0589],[-73.4048,41.0621],[-73.4004,41.0624]]]}},{"type":"Feature","properties":{},"geometry":{"type":"Polygon","coordinates":[[[-73.4058,41.0566],[-73.40651,41.0566],[-73.4055,41.0572],[-73.40549,41.0572],[-73.4058,41.0566]]]}},{"type":"Feature","properties":{},"geometry":{"type":"Polygon","coordinates":[[[-73.39171,41.0613],[-73.3911,41.0614],[-73.3904,41.0605],[-73.3868,41.0599],[-73.3878,41.0586],[-73.3904,41.0605],[-73.39171,41.0613]]]}},{"type":"Feature","properties":{},"geometry":{"type":"Polygon","coordinates":[[[-73.3948,41.0644],[-73.3942,41.0673],[-73.3882,41.0687],[-73.3873,41.0663],[-73.3919,41.0638],[-73.3948,41.0644]]]}},{"type":"Feature","properties":{},"geometry":{"type":"Polygon","coordinates":[[[-73.3829,41.0722],[-73.3821,41.071],[-73.3853,41.0694],[-73.38601,41.07],[-73.3829,41.0722]]]}},{"type":"Feature","properties":{},"geometry":{"type":"Polygon","coordinates":[[[-73.38719,41.0724],[-73.392,41.0703],[-73.39241,41.0705],[-73.3886,41.073],[-73.38719,41.0724]]]}},{"type":"Feature","properties":{},"geometry":{"type":"Polygon","coordinates":[[[-73.41959,41.0742],[-73.42031,41.073],[-73.4198,41.0752],[-73.41959,41.0742]]]}},{"type":"Feature","properties":{},"geometry":{"type":"Polygon","coordinates":[[[-73.40559,41.0836],[-73.40581,41.0825],[-73.4061,41.0836],[-73.40559,41.0836]]]}},{"type":"Feature","properties":{},"geometry":{"type":"Polygon","coordinates":[[[-73.36231,41.083],[-73.361,41.0833],[-73.3605,41.08221],[-73.3586,41.0838],[-73.3569,41.08341],[-73.35611,41.0845],[-73.35811,41.0854],[-73.35524,41.08718],[-73.35961,41.0857],[-73.3551,41.0873],[-73.3557,41.0836],[-73.3602,41.082],[-73.3605,41.0822],[-73.36231,41.083]]]}},{"type":"Feature","properties":{},"geometry":{"type":"Polygon","coordinates":[[[-73.3815,41.089],[-73.3824,41.0906],[-73.3801,41.0904],[-73.3801,41.0904],[-73.3815,41.089]]]}},{"type":"Feature","properties":{},"geometry":{"type":"Polygon","coordinates":[[[-73.35981,41.2596],[-73.3587,41.2608],[-73.35779,41.2602],[-73.3586,41.2586],[-73.35981,41.2596]]]}},{"type":"Feature","properties":{},"geometry":{"type":"Polygon","coordinates":[[[-73.3616,41.2672],[-73.36089,41.2664],[-73.3617,41.2662],[-73.36171,41.2662],[-73.3616,41.2672]]]}},{"type":"Feature","properties":{},"geometry":{"type":"Polygon","coordinates":[[[-73.3709,41.2661],[-73.37121,41.2684],[-73.3708,41.2687],[-73.36909,41.2682],[-73.3709,41.2661]]]}},{"type":"Feature","properties":{},"geometry":{"type":"Polygon","coordinates":[[[-73.36921,41.269],[-73.36871,41.2698],[-73.3687,41.2698],[-73.36849,41.2689],[-73.36921,41.269]]]}},{"type":"Feature","properties":{},"geometry":{"type":"Polygon","coordinates":[[[-73.3708,41.272],[-73.36899,41.27],[-73.3722,41.2691],[-73.37231,41.2696],[-73.3708,41.272]]]}},{"type":"Feature","properties":{},"geometry":{"type":"Polygon","coordinates":[[[-73.3729,41.2734],[-73.3719,41.2727],[-73.3719,41.2727],[-73.3726,41.2726],[-73.3729,41.2734]]]}},{"type":"Feature","properties":{},"geometry":{"type":"Polygon","coordinates":[[[-73.2623,41.434],[-73.2636,41.4345],[-73.25929,41.4334],[-73.2623,41.434]]]}},{"type":"Feature","properties":{},"geometry":{"type":"Polygon","coordinates":[[[-73.2651,41.4358],[-73.2655,41.4366],[-73.2637,41.4346],[-73.2651,41.4358]]]}},{"type":"Feature","properties":{},"geometry":{"type":"Polygon","coordinates":[[[-73.253,41.4367],[-73.2514,41.4376],[-73.2547,41.4354],[-73.253,41.4367]]]}},{"type":"Feature","properties":{},"geometry":{"type":"Polygon","coordinates":[[[-73.29951,41.451],[-73.29999,41.4523],[-73.2984,41.449],[-73.29951,41.451]]]}},{"type":"Feature","properties":{},"geometry":{"type":"Polygon","coordinates":[[[-73.2514,40.6451],[-73.2499,40.6458],[-73.24929,40.6451],[-73.2493,40.6451],[-73.2514,40.6451]]]}},{"type":"Feature","properties":{},"geometry":{"type":"Polygon","coordinates":[[[-73.2456,40.6442],[-73.24691,40.6438],[-73.2467,40.6474],[-73.24489,40.6472],[-73.2456,40.6442]]]}},{"type":"Feature","properties":{},"geometry":{"type":"Polygon","coordinates":[[[-73.25341,40.6485],[-73.2516,40.6501],[-73.24999,40.6489],[-73.2511,40.6479],[-73.25341,40.6485]]]}},{"type":"Feature","properties":{},"geometry":{"type":"Polygon","coordinates":[[[-73.22409,40.6492],[-73.2259,40.6484],[-73.23541,40.6509],[-73.2331,40.6537],[-73.2303,40.6546],[-73.23249,40.6527],[-73.232,40.6515],[-73.2269,40.6514],[-73.22409,40.6492]]]}},{"type":"Feature","properties":{},"geometry":{"type":"Polygon","coordinates":[[[-73.25431,40.6505],[-73.25401,40.6528],[-73.2576,40.6543],[-73.2571,40.6556],[-73.24989,40.6545],[-73.25069,40.6528],[-73.2494,40.6521],[-73.2526,40.6498],[-73.25431,40.6505]]]}},{"type":"Feature","properties":{},"geometry":{"type":"Polygon","coordinates":[[[-73.25,40.6469],[-73.25081,40.6476],[-73.24951,40.6492],[-73.25131,40.6504],[-73.24891,40.6519],[-73.24911,40.6551],[-73.2524,40.6552],[-73.25341,40.6572],[-73.2514,40.6602],[-73.2486,40.6595],[-73.24759,40.657],[-73.24259,40.6538],[-73.244,40.6503],[-73.25,40.6469]]]}},{"type":"Feature","properties":{},"geometry":{"type":"Polygon","coordinates":[[[-73.18041,40.6591],[-73.179,40.6595],[-73.1776,40.6588],[-73.17569,40.6563],[-73.17889,40.6529],[-73.1741,40.6528],[-73.1794,40.6527],[-73.1851,40.6544],[-73.1909,40.6569],[-73.19161,40.6594],[-73.1866,40.6584],[-73.1819,40.6593],[-73.18099,40.6586],[-73.18227,40.65811],[-73.17961,40.6582],[-73.18041,40.6591]]]}},{"type":"Feature","properties":{},"geometry":{"type":"Polygon","coordinates":[[[-73.2034,40.6609],[-73.1924,40.6561],[-73.1932,40.655],[-73.1969,40.6534],[-73.2042,40.6563],[-73.20481,40.6591],[-73.2034,40.6609]]]}},{"type":"Feature","properties":{},"geometry":{"type":"Polygon","coordinates":[[[-73.2408,40.6602],[-73.23849,40.6579],[-73.2403,40.6566],[-73.24281,40.6589],[-73.2408,40.6602]]]}},{"type":"Feature","properties":{},"geometry":{"type":"Polygon","coordinates":[[[-73.2394,40.6251],[-73.2623,40.622],[-73.3064,40.6208],[-73.3113,40.6221],[-73.30751,40.62161],[-73.30771,40.6231],[-73.31411,40.6287],[-73.3109,40.6285],[-73.31119,40.62672],[-73.3095,40.6286],[-73.3089,40.62533],[-73.3086,40.6266],[-73.3062,40.6271],[-73.30799,40.6262],[-73.3073,40.62351],[-73.3022,40.6283],[-73.2959,40.6298],[-73.286,40.6267],[-73.2848,40.62482],[-73.2846,40.6269],[-73.2643,40.6249],[-73.2559,40.6255],[-73.2357,40.6318],[-73.2258,40.6318],[-73.2083,40.6361],[-73.1947,40.6431],[-73.1896,40.6428],[-73.1889,40.63931],[-73.1833,40.642],[-73.1771,40.6421],[-73.1748,40.6438],[-73.1717,40.6428],[-73.1669,40.644],[-73.1609,40.6487],[-73.1568,40.6498],[-73.1508,40.6486],[-73.1413,40.6497],[-73.13971,40.6503],[-73.1399,40.6517],[-73.1383,40.65101],[-73.1298,40.6543],[-73.1159,40.6566],[-73.1059,40.6568],[-73.10361,40.6576],[-73.1039,40.6587],[-73.1017,40.6576],[-73.098,40.6582],[-73.0832,40.6624],[-73.0739,40.6664],[-73.0704,40.6666],[-73.0698,40.66531],[-73.06811,40.6658],[-73.0698,40.6666],[-73.0522,40.6694],[-73.04351,40.6719],[-73.04291,40.6744],[-73.04121,40.67381],[-73.0414,40.6748],[-73.0394,40.67301],[-73.0087,40.6834],[-73.00661,40.6849],[-73.0061,40.6872],[-73.0044,40.68521],[-73.00251,40.6862],[-73.0049,40.6875],[-72.9944,40.6898],[-72.9882,40.6948],[-72.9876,40.69351],[-72.9863,40.6952],[-72.9833,40.6948],[-72.9783,40.6974],[-72.975,40.6971],[-72.97709,40.6963],[-72.9762,40.69571],[-72.97201,40.6972],[-72.97151,40.699],[-72.9753,40.7005],[-72.97031,40.69951],[-72.9706,40.702],[-72.96661,40.70001],[-72.9666,40.7012],[-72.965,40.70071],[-72.94811,40.7088],[-72.9482,40.7091],[-72.9498,40.7092],[-72.9499,40.70929],[-72.9502,40.709],[-72.95061,40.7094],[-72.94991,40.70931],[-72.95,40.7095],[-72.94551,40.7111],[-72.9475,40.7121],[-72.9396,40.7117],[-72.9378,40.7141],[-72.9355,40.71361],[-72.9328,40.7154],[-72.9304,40.71451],[-72.9281,40.7178],[-72.9261,40.71611],[-72.9225,40.7173],[-72.9209,40.7218],[-72.91819,40.7208],[-72.92109,40.7184],[-72.9202,40.71811],[-72.91791,40.7205],[-72.9166,40.7232],[-72.9087,40.7249],[-72.91019,40.72091],[-72.9062,40.7229],[-72.90017,40.72365],[-72.90018,40.72123],[-72.9526,40.7027],[-73.0118,40.68],[-73.0564,40.666],[-73.0863,40.6586],[-73.1794,40.6386],[-73.2084,40.6309],[-73.2394,40.6251]]]}},{"type":"Feature","properties":{},"geometry":{"type":"Polygon","coordinates":[[[-72.9726,40.701],[-72.974,40.701],[-72.97471,40.7018],[-72.9724,40.7022],[-72.9726,40.701]]]}},{"type":"Feature","properties":{},"geometry":{"type":"Polygon","coordinates":[[[-73.1333,40.7187],[-73.1364,40.72089],[-73.1373,40.72],[-73.13821,40.7205],[-73.1351,40.7221],[-73.13159,40.7204],[-73.1333,40.7187]]]}},{"type":"Feature","properties":{},"geometry":{"type":"Polygon","coordinates":[[[-72.9235,40.722],[-72.92229,40.7221],[-72.9234,40.7206],[-72.92341,40.7206],[-72.9235,40.722]]]}},{"type":"Feature","properties":{},"geometry":{"type":"Polygon","coordinates":[[[-72.9184,40.722],[-72.91831,40.7235],[-72.9174,40.7242],[-72.91739,40.7242],[-72.9184,40.722]]]}},{"type":"Feature","properties":{},"geometry":{"type":"Polygon","coordinates":[[[-72.91789,40.7279],[-72.9198,40.7277],[-72.91981,40.7277],[-72.9188,40.7283],[-72.91789,40.7279]]]}},{"type":"Feature","properties":{},"geometry":{"type":"Polygon","coordinates":[[[-72.9104,40.727],[-72.91271,40.7278],[-72.911,40.7289],[-72.91099,40.7289],[-72.9104,40.727]]]}},{"type":"Feature","properties":{},"geometry":{"type":"Polygon","coordinates":[[[-72.9157,40.7304],[-72.9116,40.7304],[-72.91119,40.7292],[-72.9156,40.728],[-72.91701,40.7286],[-72.9157,40.7304]]]}},{"type":"Feature","properties":{},"geometry":{"type":"Polygon","coordinates":[[[-73.19491,40.8782],[-73.19381,40.8798],[-73.1938,40.8798],[-73.194,40.8777],[-73.19491,40.8782]]]}},{"type":"Feature","properties":{},"geometry":{"type":"Polygon","coordinates":[[[-73.2054,40.8906],[-73.2022,40.8901],[-73.2034,40.8885],[-73.2045,40.8891],[-73.2054,40.8906]]]}},{"type":"Feature","properties":{},"geometry":{"type":"Polygon","coordinates":[[[-73.22761,40.8998],[-73.22731,40.903],[-73.2273,40.903],[-73.22569,40.902],[-73.22619,40.8984],[-73.2273,40.8977],[-73.22661,40.8997],[-73.22761,40.8998]]]}},{"type":"Feature","properties":{},"geometry":{"type":"Polygon","coordinates":[[[-73.2145,40.9012],[-73.21479,40.9003],[-73.2153,40.9003],[-73.21541,40.9008],[-73.2145,40.9012]]]}},{"type":"Feature","properties":{},"geometry":{"type":"Polygon","coordinates":[[[-73.2216,40.8995],[-73.2228,40.90109],[-73.2244,40.8997],[-73.2255,40.9035],[-73.2195,40.9015],[-73.2189,40.9001],[-73.2203,40.90119],[-73.2216,40.8995]]]}},{"type":"Feature","properties":{},"geometry":{"type":"Polygon","coordinates":[[[-73.2311,40.9069],[-73.2292,40.9055],[-73.2292,40.9055],[-73.2315,40.9063],[-73.2311,40.9069]]]}},{"type":"Feature","properties":{},"geometry":{"type":"Polygon","coordinates":[[[-73.1706,40.9068],[-73.1713,40.9058],[-73.1716,40.9058],[-73.1716,40.9064],[-73.1706,40.9068]]]}},{"type":"Feature","properties":{},"geometry":{"type":"Polygon","coordinates":[[[-73.17,40.9077],[-73.16711,40.91299],[-73.1722,40.9124],[-73.1646,40.914],[-73.1665,40.91],[-73.1686,40.9076],[-73.1689,40.90849],[-73.17,40.9077]]]}},{"type":"Feature","properties":{},"geometry":{"type":"Polygon","coordinates":[[[-73.174,40.9101],[-73.1724,40.9122],[-73.1707,40.9121],[-73.17268,40.9117],[-73.17079,40.9109],[-73.1717,40.9098],[-73.1721,40.91079],[-73.174,40.9101]]]}},{"type":"Feature","properties":{},"geometry":{"type":"Polygon","coordinates":[[[-73.17821,40.915],[-73.17569,40.9141],[-73.1766,40.913],[-73.17661,40.913],[-73.17821,40.915]]]}},{"type":"Feature","properties":{},"geometry":{"type":"Polygon","coordinates":[[[-73.17651,40.9155],[-73.1748,40.915],[-73.175,40.9146],[-73.1757,40.9148],[-73.17651,40.9155]]]}},{"type":"Feature","properties":{},"geometry":{"type":"Polygon","coordinates":[[[-73.1705,40.9178],[-73.1699,40.9168],[-73.1726,40.9157],[-73.1725,40.9164],[-73.1705,40.9178]]]}},{"type":"Feature","properties":{},"geometry":{"type":"Polygon","coordinates":[[[-73.1532,40.9184],[-73.1537,40.9165],[-73.1567,40.9157],[-73.1568,40.9161],[-73.1532,40.9184]]]}},{"type":"Feature","properties":{},"geometry":{"type":"Polygon","coordinates":[[[-73.17741,40.9181],[-73.1756,40.9194],[-73.17349,40.9165],[-73.1765,40.917],[-73.17741,40.9181]]]}},{"type":"Feature","properties":{},"geometry":{"type":"Polygon","coordinates":[[[-73.1715,40.9193],[-73.1689,40.9186],[-73.16639,40.918],[-73.1696,40.9183],[-73.1728,40.9169],[-73.17211,40.9176],[-73.17351,40.9181],[-73.1715,40.9193]]]}},{"type":"Feature","properties":{},"geometry":{"type":"Polygon","coordinates":[[[-73.16721,40.9155],[-73.1574,40.9202],[-73.15129,40.9216],[-73.1568,40.9168],[-73.1645,40.9149],[-73.16721,40.9155]]]}},{"type":"Feature","properties":{},"geometry":{"type":"Polygon","coordinates":[[[-73.1697,40.9194],[-73.1686,40.9202],[-73.16809,40.9199],[-73.1681,40.9199],[-73.1697,40.9194]]]}},{"type":"Feature","properties":{},"geometry":{"type":"Polygon","coordinates":[[[-73.16321,40.9202],[-73.1617,40.9203],[-73.16169,40.9203],[-73.1626,40.9194],[-73.16321,40.9202]]]}},{"type":"Feature","properties":{},"geometry":{"type":"Polygon","coordinates":[[[-73.14971,40.9242],[-73.14899,40.9248],[-73.1501,40.9228],[-73.14971,40.9242]]]}},{"type":"Feature","properties":{},"geometry":{"type":"Polygon","coordinates":[[[-73.1481,40.9257],[-73.14769,40.9249],[-73.1483,40.9234],[-73.14861,40.9235],[-73.1481,40.9257]]]}},{"type":"Feature","properties":{},"geometry":{"type":"Polygon","coordinates":[[[-73.03709,40.9545],[-73.0394,40.9553],[-73.0399,40.9571],[-73.0385,40.9563],[-73.03709,40.9545]]]}},{"type":"Feature","properties":{},"geometry":{"type":"Polygon","coordinates":[[[-73.03239,40.9572],[-73.0353,40.9563],[-73.03571,40.9578],[-73.035,40.958],[-73.03239,40.9572]]]}},{"type":"Feature","properties":{},"geometry":{"type":"Polygon","coordinates":[[[-73.0375,40.956],[-73.0405,40.9586],[-73.0405,40.9586],[-73.0373,40.957],[-73.0375,40.956]]]}},{"type":"Feature","properties":{},"geometry":{"type":"Polygon","coordinates":[[[-73.0251,40.9589],[-73.02389,40.958],[-73.0254,40.9573],[-73.02651,40.9581],[-73.0251,40.9589]]]}},{"type":"Feature","properties":{},"geometry":{"type":"Polygon","coordinates":[[[-73.0365,40.9603],[-73.0331,40.9587],[-73.03851,40.9597],[-73.0365,40.9603]]]}},{"type":"Feature","properties":{},"geometry":{"type":"Polygon","coordinates":[[[-73.0281,40.9571],[-73.03111,40.9579],[-73.0284,40.9617],[-73.02839,40.9617],[-73.0281,40.9571]]]}},{"type":"Feature","properties":{},"geometry":{"type":"Polygon","coordinates":[[[-73.029,40.9617],[-73.0316,40.958],[-73.033,40.9585],[-73.0317,40.9612],[-73.029,40.9617]]]}},{"type":"Feature","properties":{},"geometry":{"type":"Polygon","coordinates":[[[-73.02609,40.9606],[-73.02699,40.9589],[-73.027,40.9589],[-73.0268,40.961],[-73.02609,40.9606]]]}},{"type":"Feature","properties":{},"geometry":{"type":"Polygon","coordinates":[[[-73.02309,40.9615],[-73.0246,40.9613],[-73.0251,40.9596],[-73.0259,40.9615],[-73.02309,40.9615]]]}},{"type":"Feature","properties":{},"geometry":{"type":"Polygon","coordinates":[[[-73.02761,40.9617],[-73.0268,40.962],[-73.02639,40.9611],[-73.0264,40.9611],[-73.02761,40.9617]]]}},{"type":"Feature","properties":{},"geometry":{"type":"Polygon","coordinates":[[[-73.0262,40.9613],[-73.02651,40.9621],[-73.0265,40.9621],[-73.02589,40.962],[-73.0262,40.9613]]]}},{"type":"Feature","properties":{},"geometry":{"type":"Polygon","coordinates":[[[-73.2153,41.1426],[-73.21741,41.1423],[-73.2157,41.1445],[-73.21509,41.1445],[-73.2153,41.1426]]]}},{"type":"Feature","properties":{},"geometry":{"type":"Polygon","coordinates":[[[-73.14531,41.1535],[-73.1434,41.1531],[-73.14289,41.1524],[-73.1441,41.1528],[-73.14531,41.1535]]]}},{"type":"Feature","properties":{},"geometry":{"type":"Polygon","coordinates":[[[-73.11219,41.1749],[-73.1126,41.1743],[-73.1129,41.1756],[-73.1129,41.1756],[-73.11219,41.1749]]]}},{"type":"Feature","properties":{},"geometry":{"type":"Polygon","coordinates":[[[-73.11329,41.1758],[-73.1136,41.1747],[-73.11841,41.1776],[-73.1166,41.1779],[-73.11329,41.1758]]]}},{"type":"Feature","properties":{},"geometry":{"type":"Polygon","coordinates":[[[-73.12241,41.1806],[-73.12239,41.1827],[-73.122,41.179],[-73.12241,41.1806]]]}},{"type":"Feature","properties":{},"geometry":{"type":"Polygon","coordinates":[[[-73.117,41.1803],[-73.11491,41.1832],[-73.115,41.18418],[-73.11729,41.181],[-73.11749,41.1783],[-73.1186,41.1779],[-73.12061,41.1811],[-73.12051,41.1841],[-73.119,41.184],[-73.11763,41.18459],[-73.12061,41.1842],[-73.1197,41.1876],[-73.115,41.1897],[-73.11229,41.1833],[-73.117,41.1803]]]}},{"type":"Feature","properties":{},"geometry":{"type":"Polygon","coordinates":[[[-73.11189,41.186],[-73.11181,41.1853],[-73.1127,41.1869],[-73.11189,41.186]]]}},{"type":"Feature","properties":{},"geometry":{"type":"Polygon","coordinates":[[[-73.1183,41.1905],[-73.1206,41.1887],[-73.1164,41.1924],[-73.1183,41.1905]]]}},{"type":"Feature","properties":{},"geometry":{"type":"Polygon","coordinates":[[[-73.1168,41.1947],[-73.1161,41.1951],[-73.1177,41.1935],[-73.1168,41.1947]]]}},{"type":"Feature","properties":{},"geometry":{"type":"Polygon","coordinates":[[[-73.10969,41.202],[-73.11051,41.2003],[-73.1093,41.204],[-73.10969,41.202]]]}},{"type":"Feature","properties":{},"geometry":{"type":"Polygon","coordinates":[[[-73.11061,41.2108],[-73.11039,41.213],[-73.1106,41.2081],[-73.11061,41.2108]]]}},{"type":"Feature","properties":{},"geometry":{"type":"Polygon","coordinates":[[[-73.1111,41.2228],[-73.10919,41.219],[-73.1102,41.2162],[-73.11141,41.219],[-73.1111,41.2228]]]}},{"type":"Feature","properties":{},"geometry":{"type":"Polygon","coordinates":[[[-73.1098,41.2295],[-73.10891,41.231],[-73.1077,41.2324],[-73.10769,41.2324],[-73.1098,41.2295]]]}},{"type":"Feature","properties":{},"geometry":{"type":"Polygon","coordinates":[[[-73.0982,41.2402],[-73.1025,41.2354],[-73.1062,41.2332],[-73.1028,41.2385],[-73.0982,41.2402]]]}},{"type":"Feature","properties":{},"geometry":{"type":"Polygon","coordinates":[[[-73.0992,41.2413],[-73.1012,41.2403],[-73.0944,41.2441],[-73.0992,41.2413]]]}},{"type":"Feature","properties":{},"geometry":{"type":"Polygon","coordinates":[[[-72.90341,41.2482],[-72.90381,41.2513],[-72.90008,41.25441],[-72.90008,41.24703],[-72.90341,41.2482]]]}},{"type":"Feature","properties":{},"geometry":{"type":"Polygon","coordinates":[[[-73.086,41.2559],[-73.08711,41.2605],[-73.0862,41.262],[-73.08539,41.2604],[-73.086,41.2559]]]}},{"type":"Feature","properties":{},"geometry":{"type":"Polygon","coordinates":[[[-72.9064,41.2893],[-72.90641,41.2921],[-72.90411,41.2938],[-72.90561,41.2955],[-72.9019,41.2988],[-72.90006,41.29863],[-72.90008,41.26736],[-72.90541,41.2706],[-72.90311,41.2744],[-72.90311,41.2774],[-72.90621,41.2832],[-72.90491,41.2888],[-72.9064,41.2893]]]}},{"type":"Feature","properties":{},"geometry":{"type":"Polygon","coordinates":[[[-73.06619,41.2995],[-73.06511,41.2977],[-73.0678,41.3009],[-73.06619,41.2995]]]}},{"type":"Feature","properties":{},"geometry":{"type":"Polygon","coordinates":[[[-73.18811,41.3982],[-73.18759,41.3995],[-73.1879,41.3973],[-73.18811,41.3982]]]}},{"type":"Feature","properties":{},"geometry":{"type":"Polygon","coordinates":[[[-73.1982,41.4119],[-73.1997,41.4131],[-73.1968,41.4114],[-73.1982,41.4119]]]}},{"type":"Feature","properties":{},"geometry":{"type":"Polygon","coordinates":[[[-73.2412,41.4286],[-73.2422,41.4297],[-73.2385,41.4263],[-73.2412,41.4286]]]}},{"type":"Feature","properties":{},"geometry":{"type":"Polygon","coordinates":[[[-73.2268,41.4298],[-73.2299,41.4292],[-73.22649,41.4303],[-73.2268,41.4298]]]}},{"type":"Feature","properties":{},"geometry":{"type":"Polygon","coordinates":[[[-73.2221,41.4298],[-73.2186,41.4291],[-73.22611,41.4303],[-73.2221,41.4298]]]}}]}