{"type":"FeatureCollection","features":[{"type":"Feature","properties":{"id":"allerton-bronx","name":"Allerton","borough":"Bronx"},"geometry":{"type":"Polygon","coordinates":[[[-73.87065,40.86967],[-73.87052,40.86749],[-73.87045,40.86482],[-73.87053,40.86326],[-73.87045,40.86326],[-73.85806,40.86304],[-73.85554,40.863],[-73.85535,40.8665],[-73.85519,40.86951],[-73.85854,40.86954],[-73.87065,40.86967]]]}},{"type":"Feature","properties":{"id":"annadale-staten-island","name":"Annadale","borough":"Staten Island"},"geometry":{"type":"Polygon","coordinates":[[[-74.17396,40.52222],[-74.1727,40.52297],[-74.17136,40.52345],[-74.17098,40.52337],[-74.17051,40.52305],[-74.17,40.52305],[-74.16884,40.52359],[-74.16658,40.52502],[-74.16554,40.52542],[-74.16454,40.52599],[-74.16372,40.52635],[-74.1629,40.52689],[-74.16223,40.5272],[-74.16158,40.52701],[-74.16034,40.52755],[-74.16007,40.52735],[-74.16029,40.52796],[-74.1611,40.52903],[-74.16242,40.53086],[-74.16499,40.53436],[-74.16593,40.53561],[-74.16675,40.53676],[-74.16766,40.53797],[-74.16888,40.53978],[-74.16907,40.54097],[-74.1693,40.54116],[-74.17099,40.5419],[-74.17509,40.54374],[-74.17871,40.54566],[-74.18102,40.54682],[-74.18556,40.54188],[-74.18718,40.5401],[-74.18664,40.53933],[-74.18581,40.5376],[-74.18498,40.53622],[-74.18397,40.53654],[-74.18323,40.53513],[-74.18119,40.53255],[-74.17396,40.52222]]]}},{"type":"Feature","properties":{"id":"arden-heights-staten-island","name":"Arden Heights","borough":"Staten Island"},"geometry":{"type":"Polygon","coordinates":[[[-74.17631,40.55491],[-74.17748,40.55525],[-74.17783,40.55458],[-74.17813,40.55433],[-74.1795,40.55419],[-74.1798,40.55558],[-74.18074,40.55545],[-74.18059,40.55467],[-74.18166,40.55452],[-74.18197,40.55585],[-74.1821,40.55622],[-74.18497,40.55346],[-74.18618,40.55452],[-74.18768,40.55446],[-74.18997,40.55472],[-74.1918,40.55478],[-74.19419,40.55546],[-74.19697,40.55818],[-74.1991,40.5602],[-74.19915,40.56015],[-74.20324,40.55828],[-74.20481,40.55819],[-74.20306,40.55623],[-74.20115,40.55068],[-74.19738,40.5436],[-74.19535,40.5449],[-74.19008,40.54627],[-74.18718,40.5401],[-74.18556,40.54188],[-74.18102,40.54683],[-74.18085,40.54701],[-74.17958,40.54876],[-74.17631,40.55491]]]}},{"type":"Feature","properties":{"id":"arrochar-staten-island","name":"Arrochar","borough":"Staten Island"},"geometry":{"type":"Polygon","coordinates":[[[-74.06912,40.6041],[-74.06978,40.6024],[-74.07032,40.60212],[-74.07082,40.60212],[-74.07139,40.60193],[-74.07249,40.60147],[-74.07206,40.60003],[-74.07203,40.59934],[-74.07209,40.59909],[-74.07258,40.59843],[-74.07307,40.59799],[-74.07383,40.59766],[-74.07449,40.59758],[-74.07544,40.59777],[-74.07652,40.59821],[-74.07729,40.59841],[-74.07901,40.59857],[-74.08101,40.59867],[-74.08188,40.59859],[-74.08238,40.59843],[-74.08308,40.59818],[-74.08364,40.59797],[-74.08345,40.59767],[-74.08241,40.59605],[-74.08148,40.59463],[-74.08089,40.59367],[-74.0791,40.59427],[-74.0783,40.59305],[-74.0767,40.59053],[-74.07615,40.59068],[-74.07533,40.591],[-74.07397,40.59161],[-74.07272,40.59236],[-74.07179,40.59272],[-74.07129,40.59281],[-74.0704,40.59282],[-74.06831,40.59278],[-74.06814,40.59246],[-74.06657,40.59319],[-74.06608,40.59385],[-74.06532,40.59441],[-74.06434,40.59507],[-74.06313,40.59561],[-74.06209,40.59597],[-74.06183,40.59616],[-74.06175,40.59646],[-74.06224,40.59706],[-74.06462,40.60013],[-74.06456,40.60054],[-74.06528,40.60281],[-74.06912,40.6041]]]}},{"type":"Feature","properties":{"id":"arverne-queens","name":"Arverne","borough":"Queens"},"geometry":{"type":"Polygon","coordinates":[[[-73.78938,40.59514],[-73.78985,40.59472],[-73.79065,40.59478],[-73.79088,40.59503],[-73.79104,40.59552],[-73.79093,40.59588],[-73.79124,40.59663],[-73.79109,40.59725],[-73.79095,40.59741],[-73.79043,40.59867],[-73.79033,40.5992],[-73.79005,40.59938],[-73.78952,40.59998],[-73.78913,40.60015],[-73.78807,40.60085],[-73.78769,40.60133],[-73.78716,40.60233],[-73.78651,40.60276],[-73.78617,40.60307],[-73.7865,40.60325],[-73.78727,40.60324],[-73.7879,40.60309],[-73.7894,40.60197],[-73.7904,40.60116],[-73.79067,40.60111],[-73.79104,40.60073],[-73.79154,40.60036],[-73.79203,40.60024],[-73.79235,40.59997],[-73.79259,40.60007],[-73.79332,40.59998],[-73.79398,40.59956],[-73.79457,40.59942],[-73.79531,40.59948],[-73.79567,40.59944],[-73.79811,40.5993],[-73.79843,40.59917],[-73.79918,40.59926],[-73.80123,40.59912],[-73.80194,40.59885],[-73.80263,40.59894],[-73.80296,40.59886],[-73.80393,40.59794],[-73.80468,40.5977],[-73.80511,40.59715],[-73.80469,40.59639],[-73.80368,40.5952],[-73.80321,40.59515],[-73.8031,40.59456],[-73.80278,40.59456],[-73.80259,40.59438],[-73.80238,40.59329],[-73.80244,40.59264],[-73.80304,40.59258],[-73.80401,40.59318],[-73.80404,40.59419],[-73.8045,40.59476],[-73.80485,40.59506],[-73.80605,40.59556],[-73.80687,40.59541],[-73.80709,40.59529],[-73.80757,40.59457],[-73.8079,40.5943],[-73.8078,40.59402],[-73.80805,40.59365],[-73.80787,40.59343],[-73.80717,40.59305],[-73.80706,40.59307],[-73.80509,40.59222],[-73.80416,40.59185],[-73.80436,40.59131],[-73.80518,40.59165],[-73.80542,40.59015],[-73.8054,40.58966],[-73.8052,40.58852],[-73.80509,40.58693],[-73.80531,40.58671],[-73.80515,40.58464],[-73.80422,40.58493],[-73.80361,40.58502],[-73.80334,40.58489],[-73.80189,40.58534],[-73.80061,40.58548],[-73.80026,40.58564],[-73.79964,40.58579],[-73.79882,40.58589],[-73.79677,40.58635],[-73.79609,40.58633],[-73.7957,40.58647],[-73.79505,40.58653],[-73.79444,40.58676],[-73.79384,40.58679],[-73.79339,40.58695],[-73.79257,40.58704],[-73.79201,40.58722],[-73.7914,40.58731],[-73.79113,40.58727],[-73.7903,40.58748],[-73.78941,40.58763],[-73.78898,40.58749],[-73.78849,40.5876],[-73.78895,40.59227],[-73.7892,40.5944],[-73.78907,40.59478],[-73.78938,40.59514]]]}},{"type":"Feature","properties":{"id":"astoria-queens","name":"Astoria","borough":"Queens"},"geometry":{"type":"Polygon","coordinates":[[[-73.89185,40.7767],[-73.89213,40.77709],[-73.89252,40.7774],[-73.8912,40.77856],[-73.8913,40.77892],[-73.89151,40.7791],[-73.89167,40.77949],[-73.89254,40.77955],[-73.89253,40.77977],[-73.89159,40.78058],[-73.89168,40.78087],[-73.89301,40.7818],[-73.89224,40.78241],[-73.89231,40.78247],[-73.89306,40.78185],[-73.89386,40.7824],[-73.89419,40.78247],[-73.89477,40.78225],[-73.89606,40.78316],[-73.89518,40.78365],[-73.89529,40.78373],[-73.89711,40.78272],[-73.89719,40.78281],[-73.89865,40.782],[-73.89948,40.78217],[-73.90035,40.78216],[-73.90035,40.78207],[-73.90129,40.78186],[-73.90204,40.7812],[-73.90218,40.78036],[-73.90234,40.78019],[-73.90268,40.78035],[-73.90251,40.78111],[-73.90219,40.78176],[-73.90172,40.78213],[-73.90115,40.78271],[-73.89886,40.7828],[-73.89876,40.78275],[-73.89768,40.78358],[-73.89775,40.78371],[-73.89583,40.78522],[-73.89694,40.78662],[-73.89726,40.78675],[-73.89783,40.78718],[-73.89962,40.7884],[-73.90033,40.78901],[-73.9017,40.78932],[-73.90206,40.78949],[-73.90251,40.78947],[-73.90647,40.79018],[-73.90678,40.79038],[-73.90986,40.79095],[-73.91022,40.79047],[-73.9109,40.79004],[-73.91094,40.78976],[-73.91169,40.78957],[-73.91223,40.78918],[-73.9126,40.78938],[-73.91424,40.78786],[-73.91559,40.78643],[-73.91526,40.78619],[-73.91575,40.78611],[-73.91683,40.78519],[-73.91718,40.78455],[-73.91717,40.78419],[-73.91819,40.78393],[-73.91909,40.78337],[-73.92098,40.78177],[-73.9221,40.78085],[-73.92296,40.78044],[-73.92319,40.78025],[-73.92423,40.7791],[-73.92487,40.77863],[-73.92632,40.77824],[-73.92828,40.7769],[-73.92861,40.77659],[-73.92988,40.77622],[-73.93063,40.77659],[-73.93107,40.77726],[-73.93105,40.77744],[-73.93179,40.77787],[-73.93272,40.77803],[-73.93277,40.77792],[-73.93381,40.7781],[-73.93474,40.77808],[-73.93508,40.77794],[-73.93585,40.77721],[-73.93609,40.77718],[-73.93638,40.77692],[-73.93703,40.77589],[-73.93765,40.77509],[-73.93786,40.77409],[-73.93781,40.77356],[-73.93747,40.77253],[-73.93481,40.77173],[-73.93444,40.77146],[-73.93453,40.77118],[-73.93501,40.77116],[-73.93515,40.77054],[-73.93469,40.77043],[-73.9349,40.77004],[-73.93524,40.76968],[-73.93574,40.76937],[-73.93617,40.76952],[-73.93671,40.76925],[-73.93681,40.7689],[-73.93747,40.76895],[-73.9382,40.7687],[-73.93896,40.76796],[-73.93937,40.76816],[-73.93984,40.76799],[-73.94131,40.76692],[-73.9435,40.7645],[-73.94468,40.76293],[-73.94571,40.76149],[-73.94596,40.76129],[-73.94783,40.75899],[-73.95065,40.75546],[-73.94667,40.75341],[-73.94566,40.75299],[-73.94429,40.75247],[-73.9423,40.75161],[-73.94142,40.75107],[-73.94003,40.75045],[-73.93886,40.75001],[-73.93649,40.74936],[-73.93579,40.75003],[-73.93503,40.75069],[-73.93482,40.75102],[-73.93447,40.75115],[-73.93377,40.75165],[-73.93234,40.75195],[-73.92892,40.75205],[-73.92624,40.75209],[-73.92566,40.75214],[-73.91928,40.75357],[-73.91775,40.75385],[-73.91673,40.7539],[-73.91543,40.75379],[-73.9116,40.75315],[-73.91026,40.75297],[-73.90956,40.75359],[-73.90918,40.75401],[-73.90853,40.75518],[-73.90813,40.75623],[-73.90791,40.75702],[-73.9091,40.75757],[-73.90658,40.76071],[-73.90575,40.76178],[-73.90552,40.76167],[-73.90482,40.76283],[-73.90374,40.76421],[-73.90453,40.76458],[-73.90418,40.76502],[-73.9035,40.76582],[-73.90243,40.76708],[-73.90179,40.76762],[-73.90026,40.76737],[-73.89912,40.76708],[-73.89761,40.76686],[-73.89502,40.76657],[-73.89261,40.76627],[-73.89128,40.76632],[-73.89,40.76648],[-73.88859,40.76672],[-73.88782,40.76694],[-73.88831,40.76848],[-73.8887,40.76884],[-73.88878,40.76945],[-73.88915,40.77141],[-73.88938,40.77282],[-73.88937,40.77332],[-73.88978,40.77337],[-73.88975,40.77372],[-73.8899,40.77401],[-73.88961,40.77485],[-73.88947,40.77554],[-73.88952,40.77594],[-73.89002,40.77725],[-73.89009,40.77778],[-73.89047,40.7777],[-73.89056,40.7774],[-73.89107,40.77721],[-73.89145,40.77651],[-73.89185,40.7767]]]}},{"type":"Feature","properties":{"id":"auburndale-queens","name":"Auburndale","borough":"Queens"},"geometry":{"type":"Polygon","coordinates":[[[-73.77592,40.74352],[-73.77777,40.74742],[-73.77866,40.74926],[-73.78049,40.75314],[-73.78124,40.75412],[-73.78187,40.75487],[-73.78255,40.7559],[-73.78354,40.75776],[-73.78437,40.75939],[-73.78515,40.76123],[-73.78553,40.76257],[-73.78595,40.76301],[-73.78688,40.7635],[-73.79332,40.76244],[-73.79453,40.76225],[-73.80003,40.76225],[-73.80343,40.76148],[-73.80413,40.75425],[-73.80376,40.75301],[-73.80432,40.75306],[-73.80414,40.7522],[-73.80372,40.75143],[-73.80308,40.75064],[-73.80291,40.75029],[-73.80278,40.74938],[-73.80272,40.74842],[-73.80276,40.74785],[-73.8034,40.74618],[-73.80377,40.74537],[-73.8042,40.74424],[-73.80428,40.74355],[-73.80439,40.74166],[-73.80461,40.73846],[-73.8007,40.73834],[-73.79864,40.73825],[-73.79791,40.73824],[-73.79642,40.73834],[-73.79521,40.73861],[-73.7921,40.73947],[-73.78602,40.74112],[-73.78249,40.74211],[-73.78053,40.74263],[-73.77896,40.74294],[-73.77745,40.74316],[-73.77592,40.74352]]]}},{"type":"Feature","properties":{"id":"bath-beach-brooklyn","name":"Bath Beach","borough":"Brooklyn"},"geometry":{"type":"Polygon","coordinates":[[[-73.98519,40.59674],[-73.98591,40.59726],[-73.98672,40.59773],[-73.98831,40.59872],[-73.99048,40.60001],[-73.99368,40.60197],[-73.99546,40.60304],[-74.00022,40.60587],[-74.00109,40.6063],[-74.00186,40.60679],[-74.00264,40.60726],[-74.00673,40.60974],[-74.0113,40.61248],[-74.01169,40.61272],[-74.01697,40.60763],[-74.01821,40.60643],[-74.01811,40.60636],[-74.01802,40.6062],[-74.01794,40.60602],[-74.01791,40.60589],[-74.01788,40.60573],[-74.01792,40.60558],[-74.01797,40.60539],[-74.01803,40.60524],[-74.01842,40.60424],[-74.01858,40.60373],[-74.01895,40.60258],[-74.01895,40.60257],[-74.01832,40.60242],[-74.01759,40.6025],[-74.01669,40.60242],[-74.01579,40.60229],[-74.01473,40.60207],[-74.01302,40.60157],[-74.01237,40.60135],[-74.01095,40.60074],[-74.00922,40.59984],[-74.00775,40.59894],[-74.00557,40.59757],[-74.00411,40.59645],[-74.00317,40.59554],[-74.00254,40.59475],[-74.0011,40.59252],[-74.00018,40.59285],[-73.99853,40.59359],[-73.99948,40.59297],[-73.99939,40.59269],[-73.99903,40.59231],[-74.00006,40.59171],[-74.00023,40.59153],[-74.00014,40.59128],[-73.99966,40.5911],[-73.99917,40.59115],[-73.99856,40.59149],[-73.99755,40.59192],[-73.99728,40.59171],[-73.99813,40.59129],[-73.99806,40.59121],[-73.99723,40.59165],[-73.99711,40.59128],[-73.99776,40.59095],[-73.99844,40.59024],[-73.99878,40.59023],[-73.99838,40.58977],[-73.99946,40.58923],[-73.99924,40.58894],[-73.99867,40.5892],[-73.99788,40.58834],[-74.00038,40.58713],[-74.00049,40.58704],[-74.00043,40.58654],[-74.0001,40.58659],[-74.00011,40.58695],[-73.99535,40.58933],[-73.99488,40.58877],[-73.99497,40.58851],[-73.99422,40.58887],[-73.99408,40.58869],[-73.99566,40.58794],[-73.9956,40.58784],[-73.99424,40.58844],[-73.99417,40.58838],[-73.99815,40.58653],[-73.99936,40.58638],[-73.99963,40.58607],[-73.99953,40.58576],[-73.99929,40.58555],[-73.99809,40.58547],[-73.99934,40.58486],[-74.00036,40.58419],[-74.00042,40.58355],[-74.00018,40.58307],[-73.99781,40.58261],[-73.9974,40.58243],[-73.99606,40.58213],[-73.99536,40.58224],[-73.9952,40.5824],[-73.99402,40.58283],[-73.99355,40.58306],[-73.99267,40.58359],[-73.99098,40.58435],[-73.99026,40.58462],[-73.99034,40.58422],[-73.9917,40.58186],[-73.99183,40.5815],[-73.99163,40.58108],[-73.99119,40.58103],[-73.98996,40.58066],[-73.9897,40.58042],[-73.98914,40.58021],[-73.98858,40.57982],[-73.988,40.57964],[-73.98757,40.58003],[-73.98721,40.58083],[-73.98684,40.58123],[-73.98605,40.58172],[-73.98589,40.58116],[-73.98571,40.58128],[-73.98372,40.5829],[-73.98259,40.58281],[-73.98333,40.58658],[-73.98337,40.58694],[-73.98391,40.58988],[-73.98407,40.59092],[-73.98504,40.5961],[-73.98519,40.59674]]]}},{"type":"Feature","properties":{"id":"battery-park-city-manhattan","name":"Battery Park City","borough":"Manhattan"},"geometry":{"type":"Polygon","coordinates":[[[-74.01295,40.71954],[-74.01321,40.71832],[-74.0147,40.71852],[-74.015,40.71845],[-74.01663,40.71867],[-74.01671,40.71862],[-74.01726,40.71559],[-74.01758,40.7136],[-74.01632,40.71341],[-74.01656,40.71293],[-74.01662,40.71216],[-74.0178,40.71235],[-74.01814,40.71089],[-74.01886,40.70805],[-74.01819,40.70782],[-74.01854,40.70692],[-74.01912,40.70698],[-74.01934,40.70607],[-74.01893,40.70477],[-74.01811,40.70455],[-74.01866,40.70443],[-74.01845,40.70416],[-74.01784,40.70424],[-74.01757,40.70418],[-74.01767,40.70388],[-74.01726,40.70386],[-74.01651,40.70432],[-74.01632,40.70498],[-74.01657,40.70561],[-74.01429,40.71135],[-74.01366,40.71365],[-74.0131,40.71569],[-74.01243,40.71954],[-74.01295,40.71954]]]}},{"type":"Feature","properties":{"id":"bay-ridge-brooklyn","name":"Bay Ridge","borough":"Brooklyn"},"geometry":{"type":"Polygon","coordinates":[[[-74.03594,40.6409],[-74.03571,40.64064],[-74.03609,40.64017],[-74.03672,40.63914],[-74.03869,40.63974],[-74.03876,40.63959],[-74.03681,40.63898],[-74.03717,40.63829],[-74.03929,40.63389],[-74.04075,40.6307],[-74.04109,40.6301],[-74.04109,40.62973],[-74.0413,40.62901],[-74.04143,40.62807],[-74.04164,40.62601],[-74.04168,40.62538],[-74.04188,40.62452],[-74.04188,40.62393],[-74.04171,40.62331],[-74.04175,40.62246],[-74.04158,40.62128],[-74.04162,40.62056],[-74.04138,40.61999],[-74.04113,40.61879],[-74.04073,40.61705],[-74.04048,40.61563],[-74.04013,40.61479],[-74.03989,40.61435],[-74.03903,40.61316],[-74.03728,40.61162],[-74.03677,40.611],[-74.03656,40.61059],[-74.03638,40.61002],[-74.03607,40.60934],[-74.03607,40.60933],[-74.0331,40.6103],[-74.03283,40.61039],[-74.03099,40.61091],[-74.02963,40.61205],[-74.02617,40.61627],[-74.02479,40.61794],[-74.02326,40.61976],[-74.01966,40.62371],[-74.01589,40.63279],[-74.01598,40.63448],[-74.01941,40.6366],[-74.02091,40.63791],[-74.02162,40.63893],[-74.02174,40.64067],[-74.02322,40.64005],[-74.02526,40.63989],[-74.03275,40.64167],[-74.03594,40.6409]]]}},{"type":"Feature","properties":{"id":"bay-terrace-staten-island","name":"Bay Terrace","borough":"Staten Island"},"geometry":{"type":"Polygon","coordinates":[[[-74.13935,40.55876],[-74.14015,40.55812],[-74.14084,40.55743],[-74.14125,40.55715],[-74.14185,40.55687],[-74.14258,40.55678],[-74.1431,40.55616],[-74.1443,40.555],[-74.14515,40.55431],[-74.14502,40.55373],[-74.14477,40.55365],[-74.14465,40.55328],[-74.14369,40.55243],[-74.14319,40.55161],[-74.14235,40.55034],[-74.13955,40.54788],[-74.13875,40.54845],[-74.13746,40.54962],[-74.13562,40.55075],[-74.1345,40.55139],[-74.1341,40.55167],[-74.13176,40.55356],[-74.1304,40.55451],[-74.12981,40.55506],[-74.12971,40.555],[-74.12808,40.5565],[-74.12862,40.55686],[-74.12886,40.5575],[-74.12929,40.55835],[-74.12981,40.56019],[-74.13031,40.56169],[-74.13031,40.56185],[-74.13032,40.56226],[-74.13051,40.56296],[-74.13078,40.5647],[-74.13098,40.56495],[-74.13168,40.56461],[-74.13261,40.56353],[-74.13307,40.56339],[-74.1337,40.56295],[-74.13504,40.56136],[-74.13576,40.56055],[-74.13664,40.56033],[-74.13841,40.55943],[-74.13935,40.55876]]]}},{"type":"Feature","properties":{"id":"baychester-bronx","name":"Baychester","borough":"Bronx"},"geometry":{"type":"Polygon","coordinates":[[[-73.82936,40.86175],[-73.82942,40.86197],[-73.83023,40.86343],[-73.83035,40.86446],[-73.83193,40.86725],[-73.8333,40.86999],[-73.83387,40.87118],[-73.83409,40.87198],[-73.8343,40.87309],[-73.83454,40.87481],[-73.83474,40.87522],[-73.83529,40.87591],[-73.83834,40.8809],[-73.84129,40.88023],[-73.8429,40.87894],[-73.84622,40.87706],[-73.85098,40.87529],[-73.85341,40.87326],[-73.85229,40.87288],[-73.84931,40.87193],[-73.84809,40.87144],[-73.84662,40.87069],[-73.84182,40.86816],[-73.83922,40.86684],[-73.83659,40.86545],[-73.83328,40.86362],[-73.83092,40.86227],[-73.83,40.86204],[-73.82942,40.8618],[-73.82936,40.86175]]]}},{"type":"Feature","properties":{"id":"bayside-queens","name":"Bayside","borough":"Queens"},"geometry":{"type":"Polygon","coordinates":[[[-73.79585,40.77286],[-73.79495,40.77205],[-73.79082,40.7677],[-73.78869,40.76464],[-73.78799,40.76405],[-73.78689,40.7635],[-73.78688,40.7635],[-73.78595,40.76301],[-73.78553,40.76257],[-73.78515,40.76123],[-73.78437,40.75939],[-73.78354,40.75776],[-73.78255,40.7559],[-73.78187,40.75487],[-73.78124,40.75412],[-73.78049,40.75314],[-73.77866,40.74926],[-73.77777,40.74742],[-73.77592,40.74352],[-73.77428,40.74407],[-73.77317,40.74438],[-73.77153,40.74498],[-73.77124,40.74437],[-73.76616,40.73344],[-73.76543,40.73257],[-73.76289,40.72955],[-73.76156,40.72872],[-73.7605,40.72834],[-73.75716,40.72649],[-73.75663,40.7263],[-73.75458,40.72707],[-73.75287,40.72786],[-73.75031,40.72948],[-73.74812,40.73132],[-73.74672,40.73239],[-73.74525,40.73351],[-73.74312,40.7352],[-73.74196,40.73629],[-73.74033,40.73841],[-73.7392,40.73974],[-73.73773,40.74056],[-73.73534,40.74198],[-73.73337,40.74318],[-73.73277,40.74369],[-73.7358,40.74615],[-73.73605,40.74656],[-73.73733,40.74774],[-73.73829,40.74832],[-73.7393,40.74898],[-73.74042,40.74993],[-73.74109,40.75037],[-73.74205,40.7511],[-73.74278,40.75189],[-73.74326,40.75263],[-73.74394,40.75338],[-73.745,40.75442],[-73.74535,40.75499],[-73.74618,40.756],[-73.74724,40.75718],[-73.74774,40.75769],[-73.74853,40.75839],[-73.74938,40.75895],[-73.75016,40.75932],[-73.75131,40.75978],[-73.75195,40.75999],[-73.75229,40.75998],[-73.75273,40.76023],[-73.75409,40.76065],[-73.75493,40.76099],[-73.75585,40.76147],[-73.7571,40.76244],[-73.7577,40.7631],[-73.75867,40.76594],[-73.75881,40.76704],[-73.75872,40.76751],[-73.75883,40.76777],[-73.75881,40.76818],[-73.75907,40.76845],[-73.7596,40.76872],[-73.76044,40.76949],[-73.76061,40.76977],[-73.76126,40.7704],[-73.76378,40.77252],[-73.76418,40.77283],[-73.7651,40.7738],[-73.76573,40.7746],[-73.766,40.77507],[-73.76633,40.77584],[-73.767,40.7767],[-73.76762,40.77799],[-73.7676,40.7783],[-73.76816,40.7794],[-73.7693,40.78078],[-73.77061,40.78208],[-73.77161,40.783],[-73.77408,40.78592],[-73.77428,40.78624],[-73.77437,40.78665],[-73.77505,40.78719],[-73.77634,40.78849],[-73.77629,40.78851],[-73.77502,40.78739],[-73.77445,40.78718],[-73.77388,40.78681],[-73.77228,40.78731],[-73.77197,40.78736],[-73.77082,40.78798],[-73.77063,40.78846],[-73.77175,40.78969],[-73.77175,40.78987],[-73.7721,40.79013],[-73.7724,40.79063],[-73.7724,40.79127],[-73.77286,40.79196],[-73.77357,40.79266],[-73.77393,40.7935],[-73.77407,40.79408],[-73.77461,40.79475],[-73.77505,40.79508],[-73.77618,40.7961],[-73.77687,40.79645],[-73.77752,40.79664],[-73.77827,40.79673],[-73.77871,40.7966],[-73.77936,40.79669],[-73.7799,40.79624],[-73.78154,40.79566],[-73.78178,40.79523],[-73.78132,40.7946],[-73.78101,40.79438],[-73.78079,40.79404],[-73.7807,40.79365],[-73.7809,40.79219],[-73.78123,40.79148],[-73.78175,40.79113],[-73.78227,40.79137],[-73.78253,40.79128],[-73.78318,40.79087],[-73.78384,40.79064],[-73.78568,40.79034],[-73.7875,40.79031],[-73.78931,40.79038],[-73.79028,40.79032],[-73.791,40.78994],[-73.79174,40.7894],[-73.79106,40.78862],[-73.78923,40.78711],[-73.78763,40.78596],[-73.78662,40.78487],[-73.7858,40.78368],[-73.78539,40.78272],[-73.78498,40.78112],[-73.78461,40.77828],[-73.78454,40.7762],[-73.78608,40.77575],[-73.79107,40.77428],[-73.79197,40.77395],[-73.7941,40.77329],[-73.79585,40.77286]]]}},{"type":"Feature","properties":{"id":"bayswater-queens","name":"Bayswater","borough":"Queens"},"geometry":{"type":"MultiPolygon","coordinates":[[[[-73.75961,40.61017],[-73.75949,40.61082],[-73.75998,40.61088],[-73.76155,40.60903],[-73.76178,40.60915],[-73.76087,40.6102],[-73.76077,40.61018],[-73.76024,40.61082],[-73.76172,40.61185],[-73.7623,40.61136],[-73.76322,40.61168],[-73.7641,40.61176],[-73.76474,40.61189],[-73.76509,40.61206],[-73.76516,40.61299],[-73.76502,40.61351],[-73.76534,40.61383],[-73.76598,40.61393],[-73.76631,40.6142],[-73.76682,40.61429],[-73.76746,40.61422],[-73.7683,40.61423],[-73.76892,40.61405],[-73.76945,40.61397],[-73.77003,40.61406],[-73.77073,40.61403],[-73.77121,40.61394],[-73.77183,40.61395],[-73.77294,40.61356],[-73.77349,40.61361],[-73.77398,40.61251],[-73.77395,40.61212],[-73.77377,40.61126],[-73.77297,40.61016],[-73.77288,40.6102],[-73.7734,40.61101],[-73.77308,40.6113],[-73.77236,40.61151],[-73.77211,40.61144],[-73.77185,40.61082],[-73.77125,40.61039],[-73.77099,40.61039],[-73.77059,40.61016],[-73.77023,40.61025],[-73.76966,40.61001],[-73.76913,40.60965],[-73.76894,40.60913],[-73.76925,40.6084],[-73.76951,40.60829],[-73.76984,40.6078],[-73.76978,40.60752],[-73.77,40.60727],[-73.77001,40.60695],[-73.76984,40.60636],[-73.77005,40.60571],[-73.77,40.60537],[-73.77015,40.60514],[-73.77057,40.60484],[-73.77041,40.60372],[-73.77022,40.60315],[-73.76085,40.60526],[-73.76099,40.60641],[-73.75961,40.61017]]],[[[-73.76672,40.615],[-73.76746,40.62051],[-73.76855,40.62056],[-73.77088,40.61586],[-73.76826,40.6154],[-73.76671,40.61491],[-73.76672,40.615]]]]}},{"type":"Feature","properties":{"id":"bedford-park-bronx","name":"Bedford Park","borough":"Bronx"},"geometry":{"type":"Polygon","coordinates":[[[-73.88518,40.88359],[-73.8865,40.88417],[-73.8867,40.88433],[-73.88775,40.88423],[-73.88951,40.88457],[-73.89379,40.88536],[-73.89617,40.88157],[-73.89639,40.87977],[-73.89556,40.87941],[-73.89516,40.87839],[-73.89475,40.87808],[-73.89423,40.87785],[-73.89517,40.87733],[-73.89577,40.8767],[-73.89637,40.87591],[-73.89666,40.87516],[-73.89665,40.87452],[-73.89706,40.87394],[-73.89763,40.8747],[-73.89808,40.87503],[-73.89859,40.87524],[-73.89901,40.8753],[-73.89995,40.87459],[-73.90121,40.87067],[-73.89988,40.87044],[-73.89851,40.8698],[-73.89972,40.8683],[-73.89705,40.86765],[-73.89565,40.86925],[-73.89254,40.86807],[-73.88877,40.86595],[-73.88539,40.86626],[-73.88523,40.86628],[-73.88399,40.86492],[-73.88392,40.8652],[-73.8836,40.86559],[-73.88327,40.86582],[-73.8822,40.86642],[-73.88147,40.8665],[-73.88071,40.86688],[-73.87951,40.86775],[-73.88037,40.86922],[-73.87973,40.86956],[-73.87995,40.87027],[-73.88065,40.87276],[-73.88093,40.87343],[-73.88145,40.87411],[-73.8815,40.87449],[-73.8815,40.87589],[-73.88165,40.87659],[-73.88305,40.87903],[-73.88497,40.8825],[-73.88505,40.88267],[-73.88518,40.88359]]]}},{"type":"Feature","properties":{"id":"bedford-stuyvesant-brooklyn","name":"Bedford-Stuyvesant","borough":"Brooklyn"},"geometry":{"type":"Polygon","coordinates":[[[-73.96196,40.6982],[-73.96185,40.69746],[-73.96127,40.69465],[-73.96091,40.69303],[-73.96018,40.68961],[-73.95934,40.68548],[-73.95906,40.68403],[-73.95823,40.67995],[-73.95821,40.6799],[-73.95558,40.67932],[-73.95348,40.6789],[-73.95263,40.67876],[-73.9509,40.67862],[-73.94889,40.67851],[-73.94523,40.67828],[-73.93879,40.67795],[-73.93808,40.67787],[-73.93691,40.67783],[-73.93529,40.67773],[-73.93349,40.67763],[-73.93244,40.67755],[-73.93132,40.67752],[-73.92779,40.67733],[-73.92304,40.67705],[-73.92182,40.67699],[-73.90519,40.67596],[-73.90343,40.67586],[-73.90338,40.67685],[-73.90334,40.67767],[-73.90352,40.67845],[-73.90435,40.67894],[-73.91801,40.68702],[-73.92425,40.69071],[-73.92776,40.69278],[-73.94133,40.70081],[-73.94194,40.70073],[-73.94405,40.70047],[-73.94572,40.70028],[-73.94942,40.69987],[-73.95056,40.69976],[-73.95289,40.69948],[-73.95657,40.69906],[-73.95846,40.69875],[-73.96196,40.6982]]]}},{"type":"Feature","properties":{"id":"belle-harbor-queens","name":"Belle Harbor","borough":"Queens"},"geometry":{"type":"Polygon","coordinates":[[[-73.85697,40.56919],[-73.85506,40.56981],[-73.85423,40.57014],[-73.8541,40.57026],[-73.85358,40.57034],[-73.85312,40.57051],[-73.8522,40.57075],[-73.85154,40.57107],[-73.84995,40.57159],[-73.84777,40.57241],[-73.84623,40.57301],[-73.84544,40.57327],[-73.84649,40.57507],[-73.84975,40.58071],[-73.85049,40.58211],[-73.85306,40.58126],[-73.85758,40.57886],[-73.86135,40.57687],[-73.86016,40.57481],[-73.85916,40.57285],[-73.858,40.57083],[-73.85697,40.56919]]]}},{"type":"Feature","properties":{"id":"bellerose-queens","name":"Bellerose","borough":"Queens"},"geometry":{"type":"Polygon","coordinates":[[[-73.71056,40.72722],[-73.71082,40.73051],[-73.71147,40.73232],[-73.71168,40.73274],[-73.71269,40.73441],[-73.71402,40.73651],[-73.71495,40.7379],[-73.71531,40.73881],[-73.71599,40.7402],[-73.71771,40.74404],[-73.71873,40.74351],[-73.71975,40.74311],[-73.72178,40.74249],[-73.72337,40.74193],[-73.7255,40.74122],[-73.72661,40.74088],[-73.72838,40.74192],[-73.72925,40.74235],[-73.73067,40.74299],[-73.73212,40.74375],[-73.73244,40.74384],[-73.73273,40.74366],[-73.73277,40.74369],[-73.73337,40.74318],[-73.73534,40.74198],[-73.73773,40.74056],[-73.7392,40.73974],[-73.74033,40.73841],[-73.74196,40.73629],[-73.74312,40.7352],[-73.74525,40.73351],[-73.74672,40.73239],[-73.74655,40.7315],[-73.74626,40.73132],[-73.74462,40.7297],[-73.74423,40.72938],[-73.73896,40.72442],[-73.73738,40.72297],[-73.73678,40.72226],[-73.73591,40.72031],[-73.73535,40.71886],[-73.73534,40.71853],[-73.73489,40.71871],[-73.73376,40.71931],[-73.73305,40.71974],[-73.7309,40.72179],[-73.73033,40.72216],[-73.72905,40.7228],[-73.72816,40.72308],[-73.72648,40.72375],[-73.72514,40.72423],[-73.72465,40.72433],[-73.72291,40.72479],[-73.71883,40.7259],[-73.71693,40.72639],[-73.71056,40.72722]]]}},{"type":"Feature","properties":{"id":"belmont-bronx","name":"Belmont","borough":"Bronx"},"geometry":{"type":"Polygon","coordinates":[[[-73.88235,40.85114],[-73.88081,40.85631],[-73.88067,40.85702],[-73.88096,40.85822],[-73.88059,40.85998],[-73.88,40.86055],[-73.88399,40.86492],[-73.88523,40.86628],[-73.88539,40.86626],[-73.8866,40.86556],[-73.88693,40.86531],[-73.8892,40.86333],[-73.8914,40.86168],[-73.89039,40.86115],[-73.89124,40.86003],[-73.89114,40.85972],[-73.89111,40.85718],[-73.89108,40.85667],[-73.89074,40.85572],[-73.89008,40.85428],[-73.88984,40.85398],[-73.8896,40.85347],[-73.88963,40.85321],[-73.88485,40.85183],[-73.88392,40.85161],[-73.88235,40.85114]]]}},{"type":"Feature","properties":{"id":"bensonhurst-brooklyn","name":"Bensonhurst","borough":"Brooklyn"},"geometry":{"type":"Polygon","coordinates":[[[-73.9777,40.61741],[-73.97844,40.61673],[-73.98946,40.6234],[-73.99633,40.62755],[-73.99812,40.62582],[-74.01049,40.61389],[-74.01169,40.61272],[-74.0113,40.61248],[-74.00264,40.60726],[-74.00186,40.60679],[-74.00085,40.60618],[-74.00022,40.60587],[-73.99546,40.60304],[-73.99368,40.60197],[-73.99048,40.60001],[-73.98831,40.59872],[-73.98672,40.59773],[-73.98591,40.59726],[-73.98519,40.59674],[-73.98554,40.59831],[-73.98581,40.59965],[-73.98643,40.60294],[-73.98673,40.6046],[-73.98682,40.60509],[-73.98721,40.60725],[-73.98722,40.6073],[-73.97299,40.60881],[-73.97399,40.61404],[-73.97528,40.62085],[-73.97529,40.62086],[-73.9777,40.61741]]]}},{"type":"Feature","properties":{"id":"bergen-beach-brooklyn","name":"Bergen Beach","borough":"Brooklyn"},"geometry":{"type":"Polygon","coordinates":[[[-73.90899,40.61697],[-73.90884,40.61731],[-73.90799,40.61718],[-73.908,40.61696],[-73.90767,40.61691],[-73.90724,40.61655],[-73.90723,40.61635],[-73.90697,40.61606],[-73.90587,40.61506],[-73.90271,40.61225],[-73.90204,40.61176],[-73.90164,40.61185],[-73.90135,40.61165],[-73.90148,40.61138],[-73.90141,40.61109],[-73.90118,40.61099],[-73.90034,40.60999],[-73.90042,40.60948],[-73.90062,40.60926],[-73.90061,40.60861],[-73.90078,40.60754],[-73.9011,40.60701],[-73.90078,40.60637],[-73.90064,40.60629],[-73.90014,40.60561],[-73.89944,40.6056],[-73.8985,40.6053],[-73.89737,40.60558],[-73.89676,40.60563],[-73.89563,40.60595],[-73.89489,40.60639],[-73.89427,40.60644],[-73.89333,40.60676],[-73.89311,40.60705],[-73.89273,40.60723],[-73.89253,40.60775],[-73.89247,40.60819],[-73.89224,40.60841],[-73.89242,40.60855],[-73.89223,40.6091],[-73.89192,40.60947],[-73.8917,40.60933],[-73.89103,40.60982],[-73.89059,40.61007],[-73.89015,40.61047],[-73.88978,40.61096],[-73.8897,40.61156],[-73.88979,40.61169],[-73.8907,40.61217],[-73.89211,40.61154],[-73.89274,40.61135],[-73.89355,40.611],[-73.89394,40.61118],[-73.89404,40.61143],[-73.89321,40.61174],[-73.89275,40.61173],[-73.89226,40.61199],[-73.8921,40.61196],[-73.89137,40.61215],[-73.89104,40.61251],[-73.89095,40.61283],[-73.89134,40.61326],[-73.89197,40.6136],[-73.8925,40.61379],[-73.89315,40.61389],[-73.89402,40.61384],[-73.89445,40.61393],[-73.89546,40.61443],[-73.89585,40.6145],[-73.89603,40.6148],[-73.89573,40.61489],[-73.89599,40.61545],[-73.89646,40.61614],[-73.89645,40.61677],[-73.89662,40.61713],[-73.89662,40.61749],[-73.89634,40.61816],[-73.89608,40.61838],[-73.89601,40.61878],[-73.89561,40.6198],[-73.89572,40.62021],[-73.89608,40.62053],[-73.89645,40.62141],[-73.89705,40.62168],[-73.8974,40.62168],[-73.89811,40.62185],[-73.89859,40.62178],[-73.89977,40.62179],[-73.90032,40.62164],[-73.90064,40.62177],[-73.90085,40.62248],[-73.90111,40.62276],[-73.90187,40.62296],[-73.90214,40.62329],[-73.90733,40.61994],[-73.90876,40.61903],[-73.9098,40.61831],[-73.91031,40.61777],[-73.90971,40.6173],[-73.90915,40.61712],[-73.90899,40.61697]]]}},{"type":"Feature","properties":{"id":"bloomfield-staten-island","name":"Bloomfield","borough":"Staten Island"},"geometry":{"type":"Polygon","coordinates":[[[-74.16878,40.62122],[-74.16888,40.62113],[-74.17324,40.62188],[-74.17603,40.62348],[-74.17769,40.62513],[-74.19539,40.63519],[-74.19558,40.635],[-74.19588,40.63507],[-74.1962,40.63473],[-74.19621,40.63424],[-74.1965,40.6339],[-74.19688,40.63376],[-74.19674,40.63345],[-74.19734,40.633],[-74.1979,40.63294],[-74.19817,40.63271],[-74.19851,40.63278],[-74.20007,40.63158],[-74.20031,40.63088],[-74.20048,40.62966],[-74.20075,40.62959],[-74.20099,40.62934],[-74.20142,40.62607],[-74.2011,40.626],[-74.20098,40.6254],[-74.20114,40.62436],[-74.20108,40.62408],[-74.2016,40.62346],[-74.20155,40.6227],[-74.20132,40.62252],[-74.20123,40.62207],[-74.20133,40.62165],[-74.20099,40.62078],[-74.20085,40.62058],[-74.20043,40.62048],[-74.20051,40.6203],[-74.201,40.6204],[-74.20104,40.6201],[-74.20071,40.61929],[-74.20077,40.61874],[-74.20057,40.61867],[-74.20035,40.61834],[-74.20044,40.61808],[-74.20091,40.61784],[-74.20083,40.61709],[-74.20059,40.61703],[-74.20045,40.61633],[-74.20021,40.61612],[-74.19931,40.61608],[-74.19891,40.616],[-74.19833,40.61577],[-74.19752,40.61534],[-74.19728,40.615],[-74.19697,40.61479],[-74.19684,40.61434],[-74.19648,40.61366],[-74.1966,40.61256],[-74.19668,40.61223],[-74.19725,40.61127],[-74.19774,40.61094],[-74.19791,40.61062],[-74.1987,40.60976],[-74.19913,40.60872],[-74.19924,40.60815],[-74.1993,40.60705],[-74.19912,40.6065],[-74.19881,40.60617],[-74.19855,40.60605],[-74.19824,40.60523],[-74.19783,40.60486],[-74.19762,40.60443],[-74.19776,40.60409],[-74.19864,40.60539],[-74.19923,40.6062],[-74.19951,40.60674],[-74.19973,40.60785],[-74.19952,40.6091],[-74.19857,40.61086],[-74.19795,40.61153],[-74.19756,40.61204],[-74.19725,40.61293],[-74.19724,40.61357],[-74.19748,40.61435],[-74.19798,40.61483],[-74.1987,40.61502],[-74.19946,40.61492],[-74.20038,40.61466],[-74.20136,40.61493],[-74.20244,40.61328],[-74.2023,40.61188],[-74.20267,40.60983],[-74.20282,40.60827],[-74.20222,40.60597],[-74.20139,40.60464],[-74.20015,40.60368],[-74.19918,40.60236],[-74.19876,40.60171],[-74.19838,40.60086],[-74.19791,40.60134],[-74.19773,40.60171],[-74.19742,40.60205],[-74.19709,40.60211],[-74.19621,40.60186],[-74.19511,40.60072],[-74.19437,40.60113],[-74.19299,40.60166],[-74.19051,40.60236],[-74.19011,40.60239],[-74.1894,40.60227],[-74.18638,40.60188],[-74.18584,40.6019],[-74.18473,40.60212],[-74.18404,40.60262],[-74.18238,40.60168],[-74.17824,40.59981],[-74.17586,40.60151],[-74.17464,40.60244],[-74.17272,40.60408],[-74.17132,40.60463],[-74.16982,40.60539],[-74.17062,40.60639],[-74.17067,40.60672],[-74.17053,40.60735],[-74.16996,40.60949],[-74.16951,40.61174],[-74.16903,40.61387],[-74.1686,40.61593],[-74.16846,40.61694],[-74.16825,40.61798],[-74.1676,40.62084],[-74.1676,40.62085],[-74.16799,40.621],[-74.16878,40.62122]]]}},{"type":"Feature","properties":{"id":"boerum-hill-brooklyn","name":"Boerum Hill","borough":"Brooklyn"},"geometry":{"type":"Polygon","coordinates":[[[-73.9784,40.68528],[-73.98119,40.68631],[-73.98623,40.68824],[-73.98893,40.68931],[-73.99054,40.68985],[-73.99211,40.6903],[-73.99246,40.6896],[-73.99337,40.68769],[-73.99389,40.68667],[-73.99396,40.68652],[-73.9939,40.68651],[-73.99131,40.68548],[-73.99128,40.68553],[-73.98987,40.68489],[-73.98914,40.6846],[-73.98873,40.68524],[-73.98657,40.6844],[-73.98702,40.68379],[-73.98418,40.68265],[-73.98056,40.68127],[-73.97954,40.68275],[-73.97839,40.68449],[-73.97809,40.68481],[-73.9784,40.68528]]]}},{"type":"Feature","properties":{"id":"borough-park-brooklyn","name":"Borough Park","borough":"Brooklyn"},"geometry":{"type":"Polygon","coordinates":[[[-73.98913,40.64409],[-73.99368,40.64685],[-74.00242,40.63847],[-74.00311,40.63812],[-74.01025,40.63108],[-74.00982,40.63081],[-73.99933,40.62466],[-73.99812,40.62582],[-73.99633,40.62755],[-73.98946,40.6234],[-73.97844,40.61673],[-73.9777,40.61741],[-73.97528,40.62085],[-73.9765,40.62731],[-73.97673,40.62748],[-73.97727,40.62783],[-73.97985,40.62945],[-73.97815,40.6303],[-73.97839,40.63177],[-73.9792,40.63594],[-73.97968,40.63848],[-73.98193,40.63981],[-73.98795,40.64348],[-73.98913,40.64409]]]}},{"type":"Feature","properties":{"id":"breezy-point-queens","name":"Breezy Point","borough":"Queens"},"geometry":{"type":"Polygon","coordinates":[[[-73.9101,40.56487],[-73.91032,40.56497],[-73.91145,40.5651],[-73.91188,40.56499],[-73.9122,40.56505],[-73.91313,40.56464],[-73.91387,40.56461],[-73.91519,40.56409],[-73.9165,40.56334],[-73.91766,40.56283],[-73.9191,40.56247],[-73.92108,40.56208],[-73.92329,40.56209],[-73.92421,40.562],[-73.9253,40.56181],[-73.92616,40.56155],[-73.92775,40.56044],[-73.92879,40.55993],[-73.93178,40.5579],[-73.93266,40.55749],[-73.93314,40.55736],[-73.93397,40.55728],[-73.93447,40.55732],[-73.9353,40.55724],[-73.93609,40.55706],[-73.93684,40.55678],[-73.93866,40.55568],[-73.93912,40.55516],[-73.93951,40.55461],[-73.94006,40.55344],[-73.94025,40.55262],[-73.9403,40.55199],[-73.94026,40.55137],[-73.94008,40.55055],[-73.94013,40.54952],[-73.94013,40.54801],[-73.94074,40.54183],[-73.94056,40.54186],[-73.94047,40.54286],[-73.93947,40.54305],[-73.93836,40.54347],[-73.9374,40.54397],[-73.93645,40.54439],[-73.93545,40.54476],[-73.93408,40.54517],[-73.93257,40.54569],[-73.93055,40.54643],[-73.92887,40.5471],[-73.92774,40.54763],[-73.92642,40.54816],[-73.91948,40.55062],[-73.91867,40.551],[-73.91781,40.55128],[-73.91626,40.55197],[-73.91174,40.55371],[-73.90921,40.55467],[-73.9092,40.56076],[-73.9093,40.56097],[-73.91041,40.56278],[-73.91077,40.56347],[-73.91082,40.56373],[-73.9101,40.56487]]]}},{"type":"Feature","properties":{"id":"briarwood-queens","name":"Briarwood","borough":"Queens"},"geometry":{"type":"Polygon","coordinates":[[[-73.80796,40.71632],[-73.80909,40.71998],[-73.80955,40.71983],[-73.81447,40.71848],[-73.81669,40.71786],[-73.81767,40.71761],[-73.81882,40.7174],[-73.82128,40.71736],[-73.82283,40.71745],[-73.82336,40.71745],[-73.82504,40.71731],[-73.82589,40.7173],[-73.82685,40.71745],[-73.82725,40.71704],[-73.82633,40.71627],[-73.82631,40.71574],[-73.82631,40.71555],[-73.82629,40.71502],[-73.82582,40.71478],[-73.82011,40.70901],[-73.81911,40.70806],[-73.81727,40.70402],[-73.81579,40.70413],[-73.81494,40.70431],[-73.81299,40.70488],[-73.81191,40.70517],[-73.80878,40.70607],[-73.80389,40.70745],[-73.80279,40.70777],[-73.80326,40.7084],[-73.80372,40.70876],[-73.80462,40.70918],[-73.80524,40.70974],[-73.80616,40.71107],[-73.80635,40.7115],[-73.80674,40.71325],[-73.80701,40.71377],[-73.80751,40.71454],[-73.80784,40.7159],[-73.80784,40.71591],[-73.80796,40.71632]]]}},{"type":"Feature","properties":{"id":"brighton-beach-brooklyn","name":"Brighton Beach","borough":"Brooklyn"},"geometry":{"type":"Polygon","coordinates":[[[-73.95318,40.58201],[-73.9533,40.582],[-73.95349,40.58299],[-73.9533,40.583],[-73.95656,40.5848],[-73.96025,40.58444],[-73.96632,40.58385],[-73.96683,40.58377],[-73.96708,40.58267],[-73.96767,40.58012],[-73.96816,40.57807],[-73.96838,40.57704],[-73.96851,40.5765],[-73.96855,40.57634],[-73.96902,40.57451],[-73.96938,40.57308],[-73.9692,40.57296],[-73.96856,40.57313],[-73.96753,40.57319],[-73.9672,40.57333],[-73.96602,40.57339],[-73.96211,40.57371],[-73.96091,40.57387],[-73.95983,40.57393],[-73.95939,40.57391],[-73.95907,40.57385],[-73.95843,40.57409],[-73.9572,40.57419],[-73.95647,40.57414],[-73.95621,40.57427],[-73.95514,40.57437],[-73.9544,40.57437],[-73.95401,40.57424],[-73.95335,40.57429],[-73.9534,40.57446],[-73.95387,40.57699],[-73.95427,40.57881],[-73.9546,40.58014],[-73.95506,40.58164],[-73.95499,40.58207],[-73.9544,40.58179],[-73.95381,40.58174],[-73.95327,40.58179],[-73.95318,40.58201]]]}},{"type":"Feature","properties":{"id":"broad-channel-queens","name":"Broad Channel","borough":"Queens"},"geometry":{"type":"Polygon","coordinates":[[[-73.81748,40.60308],[-73.81725,40.60394],[-73.81739,40.60516],[-73.81643,40.60522],[-73.81589,40.60603],[-73.81601,40.60619],[-73.81562,40.6067],[-73.81523,40.60705],[-73.81496,40.60764],[-73.81476,40.60846],[-73.81477,40.60885],[-73.81492,40.60906],[-73.81521,40.60982],[-73.8145,40.61074],[-73.81461,40.61093],[-73.81504,40.61072],[-73.8154,40.61038],[-73.8156,40.61067],[-73.81564,40.6112],[-73.81582,40.6116],[-73.81586,40.61202],[-73.81603,40.61237],[-73.81616,40.61294],[-73.81547,40.61334],[-73.81504,40.61298],[-73.8148,40.61319],[-73.815,40.61358],[-73.8155,40.61404],[-73.81504,40.61431],[-73.81468,40.61398],[-73.81416,40.61429],[-73.81408,40.61456],[-73.81444,40.61475],[-73.81472,40.6145],[-73.81507,40.61448],[-73.81555,40.61431],[-73.81643,40.61428],[-73.81657,40.61454],[-73.81653,40.61495],[-73.81712,40.61528],[-73.81717,40.61584],[-73.81752,40.6164],[-73.8176,40.61698],[-73.81776,40.61731],[-73.81745,40.61811],[-73.81744,40.61892],[-73.81866,40.61954],[-73.8198,40.61959],[-73.82141,40.6192],[-73.82216,40.61896],[-73.82338,40.61841],[-73.82469,40.6176],[-73.82598,40.61657],[-73.82723,40.61536],[-73.82771,40.61437],[-73.82732,40.614],[-73.8277,40.61388],[-73.82737,40.61342],[-73.82704,40.6134],[-73.82663,40.61375],[-73.82635,40.61379],[-73.82594,40.61416],[-73.82556,40.61413],[-73.82526,40.61376],[-73.82521,40.61349],[-73.82469,40.61308],[-73.82461,40.61291],[-73.82474,40.61255],[-73.82445,40.61234],[-73.8241,40.61233],[-73.82395,40.61185],[-73.824,40.61163],[-73.82345,40.61109],[-73.82319,40.61094],[-73.82289,40.61034],[-73.82254,40.61023],[-73.82197,40.61026],[-73.82151,40.61003],[-73.82064,40.61041],[-73.82063,40.61053],[-73.82121,40.6109],[-73.82126,40.61131],[-73.82099,40.61169],[-73.82108,40.6119],[-73.82088,40.61226],[-73.82058,40.61223],[-73.82052,40.61195],[-73.81962,40.61048],[-73.81981,40.60983],[-73.81998,40.60956],[-73.82003,40.60892],[-73.8209,40.60778],[-73.82089,40.60764],[-73.82126,40.60714],[-73.82126,40.607],[-73.82168,40.60682],[-73.82211,40.60647],[-73.82236,40.60647],[-73.8229,40.60585],[-73.82248,40.60558],[-73.82253,40.60524],[-73.8229,40.60469],[-73.82278,40.60453],[-73.82294,40.60258],[-73.82307,40.60234],[-73.82362,40.60229],[-73.82368,40.60204],[-73.8235,40.60177],[-73.82399,40.601],[-73.82445,40.6008],[-73.82444,40.60034],[-73.82172,40.60013],[-73.82194,40.5998],[-73.82256,40.59994],[-73.82303,40.59993],[-73.82377,40.60004],[-73.82379,40.59985],[-73.82422,40.59907],[-73.82396,40.59888],[-73.82427,40.59836],[-73.82474,40.59813],[-73.82508,40.59821],[-73.82563,40.59861],[-73.82608,40.59945],[-73.82697,40.59867],[-73.82722,40.59833],[-73.82785,40.598],[-73.82806,40.59768],[-73.82838,40.59765],[-73.82833,40.59727],[-73.82792,40.59715],[-73.82732,40.59603],[-73.82762,40.59569],[-73.82743,40.5953],[-73.82668,40.59546],[-73.82558,40.59532],[-73.82548,40.59508],[-73.82414,40.59463],[-73.8234,40.59461],[-73.82196,40.59475],[-73.8212,40.59471],[-73.82093,40.59511],[-73.82067,40.5952],[-73.8206,40.5956],[-73.82044,40.59578],[-73.82053,40.5962],[-73.82016,40.59687],[-73.81928,40.59753],[-73.81849,40.59939],[-73.81831,40.60134],[-73.8178,40.6021],[-73.81748,40.60308]],[[-73.82196,40.61775],[-73.82096,40.61778],[-73.8206,40.61796],[-73.82025,40.61779],[-73.81998,40.61721],[-73.82024,40.61659],[-73.82049,40.61648],[-73.8213,40.61664],[-73.82207,40.61742],[-73.82196,40.61775]]]}},{"type":"Feature","properties":{"id":"brooklyn-heights-brooklyn","name":"Brooklyn Heights","borough":"Brooklyn"},"geometry":{"type":"MultiPolygon","coordinates":[[[[-73.99535,40.70346],[-73.99545,40.70328],[-73.99505,40.70313],[-73.99514,40.70297],[-73.99619,40.70338],[-73.99814,40.70152],[-73.9978,40.70132],[-73.99682,40.70099],[-73.9967,40.70088],[-73.99724,40.70014],[-73.99716,40.69979],[-73.9975,40.69964],[-73.99947,40.70032],[-74.00002,40.69947],[-73.99802,40.69876],[-73.99838,40.69806],[-73.99887,40.69716],[-73.99947,40.6967],[-73.99941,40.69636],[-74.00027,40.69497],[-74.0024,40.69571],[-74.00301,40.69478],[-74.00096,40.69407],[-74.00127,40.6933],[-74.00345,40.69405],[-74.00399,40.69323],[-73.99904,40.6915],[-73.99786,40.69116],[-73.99395,40.69001],[-73.99246,40.6896],[-73.99211,40.6903],[-73.99111,40.6922],[-73.99081,40.69288],[-73.99045,40.69386],[-73.99053,40.69433],[-73.99072,40.69486],[-73.99137,40.69693],[-73.99141,40.69737],[-73.99142,40.69867],[-73.99132,40.69914],[-73.99093,40.70003],[-73.99071,40.70041],[-73.99034,40.70084],[-73.99139,40.70164],[-73.992,40.70164],[-73.99305,40.70232],[-73.995,40.70316],[-73.99535,40.70346]]],[[[-73.99838,40.69806],[-74.00049,40.69876],[-74.00105,40.69791],[-73.99887,40.69716],[-73.99838,40.69806]]]]}},{"type":"Feature","properties":{"id":"brownsville-brooklyn","name":"Brownsville","borough":"Brooklyn"},"geometry":{"type":"Polygon","coordinates":[[[-73.89983,40.65733],[-73.8996,40.65868],[-73.8996,40.65934],[-73.89973,40.66012],[-73.90001,40.66131],[-73.90096,40.66517],[-73.90141,40.66669],[-73.90174,40.66813],[-73.90334,40.67442],[-73.90362,40.67537],[-73.90362,40.67538],[-73.90438,40.67514],[-73.90473,40.67496],[-73.90546,40.67463],[-73.90563,40.67455],[-73.90707,40.67392],[-73.91343,40.67116],[-73.91788,40.66922],[-73.92046,40.66812],[-73.92147,40.66766],[-73.92435,40.66642],[-73.92433,40.6664],[-73.92354,40.66562],[-73.92229,40.66455],[-73.92029,40.66276],[-73.91908,40.66163],[-73.91796,40.66049],[-73.91644,40.65915],[-73.91435,40.65727],[-73.91049,40.65383],[-73.90923,40.65265],[-73.90807,40.65161],[-73.90753,40.6512],[-73.90653,40.65184],[-73.90528,40.65256],[-73.90402,40.65347],[-73.90163,40.65494],[-73.90099,40.65543],[-73.90006,40.65654],[-73.89989,40.65684],[-73.89983,40.65733]]]}},{"type":"Feature","properties":{"id":"bulls-head-staten-island","name":"Bulls Head","borough":"Staten Island"},"geometry":{"type":"Polygon","coordinates":[[[-74.16207,40.59653],[-74.16252,40.59876],[-74.16281,40.60033],[-74.16317,40.60168],[-74.16317,40.60208],[-74.16302,40.6026],[-74.16241,40.60424],[-74.16223,40.60517],[-74.16234,40.60721],[-74.16012,40.60746],[-74.15495,40.60867],[-74.15437,40.6089],[-74.15453,40.60969],[-74.15365,40.61218],[-74.15364,40.6123],[-74.15505,40.6134],[-74.15601,40.61419],[-74.15867,40.61615],[-74.15977,40.61692],[-74.16195,40.61822],[-74.16324,40.61891],[-74.16504,40.61978],[-74.16682,40.62053],[-74.1676,40.62085],[-74.1676,40.62084],[-74.16825,40.61798],[-74.16846,40.61694],[-74.1686,40.61593],[-74.16903,40.61387],[-74.16951,40.61174],[-74.16996,40.60949],[-74.17053,40.60735],[-74.17067,40.60672],[-74.17062,40.60639],[-74.16982,40.60539],[-74.17132,40.60463],[-74.17272,40.60408],[-74.17464,40.60244],[-74.17586,40.60151],[-74.17824,40.59981],[-74.17805,40.59852],[-74.17629,40.59777],[-74.17153,40.59484],[-74.16721,40.59248],[-74.16609,40.59239],[-74.16432,40.59314],[-74.1618,40.59526],[-74.16207,40.59653]]]}},{"type":"Feature","properties":{"id":"bushwick-brooklyn","name":"Bushwick","borough":"Brooklyn"},"geometry":{"type":"Polygon","coordinates":[[[-73.92122,40.70886],[-73.92143,40.70868],[-73.92522,40.70547],[-73.93624,40.70159],[-73.94094,40.70086],[-73.94133,40.70081],[-73.92776,40.69278],[-73.92425,40.69071],[-73.91801,40.68702],[-73.90435,40.67894],[-73.90266,40.68067],[-73.90095,40.67975],[-73.90058,40.67965],[-73.89946,40.67953],[-73.89868,40.6796],[-73.89802,40.6798],[-73.89733,40.68023],[-73.89709,40.68046],[-73.89687,40.68088],[-73.89676,40.68175],[-73.8965,40.68245],[-73.90099,40.68762],[-73.90033,40.68787],[-73.90108,40.68923],[-73.9018,40.69073],[-73.90124,40.69144],[-73.90175,40.69168],[-73.90213,40.69184],[-73.90364,40.69279],[-73.90585,40.69407],[-73.90442,40.69567],[-73.90479,40.69599],[-73.90506,40.69602],[-73.90556,40.69643],[-73.90619,40.6968],[-73.90645,40.69687],[-73.90752,40.69755],[-73.90801,40.69776],[-73.91098,40.69954],[-73.91165,40.69991],[-73.91058,40.701],[-73.91206,40.70191],[-73.91272,40.70236],[-73.91206,40.70345],[-73.9134,40.70432],[-73.91481,40.7052],[-73.91553,40.70558],[-73.91627,40.70611],[-73.91785,40.70685],[-73.91939,40.70769],[-73.92009,40.70825],[-73.92089,40.70866],[-73.92122,40.70886]]]}},{"type":"Feature","properties":{"id":"butler-manor-staten-island","name":"Butler Manor","borough":"Staten Island"},"geometry":{"type":"Polygon","coordinates":[[[-74.22347,40.51317],[-74.2253,40.5129],[-74.22624,40.51241],[-74.22686,40.51199],[-74.23034,40.5111],[-74.23118,40.51095],[-74.23113,40.51078],[-74.23255,40.5106],[-74.23272,40.51102],[-74.23415,40.51077],[-74.235,40.51059],[-74.23628,40.51038],[-74.23581,40.50897],[-74.23536,40.5075],[-74.23434,40.50453],[-74.23321,40.50131],[-74.2331,40.50109],[-74.23185,40.50162],[-74.23124,40.50183],[-74.23054,40.50195],[-74.23034,40.50185],[-74.22972,40.50209],[-74.22844,40.50226],[-74.22729,40.5023],[-74.22675,40.50225],[-74.2257,40.5019],[-74.22507,40.50176],[-74.22444,40.50196],[-74.22399,40.50222],[-74.22333,40.50232],[-74.22276,40.50253],[-74.22205,40.5026],[-74.22148,40.50258],[-74.22171,40.50921],[-74.22347,40.51317]]]}},{"type":"Feature","properties":{"id":"cambria-heights-queens","name":"Cambria Heights","borough":"Queens"},"geometry":{"type":"Polygon","coordinates":[[[-73.72585,40.68347],[-73.7258,40.68428],[-73.72587,40.68533],[-73.72596,40.68568],[-73.72595,40.68644],[-73.72616,40.68845],[-73.72638,40.68944],[-73.72626,40.69062],[-73.7265,40.69689],[-73.72654,40.69898],[-73.72664,40.70082],[-73.7294,40.70086],[-73.73096,40.70093],[-73.73487,40.70103],[-73.73909,40.70118],[-73.7407,40.70126],[-73.74075,40.70117],[-73.74155,40.70118],[-73.74217,40.69995],[-73.74275,40.69872],[-73.74327,40.6974],[-73.7439,40.69545],[-73.74427,40.69438],[-73.74447,40.69393],[-73.74475,40.69343],[-73.74489,40.69322],[-73.74487,40.69322],[-73.7441,40.69203],[-73.74231,40.68953],[-73.7413,40.68807],[-73.7411,40.68785],[-73.73745,40.68669],[-73.73396,40.68564],[-73.73167,40.68493],[-73.72747,40.68368],[-73.72585,40.68347]]]}},{"type":"Feature","properties":{"id":"canarsie-brooklyn","name":"Canarsie","borough":"Brooklyn"},"geometry":{"type":"MultiPolygon","coordinates":[[[[-73.91749,40.63143],[-73.91739,40.63161],[-73.91673,40.63201],[-73.91618,40.63207],[-73.9159,40.63195],[-73.91476,40.63114],[-73.91322,40.63047],[-73.91159,40.62967],[-73.91066,40.62929],[-73.90911,40.62856],[-73.90825,40.62825],[-73.90413,40.62631],[-73.9037,40.62622],[-73.89755,40.62349],[-73.89646,40.62302],[-73.89556,40.62254],[-73.89519,40.6225],[-73.89395,40.62319],[-73.89327,40.62341],[-73.89301,40.62336],[-73.89149,40.62448],[-73.89042,40.62628],[-73.88828,40.62789],[-73.88753,40.62833],[-73.88653,40.62865],[-73.88601,40.62865],[-73.88572,40.62845],[-73.88513,40.62883],[-73.88369,40.62756],[-73.88263,40.62827],[-73.88405,40.62956],[-73.88345,40.62991],[-73.88377,40.63022],[-73.88364,40.63094],[-73.88301,40.63163],[-73.88216,40.63201],[-73.88198,40.63217],[-73.88127,40.63237],[-73.88038,40.63298],[-73.87999,40.63351],[-73.87937,40.63391],[-73.8789,40.63412],[-73.87821,40.63457],[-73.87794,40.63502],[-73.87749,40.63539],[-73.87714,40.63598],[-73.87781,40.63688],[-73.87842,40.63746],[-73.87858,40.63752],[-73.87838,40.6379],[-73.87853,40.63817],[-73.87887,40.63844],[-73.87935,40.63818],[-73.87954,40.63822],[-73.88055,40.63916],[-73.88079,40.63976],[-73.8819,40.64083],[-73.88252,40.64135],[-73.88374,40.64245],[-73.88475,40.64315],[-73.88624,40.64382],[-73.88637,40.64414],[-73.88675,40.64449],[-73.88737,40.64522],[-73.88809,40.64621],[-73.8881,40.64664],[-73.8885,40.64666],[-73.88854,40.64697],[-73.88864,40.64708],[-73.8889,40.64722],[-73.88941,40.64713],[-73.89024,40.64792],[-73.8911,40.64881],[-73.8911,40.64925],[-73.89156,40.64968],[-73.89252,40.64888],[-73.89548,40.6516],[-73.89664,40.65255],[-73.89784,40.65373],[-73.898,40.6542],[-73.89882,40.65745],[-73.89983,40.65733],[-73.89989,40.65684],[-73.90006,40.65654],[-73.90099,40.65543],[-73.90163,40.65494],[-73.90402,40.65347],[-73.90528,40.65256],[-73.90653,40.65184],[-73.90753,40.6512],[-73.91021,40.64954],[-73.91279,40.64783],[-73.91455,40.64654],[-73.91709,40.64492],[-73.91884,40.64354],[-73.91977,40.64278],[-73.91976,40.64263],[-73.91889,40.63494],[-73.9187,40.63317],[-73.91854,40.63197],[-73.91766,40.63142],[-73.91749,40.63143]]],[[[-73.88854,40.64697],[-73.88818,40.64703],[-73.88844,40.64736],[-73.88864,40.64708],[-73.88854,40.64697]]]]}},{"type":"Feature","properties":{"id":"carroll-gardens-brooklyn","name":"Carroll Gardens","borough":"Brooklyn"},"geometry":{"type":"Polygon","coordinates":[[[-73.99891,40.67252],[-73.99854,40.67316],[-73.99602,40.67841],[-73.99553,40.67924],[-73.99477,40.68039],[-73.99377,40.68184],[-73.99131,40.68548],[-73.9939,40.68651],[-73.99396,40.68652],[-73.99405,40.68631],[-73.99531,40.68365],[-74.00063,40.68512],[-74.00349,40.67924],[-74.00352,40.67918],[-74.00026,40.67505],[-73.99891,40.67252]]]}},{"type":"Feature","properties":{"id":"castle-hill-bronx","name":"Castle Hill","borough":"Bronx"},"geometry":{"type":"Polygon","coordinates":[[[-73.86264,40.83291],[-73.85983,40.82626],[-73.85881,40.82406],[-73.85821,40.82192],[-73.85813,40.8213],[-73.85741,40.81816],[-73.85681,40.81566],[-73.85572,40.8158],[-73.85507,40.81437],[-73.85347,40.8138],[-73.85296,40.81377],[-73.85266,40.81396],[-73.85265,40.81434],[-73.85159,40.8143],[-73.8506,40.81393],[-73.85041,40.81358],[-73.84939,40.81324],[-73.84876,40.8129],[-73.84821,40.81246],[-73.8477,40.81146],[-73.84747,40.8109],[-73.8472,40.81058],[-73.84689,40.81052],[-73.84617,40.81068],[-73.84577,40.81158],[-73.84528,40.81178],[-73.84476,40.81298],[-73.84439,40.81365],[-73.84418,40.81433],[-73.84377,40.81514],[-73.84374,40.81532],[-73.84317,40.81605],[-73.84306,40.81656],[-73.84238,40.81749],[-73.84209,40.81806],[-73.84213,40.81846],[-73.84199,40.81877],[-73.84104,40.81923],[-73.84062,40.81955],[-73.84029,40.81963],[-73.84,40.81993],[-73.8401,40.82032],[-73.83988,40.8209],[-73.83983,40.82157],[-73.84002,40.82219],[-73.84042,40.823],[-73.84042,40.82327],[-73.8417,40.82577],[-73.84232,40.82718],[-73.84246,40.82737],[-73.84272,40.82828],[-73.84303,40.82893],[-73.84311,40.82979],[-73.8427,40.83075],[-73.84276,40.83082],[-73.84221,40.83155],[-73.84182,40.83173],[-73.84018,40.83304],[-73.83992,40.83332],[-73.83959,40.83404],[-73.83941,40.8346],[-73.83955,40.83486],[-73.8397,40.83558],[-73.83979,40.83562],[-73.84,40.83825],[-73.84007,40.83875],[-73.84027,40.83921],[-73.8403,40.83952],[-73.83984,40.83956],[-73.83998,40.84057],[-73.84025,40.84124],[-73.84216,40.84041],[-73.84949,40.83441],[-73.8516,40.83414],[-73.85776,40.8335],[-73.86264,40.83291]]]}},{"type":"Feature","properties":{"id":"castleton-corners-staten-island","name":"Castleton Corners","borough":"Staten Island"},"geometry":{"type":"Polygon","coordinates":[[[-74.11807,40.61833],[-74.11823,40.61869],[-74.11909,40.62012],[-74.11947,40.62107],[-74.11967,40.62174],[-74.12012,40.62165],[-74.12047,40.62204],[-74.12159,40.62298],[-74.12278,40.62602],[-74.12308,40.62737],[-74.12526,40.62692],[-74.13134,40.62615],[-74.13151,40.62574],[-74.13201,40.62425],[-74.13207,40.62298],[-74.13204,40.62246],[-74.1315,40.61926],[-74.13121,40.61717],[-74.13094,40.61487],[-74.13074,40.61281],[-74.13058,40.61257],[-74.1302,40.61244],[-74.13003,40.61042],[-74.12998,40.6099],[-74.12993,40.60935],[-74.12985,40.6085],[-74.12806,40.60859],[-74.1271,40.60863],[-74.12362,40.60936],[-74.11922,40.61027],[-74.11856,40.61041],[-74.11885,40.61134],[-74.11919,40.61332],[-74.11828,40.61342],[-74.11878,40.6171],[-74.11764,40.61719],[-74.11776,40.61765],[-74.11807,40.61833]]]}},{"type":"Feature","properties":{"id":"charleston-staten-island","name":"Charleston","borough":"Staten Island"},"geometry":{"type":"Polygon","coordinates":[[[-74.22407,40.54085],[-74.23015,40.54419],[-74.23622,40.55242],[-74.2365,40.55221],[-74.23616,40.55143],[-74.23629,40.55069],[-74.2365,40.55043],[-74.23771,40.55004],[-74.23815,40.54939],[-74.23853,40.54902],[-74.23877,40.54894],[-74.23939,40.54836],[-74.24039,40.54766],[-74.2418,40.547],[-74.24223,40.54695],[-74.24294,40.54711],[-74.24364,40.54767],[-74.24614,40.5457],[-74.24762,40.54351],[-74.24768,40.54313],[-74.24651,40.54223],[-74.24621,40.54184],[-74.24605,40.54137],[-74.2456,40.54095],[-74.24545,40.54052],[-74.24539,40.53953],[-74.24511,40.53894],[-74.24468,40.5385],[-74.24443,40.53794],[-74.24494,40.53725],[-74.24526,40.53715],[-74.24535,40.53693],[-74.24494,40.53666],[-74.24473,40.53688],[-74.24422,40.53693],[-74.24398,40.53655],[-74.24411,40.53618],[-74.24373,40.53611],[-74.24332,40.53564],[-74.24296,40.53541],[-74.24264,40.5348],[-74.24222,40.53462],[-74.24205,40.53437],[-74.24196,40.53363],[-74.24228,40.53339],[-74.24218,40.53258],[-74.24181,40.53256],[-74.24167,40.53192],[-74.24172,40.53161],[-74.24153,40.53147],[-74.2415,40.53108],[-74.24169,40.53057],[-74.24225,40.52982],[-74.24221,40.52938],[-74.24239,40.529],[-74.24251,40.52845],[-74.24289,40.5282],[-74.24294,40.5278],[-74.24289,40.5273],[-74.24334,40.52585],[-74.24397,40.52498],[-74.24052,40.52518],[-74.23843,40.52523],[-74.23589,40.52548],[-74.23369,40.52562],[-74.23161,40.52579],[-74.22889,40.52592],[-74.22848,40.52595],[-74.22707,40.52632],[-74.22639,40.5272],[-74.226,40.5284],[-74.22545,40.52948],[-74.22451,40.53069],[-74.22406,40.53182],[-74.22411,40.53226],[-74.22462,40.53705],[-74.22407,40.54085]]]}},{"type":"Feature","properties":{"id":"chelsea-manhattan","name":"Chelsea","borough":"Manhattan"},"geometry":{"type":"Polygon","coordinates":[[[-73.98768,40.74976],[-73.99024,40.75083],[-73.99347,40.75218],[-73.99349,40.75219],[-73.99914,40.75459],[-73.99915,40.7546],[-74.00107,40.7521],[-74.00732,40.75469],[-74.00762,40.75428],[-74.00848,40.75202],[-74.00906,40.75221],[-74.00914,40.7521],[-74.00853,40.75188],[-74.009,40.75065],[-74.00979,40.75099],[-74.01002,40.75075],[-74.0091,40.75037],[-74.00925,40.74999],[-74.00956,40.74997],[-74.00995,40.74893],[-74.01108,40.74905],[-74.01117,40.74865],[-74.00895,40.74841],[-74.00906,40.74779],[-74.01127,40.74801],[-74.01136,40.74759],[-74.00914,40.74736],[-74.00924,40.74676],[-74.01144,40.74699],[-74.01153,40.74657],[-74.00936,40.74634],[-74.00946,40.74575],[-74.01013,40.74586],[-74.01163,40.74598],[-74.01174,40.74552],[-74.00956,40.74529],[-74.00961,40.745],[-74.00873,40.74488],[-74.0089,40.74392],[-74.00944,40.74397],[-74.00951,40.74368],[-74.01198,40.74394],[-74.01212,40.74352],[-74.00958,40.74326],[-74.00962,40.74295],[-74.00909,40.74289],[-74.00915,40.74253],[-74.00876,40.74237],[-73.99684,40.73736],[-73.99664,40.73764],[-73.99608,40.73839],[-73.99187,40.74416],[-73.99141,40.7448],[-73.98768,40.74976]]]}},{"type":"Feature","properties":{"id":"chelsea-travis-staten-island","name":"Chelsea-Travis","borough":"Staten Island"},"geometry":{"type":"Polygon","coordinates":[[[-74.17824,40.59981],[-74.18238,40.60168],[-74.18404,40.60262],[-74.18473,40.60212],[-74.18584,40.6019],[-74.18638,40.60188],[-74.1894,40.60227],[-74.19011,40.60239],[-74.19051,40.60236],[-74.19299,40.60166],[-74.19437,40.60113],[-74.19511,40.60072],[-74.19621,40.60186],[-74.19709,40.60211],[-74.19769,40.60151],[-74.19789,40.60105],[-74.19806,40.60003],[-74.19744,40.59846],[-74.1973,40.59802],[-74.19751,40.59738],[-74.19751,40.5968],[-74.19795,40.59647],[-74.19801,40.59626],[-74.19843,40.59576],[-74.19873,40.59501],[-74.19902,40.59468],[-74.19947,40.59434],[-74.19936,40.59409],[-74.19994,40.59337],[-74.20033,40.5931],[-74.20043,40.59284],[-74.20093,40.59287],[-74.202,40.59178],[-74.20183,40.59161],[-74.20213,40.59124],[-74.20203,40.591],[-74.20247,40.59084],[-74.20389,40.58979],[-74.2037,40.5902],[-74.20386,40.59025],[-74.2042,40.58964],[-74.20441,40.58971],[-74.20465,40.58929],[-74.20432,40.58914],[-74.20413,40.58877],[-74.20427,40.58848],[-74.20455,40.58829],[-74.2044,40.58795],[-74.20426,40.58726],[-74.2042,40.58645],[-74.20428,40.58614],[-74.20412,40.58586],[-74.20434,40.58575],[-74.20444,40.58505],[-74.20436,40.58463],[-74.20463,40.58435],[-74.2044,40.58385],[-74.20454,40.58338],[-74.20476,40.5831],[-74.2047,40.58284],[-74.20497,40.58256],[-74.20513,40.58208],[-74.20507,40.58166],[-74.20544,40.58105],[-74.20572,40.58097],[-74.20576,40.58066],[-74.20599,40.58041],[-74.20593,40.57962],[-74.20373,40.58017],[-74.20236,40.5801],[-74.19865,40.57908],[-74.19551,40.57839],[-74.19363,40.57753],[-74.19149,40.57699],[-74.19087,40.57721],[-74.19028,40.57694],[-74.18937,40.5772],[-74.18966,40.57771],[-74.1904,40.58326],[-74.19007,40.58494],[-74.18872,40.58595],[-74.1863,40.58757],[-74.18535,40.58972],[-74.18354,40.59086],[-74.1836,40.59248],[-74.18233,40.59396],[-74.18138,40.59558],[-74.18024,40.5974],[-74.17805,40.59852],[-74.17824,40.59981]]]}},{"type":"Feature","properties":{"id":"chinatown-manhattan","name":"Chinatown","borough":"Manhattan"},"geometry":{"type":"Polygon","coordinates":[[[-73.99353,40.7124],[-73.99301,40.71433],[-73.99315,40.71482],[-73.99217,40.71661],[-73.99535,40.71769],[-73.995,40.71856],[-73.99645,40.71907],[-73.99676,40.71843],[-73.99779,40.71683],[-73.99883,40.71721],[-73.99923,40.7175],[-74.00077,40.7186],[-74.00296,40.71606],[-74.0031,40.71562],[-73.99818,40.71328],[-73.99832,40.71314],[-73.99958,40.71188],[-73.99962,40.71184],[-73.99353,40.7124]]]}},{"type":"Feature","properties":{"id":"city-island-bronx","name":"City Island","borough":"Bronx"},"geometry":{"type":"MultiPolygon","coordinates":[[[[-73.79123,40.85226],[-73.79117,40.85202],[-73.79016,40.85225],[-73.79008,40.85203],[-73.79046,40.85172],[-73.78973,40.85169],[-73.78951,40.8513],[-73.79012,40.85119],[-73.78989,40.85055],[-73.79002,40.85032],[-73.78976,40.84953],[-73.79025,40.84918],[-73.79089,40.84889],[-73.79124,40.84855],[-73.79136,40.84823],[-73.79127,40.8476],[-73.79142,40.84748],[-73.79148,40.8468],[-73.79096,40.84623],[-73.7905,40.84549],[-73.78991,40.8449],[-73.7896,40.8445],[-73.78935,40.84401],[-73.78934,40.84368],[-73.7898,40.84359],[-73.78962,40.84311],[-73.78906,40.84324],[-73.78884,40.843],[-73.78872,40.84266],[-73.78823,40.8422],[-73.78802,40.84178],[-73.78824,40.8415],[-73.7878,40.84144],[-73.78761,40.8412],[-73.78779,40.84089],[-73.78749,40.84084],[-73.78764,40.84053],[-73.7873,40.83967],[-73.78653,40.83972],[-73.78615,40.83959],[-73.78574,40.83923],[-73.78553,40.8388],[-73.78558,40.83793],[-73.78528,40.83776],[-73.78517,40.83747],[-73.78485,40.83747],[-73.78431,40.83681],[-73.7841,40.83673],[-73.78338,40.83691],[-73.78303,40.83635],[-73.78268,40.83648],[-73.7827,40.83684],[-73.78291,40.83732],[-73.78273,40.83749],[-73.78238,40.83732],[-73.78188,40.83765],[-73.782,40.83802],[-73.78172,40.83822],[-73.78133,40.83929],[-73.78136,40.83973],[-73.78154,40.84042],[-73.78154,40.84078],[-73.7818,40.84128],[-73.78187,40.84169],[-73.78222,40.8417],[-73.78237,40.842],[-73.78241,40.84245],[-73.78289,40.84249],[-73.78319,40.84287],[-73.7835,40.84373],[-73.78309,40.84387],[-73.78298,40.84468],[-73.78307,40.84506],[-73.78305,40.8455],[-73.7825,40.8456],[-73.78258,40.84594],[-73.78236,40.84598],[-73.78251,40.84641],[-73.78216,40.84661],[-73.78223,40.84685],[-73.78208,40.84713],[-73.78143,40.84746],[-73.78158,40.84804],[-73.7825,40.84791],[-73.78264,40.84807],[-73.78101,40.84842],[-73.78112,40.8485],[-73.78267,40.84814],[-73.78207,40.84847],[-73.78149,40.84858],[-73.78149,40.84872],[-73.78194,40.84893],[-73.78245,40.84934],[-73.78304,40.84907],[-73.78358,40.84927],[-73.7842,40.85006],[-73.78426,40.85025],[-73.78404,40.85064],[-73.78445,40.85077],[-73.78448,40.85107],[-73.78344,40.8514],[-73.78358,40.85157],[-73.78398,40.85153],[-73.78433,40.85178],[-73.78529,40.85162],[-73.78588,40.85179],[-73.78642,40.85214],[-73.78761,40.85311],[-73.788,40.85352],[-73.78793,40.85374],[-73.78721,40.85395],[-73.78727,40.85421],[-73.78817,40.85409],[-73.78848,40.8544],[-73.78829,40.8548],[-73.78843,40.85533],[-73.78836,40.85563],[-73.78854,40.85616],[-73.7889,40.85657],[-73.7887,40.85711],[-73.78881,40.85773],[-73.78877,40.85831],[-73.7891,40.85867],[-73.78934,40.8587],[-73.79005,40.85848],[-73.79044,40.85792],[-73.79079,40.85775],[-73.79129,40.85726],[-73.7916,40.85738],[-73.79184,40.85703],[-73.79171,40.85685],[-73.7921,40.85645],[-73.79201,40.85623],[-73.79231,40.85607],[-73.7925,40.85579],[-73.79208,40.85565],[-73.79129,40.85458],[-73.79134,40.85444],[-73.79192,40.85422],[-73.79179,40.854],[-73.79129,40.85388],[-73.79111,40.85326],[-73.79042,40.85302],[-73.79145,40.85277],[-73.79123,40.85226]]],[[[-73.78457,40.86053],[-73.78521,40.86038],[-73.78692,40.86027],[-73.78716,40.85957],[-73.7876,40.85887],[-73.78669,40.85869],[-73.78661,40.85904],[-73.78608,40.85927],[-73.78573,40.85921],[-73.78514,40.85879],[-73.78471,40.85914],[-73.78453,40.85966],[-73.78441,40.85973],[-73.78457,40.86053]]]]}},{"type":"Feature","properties":{"id":"civic-center-manhattan","name":"Civic Center","borough":"Manhattan"},"geometry":{"type":"Polygon","coordinates":[[[-74.0031,40.71562],[-74.00312,40.71557],[-74.00358,40.71407],[-74.00517,40.71252],[-74.00498,40.71238],[-74.00346,40.7113],[-74.00299,40.71158],[-74.00169,40.71165],[-73.99964,40.71184],[-73.9996,40.71187],[-73.99832,40.71314],[-73.99818,40.71328],[-74.0031,40.71562]]]}},{"type":"Feature","properties":{"id":"claremont-bronx","name":"Claremont","borough":"Bronx"},"geometry":{"type":"Polygon","coordinates":[[[-73.90706,40.83697],[-73.90141,40.83544],[-73.9014,40.83544],[-73.89663,40.84382],[-73.89665,40.84382],[-73.89671,40.84383],[-73.89932,40.84413],[-73.89937,40.84414],[-73.90266,40.84453],[-73.90281,40.84454],[-73.90456,40.84142],[-73.90705,40.83699],[-73.90706,40.83697]]]}},{"type":"Feature","properties":{"id":"clason-point-bronx","name":"Clason Point","borough":"Bronx"},"geometry":{"type":"Polygon","coordinates":[[[-73.87012,40.8138],[-73.86977,40.81342],[-73.86869,40.81185],[-73.86766,40.81058],[-73.8644,40.81028],[-73.86229,40.80995],[-73.86089,40.80969],[-73.86044,40.80955],[-73.86013,40.80961],[-73.859,40.8101],[-73.85877,40.80923],[-73.85839,40.80826],[-73.85867,40.80683],[-73.85921,40.80695],[-73.85926,40.80754],[-73.8594,40.80753],[-73.85937,40.80668],[-73.85861,40.8067],[-73.85839,40.80641],[-73.85851,40.80582],[-73.85813,40.80547],[-73.85722,40.80524],[-73.85712,40.80533],[-73.85652,40.80524],[-73.85613,40.80528],[-73.8556,40.80506],[-73.85556,40.80478],[-73.85581,40.80468],[-73.8564,40.80495],[-73.85663,40.80483],[-73.85585,40.80451],[-73.85539,40.80446],[-73.8546,40.80455],[-73.85399,40.80446],[-73.85205,40.8046],[-73.85148,40.8046],[-73.85119,40.80449],[-73.85015,40.80453],[-73.84998,40.80506],[-73.84933,40.80505],[-73.8487,40.80473],[-73.84808,40.80492],[-73.84767,40.80517],[-73.84749,40.80545],[-73.84754,40.80593],[-73.84811,40.80613],[-73.84838,40.80636],[-73.84828,40.80685],[-73.84842,40.80737],[-73.84878,40.80764],[-73.84939,40.80788],[-73.84945,40.80802],[-73.84871,40.80824],[-73.84876,40.80834],[-73.84961,40.80812],[-73.84997,40.80858],[-73.85004,40.80915],[-73.84977,40.81009],[-73.84953,40.81028],[-73.84917,40.81092],[-73.84938,40.81123],[-73.84908,40.81183],[-73.84903,40.81212],[-73.84934,40.81252],[-73.85,40.81292],[-73.85035,40.81306],[-73.85089,40.81343],[-73.85213,40.81373],[-73.85266,40.81372],[-73.85347,40.81348],[-73.85443,40.81372],[-73.85532,40.81416],[-73.85515,40.81437],[-73.85484,40.81409],[-73.85374,40.81365],[-73.85337,40.81359],[-73.85296,40.81377],[-73.85347,40.8138],[-73.85507,40.81437],[-73.85572,40.8158],[-73.85681,40.81566],[-73.86314,40.81478],[-73.86521,40.8145],[-73.87012,40.8138]]]}},{"type":"Feature","properties":{"id":"clifton-staten-island","name":"Clifton","borough":"Staten Island"},"geometry":{"type":"Polygon","coordinates":[[[-74.07655,40.61424],[-74.07636,40.61466],[-74.07552,40.61585],[-74.07484,40.61666],[-74.07445,40.61722],[-74.07361,40.61773],[-74.07293,40.61806],[-74.07218,40.61851],[-74.07144,40.61934],[-74.07105,40.61991],[-74.06976,40.62122],[-74.07057,40.62228],[-74.07072,40.62258],[-74.07099,40.62271],[-74.07123,40.62309],[-74.08009,40.61849],[-74.08107,40.61777],[-74.07655,40.61424]]]}},{"type":"Feature","properties":{"id":"clinton-hill-brooklyn","name":"Clinton Hill","borough":"Brooklyn"},"geometry":{"type":"Polygon","coordinates":[[[-73.95821,40.6799],[-73.95823,40.67995],[-73.95906,40.68403],[-73.95934,40.68548],[-73.96018,40.68961],[-73.96091,40.69303],[-73.96127,40.69465],[-73.96185,40.69746],[-73.96196,40.6982],[-73.96466,40.69777],[-73.96549,40.69766],[-73.96641,40.69768],[-73.96972,40.69781],[-73.97077,40.69785],[-73.97052,40.69663],[-73.97003,40.69405],[-73.96913,40.68947],[-73.9682,40.68482],[-73.96768,40.68238],[-73.9676,40.68187],[-73.96713,40.68177],[-73.96496,40.6813],[-73.96438,40.68118],[-73.95821,40.6799]]]}},{"type":"Feature","properties":{"id":"clove-lake-staten-island","name":"Clove Lake","borough":"Staten Island"},"geometry":{"type":"Polygon","coordinates":[[[-74.1099,40.62076],[-74.11347,40.62284],[-74.11562,40.62389],[-74.11847,40.62517],[-74.12065,40.62681],[-74.12134,40.62772],[-74.12308,40.62737],[-74.12278,40.62602],[-74.12159,40.62298],[-74.12047,40.62204],[-74.12012,40.62165],[-74.11967,40.62174],[-74.11947,40.62107],[-74.11909,40.62012],[-74.11823,40.61869],[-74.11807,40.61833],[-74.11746,40.6184],[-74.11613,40.61867],[-74.11532,40.61875],[-74.11456,40.61862],[-74.11464,40.61801],[-74.11446,40.61706],[-74.1143,40.61463],[-74.11414,40.61374],[-74.11267,40.61388],[-74.10965,40.61448],[-74.10621,40.6152],[-74.10563,40.61549],[-74.10359,40.61639],[-74.10409,40.61707],[-74.10496,40.61803],[-74.10563,40.6187],[-74.10607,40.61898],[-74.10909,40.62028],[-74.1099,40.62076]]]}},{"type":"Feature","properties":{"id":"co-op-city-bronx","name":"Co-op City","borough":"Bronx"},"geometry":{"type":"Polygon","coordinates":[[[-73.8286,40.86113],[-73.82774,40.8603],[-73.82729,40.85938],[-73.82599,40.85983],[-73.82313,40.86072],[-73.82219,40.86105],[-73.82097,40.8616],[-73.81983,40.86218],[-73.81822,40.86308],[-73.81919,40.86361],[-73.81906,40.86434],[-73.81854,40.86429],[-73.818,40.86452],[-73.81776,40.86471],[-73.8172,40.86547],[-73.81716,40.86606],[-73.81731,40.86644],[-73.81787,40.8669],[-73.81835,40.86703],[-73.81878,40.86702],[-73.8192,40.86683],[-73.81943,40.86771],[-73.81964,40.86817],[-73.82052,40.8686],[-73.82212,40.86963],[-73.82258,40.87005],[-73.82283,40.87076],[-73.82276,40.87147],[-73.82286,40.87331],[-73.82278,40.87357],[-73.82277,40.87452],[-73.82237,40.87541],[-73.8219,40.87698],[-73.82153,40.87789],[-73.82113,40.87848],[-73.82099,40.87939],[-73.82068,40.88054],[-73.82025,40.88193],[-73.82008,40.88324],[-73.81991,40.88368],[-73.81986,40.88456],[-73.82022,40.88542],[-73.82369,40.88454],[-73.82549,40.88392],[-73.8273,40.88313],[-73.82953,40.88196],[-73.83053,40.88135],[-73.83139,40.88071],[-73.83257,40.87956],[-73.83316,40.87884],[-73.83354,40.87824],[-73.83382,40.87761],[-73.83413,40.87653],[-73.83418,40.87598],[-73.83529,40.87591],[-73.83474,40.87522],[-73.83454,40.87481],[-73.8343,40.87309],[-73.83409,40.87198],[-73.83387,40.87118],[-73.8333,40.86999],[-73.83193,40.86725],[-73.83035,40.86446],[-73.83023,40.86343],[-73.82942,40.86197],[-73.82936,40.86175],[-73.8286,40.86113]],[[-73.81882,40.86521],[-73.81888,40.86546],[-73.81869,40.86606],[-73.8185,40.86614],[-73.81808,40.86597],[-73.81821,40.86552],[-73.81864,40.8652],[-73.81882,40.86521]]]}},{"type":"Feature","properties":{"id":"cobble-hill-brooklyn","name":"Cobble Hill","borough":"Brooklyn"},"geometry":{"type":"Polygon","coordinates":[[[-74.00063,40.68512],[-73.99531,40.68365],[-73.99405,40.68631],[-73.99389,40.68667],[-73.99337,40.68769],[-73.99246,40.6896],[-73.99395,40.69001],[-73.99786,40.69116],[-73.99827,40.69034],[-73.9989,40.68892],[-73.99948,40.6877],[-74.00021,40.68645],[-74.00063,40.68512]]]}},{"type":"Feature","properties":{"id":"college-point-queens","name":"College Point","borough":"Queens"},"geometry":{"type":"Polygon","coordinates":[[[-73.83199,40.78948],[-73.83167,40.78931],[-73.83212,40.78877],[-73.83291,40.78852],[-73.83343,40.78846],[-73.83383,40.78853],[-73.8341,40.78905],[-73.83513,40.78917],[-73.8355,40.78933],[-73.83579,40.78958],[-73.83632,40.78946],[-73.83723,40.78958],[-73.83739,40.78982],[-73.83737,40.7904],[-73.83753,40.79052],[-73.83752,40.79099],[-73.83723,40.79146],[-73.83662,40.79176],[-73.83663,40.79252],[-73.83713,40.7937],[-73.83708,40.7939],[-73.83736,40.79426],[-73.8384,40.79676],[-73.83904,40.79705],[-73.83997,40.79691],[-73.84026,40.79759],[-73.83919,40.79778],[-73.83923,40.79789],[-73.84042,40.79768],[-73.84014,40.79688],[-73.8406,40.79681],[-73.8413,40.79622],[-73.84142,40.79597],[-73.84131,40.79527],[-73.84151,40.79514],[-73.8419,40.79562],[-73.84217,40.79561],[-73.84289,40.79539],[-73.84343,40.79495],[-73.84373,40.79488],[-73.8446,40.79491],[-73.84528,40.79545],[-73.84562,40.7959],[-73.84624,40.79616],[-73.84677,40.79599],[-73.84764,40.79583],[-73.84871,40.79542],[-73.84888,40.79513],[-73.84878,40.79454],[-73.84908,40.79415],[-73.84886,40.79359],[-73.84906,40.79336],[-73.84934,40.79337],[-73.8508,40.79381],[-73.85159,40.79409],[-73.85262,40.79475],[-73.85264,40.79454],[-73.85304,40.79426],[-73.85358,40.79411],[-73.85373,40.79394],[-73.85363,40.7931],[-73.85377,40.79249],[-73.85372,40.79227],[-73.85288,40.79156],[-73.85266,40.79126],[-73.85277,40.79099],[-73.85348,40.79071],[-73.85449,40.79024],[-73.85461,40.78948],[-73.85477,40.78906],[-73.85479,40.78857],[-73.85433,40.78831],[-73.85359,40.78836],[-73.85284,40.78834],[-73.85284,40.78821],[-73.85328,40.78786],[-73.85448,40.78773],[-73.85473,40.78778],[-73.85594,40.78769],[-73.85617,40.7875],[-73.85616,40.78724],[-73.85636,40.78697],[-73.85703,40.78665],[-73.85753,40.78693],[-73.85816,40.78704],[-73.8587,40.78649],[-73.85861,40.78613],[-73.85902,40.78598],[-73.85914,40.7857],[-73.859,40.78519],[-73.85853,40.78521],[-73.85797,40.78466],[-73.85789,40.78428],[-73.85817,40.78405],[-73.85808,40.78372],[-73.85769,40.78366],[-73.8574,40.78339],[-73.85614,40.78337],[-73.85593,40.7832],[-73.85545,40.78314],[-73.85539,40.78208],[-73.85517,40.78195],[-73.85372,40.78198],[-73.85322,40.78206],[-73.85315,40.78232],[-73.85202,40.78234],[-73.85123,40.7824],[-73.8505,40.78235],[-73.85021,40.78241],[-73.84952,40.78236],[-73.84924,40.78225],[-73.84949,40.78197],[-73.84949,40.78175],[-73.84984,40.78159],[-73.84989,40.78109],[-73.84982,40.78064],[-73.84961,40.78054],[-73.84949,40.78007],[-73.84984,40.77978],[-73.84979,40.7795],[-73.85074,40.77932],[-73.85067,40.77919],[-73.84958,40.77942],[-73.8498,40.77908],[-73.8498,40.77874],[-73.84944,40.77863],[-73.84951,40.77834],[-73.84936,40.77816],[-73.84897,40.77804],[-73.8491,40.77579],[-73.84893,40.77556],[-73.84914,40.77508],[-73.84921,40.77455],[-73.84896,40.77374],[-73.84919,40.7731],[-73.84995,40.77206],[-73.84961,40.77148],[-73.84934,40.77119],[-73.84891,40.77098],[-73.84859,40.77062],[-73.84846,40.76978],[-73.84882,40.76948],[-73.849,40.76915],[-73.84875,40.76871],[-73.84824,40.76856],[-73.84827,40.7682],[-73.84862,40.76811],[-73.84828,40.76775],[-73.84781,40.76677],[-73.84723,40.76631],[-73.84652,40.7663],[-73.8462,40.7662],[-73.84528,40.76567],[-73.84449,40.76546],[-73.84395,40.76549],[-73.84371,40.76568],[-73.84296,40.76585],[-73.84268,40.76583],[-73.84144,40.76611],[-73.84031,40.76629],[-73.84022,40.76653],[-73.8399,40.76682],[-73.83994,40.76706],[-73.83959,40.76711],[-73.8397,40.76639],[-73.83953,40.76614],[-73.83925,40.76603],[-73.83827,40.76758],[-73.83656,40.76937],[-73.83518,40.7704],[-73.83223,40.77215],[-73.83061,40.77298],[-73.82943,40.77405],[-73.82849,40.77537],[-73.82811,40.77601],[-73.82708,40.77772],[-73.82611,40.77949],[-73.82519,40.78127],[-73.82469,40.78278],[-73.82466,40.78439],[-73.82454,40.78507],[-73.82566,40.78507],[-73.82603,40.78486],[-73.82679,40.78464],[-73.83054,40.78463],[-73.8307,40.78436],[-73.83635,40.78434],[-73.83636,40.78632],[-73.83455,40.78622],[-73.83435,40.78765],[-73.83132,40.78819],[-73.83082,40.78831],[-73.83103,40.78929],[-73.8313,40.78941],[-73.83199,40.78948]]]}},{"type":"Feature","properties":{"id":"columbia-street-waterfront-district-brooklyn","name":"Columbia Street Waterfront District","borough":"Brooklyn"},"geometry":{"type":"MultiPolygon","coordinates":[[[[-74.00063,40.68512],[-74.00021,40.68645],[-73.99948,40.6877],[-73.9989,40.68892],[-73.99827,40.69034],[-73.99786,40.69116],[-73.99904,40.6915],[-74.00399,40.69323],[-74.00174,40.69241],[-74.00197,40.69184],[-74.00441,40.69253],[-74.00479,40.69176],[-74.0007,40.69061],[-74.00096,40.69013],[-74.00185,40.69039],[-74.00196,40.69014],[-74.00298,40.69043],[-74.00341,40.68961],[-74.00382,40.68893],[-74.00636,40.68967],[-74.00678,40.68883],[-74.00459,40.68822],[-74.005,40.68761],[-74.00742,40.68821],[-74.00783,40.68739],[-74.00563,40.68678],[-74.00588,40.6862],[-74.00644,40.68629],[-74.00702,40.68653],[-74.00754,40.68632],[-74.00816,40.68617],[-74.00855,40.68628],[-74.00767,40.68498],[-74.00666,40.68369],[-74.00592,40.68253],[-74.00489,40.68108],[-74.00349,40.67924],[-74.00063,40.68512]]],[[[-74.00341,40.68961],[-74.00298,40.69043],[-74.00534,40.69109],[-74.00576,40.69024],[-74.00341,40.68961]]]]}},{"type":"Feature","properties":{"id":"concord-staten-island","name":"Concord","borough":"Staten Island"},"geometry":{"type":"Polygon","coordinates":[[[-74.0904,40.60894],[-74.09063,40.60891],[-74.09106,40.60853],[-74.09205,40.60744],[-74.09267,40.60727],[-74.09301,40.60701],[-74.0932,40.60658],[-74.09384,40.60648],[-74.09444,40.60602],[-74.09458,40.60571],[-74.09603,40.6056],[-74.09636,40.60533],[-74.09625,40.60517],[-74.09642,40.60463],[-74.09752,40.60405],[-74.09874,40.60402],[-74.09905,40.60405],[-74.09981,40.60431],[-74.10036,40.60431],[-74.10094,40.6041],[-74.1009,40.60326],[-74.10075,40.60256],[-74.10042,40.60219],[-74.09974,40.60249],[-74.09935,40.6024],[-74.09875,40.60214],[-74.09829,40.60183],[-74.09681,40.60213],[-74.09271,40.6018],[-74.09277,40.60101],[-74.09142,40.59935],[-74.09102,40.59985],[-74.09047,40.60034],[-74.08975,40.60086],[-74.08828,40.60112],[-74.08715,40.60114],[-74.08664,40.60124],[-74.08662,40.60124],[-74.08587,40.60145],[-74.08547,40.60214],[-74.08518,40.60258],[-74.08505,40.60269],[-74.08559,40.60377],[-74.08423,40.60505],[-74.083,40.60626],[-74.08299,40.60627],[-74.0838,40.60646],[-74.08524,40.60682],[-74.0871,40.60755],[-74.0904,40.60894]]]}},{"type":"Feature","properties":{"id":"concourse-bronx","name":"Concourse","borough":"Bronx"},"geometry":{"type":"Polygon","coordinates":[[[-73.91006,40.83168],[-73.90859,40.83428],[-73.90763,40.83599],[-73.90705,40.83699],[-73.90621,40.83828],[-73.90573,40.83916],[-73.90456,40.84142],[-73.90281,40.84454],[-73.90494,40.84473],[-73.90909,40.84497],[-73.91074,40.84504],[-73.91287,40.8451],[-73.91413,40.8451],[-73.91648,40.84182],[-73.91722,40.84072],[-73.91851,40.83891],[-73.91927,40.83811],[-73.92063,40.83726],[-73.92219,40.83623],[-73.92306,40.83572],[-73.92368,40.8353],[-73.92422,40.83485],[-73.92456,40.83426],[-73.92508,40.8332],[-73.92539,40.83266],[-73.92632,40.83162],[-73.92745,40.83028],[-73.92785,40.82985],[-73.92861,40.82928],[-73.92941,40.82884],[-73.93055,40.82843],[-73.9319,40.82821],[-73.93307,40.82816],[-73.93296,40.82692],[-73.93277,40.82561],[-73.93247,40.82158],[-73.93237,40.81959],[-73.93239,40.81952],[-73.93045,40.8194],[-73.92983,40.81927],[-73.92789,40.81869],[-73.9252,40.81798],[-73.92418,40.81916],[-73.92366,40.81967],[-73.92236,40.82075],[-73.92127,40.82151],[-73.92088,40.8215],[-73.92075,40.82177],[-73.91979,40.82245],[-73.91611,40.82482],[-73.91666,40.82496],[-73.9154,40.82577],[-73.91299,40.82731],[-73.91217,40.82789],[-73.91006,40.83168]]]}},{"type":"Feature","properties":{"id":"coney-island-brooklyn","name":"Coney Island","borough":"Brooklyn"},"geometry":{"type":"Polygon","coordinates":[[[-74.00211,40.57043],[-74.00111,40.57043],[-74.00078,40.57049],[-73.99961,40.57047],[-73.99863,40.57051],[-73.998,40.57045],[-73.99736,40.57028],[-73.99685,40.57037],[-73.99529,40.57032],[-73.99402,40.57041],[-73.99305,40.57034],[-73.99253,40.57047],[-73.99119,40.57061],[-73.99077,40.5706],[-73.99015,40.57073],[-73.98727,40.57108],[-73.98594,40.57118],[-73.98367,40.57141],[-73.98249,40.57157],[-73.98182,40.57146],[-73.98094,40.57168],[-73.98001,40.57171],[-73.97985,40.57154],[-73.97946,40.57174],[-73.97859,40.5719],[-73.97766,40.57173],[-73.97713,40.5719],[-73.97622,40.57202],[-73.97568,40.57196],[-73.97441,40.57224],[-73.97336,40.57226],[-73.97315,40.57241],[-73.9725,40.57258],[-73.97133,40.57264],[-73.97109,40.57273],[-73.97021,40.57285],[-73.96956,40.57281],[-73.96938,40.57308],[-73.96902,40.57451],[-73.96855,40.57634],[-73.96851,40.5765],[-73.96838,40.57704],[-73.96767,40.58012],[-73.96708,40.58267],[-73.96683,40.58377],[-73.97643,40.5823],[-73.98259,40.58281],[-73.98372,40.5829],[-73.98571,40.58128],[-73.98589,40.58116],[-73.98617,40.58095],[-73.98699,40.58004],[-73.98665,40.57981],[-73.98739,40.57909],[-73.98806,40.57887],[-73.98861,40.57879],[-73.98915,40.57887],[-73.98972,40.57918],[-73.99042,40.57942],[-73.99166,40.57923],[-73.99215,40.57932],[-73.99772,40.58071],[-73.99776,40.58145],[-73.99818,40.58173],[-73.99896,40.58163],[-73.99964,40.58132],[-74.00056,40.5813],[-74.00119,40.58142],[-74.00221,40.58137],[-74.00294,40.58143],[-74.00421,40.58176],[-74.00211,40.57043]]]}},{"type":"Feature","properties":{"id":"corona-queens","name":"Corona","borough":"Queens"},"geometry":{"type":"Polygon","coordinates":[[[-73.84721,40.73905],[-73.84783,40.74015],[-73.84913,40.74055],[-73.84985,40.7407],[-73.85006,40.74091],[-73.85087,40.74233],[-73.85149,40.74358],[-73.85351,40.74752],[-73.85391,40.74805],[-73.85413,40.74822],[-73.85445,40.74886],[-73.85366,40.74919],[-73.8518,40.74977],[-73.85136,40.74997],[-73.85137,40.75011],[-73.8522,40.75163],[-73.85265,40.75252],[-73.85295,40.7531],[-73.85365,40.75453],[-73.85508,40.75723],[-73.85542,40.75837],[-73.85638,40.75821],[-73.85871,40.7579],[-73.86147,40.75779],[-73.86419,40.75771],[-73.86514,40.75766],[-73.87158,40.75701],[-73.8737,40.75678],[-73.87228,40.75416],[-73.87119,40.75208],[-73.87048,40.75083],[-73.86947,40.74921],[-73.86945,40.74921],[-73.86927,40.74923],[-73.86892,40.74867],[-73.86902,40.74849],[-73.86872,40.74798],[-73.8685,40.74738],[-73.8684,40.74676],[-73.86751,40.74329],[-73.86749,40.7424],[-73.86758,40.74138],[-73.86747,40.74062],[-73.86628,40.73766],[-73.8653,40.73549],[-73.86453,40.73406],[-73.86193,40.73467],[-73.85867,40.73561],[-73.85637,40.7363],[-73.85387,40.73684],[-73.85219,40.73718],[-73.84906,40.7381],[-73.84721,40.73905]]]}},{"type":"Feature","properties":{"id":"country-club-bronx","name":"Country Club","borough":"Bronx"},"geometry":{"type":"Polygon","coordinates":[[[-73.81602,40.83601],[-73.81634,40.83676],[-73.81648,40.8377],[-73.81617,40.83838],[-73.81588,40.83863],[-73.81478,40.83908],[-73.81473,40.83968],[-73.81497,40.84008],[-73.81507,40.84066],[-73.81521,40.84091],[-73.81533,40.84149],[-73.81559,40.8419],[-73.81544,40.84241],[-73.8157,40.84252],[-73.81591,40.84287],[-73.81615,40.84301],[-73.81644,40.84367],[-73.81669,40.84397],[-73.81724,40.84395],[-73.81751,40.84423],[-73.81709,40.84427],[-73.81697,40.84408],[-73.81639,40.84407],[-73.81629,40.84441],[-73.81567,40.84443],[-73.8152,40.84405],[-73.815,40.8435],[-73.81437,40.84348],[-73.81347,40.84365],[-73.81336,40.84384],[-73.81357,40.84439],[-73.81412,40.84456],[-73.81404,40.84491],[-73.81355,40.84497],[-73.81255,40.84495],[-73.81278,40.84423],[-73.81266,40.84421],[-73.81232,40.84519],[-73.8117,40.84668],[-73.81184,40.84671],[-73.81219,40.84595],[-73.81254,40.84498],[-73.81358,40.84535],[-73.81381,40.84535],[-73.81403,40.84559],[-73.81399,40.84583],[-73.81421,40.84601],[-73.81503,40.8455],[-73.81509,40.8456],[-73.8146,40.84591],[-73.81466,40.84621],[-73.81504,40.84655],[-73.81572,40.84629],[-73.81611,40.84645],[-73.81617,40.84702],[-73.8161,40.84751],[-73.81596,40.84766],[-73.81587,40.84809],[-73.81563,40.84818],[-73.81532,40.84867],[-73.81626,40.84859],[-73.81916,40.84817],[-73.82005,40.84806],[-73.82056,40.84849],[-73.82179,40.84786],[-73.82349,40.84695],[-73.82574,40.84566],[-73.82563,40.84434],[-73.82553,40.84154],[-73.82554,40.84065],[-73.82551,40.83868],[-73.82547,40.83824],[-73.82528,40.83754],[-73.82501,40.83683],[-73.82461,40.83623],[-73.82401,40.83548],[-73.82326,40.83553],[-73.81809,40.83673],[-73.81736,40.83621],[-73.81717,40.83573],[-73.81602,40.83601]]]}},{"type":"Feature","properties":{"id":"crotona-park-east-bronx","name":"Crotona Park East","borough":"Bronx"},"geometry":{"type":"MultiPolygon","coordinates":[[[[-73.90141,40.83544],[-73.9014,40.83544],[-73.89705,40.83436],[-73.89629,40.8335],[-73.89704,40.83084],[-73.89795,40.82851],[-73.89781,40.82883],[-73.89757,40.82941],[-73.89513,40.82808],[-73.89343,40.82706],[-73.89292,40.8268],[-73.89176,40.82688],[-73.8878,40.82687],[-73.88585,40.82789],[-73.88545,40.83056],[-73.88486,40.83182],[-73.8843,40.83263],[-73.88338,40.83357],[-73.88235,40.83497],[-73.88182,40.83584],[-73.88065,40.8376],[-73.88168,40.8381],[-73.88506,40.84],[-73.88608,40.84056],[-73.88606,40.84068],[-73.88613,40.84039],[-73.88741,40.84112],[-73.89009,40.84257],[-73.89124,40.84309],[-73.89169,40.84318],[-73.89379,40.84348],[-73.89663,40.84382],[-73.90141,40.83544]]],[[[-73.89778,40.84396],[-73.89932,40.84413],[-73.89669,40.84382],[-73.89663,40.84382],[-73.89665,40.84382],[-73.89778,40.84396]]]]}},{"type":"Feature","properties":{"id":"crown-heights-brooklyn","name":"Crown Heights","borough":"Brooklyn"},"geometry":{"type":"Polygon","coordinates":[[[-73.93529,40.67773],[-73.93689,40.67783],[-73.93806,40.67787],[-73.93877,40.67795],[-73.94026,40.67804],[-73.94521,40.6783],[-73.9508,40.67865],[-73.95265,40.6788],[-73.95346,40.67893],[-73.95555,40.67936],[-73.95823,40.67995],[-73.96439,40.68125],[-73.96438,40.68118],[-73.96395,40.67897],[-73.96338,40.67587],[-73.96258,40.67162],[-73.9623,40.67022],[-73.96138,40.66539],[-73.96098,40.66335],[-73.95801,40.66352],[-73.95272,40.66385],[-73.94819,40.66412],[-73.94563,40.66429],[-73.94355,40.66416],[-73.94213,40.66405],[-73.93929,40.66388],[-73.93603,40.6637],[-73.93397,40.66357],[-73.93272,40.66349],[-73.93073,40.66359],[-73.92891,40.6644],[-73.92433,40.6664],[-73.91004,40.67262],[-73.90707,40.67392],[-73.90563,40.67455],[-73.90546,40.67463],[-73.90473,40.67496],[-73.90438,40.67514],[-73.90362,40.67537],[-73.90361,40.67538],[-73.90346,40.67534],[-73.90344,40.67533],[-73.90343,40.67548],[-73.90343,40.67552],[-73.90343,40.67586],[-73.90519,40.67596],[-73.92181,40.67696],[-73.9269,40.67726],[-73.9313,40.67751],[-73.93242,40.67754],[-73.93346,40.67763],[-73.93529,40.67773]]]}},{"type":"Feature","properties":{"id":"dongan-hills-staten-island","name":"Dongan Hills","borough":"Staten Island"},"geometry":{"type":"Polygon","coordinates":[[[-74.09604,40.57942],[-74.0954,40.57995],[-74.094,40.58161],[-74.09177,40.58405],[-74.09092,40.58506],[-74.09164,40.58545],[-74.09107,40.58608],[-74.10078,40.59111],[-74.10087,40.59022],[-74.10099,40.58993],[-74.10156,40.58925],[-74.10206,40.58874],[-74.10462,40.58643],[-74.10526,40.58592],[-74.10319,40.58452],[-74.10084,40.58287],[-74.0988,40.5815],[-74.0976,40.58063],[-74.09684,40.58015],[-74.09604,40.57942]]]}},{"type":"Feature","properties":{"id":"douglaston-little-neck-queens","name":"Douglaston-Little Neck","borough":"Queens"},"geometry":{"type":"MultiPolygon","coordinates":[[[[-73.71369,40.75994],[-73.71414,40.76025],[-73.71667,40.76184],[-73.72065,40.76448],[-73.72098,40.76476],[-73.72153,40.76482],[-73.72379,40.76624],[-73.72686,40.76809],[-73.72794,40.76878],[-73.73206,40.7713],[-73.73389,40.77253],[-73.73688,40.77433],[-73.73785,40.77488],[-73.73875,40.7755],[-73.73897,40.77552],[-73.73968,40.7761],[-73.74008,40.77621],[-73.74076,40.77669],[-73.74153,40.77711],[-73.74404,40.77859],[-73.74415,40.77817],[-73.74438,40.77817],[-73.74448,40.77742],[-73.74493,40.77762],[-73.74462,40.77792],[-73.74508,40.77825],[-73.74519,40.77875],[-73.74541,40.77898],[-73.74595,40.77882],[-73.74611,40.77846],[-73.74687,40.77888],[-73.74728,40.77889],[-73.74749,40.7792],[-73.74736,40.77938],[-73.74806,40.78028],[-73.74802,40.78043],[-73.74849,40.78087],[-73.74896,40.78107],[-73.74925,40.78154],[-73.74973,40.7819],[-73.75021,40.7824],[-73.75083,40.78263],[-73.75135,40.78253],[-73.75202,40.78224],[-73.753,40.78129],[-73.75301,40.78087],[-73.75391,40.77978],[-73.75413,40.77938],[-73.75412,40.77897],[-73.75444,40.77813],[-73.75481,40.77762],[-73.75485,40.77692],[-73.75514,40.77641],[-73.75493,40.77625],[-73.75424,40.77527],[-73.75396,40.77431],[-73.75368,40.77397],[-73.75337,40.77321],[-73.75357,40.77269],[-73.75438,40.77204],[-73.75557,40.77153],[-73.75521,40.77068],[-73.75469,40.76968],[-73.75467,40.76877],[-73.75486,40.76841],[-73.75487,40.76812],[-73.75508,40.76766],[-73.75489,40.76718],[-73.75461,40.7669],[-73.75438,40.76649],[-73.75321,40.76513],[-73.75305,40.76482],[-73.7524,40.76435],[-73.75183,40.76381],[-73.75163,40.76353],[-73.75142,40.76276],[-73.75123,40.76252],[-73.75019,40.76164],[-73.74947,40.76144],[-73.74908,40.76167],[-73.74854,40.76139],[-73.74825,40.76084],[-73.7476,40.76016],[-73.74779,40.76014],[-73.74823,40.7605],[-73.74861,40.76093],[-73.74915,40.76119],[-73.74999,40.76134],[-73.75041,40.76151],[-73.75105,40.7619],[-73.7515,40.76236],[-73.75219,40.76383],[-73.75265,40.7642],[-73.75312,40.76443],[-73.7538,40.76507],[-73.75377,40.7653],[-73.7541,40.76535],[-73.75494,40.76609],[-73.75547,40.76637],[-73.75641,40.76651],[-73.75735,40.76707],[-73.75787,40.76695],[-73.75842,40.7672],[-73.75872,40.76751],[-73.75881,40.76704],[-73.75867,40.76594],[-73.7577,40.7631],[-73.7571,40.76244],[-73.75585,40.76147],[-73.75493,40.76099],[-73.75409,40.76065],[-73.75273,40.76023],[-73.75229,40.75998],[-73.75195,40.75999],[-73.75131,40.75978],[-73.75016,40.75932],[-73.74938,40.75895],[-73.74853,40.75839],[-73.74774,40.75769],[-73.74724,40.75718],[-73.74618,40.756],[-73.74535,40.75499],[-73.745,40.75442],[-73.74394,40.75338],[-73.74326,40.75263],[-73.74278,40.75189],[-73.74205,40.7511],[-73.74109,40.75037],[-73.74042,40.74993],[-73.7393,40.74898],[-73.73829,40.74832],[-73.73733,40.74774],[-73.73605,40.74656],[-73.7358,40.74615],[-73.73277,40.74369],[-73.73273,40.74366],[-73.73212,40.7441],[-73.73149,40.74465],[-73.73092,40.74522],[-73.73013,40.7461],[-73.72968,40.74673],[-73.72902,40.74777],[-73.72827,40.7499],[-73.72787,40.75057],[-73.72716,40.75139],[-73.72639,40.75202],[-73.72437,40.7532],[-73.72345,40.75388],[-73.72278,40.75456],[-73.72219,40.75542],[-73.72144,40.75695],[-73.7206,40.7578],[-73.71979,40.75843],[-73.71877,40.75896],[-73.71728,40.7595],[-73.71635,40.75956],[-73.71455,40.75991],[-73.71369,40.75994]]],[[[-73.74636,40.77952],[-73.74559,40.77958],[-73.74672,40.78031],[-73.74686,40.78],[-73.74636,40.77952]]]]}},{"type":"Feature","properties":{"id":"downtown-brooklyn-brooklyn","name":"Downtown Brooklyn","borough":"Brooklyn"},"geometry":{"type":"Polygon","coordinates":[[[-73.98697,40.70105],[-73.98717,40.70109],[-73.98872,40.70132],[-73.99139,40.70164],[-73.99034,40.70084],[-73.99071,40.70041],[-73.99093,40.70003],[-73.99132,40.69914],[-73.99142,40.69867],[-73.99141,40.69737],[-73.99137,40.69693],[-73.99072,40.69486],[-73.99053,40.69433],[-73.99045,40.69386],[-73.99081,40.69288],[-73.99111,40.6922],[-73.99211,40.6903],[-73.99054,40.68985],[-73.98893,40.68931],[-73.98623,40.68824],[-73.98119,40.68631],[-73.9784,40.68528],[-73.98065,40.6887],[-73.98535,40.6983],[-73.98672,40.70087],[-73.98697,40.70105]]]}},{"type":"Feature","properties":{"id":"dumbo-brooklyn","name":"DUMBO","borough":"Brooklyn"},"geometry":{"type":"Polygon","coordinates":[[[-73.98452,40.70556],[-73.98643,40.70535],[-73.98643,40.70507],[-73.98727,40.70518],[-73.98829,40.70507],[-73.9883,40.70454],[-73.99009,40.70494],[-73.99031,40.70484],[-73.99055,40.70442],[-73.99095,40.70403],[-73.99142,40.704],[-73.99186,40.70409],[-73.99212,40.7044],[-73.99213,40.70469],[-73.99351,40.70462],[-73.99457,40.70438],[-73.99503,40.70381],[-73.99466,40.70343],[-73.9948,40.70329],[-73.99535,40.70346],[-73.995,40.70316],[-73.99305,40.70232],[-73.992,40.70164],[-73.99139,40.70164],[-73.98872,40.70132],[-73.98717,40.70109],[-73.98689,40.70103],[-73.98616,40.70082],[-73.98573,40.70061],[-73.98479,40.7006],[-73.98473,40.70071],[-73.98469,40.70233],[-73.98452,40.70556]]]}},{"type":"Feature","properties":{"id":"dyker-heights-brooklyn","name":"Dyker Heights","borough":"Brooklyn"},"geometry":{"type":"Polygon","coordinates":[[[-73.99933,40.62466],[-74.00982,40.63081],[-74.01025,40.63108],[-74.01598,40.63448],[-74.01589,40.63279],[-74.01966,40.62371],[-74.02325,40.61972],[-74.02215,40.61905],[-74.02207,40.619],[-74.02206,40.61899],[-74.02123,40.61847],[-74.02212,40.61622],[-74.02308,40.61392],[-74.02413,40.61134],[-74.0248,40.60969],[-74.02457,40.60962],[-74.02286,40.60862],[-74.02163,40.60786],[-74.02062,40.60731],[-74.02017,40.60716],[-74.01905,40.60691],[-74.01863,40.60672],[-74.01821,40.60643],[-74.01697,40.60763],[-74.01049,40.61389],[-73.99933,40.62466]]]}},{"type":"Feature","properties":{"id":"east-elmhurst-queens","name":"East Elmhurst","borough":"Queens"},"geometry":{"type":"Polygon","coordinates":[[[-73.85182,40.75948],[-73.8521,40.75968],[-73.85279,40.75997],[-73.85372,40.76025],[-73.85466,40.76017],[-73.8553,40.76065],[-73.85627,40.7609],[-73.85712,40.76119],[-73.85859,40.76192],[-73.85898,40.76217],[-73.85892,40.76241],[-73.85941,40.76248],[-73.85975,40.76288],[-73.86043,40.76387],[-73.86154,40.76534],[-73.86217,40.76605],[-73.86224,40.76628],[-73.86272,40.76667],[-73.86287,40.76696],[-73.86384,40.76726],[-73.86473,40.76808],[-73.86627,40.76932],[-73.86783,40.77037],[-73.86899,40.771],[-73.86972,40.77132],[-73.87093,40.77172],[-73.87306,40.77205],[-73.87462,40.77216],[-73.87598,40.77214],[-73.87713,40.7718],[-73.87805,40.77135],[-73.88028,40.76998],[-73.88213,40.76897],[-73.88343,40.76833],[-73.88503,40.76772],[-73.88689,40.76713],[-73.88782,40.76694],[-73.88859,40.76672],[-73.89,40.76648],[-73.89128,40.76632],[-73.89261,40.76627],[-73.89502,40.76657],[-73.89761,40.76686],[-73.89912,40.76708],[-73.90026,40.76737],[-73.90179,40.76762],[-73.90243,40.76708],[-73.9035,40.76582],[-73.90353,40.76579],[-73.90344,40.76556],[-73.90268,40.76372],[-73.90219,40.76258],[-73.90193,40.76173],[-73.90143,40.75964],[-73.90125,40.75906],[-73.90009,40.75655],[-73.89925,40.75514],[-73.89855,40.75417],[-73.89135,40.75494],[-73.8905,40.75504],[-73.88676,40.75541],[-73.8737,40.75678],[-73.87158,40.75701],[-73.86514,40.75766],[-73.86419,40.75771],[-73.86147,40.75779],[-73.85871,40.7579],[-73.85638,40.75821],[-73.85542,40.75837],[-73.85464,40.75847],[-73.85311,40.7586],[-73.85315,40.75867],[-73.85185,40.75942],[-73.85182,40.75948]]]}},{"type":"Feature","properties":{"id":"east-flatbush-brooklyn","name":"East Flatbush","borough":"Brooklyn"},"geometry":{"type":"Polygon","coordinates":[[[-73.94819,40.6641],[-73.94819,40.66408],[-73.94804,40.66345],[-73.94799,40.66319],[-73.94797,40.66303],[-73.94786,40.66191],[-73.9475,40.65852],[-73.94723,40.65621],[-73.94716,40.65563],[-73.94716,40.65559],[-73.94636,40.64782],[-73.94592,40.6439],[-73.94571,40.64185],[-73.94527,40.63787],[-73.945,40.63523],[-73.94454,40.63114],[-73.94451,40.63075],[-73.9433,40.63086],[-73.94192,40.63107],[-73.94091,40.63127],[-73.93918,40.63172],[-73.93776,40.63221],[-73.93627,40.6328],[-73.93274,40.63484],[-73.93129,40.63546],[-73.92949,40.63647],[-73.92647,40.63803],[-73.92535,40.63856],[-73.92436,40.63913],[-73.92256,40.64055],[-73.921,40.64184],[-73.91977,40.64278],[-73.91884,40.64354],[-73.91709,40.64492],[-73.91455,40.64654],[-73.91279,40.64783],[-73.91021,40.64954],[-73.90753,40.6512],[-73.90807,40.65161],[-73.90923,40.65265],[-73.91049,40.65383],[-73.91435,40.65727],[-73.91644,40.65915],[-73.91796,40.66049],[-73.91908,40.66163],[-73.92029,40.66276],[-73.92229,40.66455],[-73.92354,40.66562],[-73.92433,40.6664],[-73.92435,40.66642],[-73.93029,40.6638],[-73.93072,40.6636],[-73.93272,40.6635],[-73.93397,40.66357],[-73.93603,40.6637],[-73.93929,40.66388],[-73.94212,40.66403],[-73.94354,40.66415],[-73.9451,40.66425],[-73.94597,40.66426],[-73.94819,40.6641]]]}},{"type":"Feature","properties":{"id":"east-harlem-manhattan","name":"East Harlem","borough":"Manhattan"},"geometry":{"type":"Polygon","coordinates":[[[-73.94359,40.78278],[-73.94321,40.78337],[-73.94247,40.7839],[-73.93983,40.78526],[-73.93812,40.78718],[-73.93777,40.78778],[-73.93715,40.78917],[-73.93633,40.78883],[-73.93626,40.789],[-73.93701,40.78932],[-73.93706,40.78941],[-73.93583,40.79109],[-73.93527,40.79153],[-73.93348,40.79277],[-73.93267,40.79325],[-73.9302,40.79459],[-73.92928,40.79585],[-73.92904,40.79676],[-73.9289,40.79986],[-73.92903,40.80108],[-73.92921,40.80115],[-73.92935,40.80167],[-73.92979,40.80266],[-73.93004,40.80311],[-73.92997,40.8032],[-73.93035,40.80385],[-73.93116,40.80497],[-73.93308,40.80703],[-73.93356,40.8076],[-73.93412,40.80866],[-73.93434,40.80956],[-73.93428,40.81082],[-73.93398,40.81281],[-73.93386,40.81419],[-73.93397,40.81457],[-73.93395,40.81559],[-73.93383,40.81559],[-73.93379,40.81715],[-73.9338,40.81805],[-73.93778,40.81252],[-73.93855,40.81148],[-73.94225,40.80642],[-73.94233,40.80645],[-73.94928,40.79689],[-73.95591,40.78806],[-73.95573,40.78798],[-73.95097,40.78591],[-73.94362,40.7828],[-73.94359,40.78278]]]}},{"type":"Feature","properties":{"id":"east-new-york-brooklyn","name":"East New York","borough":"Brooklyn"},"geometry":{"type":"Polygon","coordinates":[[[-73.8663,40.68325],[-73.8666,40.68527],[-73.86687,40.68633],[-73.86745,40.68838],[-73.86777,40.6898],[-73.86858,40.69366],[-73.86867,40.69385],[-73.86872,40.69476],[-73.8688,40.69491],[-73.86892,40.69515],[-73.87402,40.69419],[-73.87946,40.69123],[-73.88378,40.68786],[-73.88566,40.68687],[-73.88762,40.686],[-73.88829,40.68518],[-73.88957,40.68418],[-73.89008,40.68471],[-73.89252,40.68342],[-73.89403,40.68514],[-73.89493,40.68429],[-73.8965,40.68245],[-73.89676,40.68175],[-73.89687,40.68088],[-73.89709,40.68046],[-73.89733,40.68023],[-73.89802,40.6798],[-73.89868,40.6796],[-73.89946,40.67953],[-73.90058,40.67965],[-73.90095,40.67975],[-73.90266,40.68067],[-73.90435,40.67894],[-73.90352,40.67845],[-73.90334,40.67767],[-73.90338,40.67685],[-73.90343,40.67586],[-73.90343,40.67552],[-73.90343,40.67548],[-73.90344,40.67533],[-73.90346,40.67534],[-73.90361,40.67538],[-73.90362,40.67538],[-73.90362,40.67537],[-73.90334,40.67442],[-73.90174,40.66813],[-73.90141,40.66669],[-73.90096,40.66517],[-73.90001,40.66131],[-73.89973,40.66012],[-73.8996,40.65934],[-73.8996,40.65868],[-73.89983,40.65733],[-73.89882,40.65745],[-73.898,40.6542],[-73.89784,40.65373],[-73.89664,40.65255],[-73.89548,40.6516],[-73.89252,40.64888],[-73.89156,40.64968],[-73.8911,40.64925],[-73.89086,40.64938],[-73.89057,40.64921],[-73.89035,40.64903],[-73.88997,40.64927],[-73.88958,40.64891],[-73.88922,40.64872],[-73.88879,40.64831],[-73.88864,40.64802],[-73.88764,40.6478],[-73.88752,40.64742],[-73.88773,40.64714],[-73.88764,40.64633],[-73.88746,40.64616],[-73.8872,40.6456],[-73.88673,40.64513],[-73.88601,40.64457],[-73.88558,40.64404],[-73.88481,40.64395],[-73.88432,40.6441],[-73.884,40.64437],[-73.8837,40.64435],[-73.88342,40.64452],[-73.88302,40.64418],[-73.88215,40.64374],[-73.88224,40.64345],[-73.88163,40.64273],[-73.88143,40.64237],[-73.88068,40.64211],[-73.88006,40.64199],[-73.88002,40.64177],[-73.88048,40.64112],[-73.88017,40.6409],[-73.8799,40.64037],[-73.87944,40.64017],[-73.87884,40.63947],[-73.87862,40.63937],[-73.87856,40.63904],[-73.87835,40.63887],[-73.87761,40.63879],[-73.87711,40.63864],[-73.8763,40.63805],[-73.87547,40.63727],[-73.87481,40.63684],[-73.87407,40.63649],[-73.87348,40.63629],[-73.87293,40.63636],[-73.87243,40.63655],[-73.87167,40.63708],[-73.87061,40.63758],[-73.86956,40.63795],[-73.86928,40.63756],[-73.86903,40.63789],[-73.86888,40.63844],[-73.86952,40.63865],[-73.8699,40.63893],[-73.87008,40.63921],[-73.87009,40.63984],[-73.87044,40.64029],[-73.87085,40.64056],[-73.87088,40.64077],[-73.87189,40.64225],[-73.87195,40.64239],[-73.87276,40.64325],[-73.87297,40.64384],[-73.87327,40.6439],[-73.87344,40.64445],[-73.87342,40.6449],[-73.87319,40.64545],[-73.87395,40.64644],[-73.87672,40.65032],[-73.87676,40.65056],[-73.87911,40.65371],[-73.87924,40.65374],[-73.87972,40.65438],[-73.87922,40.65459],[-73.87629,40.65064],[-73.87257,40.64558],[-73.87212,40.64542],[-73.87157,40.64541],[-73.87119,40.64531],[-73.87061,40.64486],[-73.87002,40.64407],[-73.86991,40.64328],[-73.86867,40.64093],[-73.86732,40.63987],[-73.86682,40.63996],[-73.86531,40.64075],[-73.86509,40.64094],[-73.8638,40.6418],[-73.86331,40.6423],[-73.86289,40.64255],[-73.86201,40.64289],[-73.86105,40.64303],[-73.85947,40.64314],[-73.85868,40.64326],[-73.85791,40.64344],[-73.85717,40.64368],[-73.85838,40.64727],[-73.85783,40.6483],[-73.85759,40.6494],[-73.85755,40.64993],[-73.85722,40.65028],[-73.85696,40.65059],[-73.8573,40.65106],[-73.85732,40.65124],[-73.85775,40.65149],[-73.85837,40.65219],[-73.85898,40.65268],[-73.85905,40.65311],[-73.85925,40.65325],[-73.85941,40.65386],[-73.85976,40.6541],[-73.85979,40.65448],[-73.86045,40.65507],[-73.86099,40.65521],[-73.86173,40.6553],[-73.86264,40.65567],[-73.86289,40.6559],[-73.86307,40.65633],[-73.863,40.65665],[-73.86328,40.65694],[-73.86299,40.65728],[-73.863,40.65749],[-73.8627,40.65762],[-73.86317,40.65828],[-73.86151,40.65905],[-73.8607,40.65931],[-73.86064,40.65932],[-73.86007,40.65949],[-73.85877,40.65979],[-73.85748,40.65998],[-73.85788,40.66156],[-73.85836,40.66324],[-73.85673,40.66349],[-73.85566,40.6638],[-73.85642,40.66703],[-73.85685,40.6686],[-73.85763,40.67166],[-73.85939,40.67139],[-73.86039,40.67127],[-73.86077,40.67281],[-73.86106,40.67434],[-73.86132,40.67502],[-73.86235,40.67916],[-73.86328,40.67907],[-73.8641,40.68237],[-73.86499,40.68213],[-73.86603,40.68192],[-73.8663,40.68325]]]}},{"type":"Feature","properties":{"id":"east-tremont-bronx","name":"East Tremont","borough":"Bronx"},"geometry":{"type":"Polygon","coordinates":[[[-73.89008,40.85428],[-73.89033,40.85439],[-73.89086,40.85416],[-73.89284,40.85515],[-73.89513,40.85609],[-73.89559,40.85625],[-73.89579,40.85595],[-73.89987,40.84958],[-73.9005,40.84855],[-73.90097,40.84771],[-73.90104,40.84739],[-73.90153,40.84656],[-73.90266,40.84453],[-73.89937,40.84414],[-73.89778,40.84396],[-73.89671,40.84383],[-73.89669,40.84382],[-73.89663,40.84382],[-73.89379,40.84348],[-73.89169,40.84318],[-73.89124,40.84309],[-73.89009,40.84257],[-73.88741,40.84112],[-73.88613,40.84039],[-73.88606,40.84068],[-73.88536,40.8443],[-73.88511,40.8453],[-73.88432,40.84615],[-73.8836,40.84699],[-73.88339,40.84733],[-73.88302,40.84858],[-73.88238,40.85085],[-73.88235,40.85114],[-73.88392,40.85161],[-73.88485,40.85183],[-73.88963,40.85321],[-73.8896,40.85347],[-73.88984,40.85398],[-73.89008,40.85428]]]}},{"type":"Feature","properties":{"id":"east-village-manhattan","name":"East Village","borough":"Manhattan"},"geometry":{"type":"Polygon","coordinates":[[[-73.97355,40.71866],[-73.97315,40.71999],[-73.97226,40.72371],[-73.97177,40.72583],[-73.9716,40.72678],[-73.98255,40.73135],[-73.98255,40.73136],[-73.98718,40.73329],[-73.99133,40.7276],[-73.99195,40.72594],[-73.99213,40.72542],[-73.99258,40.7242],[-73.98625,40.7223],[-73.98417,40.72166],[-73.97961,40.72028],[-73.97871,40.71999],[-73.97722,40.71939],[-73.97524,40.719],[-73.97473,40.71884],[-73.97355,40.71866]]]}},{"type":"Feature","properties":{"id":"east-williamsburg-brooklyn","name":"East Williamsburg","borough":"Brooklyn"},"geometry":{"type":"Polygon","coordinates":[[[-73.92393,40.7141],[-73.92406,40.71411],[-73.92434,40.71412],[-73.92453,40.71469],[-73.92483,40.71528],[-73.92431,40.71585],[-73.92359,40.71603],[-73.92306,40.71634],[-73.92335,40.71697],[-73.92366,40.71734],[-73.92445,40.71789],[-73.92471,40.71795],[-73.92595,40.71769],[-73.9281,40.71713],[-73.92875,40.71683],[-73.9289,40.71657],[-73.92844,40.71553],[-73.93085,40.7149],[-73.93105,40.71461],[-73.93042,40.71319],[-73.93051,40.71307],[-73.93173,40.71275],[-73.93185,40.71259],[-73.93161,40.71204],[-73.93086,40.71222],[-73.93089,40.71206],[-73.93155,40.71186],[-73.93025,40.70893],[-73.93054,40.70877],[-73.93093,40.70917],[-73.9319,40.71134],[-73.93328,40.71098],[-73.93338,40.71123],[-73.93203,40.71159],[-73.93265,40.713],[-73.93261,40.71308],[-73.93165,40.71334],[-73.93124,40.71372],[-73.93175,40.71474],[-73.93214,40.71468],[-73.93216,40.71501],[-73.93149,40.71521],[-73.92958,40.71568],[-73.92932,40.71611],[-73.92971,40.71701],[-73.92957,40.71722],[-73.9292,40.7174],[-73.92889,40.71771],[-73.92838,40.71758],[-73.92638,40.71808],[-73.92616,40.7181],[-73.92486,40.71844],[-73.92469,40.71872],[-73.92453,40.71967],[-73.92482,40.72027],[-73.92561,40.72006],[-73.9272,40.72365],[-73.9278,40.72493],[-73.92786,40.72575],[-73.92849,40.72661],[-73.92949,40.72755],[-73.93104,40.72632],[-73.93168,40.72597],[-73.93238,40.72568],[-73.93377,40.72529],[-73.93651,40.72458],[-73.93709,40.72441],[-73.93764,40.72416],[-73.93864,40.72362],[-73.93855,40.72345],[-73.93957,40.72291],[-73.94035,40.72245],[-73.94102,40.72196],[-73.94051,40.71869],[-73.94181,40.71699],[-73.94213,40.71615],[-73.94217,40.71493],[-73.94188,40.71428],[-73.94052,40.71159],[-73.93937,40.70485],[-73.93836,40.70383],[-73.93788,40.70358],[-73.93758,40.70329],[-73.93702,40.70193],[-73.93624,40.70159],[-73.92522,40.70547],[-73.92143,40.70868],[-73.92122,40.70886],[-73.92147,40.709],[-73.92168,40.70947],[-73.92073,40.71046],[-73.9212,40.71068],[-73.92133,40.71086],[-73.92169,40.71189],[-73.92211,40.71291],[-73.92393,40.7141]]]}},{"type":"Feature","properties":{"id":"eastchester-bronx","name":"Eastchester","borough":"Bronx"},"geometry":{"type":"Polygon","coordinates":[[[-73.82022,40.88542],[-73.81976,40.88553],[-73.81719,40.88628],[-73.81699,40.88717],[-73.81664,40.88944],[-73.8185,40.88988],[-73.82296,40.89106],[-73.8233,40.89042],[-73.82336,40.88987],[-73.82282,40.88985],[-73.82242,40.88966],[-73.82252,40.88943],[-73.82357,40.88986],[-73.82402,40.88975],[-73.82401,40.88998],[-73.8244,40.88998],[-73.825,40.89018],[-73.82722,40.89079],[-73.82794,40.89093],[-73.82872,40.89127],[-73.83002,40.89169],[-73.83082,40.89188],[-73.8317,40.89218],[-73.83343,40.89266],[-73.83389,40.89167],[-73.8344,40.8893],[-73.8375,40.88857],[-73.84171,40.88866],[-73.84163,40.88835],[-73.841,40.88592],[-73.83834,40.8809],[-73.83529,40.87591],[-73.83418,40.87598],[-73.83413,40.87653],[-73.83382,40.87761],[-73.83354,40.87824],[-73.83316,40.87884],[-73.83257,40.87956],[-73.83139,40.88071],[-73.83053,40.88135],[-73.82953,40.88196],[-73.8273,40.88313],[-73.82549,40.88392],[-73.82369,40.88454],[-73.82022,40.88542]]]}},{"type":"Feature","properties":{"id":"edgemere-queens","name":"Edgemere","borough":"Queens"},"geometry":{"type":"Polygon","coordinates":[[[-73.7682,40.59783],[-73.76946,40.59826],[-73.76981,40.59812],[-73.77049,40.59809],[-73.77114,40.5983],[-73.77162,40.598],[-73.77198,40.59792],[-73.77307,40.5979],[-73.77319,40.59804],[-73.77372,40.59824],[-73.77373,40.59863],[-73.77422,40.59905],[-73.77412,40.5999],[-73.77455,40.60039],[-73.77475,40.60076],[-73.77471,40.60105],[-73.77497,40.60174],[-73.7756,40.60165],[-73.77602,40.60138],[-73.77628,40.60108],[-73.77706,40.59969],[-73.7773,40.59938],[-73.77737,40.59891],[-73.7778,40.59848],[-73.77823,40.59818],[-73.77877,40.59797],[-73.77902,40.59766],[-73.77964,40.59739],[-73.78007,40.59692],[-73.78018,40.59721],[-73.78062,40.59733],[-73.78133,40.59775],[-73.78145,40.59799],[-73.78186,40.59837],[-73.78201,40.59891],[-73.78143,40.59955],[-73.78081,40.59995],[-73.78069,40.60022],[-73.78011,40.60073],[-73.7783,40.60036],[-73.77807,40.60053],[-73.77808,40.6008],[-73.77785,40.60093],[-73.77737,40.60145],[-73.77696,40.60172],[-73.77637,40.60252],[-73.77608,40.6025],[-73.77602,40.60309],[-73.7759,40.60345],[-73.77538,40.60416],[-73.77491,40.60411],[-73.7747,40.60439],[-73.77517,40.60442],[-73.77516,40.60463],[-73.77488,40.60529],[-73.7749,40.60572],[-73.77469,40.60638],[-73.77455,40.60712],[-73.77474,40.60746],[-73.7743,40.60747],[-73.77423,40.6077],[-73.77471,40.60818],[-73.77413,40.6087],[-73.77427,40.60895],[-73.77492,40.60952],[-73.77535,40.60974],[-73.77627,40.60965],[-73.77693,40.60984],[-73.77728,40.60985],[-73.77829,40.60971],[-73.77881,40.60955],[-73.7794,40.60923],[-73.78041,40.60843],[-73.78181,40.6071],[-73.78225,40.60658],[-73.78279,40.60618],[-73.78349,40.6055],[-73.78396,40.60487],[-73.78365,40.60445],[-73.78346,40.60402],[-73.78313,40.60381],[-73.78317,40.60347],[-73.78352,40.60254],[-73.7838,40.60224],[-73.78448,40.6018],[-73.78532,40.60157],[-73.78552,40.60138],[-73.78558,40.60092],[-73.78599,40.60029],[-73.78661,40.60003],[-73.78685,40.59985],[-73.78701,40.59953],[-73.78758,40.59916],[-73.78819,40.59862],[-73.78873,40.59833],[-73.78917,40.59788],[-73.7891,40.59744],[-73.78926,40.59692],[-73.78927,40.59648],[-73.78913,40.59583],[-73.78921,40.59518],[-73.78938,40.59514],[-73.78907,40.59478],[-73.7892,40.5944],[-73.78895,40.59227],[-73.78849,40.5876],[-73.7875,40.58797],[-73.78639,40.58813],[-73.78578,40.58828],[-73.78465,40.58845],[-73.7835,40.58876],[-73.78289,40.589],[-73.78179,40.58925],[-73.78142,40.58927],[-73.78037,40.58961],[-73.77986,40.58965],[-73.77918,40.58959],[-73.7775,40.59008],[-73.7767,40.59006],[-73.77592,40.59031],[-73.77586,40.59018],[-73.77521,40.59027],[-73.77441,40.59028],[-73.7741,40.59039],[-73.77252,40.59045],[-73.77142,40.59059],[-73.77083,40.59055],[-73.76964,40.59077],[-73.76873,40.59087],[-73.76807,40.59072],[-73.76747,40.59084],[-73.76633,40.59097],[-73.76552,40.59116],[-73.76393,40.59142],[-73.76491,40.59745],[-73.76756,40.59576],[-73.7682,40.59783]]]}},{"type":"Feature","properties":{"id":"elm-park-staten-island","name":"Elm Park","borough":"Staten Island"},"geometry":{"type":"Polygon","coordinates":[[[-74.14575,40.62779],[-74.14486,40.62764],[-74.14415,40.63007],[-74.14391,40.63034],[-74.14365,40.631],[-74.14337,40.63195],[-74.14278,40.63379],[-74.14414,40.63411],[-74.14408,40.63426],[-74.14511,40.63446],[-74.14584,40.63457],[-74.14649,40.63479],[-74.14706,40.6345],[-74.14829,40.63416],[-74.14957,40.63402],[-74.1519,40.63399],[-74.15268,40.62876],[-74.15017,40.62849],[-74.14792,40.6282],[-74.14575,40.62779]]]}},{"type":"Feature","properties":{"id":"elmhurst-queens","name":"Elmhurst","borough":"Queens"},"geometry":{"type":"Polygon","coordinates":[[[-73.86453,40.73406],[-73.8653,40.73549],[-73.86628,40.73766],[-73.86747,40.74062],[-73.86758,40.74138],[-73.86749,40.7424],[-73.86751,40.74329],[-73.8684,40.74676],[-73.8685,40.74738],[-73.86872,40.74798],[-73.86902,40.74849],[-73.86892,40.74867],[-73.86927,40.74923],[-73.86945,40.74921],[-73.86983,40.74917],[-73.87875,40.74822],[-73.88353,40.74774],[-73.89015,40.74702],[-73.8951,40.74652],[-73.89483,40.74587],[-73.89437,40.74593],[-73.89394,40.7455],[-73.89285,40.7437],[-73.89088,40.74064],[-73.88906,40.73741],[-73.88812,40.73556],[-73.8878,40.73451],[-73.8873,40.73309],[-73.88636,40.73069],[-73.88597,40.72908],[-73.88577,40.72812],[-73.88528,40.72826],[-73.88376,40.72845],[-73.88212,40.72851],[-73.88062,40.72867],[-73.87897,40.72918],[-73.87699,40.72996],[-73.87374,40.73096],[-73.87109,40.7318],[-73.86972,40.73223],[-73.86704,40.73325],[-73.86453,40.73406]]]}},{"type":"Feature","properties":{"id":"eltingville-staten-island","name":"Eltingville","borough":"Staten Island"},"geometry":{"type":"Polygon","coordinates":[[[-74.16007,40.52735],[-74.15988,40.52737],[-74.15939,40.52743],[-74.1589,40.52794],[-74.1579,40.52853],[-74.15702,40.52898],[-74.15643,40.529],[-74.15599,40.52942],[-74.15493,40.53023],[-74.1545,40.53032],[-74.15431,40.53059],[-74.15246,40.53207],[-74.15185,40.53216],[-74.15176,40.5324],[-74.15112,40.53274],[-74.1507,40.53255],[-74.14972,40.53349],[-74.14978,40.53389],[-74.14922,40.53424],[-74.14794,40.53492],[-74.14702,40.53524],[-74.1467,40.53541],[-74.14619,40.53536],[-74.14599,40.53549],[-74.14726,40.53613],[-74.15146,40.53855],[-74.15288,40.53995],[-74.15642,40.54355],[-74.15849,40.54564],[-74.15878,40.546],[-74.15904,40.54689],[-74.15943,40.54746],[-74.1599,40.54828],[-74.16036,40.55016],[-74.16003,40.55212],[-74.16001,40.55281],[-74.16115,40.55617],[-74.16162,40.55761],[-74.16266,40.56059],[-74.16289,40.56298],[-74.16298,40.56324],[-74.16381,40.56302],[-74.16497,40.56282],[-74.16601,40.56251],[-74.16695,40.56021],[-74.16872,40.56068],[-74.17084,40.56248],[-74.1735,40.56017],[-74.17631,40.55491],[-74.17958,40.54876],[-74.18085,40.54701],[-74.18102,40.54683],[-74.18102,40.54682],[-74.17871,40.54566],[-74.17509,40.54374],[-74.17099,40.5419],[-74.1693,40.54116],[-74.16907,40.54097],[-74.16888,40.53978],[-74.16766,40.53797],[-74.16675,40.53676],[-74.16593,40.53561],[-74.16499,40.53436],[-74.16242,40.53086],[-74.1611,40.52903],[-74.16029,40.52796],[-74.16007,40.52735]]]}},{"type":"Feature","properties":{"id":"emerson-hill-staten-island","name":"Emerson Hill","borough":"Staten Island"},"geometry":{"type":"Polygon","coordinates":[[[-74.0982,40.61052],[-74.10968,40.61018],[-74.11006,40.61024],[-74.11253,40.61097],[-74.11482,40.61109],[-74.11722,40.61069],[-74.11922,40.61027],[-74.12362,40.60936],[-74.1271,40.60863],[-74.12806,40.60859],[-74.13205,40.60839],[-74.13203,40.60827],[-74.13083,40.59871],[-74.13238,40.5944],[-74.12912,40.59371],[-74.1247,40.59435],[-74.12056,40.59182],[-74.12019,40.59155],[-74.12018,40.59155],[-74.11989,40.59198],[-74.11881,40.59282],[-74.11768,40.59402],[-74.11708,40.59526],[-74.11668,40.59661],[-74.11668,40.59768],[-74.11648,40.59878],[-74.1161,40.59982],[-74.11507,40.60164],[-74.11486,40.60212],[-74.11385,40.60264],[-74.11271,40.60307],[-74.11155,40.60106],[-74.10965,40.60157],[-74.10697,40.60184],[-74.10658,40.60175],[-74.10526,40.60083],[-74.10372,40.60071],[-74.10333,40.60078],[-74.10237,40.60132],[-74.10042,40.60219],[-74.10075,40.60256],[-74.1009,40.60326],[-74.10094,40.6041],[-74.10036,40.60431],[-74.09981,40.60431],[-74.09905,40.60405],[-74.09874,40.60402],[-74.09752,40.60405],[-74.09642,40.60463],[-74.09625,40.60517],[-74.09636,40.60533],[-74.09603,40.6056],[-74.09458,40.60571],[-74.09444,40.60602],[-74.09384,40.60648],[-74.0932,40.60658],[-74.09301,40.60701],[-74.09267,40.60727],[-74.09205,40.60744],[-74.09106,40.60853],[-74.09063,40.60891],[-74.09402,40.61029],[-74.0982,40.61052]]]}},{"type":"Feature","properties":{"id":"far-rockaway-queens","name":"Far Rockaway","borough":"Queens"},"geometry":{"type":"Polygon","coordinates":[[[-73.77022,40.60315],[-73.77042,40.60294],[-73.77019,40.60275],[-73.77045,40.60214],[-73.77085,40.60172],[-73.77074,40.60154],[-73.77094,40.60115],[-73.77113,40.60046],[-73.77108,40.5997],[-73.77116,40.59948],[-73.771,40.59891],[-73.77079,40.59881],[-73.77031,40.59898],[-73.7697,40.59864],[-73.76888,40.59839],[-73.76832,40.59835],[-73.76794,40.59815],[-73.7682,40.59783],[-73.76756,40.59576],[-73.76491,40.59745],[-73.76393,40.59142],[-73.76304,40.5916],[-73.76134,40.59173],[-73.75995,40.59162],[-73.75929,40.59149],[-73.75789,40.59136],[-73.75595,40.59087],[-73.75495,40.59087],[-73.75446,40.59095],[-73.75345,40.59096],[-73.75297,40.59114],[-73.75169,40.59131],[-73.7505,40.59235],[-73.74953,40.59292],[-73.74913,40.59322],[-73.74818,40.59352],[-73.74745,40.59403],[-73.74692,40.59412],[-73.74666,40.5943],[-73.74577,40.59441],[-73.74452,40.59467],[-73.74345,40.59464],[-73.74335,40.5948],[-73.74287,40.59483],[-73.74239,40.59473],[-73.74223,40.59491],[-73.74174,40.59473],[-73.74137,40.59481],[-73.74089,40.5946],[-73.74063,40.59472],[-73.74005,40.59461],[-73.73996,40.5945],[-73.739,40.59459],[-73.73853,40.59444],[-73.73815,40.59454],[-73.73813,40.595],[-73.73841,40.59592],[-73.73838,40.59712],[-73.73886,40.59678],[-73.73933,40.59691],[-73.73961,40.59676],[-73.73958,40.59638],[-73.73993,40.59606],[-73.74049,40.59607],[-73.7406,40.59619],[-73.74051,40.59657],[-73.74151,40.59653],[-73.7418,40.59677],[-73.74145,40.59694],[-73.74108,40.59682],[-73.74061,40.59698],[-73.74036,40.59677],[-73.74028,40.59641],[-73.7401,40.59621],[-73.7398,40.59643],[-73.74012,40.59673],[-73.74004,40.59695],[-73.73954,40.59724],[-73.73922,40.59722],[-73.73876,40.59699],[-73.73865,40.59732],[-73.73836,40.5976],[-73.73836,40.59845],[-73.73823,40.60257],[-73.7384,40.60304],[-73.73921,40.60404],[-73.74029,40.6046],[-73.74121,40.60552],[-73.7434,40.60747],[-73.74315,40.60778],[-73.74387,40.60889],[-73.74457,40.61012],[-73.74537,40.6112],[-73.74576,40.61199],[-73.74685,40.61157],[-73.74722,40.61218],[-73.74761,40.612],[-73.74799,40.61231],[-73.74822,40.61201],[-73.74912,40.61179],[-73.75009,40.61164],[-73.75346,40.61052],[-73.75517,40.60998],[-73.75556,40.61012],[-73.75576,40.61036],[-73.75648,40.61018],[-73.75734,40.61029],[-73.75848,40.61028],[-73.75944,40.61035],[-73.75961,40.61017],[-73.76099,40.60641],[-73.76085,40.60526],[-73.77022,40.60315]]]}},{"type":"Feature","properties":{"id":"financial-district-manhattan","name":"Financial District","borough":"Manhattan"},"geometry":{"type":"Polygon","coordinates":[[[-74.01366,40.71365],[-74.01429,40.71135],[-74.01657,40.70561],[-74.01632,40.70498],[-74.01651,40.70432],[-74.01726,40.70386],[-74.01767,40.70388],[-74.01767,40.70359],[-74.0174,40.70302],[-74.0169,40.70242],[-74.01612,40.70163],[-74.01514,40.70084],[-74.01502,40.70099],[-74.01432,40.70066],[-74.01395,40.70099],[-74.01356,40.70094],[-74.01349,40.70048],[-74.01327,40.7005],[-74.01314,40.6998],[-74.01301,40.69982],[-74.01311,40.70051],[-74.01239,40.70062],[-74.01213,40.70014],[-74.01186,40.70011],[-74.01209,40.70068],[-74.01115,40.7009],[-74.01129,40.70125],[-74.01106,40.70145],[-74.00958,40.70184],[-74.00862,40.70055],[-74.00835,40.70067],[-74.00854,40.70092],[-74.00759,40.70133],[-74.00776,40.70155],[-74.0087,40.70114],[-74.00929,40.70193],[-74.00911,40.70198],[-74.0077,40.70285],[-74.00752,40.70312],[-74.00679,40.70357],[-74.00549,40.70243],[-74.0053,40.70256],[-74.0066,40.70369],[-74.00614,40.70398],[-74.00602,40.70387],[-74.00406,40.70515],[-74.00287,40.70408],[-74.00263,40.70422],[-74.00383,40.7053],[-74.00332,40.70563],[-74.00219,40.70461],[-74.00197,40.70474],[-74.00269,40.70545],[-74.00206,40.70541],[-74.00145,40.70487],[-74.00059,40.70541],[-74.00141,40.70618],[-74.00098,40.70642],[-74.00119,40.70686],[-73.99952,40.70776],[-73.99896,40.7081],[-73.99905,40.70817],[-74.00101,40.70956],[-74.00346,40.7113],[-74.00498,40.71238],[-74.00501,40.7124],[-74.00857,40.7114],[-74.01366,40.71365]]]}},{"type":"Feature","properties":{"id":"flatbush-brooklyn","name":"Flatbush","borough":"Brooklyn"},"geometry":{"type":"Polygon","coordinates":[[[-73.94819,40.6641],[-73.96215,40.66322],[-73.96253,40.66301],[-73.96305,40.66235],[-73.96191,40.65487],[-73.97084,40.65139],[-73.97142,40.6511],[-73.97171,40.65054],[-73.97211,40.65039],[-73.9719,40.64995],[-73.97162,40.64901],[-73.97106,40.64711],[-73.97086,40.64642],[-73.97083,40.64632],[-73.96811,40.63664],[-73.96611,40.62954],[-73.9573,40.63054],[-73.9566,40.63061],[-73.95653,40.631],[-73.95636,40.6312],[-73.95599,40.63135],[-73.95454,40.63157],[-73.95462,40.63195],[-73.94965,40.63249],[-73.94814,40.63168],[-73.94803,40.63154],[-73.94648,40.63169],[-73.94536,40.63068],[-73.94451,40.63075],[-73.94454,40.63114],[-73.945,40.63523],[-73.94527,40.63787],[-73.94571,40.64185],[-73.94592,40.6439],[-73.94636,40.64782],[-73.94716,40.65559],[-73.94716,40.65563],[-73.94723,40.65621],[-73.94786,40.66191],[-73.94801,40.66328],[-73.94819,40.66408],[-73.94819,40.6641]]]}},{"type":"Feature","properties":{"id":"flatiron-district-manhattan","name":"Flatiron District","borough":"Manhattan"},"geometry":{"type":"Polygon","coordinates":[[[-73.99184,40.74421],[-73.99187,40.74416],[-73.99664,40.73764],[-73.99684,40.73736],[-73.98879,40.73397],[-73.98611,40.73763],[-73.98684,40.73794],[-73.98643,40.73853],[-73.98562,40.73827],[-73.98474,40.7395],[-73.98414,40.74033],[-73.98381,40.7408],[-73.98542,40.74148],[-73.99184,40.74421]]]}},{"type":"Feature","properties":{"id":"flatlands-brooklyn","name":"Flatlands","borough":"Brooklyn"},"geometry":{"type":"Polygon","coordinates":[[[-73.91854,40.63197],[-73.9187,40.63317],[-73.91889,40.63494],[-73.91976,40.64263],[-73.91977,40.64278],[-73.921,40.64184],[-73.92256,40.64055],[-73.92436,40.63913],[-73.92535,40.63856],[-73.92647,40.63803],[-73.92949,40.63647],[-73.93129,40.63546],[-73.93274,40.63484],[-73.93627,40.6328],[-73.93776,40.63221],[-73.93918,40.63172],[-73.94091,40.63127],[-73.94192,40.63107],[-73.9433,40.63086],[-73.94451,40.63075],[-73.9454,40.63072],[-73.94536,40.63068],[-73.94362,40.62901],[-73.94048,40.62604],[-73.9382,40.62385],[-73.93696,40.62271],[-73.93631,40.62208],[-73.93534,40.62116],[-73.93177,40.6179],[-73.9246,40.61136],[-73.91652,40.61657],[-73.91702,40.61703],[-73.91729,40.61956],[-73.91762,40.62273],[-73.91799,40.62677],[-73.91818,40.62841],[-73.91854,40.63197]]]}},{"type":"Feature","properties":{"id":"floral-park-queens","name":"Floral Park","borough":"Queens"},"geometry":{"type":"Polygon","coordinates":[[[-73.71056,40.72722],[-73.70766,40.72783],[-73.7071,40.72875],[-73.7046,40.73257],[-73.70395,40.73352],[-73.70331,40.73456],[-73.70206,40.73644],[-73.70147,40.73751],[-73.70081,40.73844],[-73.70049,40.73878],[-73.70027,40.73924],[-73.70029,40.74101],[-73.70057,40.7431],[-73.70078,40.74504],[-73.70089,40.74706],[-73.70117,40.74887],[-73.70135,40.75078],[-73.70173,40.75248],[-73.70233,40.7522],[-73.70669,40.7499],[-73.70774,40.74932],[-73.7116,40.7473],[-73.71246,40.7467],[-73.71347,40.7463],[-73.71475,40.7456],[-73.71771,40.74404],[-73.71599,40.7402],[-73.71531,40.73881],[-73.71495,40.7379],[-73.71402,40.73651],[-73.71269,40.73441],[-73.71168,40.73274],[-73.71147,40.73232],[-73.71082,40.73051],[-73.71056,40.72722]]]}},{"type":"Feature","properties":{"id":"flushing-queens","name":"Flushing","borough":"Queens"},"geometry":{"type":"Polygon","coordinates":[[[-73.83925,40.76603],[-73.83939,40.76555],[-73.83837,40.76509],[-73.83782,40.76445],[-73.83708,40.76331],[-73.83683,40.76261],[-73.83683,40.76202],[-73.83668,40.76137],[-73.83688,40.76087],[-73.83733,40.75998],[-73.83837,40.75814],[-73.83862,40.75695],[-73.83845,40.7563],[-73.83837,40.75597],[-73.83842,40.75588],[-73.83817,40.75507],[-73.83784,40.75435],[-73.83744,40.75371],[-73.8359,40.75148],[-73.83547,40.75059],[-73.83518,40.75015],[-73.83498,40.7492],[-73.83499,40.74849],[-73.83509,40.74737],[-73.83576,40.74617],[-73.83682,40.74498],[-73.83733,40.74415],[-73.83724,40.74344],[-73.83714,40.74338],[-73.83586,40.74338],[-73.83497,40.74333],[-73.83385,40.74333],[-73.83226,40.74318],[-73.83067,40.74289],[-73.82965,40.74293],[-73.82728,40.74268],[-73.82601,40.74245],[-73.82475,40.74211],[-73.82339,40.74167],[-73.82215,40.74111],[-73.82068,40.74062],[-73.81812,40.73991],[-73.8152,40.73887],[-73.81364,40.73867],[-73.81176,40.73872],[-73.81038,40.73867],[-73.81046,40.73758],[-73.81047,40.7366],[-73.81056,40.73468],[-73.81075,40.7319],[-73.81082,40.73055],[-73.81098,40.72896],[-73.81117,40.72789],[-73.81088,40.72718],[-73.80866,40.72741],[-73.80525,40.72779],[-73.80529,40.72829],[-73.80529,40.72976],[-73.80512,40.73257],[-73.805,40.7342],[-73.80478,40.7376],[-73.80461,40.73846],[-73.80439,40.74166],[-73.80428,40.74355],[-73.8042,40.74424],[-73.80377,40.74537],[-73.8034,40.74618],[-73.80276,40.74785],[-73.80272,40.74842],[-73.80278,40.74938],[-73.80291,40.75029],[-73.80308,40.75064],[-73.80372,40.75143],[-73.80414,40.7522],[-73.80432,40.75306],[-73.80376,40.75301],[-73.80413,40.75425],[-73.80343,40.76148],[-73.80003,40.76225],[-73.79453,40.76225],[-73.79332,40.76244],[-73.78689,40.7635],[-73.78799,40.76405],[-73.78869,40.76464],[-73.79082,40.7677],[-73.79495,40.77205],[-73.79585,40.77286],[-73.79756,40.77439],[-73.80343,40.77485],[-73.80899,40.7753],[-73.81343,40.77564],[-73.81474,40.7758],[-73.81566,40.77598],[-73.81588,40.77593],[-73.81661,40.77617],[-73.81766,40.77638],[-73.81967,40.77662],[-73.82167,40.77682],[-73.82434,40.77672],[-73.82535,40.77625],[-73.82582,40.77591],[-73.82751,40.77593],[-73.82811,40.77601],[-73.82849,40.77537],[-73.82943,40.77405],[-73.83061,40.77298],[-73.83223,40.77215],[-73.83518,40.7704],[-73.83656,40.76937],[-73.83827,40.76758],[-73.83925,40.76603]]]}},{"type":"Feature","properties":{"id":"fordham-bronx","name":"Fordham","borough":"Bronx"},"geometry":{"type":"Polygon","coordinates":[[[-73.88539,40.86626],[-73.88877,40.86595],[-73.89254,40.86807],[-73.89565,40.86925],[-73.89705,40.86765],[-73.90068,40.86292],[-73.90329,40.85886],[-73.8969,40.85678],[-73.8956,40.85658],[-73.89543,40.85651],[-73.89559,40.85625],[-73.89513,40.85609],[-73.89284,40.85515],[-73.89086,40.85416],[-73.89033,40.85439],[-73.89008,40.85428],[-73.89074,40.85572],[-73.89108,40.85667],[-73.89111,40.85718],[-73.89114,40.85972],[-73.89124,40.86003],[-73.89039,40.86115],[-73.8914,40.86168],[-73.8892,40.86333],[-73.88693,40.86531],[-73.8866,40.86556],[-73.88539,40.86626]]]}},{"type":"Feature","properties":{"id":"forest-hills-queens","name":"Forest Hills","borough":"Queens"},"geometry":{"type":"Polygon","coordinates":[[[-73.8593,40.70743],[-73.85912,40.70672],[-73.85882,40.7062],[-73.85844,40.70575],[-73.8574,40.70497],[-73.85655,40.70448],[-73.85589,40.70393],[-73.85559,40.70375],[-73.85542,40.70349],[-73.85531,40.703],[-73.85523,40.70143],[-73.85514,40.7012],[-73.85339,40.69929],[-73.85285,40.69837],[-73.85275,40.69804],[-73.85279,40.69749],[-73.8489,40.69841],[-73.84536,40.69924],[-73.84486,40.69947],[-73.84261,40.70073],[-73.84168,40.70109],[-73.84107,40.70144],[-73.83974,40.70258],[-73.8392,40.70298],[-73.83745,40.70397],[-73.83719,40.70423],[-73.83724,40.7044],[-73.83792,40.7063],[-73.83734,40.7078],[-73.83675,40.70853],[-73.83652,40.70873],[-73.83452,40.70979],[-73.83435,40.71007],[-73.83448,40.71036],[-73.83555,40.71133],[-73.83605,40.71174],[-73.83603,40.71175],[-73.83454,40.71256],[-73.83395,40.71289],[-73.83177,40.71406],[-73.83053,40.71449],[-73.82974,40.71469],[-73.82891,40.71477],[-73.82818,40.71503],[-73.82631,40.71556],[-73.82631,40.71574],[-73.82633,40.71627],[-73.82725,40.71704],[-73.82785,40.71672],[-73.82959,40.71689],[-73.83057,40.71722],[-73.83104,40.71745],[-73.83205,40.71819],[-73.83314,40.7193],[-73.83519,40.72124],[-73.8369,40.72506],[-73.83896,40.72815],[-73.8417,40.73089],[-73.84353,40.73328],[-73.8445,40.73545],[-73.84501,40.7393],[-73.84525,40.7401],[-73.84721,40.73905],[-73.84906,40.7381],[-73.85219,40.73718],[-73.85387,40.73684],[-73.85415,40.73678],[-73.85404,40.73653],[-73.85394,40.7363],[-73.85616,40.73565],[-73.85474,40.73285],[-73.8542,40.73302],[-73.85328,40.73107],[-73.85215,40.7291],[-73.85173,40.72848],[-73.85171,40.72798],[-73.85181,40.72766],[-73.85339,40.7272],[-73.85398,40.72669],[-73.85563,40.72407],[-73.85728,40.72148],[-73.85738,40.72177],[-73.85864,40.72146],[-73.85797,40.71616],[-73.85776,40.71443],[-73.85764,40.71249],[-73.85714,40.70911],[-73.85701,40.70773],[-73.85807,40.70767],[-73.8593,40.70743]]]}},{"type":"Feature","properties":{"id":"fort-greene-brooklyn","name":"Fort Greene","borough":"Brooklyn"},"geometry":{"type":"Polygon","coordinates":[[[-73.98119,40.70225],[-73.98469,40.70233],[-73.98473,40.70071],[-73.98479,40.7006],[-73.98573,40.70061],[-73.98616,40.70082],[-73.98689,40.70103],[-73.98697,40.70105],[-73.98672,40.70087],[-73.98535,40.6983],[-73.98065,40.6887],[-73.9784,40.68528],[-73.97809,40.68481],[-73.97786,40.68446],[-73.97734,40.68399],[-73.97644,40.68367],[-73.97522,40.6834],[-73.97106,40.68259],[-73.96804,40.68196],[-73.9676,40.68187],[-73.96768,40.68238],[-73.9682,40.68482],[-73.96913,40.68947],[-73.97003,40.69405],[-73.97052,40.69663],[-73.97077,40.69785],[-73.97412,40.69798],[-73.97618,40.69808],[-73.9805,40.69825],[-73.98038,40.70022],[-73.9804,40.70073],[-73.98082,40.70122],[-73.98126,40.70132],[-73.98119,40.70225]]]}},{"type":"Feature","properties":{"id":"fort-hamilton-brooklyn","name":"Fort Hamilton","borough":"Brooklyn"},"geometry":{"type":"Polygon","coordinates":[[[-74.03099,40.61091],[-74.03283,40.61039],[-74.0331,40.6103],[-74.03607,40.60934],[-74.03607,40.60933],[-74.03568,40.60903],[-74.03496,40.60866],[-74.03459,40.60824],[-74.03427,40.60772],[-74.03359,40.60708],[-74.03271,40.60633],[-74.03213,40.6059],[-74.0318,40.60578],[-74.03102,40.60525],[-74.03005,40.60476],[-74.02931,40.6046],[-74.02102,40.60356],[-74.02054,40.60344],[-74.01975,40.60308],[-74.01896,40.60257],[-74.01859,40.60372],[-74.01842,40.60423],[-74.01804,40.60523],[-74.01797,40.60538],[-74.01788,40.60572],[-74.01791,40.60588],[-74.01795,40.60601],[-74.01802,40.60619],[-74.01811,40.60635],[-74.01863,40.60671],[-74.01905,40.6069],[-74.02017,40.60715],[-74.02062,40.6073],[-74.02163,40.60785],[-74.02286,40.60862],[-74.02349,40.60896],[-74.02457,40.60962],[-74.0248,40.60969],[-74.02413,40.61134],[-74.02212,40.61622],[-74.02123,40.61847],[-74.02206,40.61899],[-74.02207,40.619],[-74.02215,40.61905],[-74.02325,40.61972],[-74.02479,40.61794],[-74.02617,40.61627],[-74.02963,40.61205],[-74.03099,40.61091]]]}},{"type":"Feature","properties":{"id":"fresh-meadows-queens","name":"Fresh Meadows","borough":"Queens"},"geometry":{"type":"Polygon","coordinates":[[[-73.81088,40.72718],[-73.81071,40.72672],[-73.81065,40.72455],[-73.81026,40.72336],[-73.80945,40.72127],[-73.80909,40.71998],[-73.80796,40.71632],[-73.80784,40.71591],[-73.80784,40.7159],[-73.80645,40.71596],[-73.80529,40.71594],[-73.80368,40.71609],[-73.80194,40.71633],[-73.80102,40.71651],[-73.7996,40.71684],[-73.79691,40.71761],[-73.79551,40.71806],[-73.79433,40.71849],[-73.79296,40.71891],[-73.79165,40.71911],[-73.79078,40.71914],[-73.79074,40.71927],[-73.7904,40.72028],[-73.79037,40.72118],[-73.7904,40.72243],[-73.79046,40.72325],[-73.79055,40.72361],[-73.79155,40.72518],[-73.79179,40.72578],[-73.79178,40.72586],[-73.79052,40.72623],[-73.78962,40.72638],[-73.78892,40.72673],[-73.78799,40.72704],[-73.78705,40.72722],[-73.78622,40.72763],[-73.78538,40.72791],[-73.78434,40.72811],[-73.7834,40.72854],[-73.78159,40.72911],[-73.78125,40.72921],[-73.78117,40.72919],[-73.7809,40.72862],[-73.77979,40.72624],[-73.77949,40.72566],[-73.77821,40.72353],[-73.77739,40.72246],[-73.77736,40.72243],[-73.77735,40.72242],[-73.77736,40.72243],[-73.77723,40.72229],[-73.77625,40.72305],[-73.77533,40.72364],[-73.77441,40.72409],[-73.77352,40.72441],[-73.77095,40.72501],[-73.76882,40.72563],[-73.7681,40.72588],[-73.76663,40.72622],[-73.76576,40.72631],[-73.76474,40.72633],[-73.76372,40.72621],[-73.76362,40.7262],[-73.76347,40.72618],[-73.76337,40.72617],[-73.76075,40.72579],[-73.75949,40.72572],[-73.7589,40.72576],[-73.75769,40.72593],[-73.75663,40.7263],[-73.75716,40.72649],[-73.7605,40.72834],[-73.76156,40.72872],[-73.76289,40.72955],[-73.76543,40.73257],[-73.76616,40.73344],[-73.77124,40.74437],[-73.77153,40.74498],[-73.77317,40.74438],[-73.77428,40.74407],[-73.77592,40.74352],[-73.77745,40.74316],[-73.77896,40.74294],[-73.78053,40.74263],[-73.78249,40.74211],[-73.78602,40.74112],[-73.7921,40.73947],[-73.79521,40.73861],[-73.79642,40.73834],[-73.79791,40.73824],[-73.79864,40.73825],[-73.8007,40.73834],[-73.80461,40.73846],[-73.80478,40.7376],[-73.805,40.7342],[-73.80512,40.73257],[-73.80529,40.72976],[-73.80529,40.72829],[-73.80525,40.72779],[-73.80866,40.72741],[-73.81088,40.72718]]]}},{"type":"Feature","properties":{"id":"georgetown-brooklyn","name":"Georgetown","borough":"Brooklyn"},"geometry":{"type":"Polygon","coordinates":[[[-73.90214,40.62329],[-73.9022,40.62356],[-73.90258,40.62351],[-73.90287,40.62365],[-73.90292,40.62395],[-73.90269,40.62421],[-73.90327,40.62448],[-73.90313,40.6246],[-73.90387,40.62497],[-73.90396,40.62483],[-73.90464,40.62513],[-73.90918,40.6272],[-73.91489,40.62972],[-73.91659,40.63045],[-73.91673,40.63077],[-73.91732,40.63101],[-73.91749,40.63143],[-73.91766,40.63142],[-73.91854,40.63197],[-73.91818,40.62841],[-73.91799,40.62677],[-73.91762,40.62273],[-73.91729,40.61956],[-73.91248,40.61985],[-73.91031,40.61777],[-73.9098,40.61831],[-73.90876,40.61903],[-73.90733,40.61994],[-73.90214,40.62329]]]}},{"type":"Feature","properties":{"id":"gerritsen-beach-brooklyn","name":"Gerritsen Beach","borough":"Brooklyn"},"geometry":{"type":"Polygon","coordinates":[[[-73.93282,40.59473],[-73.9326,40.59493],[-73.93222,40.59489],[-73.93193,40.59469],[-73.93143,40.59469],[-73.93061,40.59448],[-73.93002,40.59409],[-73.92986,40.59378],[-73.92971,40.59312],[-73.9303,40.5923],[-73.9305,40.5913],[-73.93047,40.59096],[-73.93054,40.59026],[-73.93003,40.58943],[-73.92896,40.58923],[-73.92862,40.58912],[-73.92816,40.58883],[-73.92589,40.59035],[-73.9242,40.59136],[-73.92395,40.59114],[-73.92514,40.59035],[-73.92665,40.58941],[-73.92776,40.58866],[-73.92745,40.5883],[-73.92732,40.58785],[-73.92674,40.58719],[-73.92575,40.58637],[-73.9252,40.58581],[-73.92482,40.58563],[-73.92424,40.58569],[-73.9237,40.58594],[-73.92334,40.586],[-73.92296,40.58589],[-73.92272,40.586],[-73.9223,40.58599],[-73.92212,40.58581],[-73.92101,40.58575],[-73.92081,40.58598],[-73.91998,40.58606],[-73.9196,40.58616],[-73.91917,40.58596],[-73.9182,40.58639],[-73.91811,40.58654],[-73.91941,40.58771],[-73.9229,40.5909],[-73.92515,40.59287],[-73.92712,40.59464],[-73.92902,40.59631],[-73.93419,40.60097],[-73.93408,40.60021],[-73.93361,40.59793],[-73.93332,40.59622],[-73.93306,40.59485],[-73.93282,40.59473]]]}},{"type":"Feature","properties":{"id":"glen-oaks-queens","name":"Glen Oaks","borough":"Queens"},"geometry":{"type":"Polygon","coordinates":[[[-73.71771,40.74404],[-73.71475,40.7456],[-73.71347,40.7463],[-73.71246,40.7467],[-73.7116,40.7473],[-73.70774,40.74932],[-73.70669,40.7499],[-73.70233,40.7522],[-73.70173,40.75248],[-73.70218,40.75289],[-73.70273,40.75325],[-73.70362,40.75366],[-73.70542,40.75461],[-73.70782,40.75622],[-73.71245,40.75924],[-73.71369,40.75994],[-73.71455,40.75991],[-73.71635,40.75956],[-73.71728,40.7595],[-73.71877,40.75896],[-73.71979,40.75843],[-73.7206,40.7578],[-73.72144,40.75695],[-73.72219,40.75542],[-73.72278,40.75456],[-73.72345,40.75388],[-73.72437,40.7532],[-73.72639,40.75202],[-73.72716,40.75139],[-73.72787,40.75057],[-73.72827,40.7499],[-73.72902,40.74777],[-73.72968,40.74673],[-73.73013,40.7461],[-73.73092,40.74522],[-73.73149,40.74465],[-73.73212,40.7441],[-73.73273,40.74366],[-73.73244,40.74384],[-73.73212,40.74375],[-73.73067,40.74299],[-73.72925,40.74235],[-73.72838,40.74192],[-73.72661,40.74088],[-73.7255,40.74122],[-73.72337,40.74193],[-73.72178,40.74249],[-73.71975,40.74311],[-73.71873,40.74351],[-73.71771,40.74404]]]}},{"type":"Feature","properties":{"id":"glendale-queens","name":"Glendale","borough":"Queens"},"geometry":{"type":"Polygon","coordinates":[[[-73.85279,40.69749],[-73.85275,40.69804],[-73.85285,40.69837],[-73.85339,40.69929],[-73.85514,40.7012],[-73.85523,40.70143],[-73.85531,40.703],[-73.85542,40.70349],[-73.85559,40.70375],[-73.85589,40.70393],[-73.85655,40.70448],[-73.8574,40.70497],[-73.85844,40.70575],[-73.85882,40.7062],[-73.85912,40.70672],[-73.8593,40.70743],[-73.85938,40.70827],[-73.85962,40.71023],[-73.85976,40.71115],[-73.85974,40.71245],[-73.85968,40.7133],[-73.86032,40.71304],[-73.86152,40.71247],[-73.86402,40.71123],[-73.86503,40.71078],[-73.86611,40.71055],[-73.86937,40.70954],[-73.87056,40.70905],[-73.87362,40.70758],[-73.87425,40.70721],[-73.87473,40.7068],[-73.8752,40.70662],[-73.87581,40.70629],[-73.87608,40.70605],[-73.87669,40.70568],[-73.87765,40.70543],[-73.87802,40.70659],[-73.88086,40.70646],[-73.88195,40.70629],[-73.88393,40.70628],[-73.88506,40.70637],[-73.88595,40.7065],[-73.88674,40.70684],[-73.8874,40.70701],[-73.88874,40.70762],[-73.89014,40.70853],[-73.89051,40.70659],[-73.89069,40.70537],[-73.89069,40.70499],[-73.89096,40.70476],[-73.89108,40.70443],[-73.89144,40.70391],[-73.89266,40.70266],[-73.89373,40.70149],[-73.8946,40.70045],[-73.89539,40.69988],[-73.89602,40.69922],[-73.89725,40.69783],[-73.89842,40.69657],[-73.89935,40.69529],[-73.90009,40.69406],[-73.90055,40.69316],[-73.90126,40.69223],[-73.90175,40.69168],[-73.90124,40.69144],[-73.9018,40.69073],[-73.90108,40.68923],[-73.90033,40.68787],[-73.90099,40.68762],[-73.8965,40.68245],[-73.89493,40.68429],[-73.89403,40.68514],[-73.89252,40.68342],[-73.89008,40.68471],[-73.88957,40.68418],[-73.88829,40.68518],[-73.88762,40.686],[-73.88566,40.68687],[-73.88378,40.68786],[-73.87946,40.69123],[-73.87402,40.69419],[-73.86892,40.69515],[-73.8688,40.69491],[-73.86866,40.69494],[-73.86256,40.69591],[-73.85295,40.69745],[-73.85279,40.69749]]]}},{"type":"Feature","properties":{"id":"gowanus-brooklyn","name":"Gowanus","borough":"Brooklyn"},"geometry":{"type":"Polygon","coordinates":[[[-73.98056,40.68127],[-73.98418,40.68265],[-73.98702,40.68379],[-73.98657,40.6844],[-73.98873,40.68524],[-73.98914,40.6846],[-73.98987,40.68489],[-73.99128,40.68553],[-73.99131,40.68548],[-73.99377,40.68184],[-73.99477,40.68039],[-73.99553,40.67924],[-73.99602,40.67841],[-73.99854,40.67316],[-73.99891,40.67252],[-73.99846,40.67176],[-73.99769,40.67063],[-73.99728,40.6698],[-73.99651,40.66859],[-73.99614,40.66778],[-73.99605,40.66735],[-73.99294,40.66552],[-73.99207,40.6665],[-73.99165,40.667],[-73.98955,40.66954],[-73.9886,40.67065],[-73.98704,40.67253],[-73.98418,40.67593],[-73.98386,40.67635],[-73.98297,40.6777],[-73.98056,40.68127]]]}},{"type":"Feature","properties":{"id":"gramercy-manhattan","name":"Gramercy","borough":"Manhattan"},"geometry":{"type":"Polygon","coordinates":[[[-73.98475,40.73951],[-73.98562,40.73827],[-73.98643,40.73853],[-73.98684,40.73794],[-73.98611,40.73763],[-73.98879,40.73397],[-73.98718,40.73329],[-73.98256,40.73134],[-73.98255,40.73135],[-73.98255,40.73136],[-73.97854,40.73689],[-73.98474,40.7395],[-73.98475,40.73951]]]}},{"type":"Feature","properties":{"id":"graniteville-staten-island","name":"Graniteville","borough":"Staten Island"},"geometry":{"type":"Polygon","coordinates":[[[-74.15349,40.61394],[-74.15285,40.6153],[-74.15279,40.61543],[-74.15188,40.61738],[-74.15001,40.61959],[-74.14794,40.62206],[-74.14624,40.62491],[-74.14765,40.62499],[-74.15269,40.62557],[-74.15381,40.62567],[-74.15609,40.62595],[-74.15802,40.62624],[-74.15911,40.62638],[-74.16443,40.62696],[-74.16666,40.62739],[-74.16667,40.62723],[-74.16772,40.62288],[-74.16878,40.62122],[-74.16799,40.621],[-74.1676,40.62084],[-74.16682,40.62053],[-74.16504,40.61978],[-74.16324,40.61891],[-74.16195,40.61822],[-74.15977,40.61692],[-74.15867,40.61615],[-74.15601,40.61419],[-74.15505,40.6134],[-74.15364,40.6123],[-74.15349,40.61394]]]}},{"type":"Feature","properties":{"id":"grant-city-staten-island","name":"Grant City","borough":"Staten Island"},"geometry":{"type":"Polygon","coordinates":[[[-74.10199,40.5727],[-74.1001,40.57473],[-74.09931,40.5757],[-74.09979,40.57596],[-74.09871,40.57704],[-74.09848,40.57691],[-74.09798,40.57752],[-74.09765,40.57736],[-74.09709,40.578],[-74.09742,40.57817],[-74.09691,40.57879],[-74.09604,40.57942],[-74.09684,40.58015],[-74.0976,40.58063],[-74.0988,40.5815],[-74.10084,40.58287],[-74.10319,40.58452],[-74.10526,40.58592],[-74.10826,40.58338],[-74.1091,40.58278],[-74.10996,40.58232],[-74.1111,40.5819],[-74.11299,40.58081],[-74.11396,40.58004],[-74.11512,40.5789],[-74.11577,40.57841],[-74.11669,40.57829],[-74.11676,40.5782],[-74.10663,40.57227],[-74.10645,40.57216],[-74.10601,40.5719],[-74.10394,40.57417],[-74.10369,40.57402],[-74.1035,40.57345],[-74.10199,40.5727]]]}},{"type":"Feature","properties":{"id":"grasmere-staten-island","name":"Grasmere","borough":"Staten Island"},"geometry":{"type":"Polygon","coordinates":[[[-74.08587,40.60145],[-74.08457,40.60182],[-74.08522,40.6005],[-74.08455,40.59942],[-74.08364,40.59797],[-74.08308,40.59818],[-74.08238,40.59843],[-74.08188,40.59859],[-74.08101,40.59867],[-74.07901,40.59857],[-74.07729,40.59841],[-74.07652,40.59821],[-74.07544,40.59777],[-74.07449,40.59758],[-74.07383,40.59766],[-74.07307,40.59799],[-74.07258,40.59843],[-74.07209,40.59909],[-74.07203,40.59934],[-74.07206,40.60003],[-74.07249,40.60147],[-74.07139,40.60193],[-74.07082,40.60212],[-74.07032,40.60212],[-74.06978,40.6024],[-74.06912,40.6041],[-74.07281,40.60545],[-74.07767,40.60609],[-74.08124,40.60608],[-74.08272,40.60623],[-74.08299,40.60627],[-74.083,40.60626],[-74.08423,40.60505],[-74.08559,40.60377],[-74.08505,40.60269],[-74.08518,40.60258],[-74.08547,40.60214],[-74.08587,40.60145]]]}},{"type":"Feature","properties":{"id":"gravesend-brooklyn","name":"Gravesend","borough":"Brooklyn"},"geometry":{"type":"Polygon","coordinates":[[[-73.96069,40.59202],[-73.96098,40.59575],[-73.96122,40.59922],[-73.96146,40.60203],[-73.96154,40.60349],[-73.96182,40.60684],[-73.9619,40.6076],[-73.96218,40.60919],[-73.96239,40.60997],[-73.97299,40.60881],[-73.973,40.60881],[-73.97426,40.60868],[-73.98722,40.6073],[-73.98721,40.60725],[-73.98682,40.60509],[-73.98673,40.6046],[-73.98643,40.60294],[-73.98581,40.59965],[-73.98554,40.59831],[-73.98519,40.59674],[-73.98504,40.5961],[-73.98407,40.59092],[-73.98391,40.58988],[-73.98337,40.58694],[-73.98333,40.58658],[-73.98259,40.58281],[-73.97643,40.5823],[-73.96683,40.58377],[-73.96632,40.58385],[-73.96025,40.58444],[-73.96035,40.58594],[-73.96031,40.58691],[-73.96052,40.59],[-73.96062,40.59113],[-73.96069,40.59202]]]}},{"type":"Feature","properties":{"id":"great-kills-staten-island","name":"Great Kills","borough":"Staten Island"},"geometry":{"type":"Polygon","coordinates":[[[-74.13935,40.55876],[-74.14043,40.55979],[-74.14269,40.56162],[-74.14473,40.56297],[-74.14565,40.56388],[-74.14706,40.56522],[-74.14911,40.56649],[-74.15059,40.56776],[-74.15172,40.56882],[-74.15236,40.56953],[-74.15299,40.57048],[-74.15369,40.57002],[-74.15437,40.569],[-74.15566,40.56791],[-74.15737,40.56703],[-74.15818,40.56649],[-74.15913,40.5654],[-74.16096,40.56445],[-74.16151,40.56363],[-74.16298,40.56324],[-74.16289,40.56298],[-74.16266,40.56059],[-74.16162,40.55761],[-74.16115,40.55617],[-74.16001,40.55281],[-74.16003,40.55212],[-74.16036,40.55016],[-74.1599,40.54828],[-74.15943,40.54746],[-74.15904,40.54689],[-74.15878,40.546],[-74.15849,40.54564],[-74.15642,40.54355],[-74.15288,40.53995],[-74.15146,40.53855],[-74.14726,40.53613],[-74.14599,40.53549],[-74.14543,40.53582],[-74.14474,40.5358],[-74.14456,40.53595],[-74.14428,40.53664],[-74.14383,40.53714],[-74.14305,40.53724],[-74.14173,40.53704],[-74.14158,40.53709],[-74.14239,40.53775],[-74.14214,40.53792],[-74.14223,40.53811],[-74.14177,40.53854],[-74.14234,40.53895],[-74.14222,40.53914],[-74.14174,40.53937],[-74.14201,40.53962],[-74.14183,40.53977],[-74.1419,40.54035],[-74.14221,40.54098],[-74.14248,40.54133],[-74.14218,40.54205],[-74.1423,40.54221],[-74.14167,40.54234],[-74.14013,40.54351],[-74.14046,40.54393],[-74.14004,40.54388],[-74.13869,40.54499],[-74.13887,40.54513],[-74.13874,40.54538],[-74.13795,40.546],[-74.13751,40.54558],[-74.13681,40.54597],[-74.13652,40.54591],[-74.13641,40.54625],[-74.13586,40.54645],[-74.13498,40.54668],[-74.13382,40.54685],[-74.13275,40.54679],[-74.13178,40.54659],[-74.13073,40.54626],[-74.12987,40.54583],[-74.12918,40.54523],[-74.12823,40.54415],[-74.12769,40.54346],[-74.12744,40.54274],[-74.12739,40.54216],[-74.12756,40.54145],[-74.12779,40.541],[-74.12813,40.54055],[-74.12882,40.53999],[-74.13301,40.53626],[-74.13367,40.53572],[-74.1341,40.53549],[-74.13483,40.5353],[-74.13577,40.53523],[-74.13801,40.5352],[-74.13886,40.53526],[-74.13999,40.53549],[-74.14042,40.53523],[-74.14059,40.5347],[-74.14061,40.53413],[-74.14027,40.5333],[-74.1392,40.53164],[-74.139,40.53092],[-74.13904,40.53043],[-74.13883,40.52989],[-74.13825,40.52969],[-74.13744,40.52968],[-74.13729,40.52974],[-74.13691,40.52928],[-74.13619,40.52962],[-74.13356,40.53151],[-74.13071,40.53454],[-74.12762,40.53872],[-74.12638,40.54052],[-74.12575,40.54131],[-74.12424,40.54311],[-74.1225,40.54486],[-74.12173,40.54525],[-74.12107,40.54533],[-74.12047,40.54528],[-74.12015,40.54533],[-74.11962,40.54557],[-74.11926,40.54594],[-74.11853,40.5469],[-74.11804,40.54731],[-74.11719,40.54751],[-74.11655,40.54787],[-74.11601,40.54784],[-74.11561,40.54754],[-74.11523,40.5476],[-74.11474,40.548],[-74.11387,40.54809],[-74.11339,40.54807],[-74.11392,40.54861],[-74.11429,40.54908],[-74.11478,40.54919],[-74.11528,40.54908],[-74.11632,40.5487],[-74.11658,40.54881],[-74.11875,40.55087],[-74.11963,40.55176],[-74.11941,40.55215],[-74.11952,40.55246],[-74.1199,40.55273],[-74.11995,40.55322],[-74.12053,40.55363],[-74.12177,40.5541],[-74.12306,40.55476],[-74.12459,40.55563],[-74.12623,40.5566],[-74.12724,40.55728],[-74.12808,40.5565],[-74.12971,40.555],[-74.12981,40.55506],[-74.1304,40.55451],[-74.13176,40.55356],[-74.1341,40.55167],[-74.1345,40.55139],[-74.13562,40.55075],[-74.13746,40.54962],[-74.13875,40.54845],[-74.13955,40.54788],[-74.14235,40.55034],[-74.14319,40.55161],[-74.14369,40.55243],[-74.14465,40.55328],[-74.14477,40.55365],[-74.14502,40.55373],[-74.14515,40.55431],[-74.1443,40.555],[-74.1431,40.55616],[-74.14258,40.55678],[-74.14185,40.55687],[-74.14125,40.55715],[-74.14084,40.55743],[-74.14015,40.55812],[-74.13935,40.55876]]]}},{"type":"Feature","properties":{"id":"greenpoint-brooklyn","name":"Greenpoint","borough":"Brooklyn"},"geometry":{"type":"Polygon","coordinates":[[[-73.92949,40.72755],[-73.93033,40.7278],[-73.9308,40.72785],[-73.932,40.72815],[-73.93302,40.72821],[-73.93501,40.72857],[-73.93712,40.72919],[-73.93809,40.72975],[-73.93892,40.73038],[-73.93975,40.73107],[-73.94037,40.73221],[-73.94068,40.73302],[-73.94057,40.73306],[-73.94116,40.73375],[-73.94115,40.73415],[-73.94177,40.73498],[-73.94239,40.73543],[-73.94432,40.73623],[-73.94453,40.73628],[-73.94501,40.73553],[-73.94525,40.73589],[-73.945,40.73642],[-73.94555,40.73654],[-73.94587,40.7361],[-73.94625,40.73617],[-73.94674,40.73528],[-73.9466,40.73444],[-73.94707,40.7344],[-73.9472,40.73536],[-73.94644,40.73678],[-73.9472,40.73717],[-73.94812,40.7374],[-73.95046,40.73831],[-73.95199,40.73875],[-73.95323,40.73899],[-73.95416,40.73911],[-73.95472,40.73913],[-73.95678,40.73891],[-73.95772,40.73849],[-73.95838,40.7381],[-73.95985,40.73704],[-73.96157,40.73518],[-73.96209,40.73451],[-73.96229,40.73405],[-73.96234,40.73339],[-73.96226,40.73292],[-73.96143,40.73095],[-73.96115,40.72954],[-73.96102,40.7287],[-73.96114,40.7281],[-73.96142,40.72736],[-73.9615,40.72675],[-73.96162,40.72666],[-73.96162,40.72587],[-73.96106,40.72584],[-73.96029,40.72595],[-73.96012,40.72532],[-73.95843,40.7254],[-73.95835,40.7252],[-73.95795,40.72504],[-73.95803,40.72446],[-73.95774,40.72429],[-73.95482,40.72245],[-73.95345,40.72167],[-73.95065,40.72171],[-73.95018,40.71901],[-73.94752,40.71927],[-73.94699,40.71958],[-73.94673,40.71843],[-73.9464,40.71866],[-73.94148,40.72164],[-73.94102,40.72196],[-73.94035,40.72245],[-73.93957,40.72291],[-73.93855,40.72345],[-73.93864,40.72362],[-73.93764,40.72416],[-73.93709,40.72441],[-73.93651,40.72458],[-73.93377,40.72529],[-73.93238,40.72568],[-73.93168,40.72597],[-73.93104,40.72632],[-73.92949,40.72755]]]}},{"type":"Feature","properties":{"id":"greenridge-staten-island","name":"Greenridge","borough":"Staten Island"},"geometry":{"type":"Polygon","coordinates":[[[-74.17081,40.5625],[-74.17848,40.56558],[-74.18279,40.56624],[-74.18622,40.56565],[-74.18864,40.56432],[-74.19073,40.56377],[-74.19129,40.56324],[-74.19246,40.56615],[-74.1933,40.56601],[-74.1991,40.5602],[-74.19697,40.55818],[-74.19419,40.55546],[-74.1918,40.55478],[-74.18997,40.55472],[-74.18768,40.55446],[-74.18618,40.55452],[-74.18497,40.55346],[-74.1821,40.55622],[-74.18197,40.55585],[-74.18166,40.55452],[-74.18059,40.55467],[-74.18074,40.55545],[-74.1798,40.55558],[-74.1795,40.55419],[-74.17813,40.55433],[-74.17783,40.55458],[-74.17748,40.55525],[-74.17631,40.55491],[-74.1735,40.56017],[-74.17084,40.56248],[-74.17081,40.5625]]]}},{"type":"Feature","properties":{"id":"greenwich-village-manhattan","name":"Greenwich Village","borough":"Manhattan"},"geometry":{"type":"MultiPolygon","coordinates":[[[[-74.00915,40.74253],[-74.00932,40.74224],[-74.01013,40.74258],[-74.01029,40.74236],[-74.01084,40.7426],[-74.0114,40.74182],[-74.01038,40.7414],[-74.01021,40.74161],[-74.00962,40.74136],[-74.00941,40.74115],[-74.00963,40.74065],[-74.01137,40.74072],[-74.01146,40.74058],[-74.01159,40.73927],[-74.01039,40.73917],[-74.01045,40.73836],[-74.01105,40.7384],[-74.01109,40.73809],[-74.01048,40.73806],[-74.01064,40.73605],[-74.01081,40.73428],[-74.012,40.73434],[-74.01202,40.73406],[-74.01083,40.73401],[-74.0109,40.7333],[-74.014,40.73333],[-74.014,40.73307],[-74.01094,40.73301],[-74.01116,40.73045],[-74.01402,40.73068],[-74.01408,40.73064],[-74.01423,40.72942],[-74.01114,40.72913],[-74.01053,40.72909],[-74.00529,40.72859],[-74.00486,40.72855],[-74.00266,40.72837],[-74.00058,40.72733],[-73.99906,40.72661],[-73.99754,40.72586],[-73.99631,40.72736],[-73.99507,40.72882],[-73.99321,40.73092],[-73.99241,40.73058],[-73.99283,40.73007],[-73.99148,40.72984],[-73.99073,40.72979],[-73.99033,40.7297],[-73.98991,40.72957],[-73.98719,40.73329],[-74.00915,40.74253]],[[-74.00937,40.74219],[-74.00924,40.74207],[-74.00936,40.74142],[-74.00957,40.74142],[-74.01017,40.74167],[-74.00982,40.74217],[-74.0102,40.74233],[-74.01009,40.74249],[-74.00937,40.74219]]],[[[-73.99528,40.72515],[-73.99534,40.72516],[-73.99526,40.72514],[-73.99528,40.72515]]],[[[-73.99511,40.7251],[-73.99258,40.7242],[-73.99298,40.72435],[-73.99511,40.7251]]]]}},{"type":"Feature","properties":{"id":"greenwood-heights-brooklyn","name":"Greenwood Heights","borough":"Brooklyn"},"geometry":{"type":"Polygon","coordinates":[[[-73.99867,40.67148],[-73.99856,40.67134],[-73.99892,40.6698],[-73.99866,40.66951],[-73.99908,40.66904],[-73.99924,40.66831],[-73.99998,40.66745],[-74.00069,40.66755],[-74.00146,40.66717],[-74.00121,40.66702],[-74.00162,40.66677],[-74.00224,40.66679],[-74.00292,40.66646],[-73.99953,40.6644],[-74.00003,40.66382],[-74.00083,40.66301],[-74.00114,40.6629],[-74.00486,40.66506],[-74.00528,40.66466],[-74.00432,40.66405],[-74.00459,40.66374],[-74.0034,40.66299],[-74.00363,40.66273],[-74.0043,40.66309],[-74.00565,40.6639],[-74.00589,40.66419],[-74.00713,40.66492],[-74.00732,40.66473],[-74.00766,40.66468],[-74.00631,40.66386],[-74.0058,40.66344],[-74.006,40.66326],[-74.00473,40.6625],[-74.00454,40.66268],[-74.00424,40.66266],[-74.00349,40.66224],[-74.00381,40.66191],[-74.00423,40.66218],[-74.00592,40.66311],[-74.00623,40.66279],[-74.00586,40.66258],[-74.00415,40.66156],[-74.00428,40.66144],[-74.00569,40.66227],[-74.00616,40.66185],[-74.00868,40.66337],[-74.00955,40.66327],[-74.01046,40.66264],[-74.01037,40.6624],[-74.00746,40.66056],[-74.0086,40.65952],[-74.01023,40.66046],[-74.01265,40.66198],[-74.01316,40.66198],[-74.01402,40.66153],[-74.01111,40.65971],[-74.01184,40.65891],[-74.01366,40.66003],[-74.0137,40.66],[-74.0137,40.65994],[-74.01236,40.65913],[-74.01233,40.65905],[-74.00219,40.65293],[-74.00212,40.65292],[-73.99593,40.65894],[-73.99517,40.65967],[-73.99296,40.65833],[-73.99236,40.65892],[-73.99018,40.65761],[-73.98839,40.65925],[-73.98399,40.65656],[-73.98309,40.65744],[-73.98577,40.65903],[-73.98653,40.65957],[-73.98726,40.66038],[-73.98885,40.66259],[-73.98951,40.66325],[-73.99016,40.6637],[-73.99294,40.66552],[-73.99605,40.66735],[-73.99614,40.66778],[-73.99651,40.66859],[-73.99728,40.6698],[-73.99769,40.67063],[-73.99846,40.67176],[-73.99867,40.67148]]]}},{"type":"Feature","properties":{"id":"grymes-hill-staten-island","name":"Grymes Hill","borough":"Staten Island"},"geometry":{"type":"Polygon","coordinates":[[[-74.08305,40.62874],[-74.08389,40.62928],[-74.08446,40.62868],[-74.08487,40.62861],[-74.08555,40.62864],[-74.08521,40.62893],[-74.0852,40.62928],[-74.08621,40.62995],[-74.08817,40.63115],[-74.0889,40.63033],[-74.08927,40.63013],[-74.08945,40.62976],[-74.09014,40.62867],[-74.0917,40.62636],[-74.09219,40.62578],[-74.09539,40.62313],[-74.0964,40.62233],[-74.09992,40.61946],[-74.1003,40.61911],[-74.1024,40.61698],[-74.10276,40.61675],[-74.10359,40.61639],[-74.10176,40.61404],[-74.09977,40.61282],[-74.0982,40.61052],[-74.09402,40.61029],[-74.09063,40.60891],[-74.0904,40.60894],[-74.09007,40.60933],[-74.08961,40.60972],[-74.08881,40.61082],[-74.08735,40.61316],[-74.08728,40.61321],[-74.08716,40.6133],[-74.08746,40.6145],[-74.08783,40.61513],[-74.08777,40.61554],[-74.08756,40.61573],[-74.08689,40.61668],[-74.08633,40.61771],[-74.08607,40.61868],[-74.08597,40.61953],[-74.08577,40.62058],[-74.0854,40.62203],[-74.08493,40.62478],[-74.08435,40.62583],[-74.08419,40.62622],[-74.08404,40.62704],[-74.08377,40.62765],[-74.08305,40.62874]]]}},{"type":"Feature","properties":{"id":"hamilton-heights-manhattan","name":"Hamilton Heights","borough":"Manhattan"},"geometry":{"type":"Polygon","coordinates":[[[-73.95009,40.83467],[-73.95021,40.8343],[-73.95087,40.83343],[-73.95119,40.83264],[-73.95219,40.83128],[-73.95298,40.83009],[-73.95359,40.8291],[-73.95454,40.82786],[-73.9547,40.82792],[-73.95504,40.82741],[-73.95632,40.82794],[-73.95695,40.827],[-73.95726,40.82712],[-73.959,40.8245],[-73.95956,40.82369],[-73.9595,40.82359],[-73.95814,40.82302],[-73.95794,40.82277],[-73.95843,40.82198],[-73.95746,40.82121],[-73.95497,40.82005],[-73.95217,40.81896],[-73.94972,40.81791],[-73.94815,40.81718],[-73.94616,40.8213],[-73.9448,40.82409],[-73.94385,40.82373],[-73.94012,40.82877],[-73.93972,40.82946],[-73.93975,40.8298],[-73.94032,40.83043],[-73.9404,40.83047],[-73.95009,40.83467]]]}},{"type":"Feature","properties":{"id":"harlem-manhattan","name":"Harlem","borough":"Manhattan"},"geometry":{"type":"Polygon","coordinates":[[[-73.95966,40.80126],[-73.95959,40.80123],[-73.95838,40.80073],[-73.95836,40.80072],[-73.95835,40.80072],[-73.95789,40.80052],[-73.94928,40.79689],[-73.94233,40.80645],[-73.94225,40.80642],[-73.93855,40.81148],[-73.93778,40.81252],[-73.9338,40.81805],[-73.93383,40.81972],[-73.93397,40.81973],[-73.93412,40.82265],[-73.9343,40.82465],[-73.93436,40.82582],[-73.93448,40.82704],[-73.93452,40.82791],[-73.94032,40.83043],[-73.93975,40.8298],[-73.93972,40.82946],[-73.94012,40.82877],[-73.94385,40.82373],[-73.9448,40.82409],[-73.94616,40.8213],[-73.94815,40.81718],[-73.94986,40.81382],[-73.9526,40.81081],[-73.95686,40.80503],[-73.95966,40.80126]]]}},{"type":"Feature","properties":{"id":"heartland-village-staten-island","name":"Heartland Village","borough":"Staten Island"},"geometry":{"type":"Polygon","coordinates":[[[-74.14574,40.58996],[-74.14678,40.59051],[-74.14773,40.59113],[-74.15085,40.59296],[-74.15247,40.5941],[-74.15522,40.59552],[-74.15653,40.59581],[-74.15944,40.59642],[-74.1601,40.59649],[-74.16207,40.59653],[-74.1618,40.59526],[-74.16432,40.59314],[-74.16609,40.59239],[-74.16721,40.59248],[-74.16721,40.5923],[-74.16925,40.58973],[-74.17268,40.57642],[-74.17172,40.56936],[-74.17011,40.569],[-74.16966,40.56925],[-74.15092,40.5799],[-74.14681,40.58419],[-74.1453,40.58524],[-74.14486,40.58641],[-74.14462,40.58725],[-74.14585,40.58846],[-74.14572,40.58962],[-74.14574,40.58996]]]}},{"type":"Feature","properties":{"id":"high-bridge-bronx","name":"High Bridge","borough":"Bronx"},"geometry":{"type":"Polygon","coordinates":[[[-73.91413,40.8451],[-73.91601,40.84508],[-73.91619,40.84518],[-73.91873,40.84512],[-73.92261,40.84468],[-73.92751,40.84538],[-73.92796,40.84553],[-73.92827,40.84498],[-73.92862,40.84468],[-73.92918,40.8432],[-73.92919,40.84282],[-73.92958,40.84228],[-73.92959,40.84208],[-73.93037,40.84062],[-73.93052,40.83993],[-73.93075,40.83962],[-73.93187,40.83764],[-73.93236,40.83699],[-73.93266,40.83647],[-73.933,40.83568],[-73.93346,40.83364],[-73.93361,40.83279],[-73.93355,40.83151],[-73.93348,40.83122],[-73.93307,40.82816],[-73.9319,40.82821],[-73.93055,40.82843],[-73.92941,40.82884],[-73.92861,40.82928],[-73.92785,40.82985],[-73.92745,40.83028],[-73.92632,40.83162],[-73.92539,40.83266],[-73.92508,40.8332],[-73.92456,40.83426],[-73.92422,40.83485],[-73.92368,40.8353],[-73.92306,40.83572],[-73.92219,40.83623],[-73.92063,40.83726],[-73.91927,40.83811],[-73.91851,40.83891],[-73.91722,40.84072],[-73.91648,40.84182],[-73.91413,40.8451]]]}},{"type":"Feature","properties":{"id":"hollis-queens","name":"Hollis","borough":"Queens"},"geometry":{"type":"Polygon","coordinates":[[[-73.77357,40.71518],[-73.77297,40.71423],[-73.77312,40.71417],[-73.77148,40.71185],[-73.77089,40.7108],[-73.77151,40.71043],[-73.77639,40.70906],[-73.77736,40.70896],[-73.77715,40.7087],[-73.77577,40.70526],[-73.775,40.70435],[-73.77498,40.70438],[-73.77408,40.70282],[-73.77289,40.70088],[-73.77201,40.69932],[-73.77136,40.69803],[-73.76981,40.69638],[-73.76885,40.69687],[-73.76814,40.69709],[-73.76325,40.69786],[-73.76231,40.69802],[-73.75703,40.6994],[-73.75523,40.69986],[-73.75168,40.7008],[-73.74867,40.70157],[-73.75357,40.71299],[-73.75855,40.72011],[-73.75899,40.72055],[-73.75943,40.72115],[-73.75974,40.72095],[-73.7626,40.71979],[-73.76476,40.7188],[-73.76704,40.71749],[-73.76773,40.71721],[-73.77286,40.71541],[-73.77357,40.71518]]]}},{"type":"Feature","properties":{"id":"holliswood-queens","name":"Holliswood","borough":"Queens"},"geometry":{"type":"Polygon","coordinates":[[[-73.76663,40.72622],[-73.7681,40.72588],[-73.76882,40.72563],[-73.77095,40.72501],[-73.77352,40.72441],[-73.77441,40.72409],[-73.77533,40.72364],[-73.77625,40.72305],[-73.77723,40.72229],[-73.77666,40.7215],[-73.77507,40.71816],[-73.77409,40.71614],[-73.77357,40.71518],[-73.77286,40.71541],[-73.76773,40.71721],[-73.76704,40.71749],[-73.76476,40.7188],[-73.7626,40.71979],[-73.75974,40.72095],[-73.75943,40.72115],[-73.7597,40.72152],[-73.76044,40.72228],[-73.76124,40.72289],[-73.76213,40.72339],[-73.76419,40.7244],[-73.76352,40.72501],[-73.76336,40.72531],[-73.76337,40.72617],[-73.76347,40.72618],[-73.76372,40.72621],[-73.76375,40.72621],[-73.76474,40.72633],[-73.76576,40.72631],[-73.76663,40.72622]]]}},{"type":"Feature","properties":{"id":"homecrest-brooklyn","name":"Homecrest","borough":"Brooklyn"},"geometry":{"type":"Polygon","coordinates":[[[-73.96066,40.5916],[-73.96004,40.59167],[-73.95927,40.59176],[-73.95814,40.59187],[-73.95466,40.59224],[-73.95182,40.59257],[-73.95015,40.59274],[-73.95045,40.59438],[-73.95078,40.59602],[-73.95134,40.59906],[-73.95192,40.60203],[-73.95252,40.60535],[-73.9531,40.60832],[-73.95358,40.61093],[-73.95859,40.61039],[-73.96236,40.60997],[-73.96218,40.60919],[-73.9619,40.6076],[-73.96182,40.60684],[-73.96154,40.60349],[-73.96146,40.60203],[-73.96122,40.59922],[-73.96098,40.59575],[-73.96069,40.59202],[-73.96066,40.5916]]]}},{"type":"Feature","properties":{"id":"howard-beach-queens","name":"Howard Beach","borough":"Queens"},"geometry":{"type":"MultiPolygon","coordinates":[[[[-73.8627,40.65762],[-73.86173,40.65803],[-73.86164,40.65783],[-73.86161,40.657],[-73.86089,40.65691],[-73.86034,40.65725],[-73.86041,40.65776],[-73.85977,40.65826],[-73.86011,40.65833],[-73.86054,40.65809],[-73.86096,40.65806],[-73.86125,40.65822],[-73.86132,40.65857],[-73.86087,40.65899],[-73.8607,40.65931],[-73.86151,40.65905],[-73.86317,40.65828],[-73.8627,40.65762]]],[[[-73.86064,40.65932],[-73.86049,40.65899],[-73.86087,40.65871],[-73.86092,40.65835],[-73.86039,40.65862],[-73.85989,40.65859],[-73.85964,40.65846],[-73.85955,40.65813],[-73.85994,40.65771],[-73.85981,40.65732],[-73.86045,40.65684],[-73.86067,40.65658],[-73.86139,40.65659],[-73.86135,40.65639],[-73.86084,40.65617],[-73.85996,40.65549],[-73.85961,40.6551],[-73.85933,40.65494],[-73.85915,40.6544],[-73.85876,40.65416],[-73.85857,40.65373],[-73.85852,40.65331],[-73.85828,40.65299],[-73.85772,40.65273],[-73.85705,40.65297],[-73.85671,40.6528],[-73.85631,40.65208],[-73.85632,40.65177],[-73.85596,40.65133],[-73.85531,40.65129],[-73.85498,40.65098],[-73.85389,40.65064],[-73.85359,40.65067],[-73.85256,40.65055],[-73.85202,40.65082],[-73.85177,40.65083],[-73.85149,40.6512],[-73.85111,40.65142],[-73.85045,40.6516],[-73.84992,40.65166],[-73.84954,40.65152],[-73.84922,40.65117],[-73.84943,40.65093],[-73.84968,40.65092],[-73.85059,40.65034],[-73.85058,40.64986],[-73.85078,40.64981],[-73.85094,40.64914],[-73.85157,40.64911],[-73.85194,40.64858],[-73.85208,40.64812],[-73.8524,40.64749],[-73.85243,40.64704],[-73.85232,40.64659],[-73.85208,40.64618],[-73.84951,40.64413],[-73.84579,40.6441],[-73.84126,40.64488],[-73.84039,40.64489],[-73.8399,40.64513],[-73.83861,40.64535],[-73.83633,40.64532],[-73.83592,40.6455],[-73.83681,40.64925],[-73.83724,40.6509],[-73.83806,40.65424],[-73.8384,40.65582],[-73.8385,40.6559],[-73.83896,40.65757],[-73.83929,40.65924],[-73.83964,40.66048],[-73.83998,40.6619],[-73.83962,40.662],[-73.8397,40.66224],[-73.83872,40.66241],[-73.83822,40.66222],[-73.83808,40.66159],[-73.83889,40.6614],[-73.83881,40.66094],[-73.83805,40.65771],[-73.8372,40.65435],[-73.83681,40.6527],[-73.83597,40.64935],[-73.8358,40.64911],[-73.83569,40.64861],[-73.83552,40.64839],[-73.8351,40.64818],[-73.83453,40.64803],[-73.83149,40.64789],[-73.8308,40.64898],[-73.83109,40.65005],[-73.83119,40.65075],[-73.83157,40.65117],[-73.83217,40.65335],[-73.8328,40.65582],[-73.83306,40.65669],[-73.83338,40.65805],[-73.83127,40.65836],[-73.8311,40.65823],[-73.83201,40.65808],[-73.8326,40.65783],[-73.83194,40.65617],[-73.83208,40.65613],[-73.83278,40.65755],[-73.8329,40.65748],[-73.83275,40.65674],[-73.83218,40.65489],[-73.83185,40.65489],[-73.83155,40.65524],[-73.83133,40.65595],[-73.83107,40.65614],[-73.83051,40.65634],[-73.83019,40.65669],[-73.8295,40.65665],[-73.8295,40.65691],[-73.82909,40.65733],[-73.82896,40.65723],[-73.82931,40.65693],[-73.82924,40.65664],[-73.82948,40.65645],[-73.83006,40.65655],[-73.83021,40.65634],[-73.83116,40.65592],[-73.83149,40.65498],[-73.83212,40.65427],[-73.83205,40.65405],[-73.83171,40.65393],[-73.8306,40.65481],[-73.83053,40.65542],[-73.8302,40.65566],[-73.82967,40.6556],[-73.83016,40.655],[-73.8312,40.65419],[-73.83158,40.65381],[-73.83156,40.6536],[-73.83129,40.65348],[-73.83132,40.65273],[-73.8311,40.65226],[-73.83094,40.65163],[-73.83001,40.6509],[-73.82987,40.65043],[-73.83001,40.65033],[-73.8296,40.64983],[-73.82928,40.64958],[-73.82846,40.64912],[-73.82742,40.64889],[-73.8268,40.64863],[-73.82639,40.64832],[-73.82665,40.64925],[-73.82722,40.65161],[-73.82795,40.65433],[-73.82852,40.65657],[-73.82916,40.65832],[-73.83046,40.66077],[-73.83227,40.66477],[-73.83254,40.66514],[-73.83601,40.66597],[-73.84092,40.66808],[-73.84721,40.66978],[-73.85296,40.67159],[-73.85763,40.67166],[-73.85685,40.6686],[-73.85642,40.66703],[-73.85566,40.6638],[-73.85673,40.66349],[-73.85836,40.66324],[-73.85788,40.66156],[-73.85748,40.65998],[-73.85877,40.65979],[-73.86007,40.65949],[-73.86064,40.65932]]]]}},{"type":"Feature","properties":{"id":"hudson-yards-manhattan","name":"Hudson Yards","borough":"Manhattan"},"geometry":{"type":"Polygon","coordinates":[[[-74.00365,40.75974],[-74.00365,40.75973],[-74.00411,40.75989],[-74.00421,40.7595],[-74.0045,40.75908],[-74.00644,40.75989],[-74.007,40.75923],[-74.00696,40.75916],[-74.00503,40.75836],[-74.00528,40.75803],[-74.0048,40.75781],[-74.00521,40.75723],[-74.00542,40.75732],[-74.00732,40.75469],[-74.00107,40.75209],[-73.99915,40.7546],[-73.99911,40.75464],[-73.99867,40.75524],[-73.99735,40.7571],[-73.99734,40.75711],[-74.00365,40.75974]]]}},{"type":"Feature","properties":{"id":"huguenot-staten-island","name":"Huguenot","borough":"Staten Island"},"geometry":{"type":"Polygon","coordinates":[[[-74.18718,40.5401],[-74.19008,40.54627],[-74.19535,40.5449],[-74.19738,40.5436],[-74.19815,40.54319],[-74.19909,40.54332],[-74.20698,40.54212],[-74.20603,40.53883],[-74.20452,40.53589],[-74.2023,40.53654],[-74.20067,40.53321],[-74.1998,40.53212],[-74.19647,40.52767],[-74.18817,40.51663],[-74.18762,40.5171],[-74.18657,40.51812],[-74.18589,40.51864],[-74.18483,40.51934],[-74.18342,40.51989],[-74.18317,40.51991],[-74.18243,40.52032],[-74.18117,40.52066],[-74.17981,40.52055],[-74.17944,40.52031],[-74.17924,40.51998],[-74.17878,40.52004],[-74.17827,40.51992],[-74.17779,40.51936],[-74.17762,40.51933],[-74.17601,40.52088],[-74.17396,40.52222],[-74.18119,40.53255],[-74.18323,40.53513],[-74.18397,40.53654],[-74.18498,40.53622],[-74.18581,40.5376],[-74.18664,40.53933],[-74.18718,40.5401]]]}},{"type":"Feature","properties":{"id":"hunts-point-bronx","name":"Hunts Point","borough":"Bronx"},"geometry":{"type":"Polygon","coordinates":[[[-73.90209,40.8048],[-73.90097,40.80488],[-73.89959,40.80523],[-73.89853,40.80543],[-73.89813,40.80564],[-73.89829,40.8061],[-73.89739,40.80622],[-73.89731,40.80608],[-73.8962,40.80624],[-73.89622,40.80648],[-73.89551,40.8066],[-73.8951,40.80686],[-73.89484,40.80572],[-73.89463,40.80623],[-73.89384,40.80624],[-73.89245,40.80637],[-73.89198,40.80638],[-73.89179,40.80562],[-73.89144,40.80566],[-73.8915,40.80593],[-73.89058,40.80587],[-73.89014,40.80571],[-73.88985,40.80586],[-73.88954,40.80581],[-73.89015,40.80496],[-73.88997,40.80491],[-73.88937,40.80538],[-73.88906,40.80502],[-73.88859,40.80479],[-73.88796,40.805],[-73.88763,40.80467],[-73.88753,40.8044],[-73.88725,40.80419],[-73.88727,40.80395],[-73.88616,40.80318],[-73.88591,40.8028],[-73.88526,40.80241],[-73.88505,40.80213],[-73.88399,40.8019],[-73.8837,40.80216],[-73.88092,40.80256],[-73.88005,40.80276],[-73.87921,40.8028],[-73.87843,40.8027],[-73.87817,40.80255],[-73.87797,40.80171],[-73.87814,40.80132],[-73.87593,40.80108],[-73.87586,40.80146],[-73.87527,40.8014],[-73.87473,40.80126],[-73.87468,40.80098],[-73.87355,40.80085],[-73.87175,40.80155],[-73.86979,40.80413],[-73.86846,40.80594],[-73.86811,40.80675],[-73.87055,40.81124],[-73.87047,40.81146],[-73.87057,40.81209],[-73.87096,40.81215],[-73.87166,40.81325],[-73.8725,40.81389],[-73.87446,40.81465],[-73.87673,40.81539],[-73.87664,40.81569],[-73.87826,40.81632],[-73.87905,40.81677],[-73.87981,40.81733],[-73.88145,40.81888],[-73.88204,40.81947],[-73.88304,40.82068],[-73.88427,40.82274],[-73.88454,40.82265],[-73.88741,40.82234],[-73.88793,40.8219],[-73.88921,40.82107],[-73.89048,40.82017],[-73.8984,40.81318],[-73.89849,40.81301],[-73.90042,40.81165],[-73.90303,40.80978],[-73.90299,40.80957],[-73.90209,40.8048]]]}},{"type":"Feature","properties":{"id":"inwood-manhattan","name":"Inwood","borough":"Manhattan"},"geometry":{"type":"Polygon","coordinates":[[[-73.92238,40.85611],[-73.92238,40.85658],[-73.9219,40.85698],[-73.92156,40.85709],[-73.92152,40.85735],[-73.92114,40.85755],[-73.92091,40.85822],[-73.92131,40.8589],[-73.9218,40.8591],[-73.92186,40.85929],[-73.92159,40.86007],[-73.92134,40.86022],[-73.92107,40.85994],[-73.9207,40.85932],[-73.91952,40.85878],[-73.91878,40.85955],[-73.91843,40.86005],[-73.91843,40.86022],[-73.91788,40.8608],[-73.91783,40.86104],[-73.91709,40.86186],[-73.91678,40.86199],[-73.91617,40.86244],[-73.91535,40.86316],[-73.91549,40.8633],[-73.91518,40.86368],[-73.91533,40.86407],[-73.91579,40.8641],[-73.91586,40.86433],[-73.91545,40.86433],[-73.91492,40.86458],[-73.91431,40.86463],[-73.91394,40.86474],[-73.91255,40.86651],[-73.91273,40.86661],[-73.91185,40.86767],[-73.91173,40.86807],[-73.91152,40.86826],[-73.91133,40.8688],[-73.91103,40.86916],[-73.91081,40.86994],[-73.91072,40.87097],[-73.91043,40.87147],[-73.91054,40.87206],[-73.91076,40.87245],[-73.91122,40.87303],[-73.91152,40.87324],[-73.91273,40.8738],[-73.91314,40.87386],[-73.91522,40.87449],[-73.91568,40.87453],[-73.91661,40.87447],[-73.91751,40.87417],[-73.91793,40.87398],[-73.91893,40.87332],[-73.91926,40.87375],[-73.91919,40.87414],[-73.91888,40.87468],[-73.91998,40.87511],[-73.92081,40.87548],[-73.92117,40.87518],[-73.92054,40.87415],[-73.91997,40.87383],[-73.91991,40.87361],[-73.92006,40.87325],[-73.9206,40.87299],[-73.92126,40.87308],[-73.92188,40.87341],[-73.92234,40.87387],[-73.92264,40.87452],[-73.92263,40.87521],[-73.92247,40.87559],[-73.92238,40.87676],[-73.92312,40.87719],[-73.92382,40.87726],[-73.92456,40.87743],[-73.92495,40.8772],[-73.92553,40.87703],[-73.9263,40.87709],[-73.92646,40.87726],[-73.92648,40.87762],[-73.92753,40.87671],[-73.92815,40.87652],[-73.92918,40.87556],[-73.92986,40.87442],[-73.92998,40.87434],[-73.93085,40.87289],[-73.93106,40.87267],[-73.93138,40.87211],[-73.93147,40.8718],[-73.93191,40.87113],[-73.93221,40.8701],[-73.93205,40.8696],[-73.93236,40.86895],[-73.93227,40.86848],[-73.93243,40.86757],[-73.93262,40.86717],[-73.93037,40.86647],[-73.92735,40.86554],[-73.92477,40.86167],[-73.92458,40.86138],[-73.92302,40.85897],[-73.92264,40.85802],[-73.92238,40.85611]]]}},{"type":"Feature","properties":{"id":"jackson-heights-queens","name":"Jackson Heights","borough":"Queens"},"geometry":{"type":"Polygon","coordinates":[[[-73.8951,40.74652],[-73.89015,40.74702],[-73.88353,40.74774],[-73.87875,40.74822],[-73.86983,40.74917],[-73.86947,40.74921],[-73.87048,40.75083],[-73.87119,40.75208],[-73.87228,40.75416],[-73.8737,40.75678],[-73.88676,40.75541],[-73.8905,40.75504],[-73.89135,40.75494],[-73.89855,40.75417],[-73.89816,40.75363],[-73.89741,40.75232],[-73.89748,40.75119],[-73.89743,40.75023],[-73.89715,40.74961],[-73.89679,40.74942],[-73.89616,40.74861],[-73.8956,40.7477],[-73.8951,40.74652]]]}},{"type":"Feature","properties":{"id":"jamaica-queens","name":"Jamaica","borough":"Queens"},"geometry":{"type":"Polygon","coordinates":[[[-73.81727,40.70402],[-73.81374,40.69626],[-73.81114,40.69182],[-73.81074,40.69114],[-73.80154,40.67364],[-73.79117,40.6729],[-73.78796,40.67219],[-73.78913,40.66687],[-73.78923,40.66642],[-73.7873,40.66649],[-73.78464,40.66677],[-73.78203,40.66713],[-73.77942,40.66718],[-73.77714,40.6672],[-73.77387,40.66741],[-73.77092,40.66732],[-73.76921,40.66704],[-73.7672,40.66693],[-73.76599,40.6668],[-73.7637,40.66666],[-73.75998,40.66613],[-73.75796,40.66598],[-73.75756,40.66649],[-73.75724,40.66736],[-73.75696,40.66797],[-73.75651,40.66922],[-73.75656,40.66954],[-73.75643,40.66984],[-73.75643,40.67117],[-73.75647,40.67223],[-73.75635,40.6729],[-73.7561,40.67372],[-73.75605,40.67478],[-73.75591,40.67562],[-73.75549,40.67648],[-73.75545,40.67712],[-73.75487,40.67795],[-73.75436,40.67889],[-73.75341,40.68018],[-73.75209,40.68205],[-73.75115,40.68413],[-73.75049,40.68536],[-73.75008,40.68604],[-73.74918,40.68709],[-73.74862,40.68782],[-73.74766,40.68926],[-73.74705,40.69024],[-73.74658,40.69092],[-73.74497,40.69309],[-73.74499,40.69332],[-73.74572,40.69496],[-73.7459,40.69512],[-73.74867,40.70157],[-73.75168,40.7008],[-73.75523,40.69986],[-73.75703,40.6994],[-73.76231,40.69802],[-73.76325,40.69786],[-73.76814,40.69709],[-73.76885,40.69687],[-73.76981,40.69638],[-73.77136,40.69803],[-73.77201,40.69932],[-73.77289,40.70088],[-73.77408,40.70282],[-73.77498,40.70438],[-73.77622,40.70196],[-73.775,40.70435],[-73.77577,40.70526],[-73.77715,40.7087],[-73.77736,40.70896],[-73.77639,40.70906],[-73.77151,40.71043],[-73.77089,40.7108],[-73.77148,40.71185],[-73.77312,40.71417],[-73.77297,40.71423],[-73.77357,40.71518],[-73.77409,40.71614],[-73.77507,40.71816],[-73.77666,40.7215],[-73.77723,40.72229],[-73.77735,40.72242],[-73.77736,40.72243],[-73.77735,40.72242],[-73.77739,40.72246],[-73.77821,40.72353],[-73.77949,40.72566],[-73.77979,40.72624],[-73.7809,40.72862],[-73.78117,40.72919],[-73.78125,40.72921],[-73.78159,40.72911],[-73.7834,40.72854],[-73.78434,40.72811],[-73.78538,40.72791],[-73.78622,40.72763],[-73.78705,40.72722],[-73.78799,40.72704],[-73.78892,40.72673],[-73.78962,40.72638],[-73.79052,40.72623],[-73.79178,40.72586],[-73.79179,40.72578],[-73.79155,40.72518],[-73.79055,40.72361],[-73.79046,40.72325],[-73.7904,40.72243],[-73.79037,40.72118],[-73.7904,40.72028],[-73.79074,40.71927],[-73.79078,40.71914],[-73.79165,40.71911],[-73.79296,40.71891],[-73.79433,40.71849],[-73.79551,40.71806],[-73.79691,40.71761],[-73.7996,40.71684],[-73.80102,40.71651],[-73.80194,40.71633],[-73.80368,40.71609],[-73.80529,40.71594],[-73.80645,40.71596],[-73.80784,40.7159],[-73.80751,40.71454],[-73.80701,40.71377],[-73.80674,40.71325],[-73.80635,40.7115],[-73.80616,40.71107],[-73.80524,40.70974],[-73.80462,40.70918],[-73.80372,40.70876],[-73.80326,40.7084],[-73.80279,40.70777],[-73.80389,40.70745],[-73.80878,40.70607],[-73.81191,40.70517],[-73.81299,40.70488],[-73.81494,40.70431],[-73.81579,40.70413],[-73.81727,40.70402]]]}},{"type":"Feature","properties":{"id":"kensington-brooklyn","name":"Kensington","borough":"Brooklyn"},"geometry":{"type":"Polygon","coordinates":[[[-73.97121,40.62812],[-73.97132,40.62895],[-73.97057,40.62904],[-73.96611,40.62954],[-73.96608,40.62955],[-73.9662,40.6302],[-73.96677,40.63229],[-73.97083,40.64632],[-73.97086,40.64642],[-73.97106,40.64711],[-73.97143,40.64829],[-73.97319,40.64763],[-73.97394,40.64768],[-73.97442,40.64776],[-73.97561,40.6478],[-73.97678,40.6477],[-73.97869,40.64749],[-73.98031,40.64739],[-73.98136,40.64733],[-73.98496,40.6459],[-73.98723,40.64503],[-73.98837,40.64456],[-73.98913,40.64409],[-73.98795,40.64348],[-73.98193,40.63981],[-73.97968,40.63848],[-73.9792,40.63594],[-73.97839,40.63177],[-73.97815,40.6303],[-73.97985,40.62945],[-73.97727,40.62783],[-73.97673,40.62748],[-73.9765,40.62731],[-73.97121,40.62812]]]}},{"type":"Feature","properties":{"id":"kew-gardens-hills-queens","name":"Kew Gardens Hills","borough":"Queens"},"geometry":{"type":"Polygon","coordinates":[[[-73.81088,40.72718],[-73.81117,40.72789],[-73.81098,40.72896],[-73.81082,40.73055],[-73.81075,40.7319],[-73.81056,40.73468],[-73.81047,40.7366],[-73.81046,40.73758],[-73.81038,40.73867],[-73.81176,40.73872],[-73.81364,40.73867],[-73.8152,40.73887],[-73.81812,40.73991],[-73.82068,40.74062],[-73.82215,40.74111],[-73.82339,40.74167],[-73.82475,40.74211],[-73.82601,40.74245],[-73.82728,40.74268],[-73.82965,40.74293],[-73.83067,40.74289],[-73.83226,40.74318],[-73.83385,40.74333],[-73.83497,40.74333],[-73.83586,40.74338],[-73.83714,40.74338],[-73.83693,40.74244],[-73.83701,40.74239],[-73.83563,40.73582],[-73.83563,40.73306],[-73.83227,40.72695],[-73.83107,40.7256],[-73.82976,40.72474],[-73.82906,40.72422],[-73.82843,40.72362],[-73.82795,40.72307],[-73.82694,40.7216],[-73.82612,40.72018],[-73.8263,40.71923],[-73.82642,40.71823],[-73.82685,40.71745],[-73.82589,40.7173],[-73.82504,40.71731],[-73.82336,40.71745],[-73.82283,40.71745],[-73.82128,40.71736],[-73.81882,40.7174],[-73.81767,40.71761],[-73.81669,40.71786],[-73.81447,40.71848],[-73.80955,40.71983],[-73.80909,40.71998],[-73.80945,40.72127],[-73.81026,40.72336],[-73.81065,40.72455],[-73.81071,40.72672],[-73.81088,40.72718]]]}},{"type":"Feature","properties":{"id":"kew-gardens-queens","name":"Kew Gardens","borough":"Queens"},"geometry":{"type":"Polygon","coordinates":[[[-73.84168,40.70109],[-73.83769,40.70065],[-73.83269,40.70012],[-73.83232,40.70081],[-73.83171,40.70131],[-73.8311,40.70151],[-73.82756,40.70238],[-73.82557,40.7029],[-73.82329,40.70347],[-73.82207,40.70369],[-73.81727,40.70402],[-73.81911,40.70806],[-73.82011,40.70901],[-73.82582,40.71478],[-73.82629,40.71502],[-73.82631,40.71555],[-73.82631,40.71556],[-73.82818,40.71503],[-73.82891,40.71477],[-73.82974,40.71469],[-73.83053,40.71449],[-73.83177,40.71406],[-73.83395,40.71289],[-73.83454,40.71256],[-73.83603,40.71175],[-73.83605,40.71174],[-73.83555,40.71133],[-73.83448,40.71036],[-73.83435,40.71007],[-73.83452,40.70979],[-73.83652,40.70873],[-73.83675,40.70853],[-73.83734,40.7078],[-73.83792,40.7063],[-73.83724,40.7044],[-73.83719,40.70423],[-73.83745,40.70397],[-73.8392,40.70298],[-73.83974,40.70258],[-73.84107,40.70144],[-73.84168,40.70109]]]}},{"type":"Feature","properties":{"id":"kingsbridge-bronx","name":"Kingsbridge","borough":"Bronx"},"geometry":{"type":"Polygon","coordinates":[[[-73.89989,40.88654],[-73.90222,40.887],[-73.90314,40.88643],[-73.90325,40.88646],[-73.90472,40.88524],[-73.90516,40.88488],[-73.90766,40.88272],[-73.90877,40.88174],[-73.91063,40.88027],[-73.91169,40.87914],[-73.91007,40.87874],[-73.90972,40.87883],[-73.90924,40.87802],[-73.90857,40.87755],[-73.90814,40.87745],[-73.90736,40.87619],[-73.90712,40.87343],[-73.90445,40.87272],[-73.90216,40.87084],[-73.90121,40.87067],[-73.89995,40.87459],[-73.89901,40.8753],[-73.89875,40.87566],[-73.89827,40.87606],[-73.8977,40.87674],[-73.89732,40.87736],[-73.89664,40.87795],[-73.89583,40.87894],[-73.89556,40.87941],[-73.89639,40.87977],[-73.89617,40.88157],[-73.89379,40.88536],[-73.89989,40.88654]]]}},{"type":"Feature","properties":{"id":"kips-bay-manhattan","name":"Kips Bay","borough":"Manhattan"},"geometry":{"type":"Polygon","coordinates":[[[-73.98475,40.73951],[-73.98474,40.7395],[-73.97854,40.73689],[-73.97443,40.73525],[-73.97354,40.73494],[-73.9733,40.73504],[-73.97342,40.73537],[-73.97419,40.73568],[-73.97451,40.73589],[-73.97441,40.73641],[-73.97287,40.73577],[-73.97249,40.7358],[-73.97259,40.73677],[-73.97266,40.73922],[-73.97244,40.74002],[-73.9723,40.74003],[-73.97217,40.74067],[-73.97229,40.74074],[-73.97196,40.74234],[-73.97174,40.74266],[-73.9717,40.74302],[-73.97973,40.74642],[-73.98087,40.74479],[-73.98414,40.74033],[-73.98475,40.73951]]]}},{"type":"Feature","properties":{"id":"la-tourette-park-staten-island","name":"La Tourette Park","borough":"Staten Island"},"geometry":{"type":"Polygon","coordinates":[[[-74.14849,40.57147],[-74.1479,40.5717],[-74.14735,40.57277],[-74.14789,40.57343],[-74.14769,40.57409],[-74.14862,40.57526],[-74.14865,40.57614],[-74.14803,40.57652],[-74.1414,40.57794],[-74.137,40.5795],[-74.13634,40.5812],[-74.13583,40.58168],[-74.13261,40.58259],[-74.13236,40.58303],[-74.13411,40.58358],[-74.13505,40.58443],[-74.13484,40.58557],[-74.13845,40.58778],[-74.13905,40.58799],[-74.14356,40.58777],[-74.14462,40.58725],[-74.14486,40.58641],[-74.1453,40.58524],[-74.14681,40.58419],[-74.15092,40.5799],[-74.16966,40.56925],[-74.17011,40.569],[-74.17081,40.5625],[-74.17084,40.56248],[-74.16872,40.56068],[-74.16695,40.56021],[-74.16601,40.56251],[-74.16497,40.56282],[-74.16381,40.56302],[-74.16298,40.56324],[-74.16151,40.56363],[-74.16096,40.56445],[-74.15913,40.5654],[-74.15818,40.56649],[-74.15737,40.56703],[-74.15566,40.56791],[-74.15437,40.569],[-74.15369,40.57002],[-74.15299,40.57048],[-74.15197,40.57144],[-74.14981,40.57193],[-74.14849,40.57147]]]}},{"type":"Feature","properties":{"id":"laurelton-queens","name":"Laurelton","borough":"Queens"},"geometry":{"type":"Polygon","coordinates":[[[-73.74014,40.66575],[-73.73984,40.66592],[-73.73437,40.67316],[-73.72831,40.67955],[-73.72666,40.68242],[-73.7259,40.68262],[-73.72585,40.68347],[-73.72747,40.68368],[-73.73167,40.68493],[-73.73396,40.68564],[-73.73745,40.68669],[-73.7411,40.68785],[-73.7413,40.68807],[-73.74231,40.68953],[-73.7441,40.69203],[-73.74487,40.69322],[-73.74498,40.69323],[-73.74497,40.69309],[-73.74658,40.69092],[-73.74705,40.69024],[-73.74766,40.68926],[-73.74862,40.68782],[-73.74918,40.68709],[-73.75008,40.68604],[-73.75049,40.68536],[-73.75115,40.68413],[-73.75209,40.68205],[-73.75341,40.68018],[-73.75436,40.67889],[-73.75487,40.67795],[-73.75545,40.67712],[-73.75549,40.67648],[-73.75591,40.67562],[-73.75605,40.67478],[-73.7561,40.67372],[-73.75635,40.6729],[-73.75647,40.67223],[-73.75643,40.67117],[-73.75643,40.66984],[-73.75656,40.66954],[-73.75651,40.66922],[-73.75696,40.66797],[-73.75724,40.66736],[-73.75756,40.66649],[-73.75796,40.66598],[-73.75728,40.66597],[-73.75599,40.66584],[-73.75004,40.66586],[-73.74605,40.66584],[-73.74277,40.66578],[-73.74071,40.66579],[-73.74014,40.66575]]]}},{"type":"Feature","properties":{"id":"lighthouse-hill-staten-island","name":"Lighthouse Hill","borough":"Staten Island"},"geometry":{"type":"Polygon","coordinates":[[[-74.14849,40.57147],[-74.14768,40.57079],[-74.14704,40.57049],[-74.1466,40.57055],[-74.14624,40.57048],[-74.1444,40.56971],[-74.14394,40.57057],[-74.14392,40.57078],[-74.1442,40.57204],[-74.14027,40.57253],[-74.13573,40.57308],[-74.13349,40.57334],[-74.13258,40.57352],[-74.1299,40.5745],[-74.12755,40.57515],[-74.12685,40.57624],[-74.12687,40.57635],[-74.12711,40.57751],[-74.12674,40.57833],[-74.12691,40.57881],[-74.12778,40.58023],[-74.12808,40.5806],[-74.12933,40.58192],[-74.12983,40.58213],[-74.13049,40.58282],[-74.13103,40.5832],[-74.13144,40.5834],[-74.13236,40.58303],[-74.13261,40.58259],[-74.13583,40.58168],[-74.13634,40.5812],[-74.137,40.5795],[-74.1414,40.57794],[-74.14803,40.57652],[-74.14865,40.57614],[-74.14862,40.57526],[-74.14769,40.57409],[-74.14789,40.57343],[-74.14735,40.57277],[-74.1479,40.5717],[-74.14849,40.57147]]]}},{"type":"Feature","properties":{"id":"little-italy-manhattan","name":"Little Italy","borough":"Manhattan"},"geometry":{"type":"Polygon","coordinates":[[[-73.995,40.71856],[-73.9946,40.71958],[-73.99562,40.71999],[-73.99852,40.72116],[-74.00024,40.7192],[-74.00075,40.71862],[-74.00077,40.7186],[-73.99923,40.7175],[-73.99883,40.71721],[-73.99779,40.71683],[-73.99676,40.71843],[-73.99645,40.71907],[-73.995,40.71856]]]}},{"type":"Feature","properties":{"id":"long-island-city-queens","name":"Long Island City","borough":"Queens"},"geometry":{"type":"MultiPolygon","coordinates":[[[[-73.95065,40.75546],[-73.95102,40.75509],[-73.95131,40.75458],[-73.95201,40.75384],[-73.95293,40.75276],[-73.9545,40.75123],[-73.95465,40.75083],[-73.95452,40.75059],[-73.95507,40.74963],[-73.95576,40.7496],[-73.95632,40.74908],[-73.95478,40.74843],[-73.95305,40.74809],[-73.95318,40.74773],[-73.95485,40.74804],[-73.95704,40.74892],[-73.95845,40.7471],[-73.95841,40.74689],[-73.95872,40.74665],[-73.95914,40.746],[-73.9586,40.7459],[-73.95921,40.74568],[-73.95931,40.74536],[-73.95845,40.74512],[-73.95876,40.74495],[-73.95888,40.74462],[-73.95971,40.74386],[-73.95977,40.7435],[-73.96035,40.74354],[-73.96065,40.74339],[-73.96097,40.74275],[-73.9611,40.74278],[-73.96155,40.74199],[-73.96117,40.74189],[-73.96107,40.74163],[-73.96122,40.74111],[-73.9618,40.7411],[-73.96194,40.74079],[-73.96183,40.74063],[-73.96126,40.74045],[-73.96179,40.74001],[-73.96221,40.74001],[-73.96243,40.73967],[-73.96262,40.73903],[-73.96252,40.73866],[-73.96212,40.73844],[-73.96217,40.73827],[-73.96073,40.73808],[-73.96029,40.73824],[-73.96005,40.73849],[-73.95978,40.73851],[-73.95766,40.73943],[-73.9571,40.73963],[-73.95546,40.73978],[-73.95378,40.73982],[-73.95222,40.7395],[-73.95192,40.73949],[-73.95034,40.73901],[-73.94715,40.7379],[-73.94548,40.73821],[-73.94524,40.73836],[-73.94329,40.73901],[-73.9429,40.739],[-73.94257,40.73941],[-73.94238,40.73943],[-73.94159,40.73986],[-73.94119,40.74029],[-73.93965,40.74273],[-73.94015,40.74283],[-73.94002,40.74321],[-73.93929,40.74306],[-73.93908,40.74348],[-73.9386,40.74341],[-73.9383,40.74508],[-73.93697,40.74542],[-73.93562,40.74572],[-73.93437,40.74605],[-73.93679,40.74843],[-73.93719,40.749],[-73.93649,40.74936],[-73.93886,40.75001],[-73.94003,40.75045],[-73.94142,40.75107],[-73.9423,40.75161],[-73.94429,40.75247],[-73.94566,40.75299],[-73.94667,40.75341],[-73.95065,40.75546]]],[[[-73.94135,40.73936],[-73.94146,40.73925],[-73.94256,40.73902],[-73.94258,40.73882],[-73.94549,40.73774],[-73.94592,40.73749],[-73.94359,40.73672],[-73.9423,40.73621],[-73.9418,40.73596],[-73.94086,40.73507],[-73.94007,40.73376],[-73.94017,40.73349],[-73.93987,40.73316],[-73.93954,40.73251],[-73.93941,40.73193],[-73.93911,40.73138],[-73.93804,40.73051],[-73.93725,40.73013],[-73.93645,40.72967],[-73.93589,40.72947],[-73.93453,40.7291],[-73.93134,40.72873],[-73.93128,40.72911],[-73.93187,40.72935],[-73.93527,40.73167],[-73.93605,40.73236],[-73.93748,40.73379],[-73.93444,40.73489],[-73.93478,40.73555],[-73.93117,40.73702],[-73.93306,40.73735],[-73.93582,40.73788],[-73.93695,40.73799],[-73.93775,40.73811],[-73.93909,40.73846],[-73.94002,40.7388],[-73.94135,40.73936]]]]}},{"type":"Feature","properties":{"id":"longwood-bronx","name":"Longwood","borough":"Bronx"},"geometry":{"type":"Polygon","coordinates":[[[-73.88585,40.82789],[-73.8878,40.82687],[-73.89176,40.82688],[-73.89292,40.8268],[-73.89343,40.82706],[-73.89513,40.82808],[-73.89757,40.82941],[-73.89781,40.82883],[-73.89812,40.8281],[-73.89872,40.82663],[-73.89967,40.82439],[-73.90041,40.82256],[-73.90131,40.82048],[-73.90197,40.81883],[-73.90276,40.81701],[-73.90315,40.81601],[-73.90449,40.81227],[-73.9044,40.81228],[-73.90338,40.8116],[-73.90303,40.80978],[-73.90042,40.81165],[-73.89849,40.81301],[-73.8984,40.81318],[-73.89048,40.82017],[-73.88921,40.82107],[-73.88793,40.8219],[-73.88741,40.82234],[-73.88686,40.82305],[-73.88657,40.82373],[-73.88602,40.827],[-73.88585,40.82789]]]}},{"type":"Feature","properties":{"id":"lower-east-side-manhattan","name":"Lower East Side","borough":"Manhattan"},"geometry":{"type":"Polygon","coordinates":[[[-73.99258,40.7242],[-73.99261,40.72414],[-73.99535,40.71769],[-73.99217,40.71661],[-73.99315,40.71482],[-73.99301,40.71433],[-73.99353,40.7124],[-73.99958,40.71188],[-73.9996,40.71187],[-74.00299,40.71158],[-74.00346,40.7113],[-74.00101,40.70956],[-73.99905,40.70817],[-73.99896,40.7081],[-73.99808,40.70851],[-73.99728,40.70873],[-73.99518,40.70903],[-73.99414,40.70923],[-73.99374,40.70925],[-73.99204,40.70952],[-73.98946,40.70989],[-73.98864,40.70991],[-73.98845,40.70913],[-73.98364,40.70959],[-73.98125,40.70983],[-73.98129,40.71022],[-73.98034,40.71036],[-73.97818,40.71051],[-73.9779,40.7106],[-73.97722,40.71107],[-73.97655,40.71173],[-73.97605,40.7126],[-73.97491,40.71511],[-73.9741,40.71709],[-73.97355,40.71866],[-73.97473,40.71884],[-73.97524,40.719],[-73.97722,40.71939],[-73.97871,40.71999],[-73.97961,40.72028],[-73.98417,40.72166],[-73.98625,40.7223],[-73.99258,40.7242]]]}},{"type":"Feature","properties":{"id":"manhattan-beach-brooklyn","name":"Manhattan Beach","borough":"Brooklyn"},"geometry":{"type":"Polygon","coordinates":[[[-73.95335,40.57429],[-73.95278,40.5742],[-73.9524,40.57425],[-73.95211,40.57438],[-73.95133,40.57442],[-73.95019,40.57456],[-73.94992,40.57455],[-73.94896,40.57478],[-73.94665,40.57502],[-73.94621,40.5752],[-73.94598,40.5755],[-73.94563,40.57557],[-73.94474,40.57551],[-73.94451,40.57577],[-73.94416,40.57581],[-73.94329,40.57572],[-73.94252,40.57555],[-73.94251,40.57537],[-73.93685,40.57556],[-73.93647,40.57586],[-73.93576,40.57573],[-73.93508,40.57551],[-73.93334,40.57557],[-73.9315,40.57566],[-73.93106,40.57616],[-73.93106,40.57627],[-73.93164,40.57817],[-73.93183,40.57868],[-73.93181,40.57896],[-73.93202,40.57954],[-73.93252,40.5812],[-73.93281,40.58115],[-73.93899,40.58105],[-73.94274,40.581],[-73.9497,40.58232],[-73.95318,40.58201],[-73.95327,40.58179],[-73.95381,40.58174],[-73.9544,40.58179],[-73.95499,40.58207],[-73.95506,40.58164],[-73.9546,40.58014],[-73.95427,40.57881],[-73.95387,40.57699],[-73.9534,40.57446],[-73.95335,40.57429]]]}},{"type":"Feature","properties":{"id":"manhattanville-manhattan","name":"Manhattanville","borough":"Manhattan"},"geometry":{"type":"Polygon","coordinates":[[[-73.9526,40.81081],[-73.94986,40.81382],[-73.94815,40.81718],[-73.94972,40.81791],[-73.95217,40.81896],[-73.95497,40.82005],[-73.95746,40.82121],[-73.95843,40.82198],[-73.95865,40.82192],[-73.95893,40.82271],[-73.9596,40.82299],[-73.95991,40.82257],[-73.95923,40.82229],[-73.95896,40.82237],[-73.95875,40.82181],[-73.95882,40.82152],[-73.95981,40.8203],[-73.96,40.82038],[-73.96125,40.81898],[-73.96119,40.81893],[-73.95421,40.81137],[-73.9526,40.81081]]]}},{"type":"Feature","properties":{"id":"marble-hill-manhattan","name":"Marble Hill","borough":"Manhattan"},"geometry":{"type":"Polygon","coordinates":[[[-73.90712,40.87343],[-73.90736,40.87619],[-73.90814,40.87745],[-73.90857,40.87755],[-73.90924,40.87802],[-73.90972,40.87883],[-73.91007,40.87874],[-73.91169,40.87914],[-73.91243,40.878],[-73.91498,40.87653],[-73.91525,40.87556],[-73.91407,40.87518],[-73.91148,40.87442],[-73.91081,40.87409],[-73.91036,40.87378],[-73.90954,40.87302],[-73.90893,40.87216],[-73.90877,40.87173],[-73.90867,40.87172],[-73.90822,40.87248],[-73.90726,40.87295],[-73.90712,40.87343]]]}},{"type":"Feature","properties":{"id":"marine-park-brooklyn","name":"Marine Park","borough":"Brooklyn"},"geometry":{"type":"MultiPolygon","coordinates":[[[[-73.93631,40.62208],[-73.93653,40.62229],[-73.93923,40.6214],[-73.94006,40.62097],[-73.94079,40.62031],[-73.94103,40.61978],[-73.94134,40.6196],[-73.94207,40.61879],[-73.94373,40.61684],[-73.94481,40.61587],[-73.94425,40.61306],[-73.94361,40.60943],[-73.94182,40.6078],[-73.93809,40.60447],[-73.93419,40.60097],[-73.92902,40.59631],[-73.92712,40.59464],[-73.92515,40.59287],[-73.9229,40.5909],[-73.91941,40.58771],[-73.91811,40.58654],[-73.91776,40.58707],[-73.91714,40.58755],[-73.91658,40.58773],[-73.91545,40.58839],[-73.91492,40.58856],[-73.91455,40.58885],[-73.91464,40.58916],[-73.91457,40.5896],[-73.91503,40.58999],[-73.91495,40.59037],[-73.91565,40.59066],[-73.91641,40.59114],[-73.91682,40.59174],[-73.91725,40.59207],[-73.91773,40.5926],[-73.91779,40.59278],[-73.91832,40.59319],[-73.91872,40.59337],[-73.91904,40.59377],[-73.92022,40.59459],[-73.92038,40.59475],[-73.92111,40.59486],[-73.92178,40.59503],[-73.92232,40.59562],[-73.92253,40.59607],[-73.92298,40.59651],[-73.92348,40.59685],[-73.92477,40.59794],[-73.92501,40.59825],[-73.92553,40.59856],[-73.92632,40.59913],[-73.9265,40.59936],[-73.92693,40.59957],[-73.92723,40.59992],[-73.92785,40.60032],[-73.92923,40.60049],[-73.92934,40.60097],[-73.92967,40.60122],[-73.93032,40.60129],[-73.93078,40.60163],[-73.93103,40.60167],[-73.93149,40.60211],[-73.93176,40.6026],[-73.93212,40.60269],[-73.93196,40.60312],[-73.93177,40.60321],[-73.93112,40.60388],[-73.93062,40.60374],[-73.93036,40.60379],[-73.92996,40.60364],[-73.92935,40.60394],[-73.9291,40.60363],[-73.92957,40.60323],[-73.92954,40.60275],[-73.92888,40.60243],[-73.92754,40.60163],[-73.92721,40.60127],[-73.92668,40.60096],[-73.92611,40.60054],[-73.92577,40.60042],[-73.92533,40.60007],[-73.92471,40.59974],[-73.92426,40.59964],[-73.92388,40.59977],[-73.92376,40.60002],[-73.92325,40.60048],[-73.92325,40.60083],[-73.92277,40.60128],[-73.92209,40.60173],[-73.92151,40.60172],[-73.92072,40.6014],[-73.92005,40.60093],[-73.91958,40.60077],[-73.91865,40.60069],[-73.91817,40.60041],[-73.91797,40.60011],[-73.91762,40.60001],[-73.91712,40.59965],[-73.9158,40.59926],[-73.91541,40.59878],[-73.91508,40.59851],[-73.91507,40.598],[-73.91455,40.59773],[-73.91444,40.59746],[-73.91399,40.59702],[-73.91358,40.59676],[-73.91312,40.59587],[-73.91263,40.59554],[-73.91246,40.59507],[-73.91201,40.59431],[-73.91207,40.59391],[-73.91204,40.59332],[-73.91187,40.5928],[-73.91192,40.59246],[-73.91169,40.59206],[-73.91172,40.59172],[-73.91149,40.59132],[-73.91144,40.59102],[-73.9115,40.59041],[-73.9117,40.58959],[-73.912,40.58896],[-73.91205,40.58817],[-73.91177,40.58718],[-73.91193,40.58707],[-73.91197,40.5867],[-73.91185,40.58636],[-73.91118,40.58674],[-73.91039,40.5873],[-73.90975,40.58794],[-73.909,40.58893],[-73.90873,40.58943],[-73.90838,40.59052],[-73.90831,40.59175],[-73.90859,40.59321],[-73.90861,40.59441],[-73.90853,40.59498],[-73.90824,40.59603],[-73.90778,40.59683],[-73.90711,40.5977],[-73.90659,40.59818],[-73.90545,40.59903],[-73.90444,40.59947],[-73.90285,40.60008],[-73.90184,40.60059],[-73.90112,40.60105],[-73.90034,40.6017],[-73.89977,40.60231],[-73.8992,40.60316],[-73.89906,40.60352],[-73.89949,40.60353],[-73.90042,40.60324],[-73.90084,40.60328],[-73.90106,40.60318],[-73.90165,40.60321],[-73.90248,40.60303],[-73.90332,40.60259],[-73.90381,40.60252],[-73.9043,40.60267],[-73.90491,40.60248],[-73.90567,40.6026],[-73.9068,40.60232],[-73.90721,40.60238],[-73.90836,40.60205],[-73.90861,40.60182],[-73.90914,40.60164],[-73.90949,40.60193],[-73.90992,40.60204],[-73.91032,40.60195],[-73.91176,40.60216],[-73.91244,40.60215],[-73.9133,40.60225],[-73.914,40.60279],[-73.91443,40.60286],[-73.91489,40.60329],[-73.91477,40.60336],[-73.91542,40.60395],[-73.9156,40.60394],[-73.91712,40.60531],[-73.91702,40.60538],[-73.91858,40.60677],[-73.91868,40.60697],[-73.91905,40.60722],[-73.91942,40.6076],[-73.92001,40.60717],[-73.93177,40.6179],[-73.93534,40.62116],[-73.93631,40.62208]]],[[[-73.91851,40.59927],[-73.91859,40.59944],[-73.91915,40.59961],[-73.91967,40.59952],[-73.92024,40.59959],[-73.92069,40.5995],[-73.92174,40.59899],[-73.92227,40.59845],[-73.92185,40.59777],[-73.92162,40.59713],[-73.92142,40.59704],[-73.92057,40.59636],[-73.91975,40.59591],[-73.91879,40.59531],[-73.91871,40.59517],[-73.91786,40.59471],[-73.91703,40.59387],[-73.91643,40.59311],[-73.91637,40.59275],[-73.91596,40.5921],[-73.91533,40.59168],[-73.91479,40.59151],[-73.91429,40.59153],[-73.91298,40.59203],[-73.91326,40.59221],[-73.91316,40.59273],[-73.91323,40.59302],[-73.91309,40.59349],[-73.91309,40.59417],[-73.91338,40.59472],[-73.9137,40.5949],[-73.91444,40.59607],[-73.91494,40.59638],[-73.91539,40.59682],[-73.91556,40.5971],[-73.91595,40.59743],[-73.91619,40.5978],[-73.91626,40.59816],[-73.91699,40.59844],[-73.91851,40.59927]]]]}},{"type":"Feature","properties":{"id":"mariners-harbor-staten-island","name":"Mariner's Harbor","borough":"Staten Island"},"geometry":{"type":"MultiPolygon","coordinates":[[[[-74.1432,40.6397],[-74.14336,40.63971],[-74.14357,40.63923],[-74.14382,40.63921],[-74.14389,40.63888],[-74.14484,40.63935],[-74.14519,40.63938],[-74.14606,40.63923],[-74.14602,40.63909],[-74.1475,40.63891],[-74.14761,40.63904],[-74.14878,40.63888],[-74.14919,40.63867],[-74.14942,40.63829],[-74.14945,40.63789],[-74.14931,40.63753],[-74.14968,40.63752],[-74.14979,40.63789],[-74.15011,40.63827],[-74.15031,40.63828],[-74.15056,40.63856],[-74.15113,40.6385],[-74.15125,40.63941],[-74.1514,40.6394],[-74.15126,40.63849],[-74.1512,40.63773],[-74.15205,40.63767],[-74.15214,40.63829],[-74.1523,40.63827],[-74.15222,40.63769],[-74.1527,40.63764],[-74.1527,40.63719],[-74.15328,40.63727],[-74.15425,40.63717],[-74.1546,40.63734],[-74.15478,40.63772],[-74.15469,40.63919],[-74.15476,40.6392],[-74.15483,40.63772],[-74.15559,40.63773],[-74.1557,40.63752],[-74.15611,40.63753],[-74.1561,40.63794],[-74.15637,40.63791],[-74.15777,40.63796],[-74.15773,40.63888],[-74.15784,40.63887],[-74.15789,40.63797],[-74.15815,40.63811],[-74.15863,40.63813],[-74.15893,40.63826],[-74.15916,40.63785],[-74.15958,40.63799],[-74.15964,40.63841],[-74.15986,40.63873],[-74.16021,40.63861],[-74.15986,40.63993],[-74.15995,40.63994],[-74.16035,40.63844],[-74.16108,40.63857],[-74.16074,40.63935],[-74.1609,40.63939],[-74.16124,40.6386],[-74.16166,40.63866],[-74.1613,40.63939],[-74.16145,40.63943],[-74.16182,40.63865],[-74.16228,40.63877],[-74.16168,40.64061],[-74.16281,40.64104],[-74.16325,40.64096],[-74.16345,40.63986],[-74.16405,40.63995],[-74.16386,40.64105],[-74.164,40.64107],[-74.16424,40.64011],[-74.1646,40.64032],[-74.16441,40.6414],[-74.16457,40.64142],[-74.16473,40.64039],[-74.16519,40.64064],[-74.16494,40.64221],[-74.16544,40.64228],[-74.16563,40.64121],[-74.1662,40.6414],[-74.16666,40.62739],[-74.16443,40.62696],[-74.15911,40.62638],[-74.15802,40.62624],[-74.15609,40.62595],[-74.15381,40.62567],[-74.15269,40.62557],[-74.14765,40.62499],[-74.14624,40.62491],[-74.14623,40.62493],[-74.14571,40.62698],[-74.14575,40.62779],[-74.14792,40.6282],[-74.15017,40.62849],[-74.15268,40.62876],[-74.1519,40.63399],[-74.14957,40.63402],[-74.14829,40.63416],[-74.14706,40.6345],[-74.14649,40.63479],[-74.14584,40.63457],[-74.14511,40.63446],[-74.1432,40.6397]]],[[[-74.15946,40.64145],[-74.1592,40.64165],[-74.15881,40.64176],[-74.15859,40.64246],[-74.1582,40.6426],[-74.15801,40.64302],[-74.15756,40.64324],[-74.1581,40.64376],[-74.16153,40.64416],[-74.16154,40.64397],[-74.16123,40.64262],[-74.16111,40.64184],[-74.16015,40.64149],[-74.15946,40.64145]]]]}},{"type":"Feature","properties":{"id":"maspeth-queens","name":"Maspeth","borough":"Queens"},"geometry":{"type":"Polygon","coordinates":[[[-73.88577,40.72812],[-73.88597,40.72908],[-73.88636,40.73069],[-73.8873,40.73309],[-73.8878,40.73451],[-73.88812,40.73556],[-73.88906,40.73741],[-73.89088,40.74064],[-73.89285,40.7437],[-73.89394,40.7455],[-73.89437,40.74593],[-73.89483,40.74587],[-73.89462,40.74515],[-73.89471,40.74461],[-73.89513,40.74415],[-73.89538,40.74362],[-73.89614,40.74316],[-73.89702,40.74226],[-73.89793,40.74167],[-73.8995,40.74039],[-73.90042,40.73968],[-73.90191,40.7388],[-73.90296,40.73853],[-73.90394,40.73817],[-73.90483,40.73778],[-73.90598,40.73717],[-73.90714,40.73672],[-73.9095,40.7363],[-73.91558,40.73551],[-73.91599,40.73559],[-73.91704,40.73545],[-73.91753,40.73544],[-73.91825,40.73525],[-73.91941,40.73513],[-73.92142,40.73486],[-73.92334,40.73433],[-73.92423,40.7338],[-73.92519,40.73298],[-73.92562,40.73213],[-73.92685,40.73027],[-73.92755,40.72935],[-73.92885,40.72803],[-73.92856,40.72784],[-73.92811,40.72726],[-73.92722,40.72646],[-73.92656,40.72567],[-73.9254,40.7248],[-73.92469,40.7244],[-73.92428,40.72429],[-73.92288,40.72426],[-73.92175,40.72408],[-73.92096,40.72378],[-73.92037,40.72368],[-73.92072,40.72331],[-73.92214,40.72371],[-73.9223,40.72362],[-73.92293,40.72367],[-73.92442,40.72359],[-73.92515,40.72229],[-73.92488,40.72193],[-73.92466,40.72186],[-73.92424,40.72143],[-73.92422,40.72086],[-73.92384,40.72018],[-73.92395,40.71984],[-73.92394,40.71904],[-73.92361,40.71852],[-73.92347,40.71813],[-73.92279,40.71753],[-73.92224,40.71638],[-73.9206,40.71604],[-73.92064,40.71577],[-73.92233,40.71608],[-73.92279,40.7158],[-73.92353,40.71562],[-73.92412,40.71514],[-73.92368,40.71408],[-73.92393,40.7141],[-73.92211,40.71291],[-73.91961,40.71334],[-73.91516,40.713],[-73.91465,40.71344],[-73.91156,40.71323],[-73.90815,40.71302],[-73.90563,40.71288],[-73.90251,40.71277],[-73.89858,40.7126],[-73.89508,40.7125],[-73.89327,40.71241],[-73.88639,40.7122],[-73.88644,40.71232],[-73.88704,40.71265],[-73.8873,40.71304],[-73.88773,40.7134],[-73.88812,40.71347],[-73.88799,40.71406],[-73.88766,40.71464],[-73.88745,40.71519],[-73.88833,40.71627],[-73.89022,40.71832],[-73.89077,40.71833],[-73.89129,40.71801],[-73.89116,40.71781],[-73.89191,40.71739],[-73.89227,40.71703],[-73.89272,40.71637],[-73.89305,40.71631],[-73.89374,40.71739],[-73.89426,40.71794],[-73.89452,40.71836],[-73.89405,40.71864],[-73.89371,40.71822],[-73.89169,40.7192],[-73.88924,40.72035],[-73.88496,40.72233],[-73.88493,40.72406],[-73.88502,40.72529],[-73.88529,40.7268],[-73.8857,40.7278],[-73.88577,40.72812]]]}},{"type":"Feature","properties":{"id":"meiers-corners-staten-island","name":"Meiers Corners","borough":"Staten Island"},"geometry":{"type":"Polygon","coordinates":[[[-74.13074,40.61281],[-74.132,40.61319],[-74.13228,40.6134],[-74.13315,40.61441],[-74.13402,40.61525],[-74.13435,40.61547],[-74.13653,40.61585],[-74.13789,40.61605],[-74.14043,40.61639],[-74.14236,40.61662],[-74.14232,40.61713],[-74.142,40.61926],[-74.14132,40.62445],[-74.14623,40.62493],[-74.14624,40.62491],[-74.14794,40.62206],[-74.15001,40.61959],[-74.15188,40.61738],[-74.15279,40.61543],[-74.15066,40.61524],[-74.14638,40.61431],[-74.13889,40.61309],[-74.1381,40.61306],[-74.13817,40.61192],[-74.13846,40.61192],[-74.13807,40.60801],[-74.13646,40.60818],[-74.13205,40.60839],[-74.12985,40.6085],[-74.12993,40.60935],[-74.12998,40.6099],[-74.13003,40.61042],[-74.1302,40.61244],[-74.13058,40.61257],[-74.13074,40.61281]]]}},{"type":"Feature","properties":{"id":"melrose-bronx","name":"Melrose","borough":"Bronx"},"geometry":{"type":"Polygon","coordinates":[[[-73.9252,40.81798],[-73.92326,40.81749],[-73.92136,40.81693],[-73.91832,40.81613],[-73.91759,40.81597],[-73.91461,40.81482],[-73.91161,40.81377],[-73.90979,40.81336],[-73.90612,40.81262],[-73.90449,40.81227],[-73.90315,40.81601],[-73.90276,40.81701],[-73.90197,40.81883],[-73.90131,40.82048],[-73.90061,40.8221],[-73.90873,40.82408],[-73.915,40.82602],[-73.9154,40.82577],[-73.91666,40.82496],[-73.91611,40.82482],[-73.91979,40.82245],[-73.92075,40.82177],[-73.92088,40.8215],[-73.92127,40.82151],[-73.92236,40.82075],[-73.92366,40.81967],[-73.92418,40.81916],[-73.9252,40.81798]]]}},{"type":"Feature","properties":{"id":"middle-village-queens","name":"Middle Village","borough":"Queens"},"geometry":{"type":"Polygon","coordinates":[[[-73.85968,40.7133],[-73.8594,40.7134],[-73.85952,40.71418],[-73.86522,40.7197],[-73.86906,40.72406],[-73.86998,40.7256],[-73.87001,40.72572],[-73.87098,40.72777],[-73.8714,40.72905],[-73.8716,40.73025],[-73.87157,40.73117],[-73.87135,40.73172],[-73.87374,40.73096],[-73.87699,40.72996],[-73.87897,40.72918],[-73.88062,40.72867],[-73.88212,40.72851],[-73.88376,40.72845],[-73.88528,40.72826],[-73.88577,40.72812],[-73.8857,40.7278],[-73.88529,40.7268],[-73.88502,40.72529],[-73.88493,40.72406],[-73.88496,40.72233],[-73.88924,40.72035],[-73.89169,40.7192],[-73.89371,40.71822],[-73.89405,40.71864],[-73.89452,40.71836],[-73.89426,40.71794],[-73.89374,40.71739],[-73.89305,40.71631],[-73.89272,40.71637],[-73.89227,40.71703],[-73.89191,40.71739],[-73.89116,40.71781],[-73.89129,40.71801],[-73.89077,40.71833],[-73.89022,40.71832],[-73.88833,40.71627],[-73.88745,40.71519],[-73.88766,40.71464],[-73.88799,40.71406],[-73.88812,40.71347],[-73.88773,40.7134],[-73.8873,40.71304],[-73.88704,40.71265],[-73.88644,40.71232],[-73.88639,40.7122],[-73.88492,40.71216],[-73.88013,40.71264],[-73.87965,40.71133],[-73.87951,40.71129],[-73.87802,40.70659],[-73.87765,40.70543],[-73.87669,40.70568],[-73.87608,40.70605],[-73.87581,40.70629],[-73.8752,40.70662],[-73.87473,40.7068],[-73.87425,40.70721],[-73.87362,40.70758],[-73.87056,40.70905],[-73.86937,40.70954],[-73.86611,40.71055],[-73.86503,40.71078],[-73.86402,40.71123],[-73.86152,40.71247],[-73.86032,40.71304],[-73.85968,40.7133]]]}},{"type":"Feature","properties":{"id":"midland-beach-staten-island","name":"Midland Beach","borough":"Staten Island"},"geometry":{"type":"Polygon","coordinates":[[[-74.09089,40.56682],[-74.09055,40.56708],[-74.08998,40.56738],[-74.08925,40.56702],[-74.0892,40.56717],[-74.0883,40.56833],[-74.08725,40.56908],[-74.08691,40.56899],[-74.08655,40.56963],[-74.08595,40.5703],[-74.08469,40.57148],[-74.0836,40.57237],[-74.08259,40.57315],[-74.08091,40.57469],[-74.08018,40.57518],[-74.07926,40.57567],[-74.07877,40.57601],[-74.07737,40.57728],[-74.0764,40.57794],[-74.07784,40.57923],[-74.09107,40.58608],[-74.09164,40.58545],[-74.09092,40.58506],[-74.09177,40.58405],[-74.094,40.58161],[-74.0954,40.57995],[-74.09604,40.57942],[-74.09691,40.57879],[-74.09742,40.57817],[-74.09709,40.578],[-74.09765,40.57736],[-74.09798,40.57752],[-74.09848,40.57691],[-74.09871,40.57704],[-74.09979,40.57596],[-74.09931,40.5757],[-74.1001,40.57473],[-74.10199,40.5727],[-74.10115,40.57241],[-74.09977,40.57154],[-74.09678,40.56999],[-74.09528,40.56926],[-74.09089,40.56682]]]}},{"type":"Feature","properties":{"id":"midtown-east-manhattan","name":"Midtown East","borough":"Manhattan"},"geometry":{"type":"Polygon","coordinates":[[[-73.98455,40.74845],[-73.98133,40.74709],[-73.97973,40.74642],[-73.9717,40.74302],[-73.97121,40.74377],[-73.97136,40.74384],[-73.97094,40.74447],[-73.97079,40.74441],[-73.97034,40.74505],[-73.96988,40.74544],[-73.96823,40.74737],[-73.96837,40.74743],[-73.96532,40.75105],[-73.96316,40.75341],[-73.9629,40.75377],[-73.96163,40.75515],[-73.96066,40.75592],[-73.96036,40.75627],[-73.95966,40.75726],[-73.95877,40.75828],[-73.95893,40.75834],[-73.96658,40.76156],[-73.9721,40.76388],[-73.97303,40.76428],[-73.98088,40.75348],[-73.98455,40.74845]]]}},{"type":"Feature","properties":{"id":"midtown-west-manhattan","name":"Midtown West","borough":"Manhattan"},"geometry":{"type":"Polygon","coordinates":[[[-73.99384,40.77292],[-73.99416,40.77249],[-73.99434,40.77252],[-73.99612,40.77328],[-73.99623,40.77313],[-73.99445,40.77238],[-73.99477,40.77193],[-73.99687,40.77282],[-73.99707,40.77254],[-73.99498,40.77166],[-73.99631,40.7698],[-73.99876,40.77083],[-73.99903,40.77046],[-73.99657,40.76942],[-73.99707,40.76873],[-73.99947,40.76976],[-73.99973,40.76947],[-73.99646,40.7681],[-73.99716,40.76713],[-74.00039,40.7685],[-74.00063,40.7682],[-73.99738,40.76682],[-73.99807,40.76587],[-73.99816,40.76589],[-74.00129,40.76724],[-74.00154,40.76694],[-73.99828,40.76557],[-73.99867,40.76524],[-73.99858,40.765],[-73.99888,40.76457],[-74.00202,40.76589],[-74.00227,40.76553],[-73.99915,40.76421],[-73.99962,40.76356],[-73.99993,40.76341],[-74.00295,40.76462],[-74.00315,40.76433],[-74.00097,40.76342],[-74.00139,40.76285],[-74.00361,40.76378],[-74.00376,40.76358],[-74.00153,40.76264],[-74.0022,40.76173],[-74.0044,40.76267],[-74.00455,40.76249],[-74.00234,40.76154],[-74.00279,40.76093],[-74.00313,40.76108],[-74.00393,40.76],[-74.00365,40.75974],[-74.00365,40.75973],[-73.99735,40.7571],[-73.99867,40.75524],[-73.99911,40.75464],[-73.99914,40.75459],[-73.99916,40.75457],[-73.99349,40.75219],[-73.99347,40.75218],[-73.99024,40.75083],[-73.98768,40.74976],[-73.98764,40.74974],[-73.98455,40.74845],[-73.98088,40.75348],[-73.97303,40.76428],[-73.98159,40.7678],[-73.98165,40.76785],[-73.99384,40.77292]]]}},{"type":"Feature","properties":{"id":"midwood-brooklyn","name":"Midwood","borough":"Brooklyn"},"geometry":{"type":"Polygon","coordinates":[[[-73.93631,40.62208],[-73.93696,40.62271],[-73.9382,40.62385],[-73.94048,40.62604],[-73.94362,40.62901],[-73.94536,40.63068],[-73.9454,40.63072],[-73.94648,40.63169],[-73.94803,40.63153],[-73.94814,40.63168],[-73.94963,40.63249],[-73.95462,40.63195],[-73.95454,40.63157],[-73.956,40.63135],[-73.95636,40.6312],[-73.95653,40.631],[-73.9566,40.63061],[-73.9573,40.63054],[-73.96608,40.62955],[-73.96611,40.62954],[-73.97057,40.62904],[-73.97132,40.62895],[-73.97121,40.62812],[-73.9734,40.6278],[-73.9765,40.62731],[-73.97529,40.62086],[-73.97528,40.62085],[-73.97525,40.62066],[-73.973,40.60881],[-73.97299,40.60881],[-73.96239,40.60997],[-73.96236,40.60997],[-73.95358,40.61093],[-73.95354,40.61094],[-73.95267,40.61104],[-73.95258,40.61106],[-73.95133,40.61133],[-73.95059,40.6116],[-73.94904,40.61296],[-73.94481,40.61587],[-73.94373,40.61684],[-73.94207,40.61879],[-73.94134,40.6196],[-73.94103,40.61978],[-73.94079,40.62031],[-73.94006,40.62097],[-73.93923,40.6214],[-73.93653,40.62229],[-73.93631,40.62208]]]}},{"type":"Feature","properties":{"id":"mill-basin-brooklyn","name":"Mill Basin","borough":"Brooklyn"},"geometry":{"type":"Polygon","coordinates":[[[-73.91031,40.61777],[-73.91248,40.61985],[-73.91729,40.61956],[-73.91702,40.61703],[-73.91652,40.61657],[-73.9246,40.61136],[-73.92001,40.60717],[-73.91942,40.6076],[-73.9195,40.60797],[-73.91888,40.6083],[-73.91802,40.60887],[-73.91773,40.60976],[-73.9181,40.61012],[-73.91805,40.61028],[-73.91675,40.61118],[-73.91573,40.61183],[-73.91663,40.61344],[-73.91458,40.61481],[-73.91408,40.61489],[-73.91386,40.61464],[-73.91493,40.61396],[-73.91486,40.6133],[-73.9145,40.61165],[-73.91492,40.61127],[-73.91555,40.61093],[-73.91616,40.61052],[-73.91639,40.61009],[-73.91678,40.60877],[-73.91632,40.60868],[-73.91672,40.60762],[-73.9166,40.60709],[-73.91674,40.60681],[-73.91627,40.60644],[-73.91592,40.60606],[-73.91384,40.60416],[-73.91353,40.60393],[-73.91092,40.60351],[-73.90913,40.60394],[-73.9089,40.60391],[-73.90833,40.60407],[-73.90886,40.60506],[-73.90978,40.60582],[-73.90985,40.60617],[-73.90934,40.60648],[-73.90906,40.60647],[-73.90871,40.60665],[-73.90845,40.60662],[-73.9081,40.60628],[-73.90739,40.60638],[-73.90597,40.60638],[-73.90561,40.6059],[-73.90521,40.60491],[-73.9019,40.60573],[-73.90164,40.60576],[-73.90187,40.60723],[-73.90196,40.60862],[-73.90221,40.60955],[-73.90221,40.61034],[-73.90286,40.61088],[-73.90314,40.61097],[-73.90334,40.61127],[-73.90429,40.61202],[-73.90422,40.61236],[-73.90536,40.61304],[-73.90669,40.61432],[-73.90706,40.61454],[-73.90778,40.61524],[-73.90862,40.61549],[-73.90901,40.61577],[-73.9096,40.61639],[-73.90964,40.61658],[-73.90899,40.61697],[-73.90915,40.61712],[-73.90971,40.6173],[-73.91031,40.61777]]]}},{"type":"Feature","properties":{"id":"morningside-heights-manhattan","name":"Morningside Heights","borough":"Manhattan"},"geometry":{"type":"Polygon","coordinates":[[[-73.95966,40.80126],[-73.95686,40.80503],[-73.9526,40.81081],[-73.95421,40.81137],[-73.96119,40.81893],[-73.96125,40.81898],[-73.96203,40.81809],[-73.9634,40.81668],[-73.96414,40.81577],[-73.96511,40.81428],[-73.96675,40.81198],[-73.9674,40.81102],[-73.96842,40.80939],[-73.96856,40.80907],[-73.96885,40.80875],[-73.96988,40.80736],[-73.97099,40.80594],[-73.97098,40.80594],[-73.95966,40.80126]]]}},{"type":"Feature","properties":{"id":"morris-heights-bronx","name":"Morris Heights","borough":"Bronx"},"geometry":{"type":"Polygon","coordinates":[[[-73.90725,40.8538],[-73.90745,40.85388],[-73.9085,40.85379],[-73.90917,40.85386],[-73.90966,40.85412],[-73.90998,40.85441],[-73.91124,40.85485],[-73.91212,40.85407],[-73.9123,40.85377],[-73.91344,40.85379],[-73.91434,40.85388],[-73.91492,40.85399],[-73.91562,40.85428],[-73.91685,40.85487],[-73.91699,40.85508],[-73.91674,40.85558],[-73.91696,40.85582],[-73.9173,40.85593],[-73.91753,40.85632],[-73.91748,40.8569],[-73.91806,40.85837],[-73.91957,40.85684],[-73.92152,40.85451],[-73.92256,40.85319],[-73.92395,40.85122],[-73.92385,40.85118],[-73.92465,40.84979],[-73.92603,40.84807],[-73.9263,40.84787],[-73.92663,40.84739],[-73.92683,40.84729],[-73.92694,40.84692],[-73.92728,40.84655],[-73.92746,40.84619],[-73.92767,40.84603],[-73.92796,40.84553],[-73.92751,40.84538],[-73.92261,40.84468],[-73.91873,40.84512],[-73.91619,40.84518],[-73.91601,40.84508],[-73.91413,40.8451],[-73.91302,40.84668],[-73.9121,40.84793],[-73.9105,40.85016],[-73.90892,40.85205],[-73.9075,40.85351],[-73.90725,40.8538]]]}},{"type":"Feature","properties":{"id":"morris-park-bronx","name":"Morris Park","borough":"Bronx"},"geometry":{"type":"Polygon","coordinates":[[[-73.83534,40.85652],[-73.83668,40.85667],[-73.83878,40.8569],[-73.84324,40.85775],[-73.84926,40.85808],[-73.85582,40.85776],[-73.86178,40.85747],[-73.8685,40.85681],[-73.87115,40.85678],[-73.87115,40.85636],[-73.87129,40.85457],[-73.87129,40.85388],[-73.87138,40.85302],[-73.87138,40.85223],[-73.86869,40.85224],[-73.86809,40.85175],[-73.86646,40.85071],[-73.86553,40.85026],[-73.86348,40.8495],[-73.86156,40.84875],[-73.86048,40.84826],[-73.86032,40.84812],[-73.8597,40.84709],[-73.85873,40.84538],[-73.85824,40.84472],[-73.85733,40.8437],[-73.85525,40.84303],[-73.85514,40.84299],[-73.85429,40.84319],[-73.85283,40.84356],[-73.84983,40.84437],[-73.84829,40.84502],[-73.84785,40.84528],[-73.84693,40.84599],[-73.84576,40.84708],[-73.84417,40.8493],[-73.84325,40.85053],[-73.84226,40.85207],[-73.84174,40.85293],[-73.84111,40.85366],[-73.84038,40.85434],[-73.83973,40.85478],[-73.83887,40.85525],[-73.83674,40.85602],[-73.83636,40.85617],[-73.83537,40.85651],[-73.83534,40.85652]]]}},{"type":"Feature","properties":{"id":"morrisania-bronx","name":"Morrisania","borough":"Bronx"},"geometry":{"type":"Polygon","coordinates":[[[-73.915,40.82602],[-73.90873,40.82408],[-73.90061,40.8221],[-73.90041,40.82256],[-73.89967,40.82439],[-73.89872,40.82663],[-73.89812,40.8281],[-73.89795,40.82851],[-73.89704,40.83084],[-73.89629,40.8335],[-73.89705,40.83436],[-73.9014,40.83544],[-73.90141,40.83544],[-73.90706,40.83697],[-73.90763,40.83599],[-73.90859,40.83428],[-73.91006,40.83168],[-73.91217,40.82789],[-73.91299,40.82731],[-73.915,40.82602]]]}},{"type":"Feature","properties":{"id":"mott-haven-bronx","name":"Mott Haven","borough":"Bronx"},"geometry":{"type":"Polygon","coordinates":[[[-73.9252,40.81798],[-73.92789,40.81869],[-73.92983,40.81927],[-73.93045,40.8194],[-73.93239,40.81952],[-73.93234,40.81763],[-73.93238,40.81465],[-73.93263,40.8119],[-73.93261,40.81143],[-73.93199,40.81131],[-73.93149,40.81094],[-73.93056,40.81044],[-73.9289,40.80916],[-73.9278,40.80836],[-73.92648,40.80768],[-73.92295,40.80629],[-73.92057,40.8053],[-73.91924,40.80477],[-73.9166,40.80384],[-73.91583,40.80366],[-73.91542,40.80365],[-73.91456,40.80377],[-73.91137,40.80499],[-73.91056,40.80539],[-73.90888,40.80616],[-73.90653,40.80713],[-73.906,40.80738],[-73.90465,40.80839],[-73.90299,40.80957],[-73.90303,40.80978],[-73.90338,40.8116],[-73.9044,40.81228],[-73.90449,40.81227],[-73.90612,40.81262],[-73.90979,40.81336],[-73.91161,40.81377],[-73.91461,40.81482],[-73.91759,40.81597],[-73.91832,40.81613],[-73.92136,40.81693],[-73.92326,40.81749],[-73.9252,40.81798]]]}},{"type":"Feature","properties":{"id":"neponsit-queens","name":"Neponsit","borough":"Queens"},"geometry":{"type":"Polygon","coordinates":[[[-73.86135,40.57687],[-73.86554,40.57464],[-73.86677,40.57404],[-73.86568,40.57206],[-73.86409,40.56929],[-73.86313,40.56758],[-73.86279,40.56681],[-73.86255,40.56681],[-73.86203,40.56711],[-73.86004,40.568],[-73.85827,40.56862],[-73.85697,40.56919],[-73.858,40.57083],[-73.85916,40.57285],[-73.86016,40.57481],[-73.86135,40.57687]]]}},{"type":"Feature","properties":{"id":"new-brighton-staten-island","name":"New Brighton","borough":"Staten Island"},"geometry":{"type":"Polygon","coordinates":[[[-74.08655,40.63716],[-74.0874,40.63798],[-74.08755,40.63858],[-74.08662,40.64215],[-74.0865,40.6428],[-74.08654,40.64359],[-74.08671,40.64402],[-74.08736,40.64495],[-74.08874,40.64644],[-74.08937,40.64733],[-74.08992,40.64718],[-74.09136,40.6467],[-74.09301,40.64608],[-74.09299,40.64597],[-74.09469,40.64556],[-74.09605,40.64537],[-74.09596,40.64481],[-74.09571,40.64387],[-74.09489,40.64112],[-74.09474,40.64078],[-74.09441,40.64047],[-74.0943,40.64017],[-74.09387,40.63802],[-74.09336,40.63657],[-74.09243,40.63562],[-74.09305,40.63506],[-74.09367,40.63496],[-74.09431,40.63513],[-74.09559,40.63558],[-74.09591,40.63559],[-74.09645,40.63535],[-74.0968,40.63465],[-74.09726,40.63397],[-74.0972,40.63289],[-74.09489,40.63243],[-74.09252,40.632],[-74.09018,40.63172],[-74.08993,40.63204],[-74.08977,40.63265],[-74.09005,40.63279],[-74.08985,40.63324],[-74.08943,40.63347],[-74.08868,40.63358],[-74.08825,40.63405],[-74.08894,40.63483],[-74.08687,40.63585],[-74.08761,40.63626],[-74.08655,40.63716]]]}},{"type":"Feature","properties":{"id":"new-dorp-beach-staten-island","name":"New Dorp Beach","borough":"Staten Island"},"geometry":{"type":"Polygon","coordinates":[[[-74.10019,40.55889],[-74.09987,40.55909],[-74.09933,40.5591],[-74.09876,40.55942],[-74.09829,40.55933],[-74.0982,40.55984],[-74.09804,40.55991],[-74.09742,40.56088],[-74.09702,40.56134],[-74.09661,40.56209],[-74.09612,40.56259],[-74.09567,40.56278],[-74.09542,40.56315],[-74.09511,40.56317],[-74.09407,40.56273],[-74.09405,40.56298],[-74.09124,40.56651],[-74.09089,40.56682],[-74.09528,40.56926],[-74.09678,40.56999],[-74.09977,40.57154],[-74.10115,40.57241],[-74.10199,40.5727],[-74.1035,40.57345],[-74.10369,40.57402],[-74.10394,40.57417],[-74.10601,40.5719],[-74.10645,40.57216],[-74.1072,40.5714],[-74.10873,40.56992],[-74.10658,40.56879],[-74.11014,40.56431],[-74.10814,40.56327],[-74.10526,40.56181],[-74.10394,40.56105],[-74.10268,40.56036],[-74.10177,40.5599],[-74.10018,40.55902],[-74.10019,40.55889]]]}},{"type":"Feature","properties":{"id":"new-dorp-staten-island","name":"New Dorp","borough":"Staten Island"},"geometry":{"type":"Polygon","coordinates":[[[-74.11014,40.56431],[-74.10658,40.56879],[-74.10873,40.56992],[-74.1072,40.5714],[-74.10645,40.57216],[-74.10663,40.57227],[-74.11676,40.5782],[-74.11888,40.58216],[-74.12201,40.58527],[-74.1236,40.58369],[-74.12358,40.58189],[-74.12634,40.57924],[-74.12711,40.57751],[-74.12687,40.57635],[-74.12687,40.57634],[-74.12668,40.57628],[-74.12565,40.57599],[-74.12499,40.57588],[-74.12352,40.57581],[-74.12308,40.57572],[-74.12263,40.57552],[-74.12175,40.57491],[-74.12184,40.57426],[-74.12136,40.57277],[-74.12142,40.572],[-74.12151,40.5717],[-74.12191,40.57118],[-74.12087,40.57049],[-74.11853,40.56907],[-74.11643,40.5679],[-74.11558,40.56747],[-74.11363,40.56642],[-74.11119,40.56493],[-74.11014,40.56431]]]}},{"type":"Feature","properties":{"id":"new-springville-staten-island","name":"New Springville","borough":"Staten Island"},"geometry":{"type":"Polygon","coordinates":[[[-74.12056,40.59182],[-74.1247,40.59435],[-74.12912,40.59371],[-74.13238,40.5944],[-74.13083,40.59871],[-74.13203,40.60827],[-74.13205,40.60839],[-74.13646,40.60818],[-74.13807,40.60801],[-74.13774,40.60335],[-74.13717,40.60331],[-74.13582,40.60221],[-74.13607,40.59728],[-74.13667,40.59757],[-74.13753,40.59753],[-74.14081,40.59753],[-74.14131,40.59675],[-74.13956,40.59582],[-74.14167,40.59354],[-74.14317,40.59432],[-74.14545,40.59147],[-74.14574,40.58996],[-74.14572,40.58962],[-74.14585,40.58846],[-74.14462,40.58725],[-74.14356,40.58777],[-74.13905,40.58799],[-74.13845,40.58778],[-74.13484,40.58557],[-74.13505,40.58443],[-74.13411,40.58358],[-74.13236,40.58303],[-74.13144,40.5834],[-74.13103,40.5832],[-74.13049,40.58282],[-74.12983,40.58213],[-74.12933,40.58192],[-74.12808,40.5806],[-74.12778,40.58023],[-74.12691,40.57881],[-74.12674,40.57833],[-74.12634,40.57924],[-74.12358,40.58189],[-74.1236,40.58369],[-74.12201,40.58527],[-74.12225,40.58549],[-74.12218,40.58762],[-74.12162,40.58926],[-74.12019,40.59155],[-74.12019,40.59156],[-74.12056,40.59182]]]}},{"type":"Feature","properties":{"id":"noho-manhattan","name":"NoHo","borough":"Manhattan"},"geometry":{"type":"Polygon","coordinates":[[[-73.99033,40.7297],[-73.99073,40.72979],[-73.99148,40.72984],[-73.99283,40.73007],[-73.99241,40.73058],[-73.99321,40.73092],[-73.99507,40.72882],[-73.99631,40.72736],[-73.99754,40.72586],[-73.99691,40.72555],[-73.9956,40.72522],[-73.99534,40.72516],[-73.99528,40.72515],[-73.99526,40.72514],[-73.99511,40.7251],[-73.99298,40.72435],[-73.99258,40.7242],[-73.99213,40.72542],[-73.99195,40.72594],[-73.99133,40.7276],[-73.98991,40.72957],[-73.99033,40.7297]]]}},{"type":"Feature","properties":{"id":"nolita-manhattan","name":"Nolita","borough":"Manhattan"},"geometry":{"type":"Polygon","coordinates":[[[-73.99258,40.7242],[-73.99298,40.72435],[-73.99511,40.7251],[-73.99526,40.72514],[-73.99528,40.72515],[-73.99534,40.72516],[-73.9956,40.72522],[-73.99643,40.72418],[-73.99705,40.72283],[-73.99852,40.72116],[-73.99562,40.71999],[-73.9946,40.71958],[-73.99261,40.72414],[-73.99258,40.7242]]]}},{"type":"Feature","properties":{"id":"nomad-manhattan","name":"NoMad","borough":"Manhattan"},"geometry":{"type":"Polygon","coordinates":[[[-73.99184,40.74421],[-73.98542,40.74148],[-73.98381,40.7408],[-73.97973,40.74642],[-73.98133,40.74709],[-73.98764,40.74974],[-73.98768,40.74976],[-73.99184,40.74421]]]}},{"type":"Feature","properties":{"id":"norwood-bronx","name":"Norwood","borough":"Bronx"},"geometry":{"type":"Polygon","coordinates":[[[-73.86841,40.88072],[-73.87068,40.88046],[-73.87294,40.88015],[-73.87475,40.87996],[-73.87477,40.88155],[-73.87812,40.88218],[-73.8777,40.88365],[-73.8776,40.88481],[-73.87796,40.88752],[-73.87817,40.88772],[-73.87811,40.88725],[-73.87837,40.88663],[-73.8798,40.88463],[-73.88123,40.88276],[-73.88255,40.88337],[-73.88301,40.88333],[-73.88382,40.88311],[-73.88437,40.88321],[-73.88518,40.88359],[-73.88505,40.88267],[-73.88497,40.8825],[-73.88305,40.87903],[-73.88165,40.87659],[-73.8815,40.87589],[-73.8815,40.87449],[-73.88145,40.87411],[-73.88093,40.87343],[-73.88065,40.87276],[-73.87995,40.87027],[-73.87973,40.86956],[-73.88037,40.86922],[-73.87951,40.86775],[-73.87837,40.86874],[-73.878,40.86894],[-73.87648,40.87005],[-73.8755,40.87098],[-73.87468,40.87228],[-73.87298,40.87437],[-73.87216,40.87564],[-73.87142,40.87706],[-73.87047,40.87686],[-73.87081,40.8758],[-73.8703,40.87628],[-73.86861,40.87722],[-73.86865,40.8779],[-73.8691,40.87898],[-73.86841,40.88072]]]}},{"type":"Feature","properties":{"id":"oakwood-staten-island","name":"Oakwood","borough":"Staten Island"},"geometry":{"type":"Polygon","coordinates":[[[-74.11339,40.54807],[-74.11301,40.54778],[-74.11279,40.54788],[-74.11167,40.54952],[-74.11028,40.5515],[-74.10923,40.55261],[-74.10854,40.55326],[-74.10769,40.55398],[-74.10735,40.55415],[-74.10656,40.55419],[-74.10643,40.55385],[-74.10509,40.55313],[-74.10509,40.55324],[-74.10466,40.55412],[-74.10386,40.55512],[-74.1031,40.5559],[-74.10265,40.55613],[-74.10147,40.55553],[-74.10137,40.55569],[-74.10184,40.55594],[-74.10185,40.55622],[-74.10124,40.55766],[-74.1008,40.55832],[-74.10019,40.55889],[-74.10018,40.55902],[-74.10177,40.5599],[-74.10268,40.56036],[-74.10394,40.56105],[-74.10526,40.56181],[-74.10814,40.56327],[-74.11014,40.56431],[-74.11119,40.56493],[-74.11363,40.56642],[-74.11558,40.56747],[-74.11643,40.5679],[-74.11853,40.56907],[-74.12087,40.57049],[-74.12309,40.56817],[-74.12444,40.56686],[-74.12579,40.56551],[-74.12809,40.5636],[-74.12904,40.56278],[-74.13031,40.56185],[-74.13031,40.56169],[-74.12981,40.56019],[-74.12929,40.55835],[-74.12886,40.5575],[-74.12862,40.55686],[-74.12808,40.5565],[-74.12724,40.55728],[-74.12623,40.5566],[-74.12459,40.55563],[-74.12306,40.55476],[-74.12177,40.5541],[-74.12053,40.55363],[-74.11995,40.55322],[-74.1199,40.55273],[-74.11952,40.55246],[-74.11941,40.55215],[-74.11963,40.55176],[-74.11875,40.55087],[-74.11658,40.54881],[-74.11632,40.5487],[-74.11528,40.54908],[-74.11478,40.54919],[-74.11429,40.54908],[-74.11392,40.54861],[-74.11339,40.54807]]]}},{"type":"Feature","properties":{"id":"old-town-staten-island","name":"Old Town","borough":"Staten Island"},"geometry":{"type":"Polygon","coordinates":[[[-74.09107,40.58608],[-74.09068,40.58659],[-74.08988,40.58618],[-74.08822,40.58817],[-74.0868,40.58971],[-74.08608,40.59042],[-74.08574,40.59142],[-74.0848,40.59372],[-74.08448,40.59444],[-74.08408,40.5955],[-74.0838,40.59552],[-74.08241,40.59605],[-74.08345,40.59767],[-74.08455,40.59942],[-74.08522,40.6005],[-74.08457,40.60182],[-74.0863,40.60132],[-74.08662,40.60124],[-74.08664,40.60124],[-74.08715,40.60114],[-74.08828,40.60112],[-74.08975,40.60086],[-74.09047,40.60034],[-74.09102,40.59985],[-74.09142,40.59935],[-74.09236,40.59742],[-74.09361,40.59668],[-74.09957,40.59412],[-74.10046,40.59341],[-74.10077,40.59246],[-74.10082,40.59153],[-74.10078,40.59111],[-74.09107,40.58608]]]}},{"type":"Feature","properties":{"id":"ozone-park-queens","name":"Ozone Park","borough":"Queens"},"geometry":{"type":"Polygon","coordinates":[[[-73.8663,40.68325],[-73.86603,40.68192],[-73.86499,40.68213],[-73.8641,40.68237],[-73.86328,40.67907],[-73.86235,40.67916],[-73.86132,40.67502],[-73.86106,40.67434],[-73.86077,40.67281],[-73.86039,40.67127],[-73.85939,40.67139],[-73.85763,40.67166],[-73.85296,40.67159],[-73.84721,40.66978],[-73.84092,40.66808],[-73.83601,40.66597],[-73.83254,40.66514],[-73.82959,40.66443],[-73.82814,40.66372],[-73.8153,40.66252],[-73.81256,40.6626],[-73.80948,40.66406],[-73.80743,40.66474],[-73.80349,40.66526],[-73.80024,40.66526],[-73.79556,40.66492],[-73.79159,40.66431],[-73.78956,40.66332],[-73.78928,40.66619],[-73.78913,40.66687],[-73.78796,40.67219],[-73.79117,40.6729],[-73.80154,40.67364],[-73.81074,40.69114],[-73.81114,40.69182],[-73.81114,40.69183],[-73.81114,40.69182],[-73.81384,40.69113],[-73.82239,40.68872],[-73.82786,40.68714],[-73.83428,40.68532],[-73.83526,40.6873],[-73.83553,40.68722],[-73.83573,40.68759],[-73.83761,40.69143],[-73.84427,40.68954],[-73.84885,40.68821],[-73.84961,40.68803],[-73.85625,40.68612],[-73.85974,40.68513],[-73.8663,40.68325]]]}},{"type":"Feature","properties":{"id":"park-hill-staten-island","name":"Park Hill","borough":"Staten Island"},"geometry":{"type":"Polygon","coordinates":[[[-74.08124,40.60608],[-74.08092,40.60666],[-74.07991,40.60798],[-74.07973,40.60866],[-74.0791,40.60968],[-74.07851,40.61087],[-74.07791,40.61194],[-74.07686,40.61355],[-74.07655,40.61424],[-74.08107,40.61777],[-74.08108,40.61777],[-74.08728,40.61321],[-74.08735,40.61316],[-74.08881,40.61082],[-74.08961,40.60972],[-74.09007,40.60933],[-74.0904,40.60894],[-74.0871,40.60755],[-74.08524,40.60682],[-74.0838,40.60646],[-74.083,40.60626],[-74.08272,40.60623],[-74.08124,40.60608]]]}},{"type":"Feature","properties":{"id":"park-slope-brooklyn","name":"Park Slope","borough":"Brooklyn"},"geometry":{"type":"Polygon","coordinates":[[[-73.99165,40.667],[-73.99207,40.6665],[-73.99294,40.66552],[-73.99016,40.6637],[-73.98951,40.66325],[-73.98885,40.66259],[-73.98726,40.66038],[-73.98653,40.65957],[-73.98577,40.65903],[-73.98309,40.65744],[-73.98169,40.65886],[-73.98012,40.66079],[-73.97993,40.66074],[-73.97937,40.66088],[-73.97659,40.6645],[-73.9695,40.67305],[-73.97734,40.68399],[-73.97786,40.68446],[-73.97809,40.68481],[-73.97839,40.68449],[-73.97954,40.68275],[-73.98056,40.68127],[-73.98297,40.6777],[-73.98386,40.67635],[-73.98418,40.67593],[-73.98704,40.67253],[-73.9886,40.67065],[-73.98955,40.66954],[-73.99165,40.667]]]}},{"type":"Feature","properties":{"id":"parkchester-bronx","name":"Parkchester","borough":"Bronx"},"geometry":{"type":"Polygon","coordinates":[[[-73.8516,40.83414],[-73.85192,40.83507],[-73.85234,40.83723],[-73.85288,40.84023],[-73.8533,40.84242],[-73.85438,40.84274],[-73.85525,40.84303],[-73.85588,40.84279],[-73.85683,40.84258],[-73.85861,40.84237],[-73.8598,40.84219],[-73.86141,40.84202],[-73.86305,40.84177],[-73.86361,40.84174],[-73.86533,40.84132],[-73.86673,40.84086],[-73.86813,40.84034],[-73.8699,40.83962],[-73.87035,40.83939],[-73.87209,40.83879],[-73.87257,40.83856],[-73.87311,40.83842],[-73.87338,40.83739],[-73.8737,40.83639],[-73.87211,40.83638],[-73.86281,40.83398],[-73.86264,40.83291],[-73.85776,40.8335],[-73.8516,40.83414]]]}},{"type":"Feature","properties":{"id":"pelham-bay-bronx","name":"Pelham Bay","borough":"Bronx"},"geometry":{"type":"Polygon","coordinates":[[[-73.82574,40.84566],[-73.82604,40.84593],[-73.82617,40.84628],[-73.8268,40.8475],[-73.82724,40.84858],[-73.82737,40.84924],[-73.82735,40.85045],[-73.82719,40.8511],[-73.82691,40.85189],[-73.82652,40.85317],[-73.82635,40.8543],[-73.82636,40.85487],[-73.82657,40.85661],[-73.8286,40.85634],[-73.8293,40.85618],[-73.8326,40.85608],[-73.83281,40.85612],[-73.83283,40.85613],[-73.8332,40.85585],[-73.83379,40.85537],[-73.83431,40.85487],[-73.83508,40.85395],[-73.83548,40.85329],[-73.83588,40.85244],[-73.83622,40.85127],[-73.83635,40.85019],[-73.83649,40.84826],[-73.83666,40.84681],[-73.8368,40.84609],[-73.83701,40.84536],[-73.83801,40.8424],[-73.84025,40.84124],[-73.83998,40.84057],[-73.83984,40.83956],[-73.83972,40.83957],[-73.83959,40.8388],[-73.83919,40.83871],[-73.83929,40.83804],[-73.83919,40.83711],[-73.83923,40.83674],[-73.83881,40.83396],[-73.839,40.83338],[-73.84024,40.8322],[-73.84085,40.83175],[-73.84189,40.83071],[-73.84223,40.82983],[-73.84233,40.82907],[-73.84222,40.82834],[-73.84211,40.82818],[-73.84189,40.82808],[-73.83868,40.82854],[-73.83676,40.82883],[-73.83513,40.82926],[-73.83407,40.82962],[-73.83334,40.82995],[-73.83202,40.83071],[-73.83117,40.83127],[-73.82848,40.83295],[-73.82645,40.83394],[-73.82548,40.83447],[-73.8252,40.83474],[-73.82401,40.83548],[-73.82461,40.83623],[-73.82501,40.83683],[-73.82528,40.83754],[-73.82547,40.83824],[-73.82551,40.83868],[-73.82554,40.84065],[-73.82553,40.84154],[-73.82563,40.84434],[-73.82574,40.84566]]]}},{"type":"Feature","properties":{"id":"pelham-gardens-bronx","name":"Pelham Gardens","borough":"Bronx"},"geometry":{"type":"Polygon","coordinates":[[[-73.82657,40.85661],[-73.82677,40.85781],[-73.82729,40.85938],[-73.82774,40.8603],[-73.8286,40.86113],[-73.82942,40.8618],[-73.83,40.86204],[-73.83092,40.86227],[-73.83328,40.86362],[-73.83659,40.86545],[-73.83922,40.86684],[-73.84182,40.86816],[-73.84662,40.87069],[-73.84809,40.87144],[-73.84931,40.87193],[-73.85229,40.87288],[-73.85341,40.87326],[-73.8549,40.87371],[-73.85506,40.87178],[-73.85519,40.86951],[-73.85535,40.8665],[-73.85554,40.86298],[-73.85582,40.85776],[-73.84926,40.85808],[-73.84324,40.85775],[-73.83878,40.8569],[-73.83668,40.85667],[-73.83403,40.85637],[-73.83281,40.85612],[-73.8326,40.85608],[-73.8293,40.85618],[-73.8286,40.85634],[-73.82657,40.85661]]]}},{"type":"Feature","properties":{"id":"pelham-parkway-bronx","name":"Pelham Parkway","borough":"Bronx"},"geometry":{"type":"Polygon","coordinates":[[[-73.85582,40.85776],[-73.85554,40.86298],[-73.87045,40.86326],[-73.87053,40.86326],[-73.87075,40.8606],[-73.87116,40.85761],[-73.87115,40.85678],[-73.8685,40.85681],[-73.86178,40.85747],[-73.85582,40.85776]]]}},{"type":"Feature","properties":{"id":"pleasant-plains-staten-island","name":"Pleasant Plains","borough":"Staten Island"},"geometry":{"type":"Polygon","coordinates":[[[-74.22148,40.50258],[-74.22064,40.50275],[-74.21968,40.50276],[-74.21902,40.503],[-74.21823,40.5032],[-74.21795,40.50336],[-74.21756,40.50335],[-74.21735,40.50364],[-74.21642,40.50469],[-74.21603,40.50524],[-74.21566,40.50562],[-74.21482,40.50626],[-74.21434,40.50652],[-74.21381,40.5066],[-74.21363,40.50644],[-74.21338,40.50677],[-74.2123,40.50765],[-74.21125,40.50896],[-74.21112,40.50902],[-74.21052,40.50999],[-74.21003,40.51051],[-74.21082,40.5127],[-74.21144,40.51425],[-74.21264,40.51804],[-74.21354,40.52122],[-74.21377,40.52218],[-74.21406,40.52408],[-74.21234,40.52426],[-74.21237,40.52477],[-74.21268,40.52632],[-74.21316,40.52832],[-74.21348,40.5294],[-74.21368,40.52966],[-74.21552,40.53037],[-74.21777,40.53149],[-74.21832,40.53151],[-74.22014,40.53177],[-74.22142,40.53192],[-74.22399,40.53228],[-74.22411,40.53226],[-74.22406,40.53182],[-74.22451,40.53069],[-74.22545,40.52948],[-74.226,40.5284],[-74.22639,40.5272],[-74.22707,40.52632],[-74.22848,40.52595],[-74.22889,40.52592],[-74.22757,40.52536],[-74.22672,40.52481],[-74.22558,40.5238],[-74.22498,40.52302],[-74.22475,40.52194],[-74.22507,40.52073],[-74.2238,40.51857],[-74.22482,40.51618],[-74.22347,40.51317],[-74.22171,40.50921],[-74.22148,40.50258]]]}},{"type":"Feature","properties":{"id":"port-ivory-staten-island","name":"Port Ivory","borough":"Staten Island"},"geometry":{"type":"Polygon","coordinates":[[[-74.1662,40.6414],[-74.16758,40.64184],[-74.16774,40.64173],[-74.1684,40.64199],[-74.16906,40.64213],[-74.16915,40.64187],[-74.17008,40.64209],[-74.17029,40.64178],[-74.17149,40.64177],[-74.17185,40.6424],[-74.17177,40.64258],[-74.17134,40.64286],[-74.17157,40.64314],[-74.17196,40.64287],[-74.17254,40.64289],[-74.17237,40.64323],[-74.17243,40.6434],[-74.17295,40.64351],[-74.17303,40.64371],[-74.17288,40.64401],[-74.17297,40.64424],[-74.17415,40.64508],[-74.17455,40.64502],[-74.17495,40.64515],[-74.1753,40.64508],[-74.17544,40.64468],[-74.17571,40.64457],[-74.17548,40.64391],[-74.17548,40.64346],[-74.17667,40.64339],[-74.17672,40.64279],[-74.17727,40.6431],[-74.17764,40.64298],[-74.1778,40.64261],[-74.17811,40.64253],[-74.1788,40.64251],[-74.17898,40.64286],[-74.17944,40.64301],[-74.17935,40.64322],[-74.17904,40.64339],[-74.179,40.64372],[-74.17907,40.64465],[-74.17933,40.6444],[-74.17973,40.64438],[-74.17977,40.64517],[-74.17997,40.64527],[-74.17991,40.64438],[-74.18048,40.64428],[-74.18094,40.64483],[-74.18127,40.64458],[-74.1828,40.6448],[-74.18363,40.64463],[-74.1838,40.64443],[-74.18338,40.64359],[-74.1835,40.64296],[-74.18376,40.64322],[-74.18403,40.64309],[-74.18367,40.64247],[-74.18393,40.64246],[-74.18421,40.64312],[-74.18411,40.64353],[-74.18498,40.64407],[-74.18511,40.64381],[-74.1855,40.64382],[-74.18591,40.64363],[-74.18623,40.64319],[-74.18652,40.64339],[-74.19372,40.63757],[-74.1939,40.63732],[-74.19462,40.63739],[-74.19441,40.63663],[-74.19449,40.63645],[-74.19515,40.63575],[-74.19518,40.63544],[-74.19539,40.63519],[-74.17769,40.62513],[-74.17603,40.62348],[-74.17324,40.62188],[-74.16888,40.62113],[-74.16878,40.62122],[-74.16772,40.62288],[-74.16667,40.62723],[-74.16666,40.62739],[-74.1662,40.6414]]]}},{"type":"Feature","properties":{"id":"port-morris-bronx","name":"Port Morris","borough":"Bronx"},"geometry":{"type":"Polygon","coordinates":[[[-73.90299,40.80957],[-73.90465,40.80839],[-73.906,40.80738],[-73.90653,40.80713],[-73.90888,40.80616],[-73.91056,40.80539],[-73.91137,40.80499],[-73.91456,40.80377],[-73.91542,40.80365],[-73.91583,40.80366],[-73.9166,40.80384],[-73.91924,40.80477],[-73.92057,40.8053],[-73.92295,40.80629],[-73.92648,40.80768],[-73.9278,40.80836],[-73.9289,40.80916],[-73.93056,40.81044],[-73.93149,40.81094],[-73.93199,40.81131],[-73.93261,40.81143],[-73.93257,40.81089],[-73.93287,40.81041],[-73.93286,40.81012],[-73.93259,40.81005],[-73.93264,40.80938],[-73.93253,40.80882],[-73.93228,40.80836],[-73.93116,40.80713],[-73.93052,40.80659],[-73.93054,40.80647],[-73.93005,40.8059],[-73.92873,40.8041],[-73.92834,40.80424],[-73.92811,40.80401],[-73.92765,40.80399],[-73.92728,40.80351],[-73.92731,40.80321],[-73.92763,40.8027],[-73.92666,40.80241],[-73.92423,40.80255],[-73.92359,40.80252],[-73.92293,40.80237],[-73.92204,40.80188],[-73.92133,40.80128],[-73.92078,40.80028],[-73.92024,40.79961],[-73.9188,40.79888],[-73.91617,40.79783],[-73.91513,40.79736],[-73.91372,40.79679],[-73.91224,40.79671],[-73.91169,40.79662],[-73.9111,40.79689],[-73.91013,40.79759],[-73.90995,40.79783],[-73.90964,40.79794],[-73.9083,40.79896],[-73.90855,40.79931],[-73.90817,40.79946],[-73.90734,40.80016],[-73.9067,40.80082],[-73.90681,40.80089],[-73.9062,40.80149],[-73.90601,40.80155],[-73.90508,40.8025],[-73.90485,40.80284],[-73.90448,40.80319],[-73.90368,40.8038],[-73.90321,40.8039],[-73.90276,40.80433],[-73.90245,40.80442],[-73.90209,40.8048],[-73.90299,40.80957]]]}},{"type":"Feature","properties":{"id":"port-richmond-staten-island","name":"Port Richmond","borough":"Staten Island"},"geometry":{"type":"Polygon","coordinates":[[[-74.12742,40.64],[-74.12753,40.64016],[-74.12813,40.64025],[-74.12881,40.64023],[-74.12893,40.64041],[-74.12931,40.64034],[-74.12998,40.64073],[-74.12949,40.64135],[-74.12968,40.64139],[-74.13018,40.64072],[-74.13108,40.64103],[-74.13146,40.64131],[-74.13126,40.6416],[-74.1324,40.6417],[-74.13283,40.64142],[-74.13323,40.64146],[-74.1335,40.64172],[-74.1343,40.64175],[-74.13435,40.64189],[-74.13737,40.6413],[-74.13758,40.641],[-74.13918,40.64085],[-74.14076,40.64059],[-74.14119,40.64039],[-74.1423,40.64031],[-74.14232,40.63979],[-74.14258,40.63953],[-74.1432,40.6397],[-74.14511,40.63446],[-74.14408,40.63426],[-74.14414,40.63411],[-74.14278,40.63379],[-74.14337,40.63195],[-74.14365,40.631],[-74.14391,40.63034],[-74.14415,40.63007],[-74.14486,40.62764],[-74.14575,40.62779],[-74.14571,40.62698],[-74.14623,40.62493],[-74.14132,40.62445],[-74.14128,40.62459],[-74.13845,40.62424],[-74.13738,40.62424],[-74.13681,40.62446],[-74.13404,40.6262],[-74.13333,40.62638],[-74.13141,40.62633],[-74.13134,40.62615],[-74.12526,40.62692],[-74.12308,40.62737],[-74.12134,40.62772],[-74.12328,40.62907],[-74.12614,40.63364],[-74.12693,40.6371],[-74.12739,40.63807],[-74.12742,40.64]]]}},{"type":"Feature","properties":{"id":"princes-bay-staten-island","name":"Prince's Bay","borough":"Staten Island"},"geometry":{"type":"Polygon","coordinates":[[[-74.21003,40.51051],[-74.20935,40.51104],[-74.2088,40.51137],[-74.20757,40.51186],[-74.20531,40.51233],[-74.20491,40.51228],[-74.20268,40.51274],[-74.20074,40.51304],[-74.2001,40.51294],[-74.19929,40.513],[-74.19893,40.51278],[-74.20004,40.51268],[-74.20007,40.51238],[-74.19995,40.51191],[-74.19965,40.51141],[-74.19896,40.51132],[-74.19818,40.51099],[-74.19692,40.51013],[-74.19659,40.50995],[-74.19593,40.50986],[-74.19521,40.50998],[-74.1941,40.51064],[-74.19391,40.51096],[-74.19331,40.51171],[-74.19221,40.51279],[-74.19179,40.51305],[-74.19158,40.51334],[-74.18971,40.51532],[-74.18927,40.51534],[-74.18895,40.5158],[-74.18817,40.51663],[-74.19647,40.52767],[-74.1998,40.53212],[-74.20067,40.53321],[-74.2023,40.53654],[-74.20452,40.53589],[-74.2079,40.53492],[-74.21022,40.53447],[-74.21213,40.53425],[-74.2182,40.53352],[-74.21814,40.53285],[-74.21777,40.53149],[-74.21552,40.53037],[-74.21368,40.52966],[-74.21348,40.5294],[-74.21316,40.52832],[-74.21268,40.52632],[-74.21237,40.52477],[-74.21234,40.52426],[-74.21406,40.52408],[-74.21377,40.52218],[-74.21354,40.52122],[-74.21264,40.51804],[-74.21144,40.51425],[-74.21082,40.5127],[-74.21003,40.51051]]]}},{"type":"Feature","properties":{"id":"prospect-heights-brooklyn","name":"Prospect Heights","borough":"Brooklyn"},"geometry":{"type":"Polygon","coordinates":[[[-73.9695,40.67305],[-73.96254,40.67136],[-73.9634,40.67582],[-73.96398,40.67892],[-73.96443,40.68119],[-73.96496,40.6813],[-73.96713,40.68177],[-73.96804,40.68196],[-73.97106,40.68259],[-73.97522,40.6834],[-73.97644,40.68367],[-73.97734,40.68399],[-73.9695,40.67305]]]}},{"type":"Feature","properties":{"id":"queens-village-queens","name":"Queens Village","borough":"Queens"},"geometry":{"type":"MultiPolygon","coordinates":[[[[-73.76337,40.72617],[-73.76336,40.72531],[-73.76352,40.72501],[-73.76419,40.7244],[-73.76213,40.72339],[-73.76124,40.72289],[-73.76044,40.72228],[-73.7597,40.72152],[-73.75943,40.72115],[-73.75899,40.72055],[-73.75855,40.72011],[-73.75357,40.71299],[-73.74867,40.70157],[-73.7459,40.69512],[-73.74572,40.69496],[-73.74499,40.69332],[-73.74498,40.69323],[-73.74489,40.69322],[-73.74475,40.69343],[-73.74447,40.69393],[-73.74427,40.69438],[-73.7439,40.69545],[-73.74327,40.6974],[-73.74275,40.69872],[-73.74217,40.69995],[-73.74155,40.70118],[-73.74075,40.70117],[-73.7407,40.70126],[-73.73909,40.70118],[-73.73487,40.70103],[-73.73096,40.70093],[-73.7294,40.70086],[-73.72664,40.70082],[-73.72679,40.70195],[-73.72673,40.70215],[-73.72684,40.70441],[-73.72696,40.70755],[-73.72705,40.7095],[-73.72689,40.70998],[-73.72697,40.71071],[-73.72733,40.71227],[-73.72855,40.7169],[-73.72918,40.71917],[-73.72966,40.72048],[-73.73033,40.72216],[-73.7309,40.72179],[-73.73305,40.71974],[-73.73376,40.71931],[-73.73489,40.71871],[-73.73534,40.71853],[-73.73535,40.71886],[-73.73591,40.72031],[-73.73678,40.72226],[-73.73738,40.72297],[-73.73896,40.72442],[-73.74423,40.72938],[-73.74462,40.7297],[-73.74626,40.73132],[-73.74655,40.7315],[-73.74672,40.73239],[-73.74812,40.73132],[-73.75031,40.72948],[-73.75287,40.72786],[-73.75458,40.72707],[-73.75663,40.7263],[-73.75769,40.72593],[-73.7589,40.72576],[-73.75949,40.72572],[-73.76075,40.72579],[-73.76337,40.72617]]],[[[-73.76337,40.72617],[-73.76362,40.7262],[-73.76375,40.72621],[-73.76372,40.72621],[-73.76347,40.72618],[-73.76337,40.72617]]]]}},{"type":"Feature","properties":{"id":"randall-manor-staten-island","name":"Randall Manor","borough":"Staten Island"},"geometry":{"type":"Polygon","coordinates":[[[-74.09605,40.64537],[-74.0985,40.64537],[-74.0988,40.64505],[-74.10013,40.64506],[-74.10061,40.64513],[-74.10168,40.64541],[-74.10307,40.64564],[-74.10399,40.64562],[-74.10412,40.64574],[-74.10472,40.64556],[-74.10824,40.64556],[-74.10884,40.64558],[-74.10863,40.64477],[-74.1083,40.64311],[-74.10732,40.63853],[-74.10628,40.63335],[-74.10568,40.6306],[-74.10487,40.63067],[-74.1013,40.63109],[-74.09902,40.63143],[-74.09845,40.63157],[-74.09784,40.63179],[-74.09715,40.6319],[-74.0972,40.63289],[-74.09726,40.63397],[-74.0968,40.63465],[-74.09645,40.63535],[-74.09591,40.63559],[-74.09559,40.63558],[-74.09431,40.63513],[-74.09367,40.63496],[-74.09305,40.63506],[-74.09243,40.63562],[-74.09336,40.63657],[-74.09387,40.63802],[-74.0943,40.64017],[-74.09441,40.64047],[-74.09474,40.64078],[-74.09489,40.64112],[-74.09571,40.64387],[-74.09596,40.64481],[-74.09605,40.64537]]]}},{"type":"Feature","properties":{"id":"red-hook-brooklyn","name":"Red Hook","borough":"Brooklyn"},"geometry":{"type":"Polygon","coordinates":[[[-73.99891,40.67252],[-74.00026,40.67505],[-74.00352,40.67918],[-74.00349,40.67924],[-74.00489,40.68108],[-74.00592,40.68253],[-74.00666,40.68369],[-74.00767,40.68498],[-74.00855,40.68628],[-74.00879,40.68615],[-74.01218,40.6841],[-74.01178,40.68376],[-74.01077,40.68436],[-74.00967,40.68327],[-74.01302,40.68041],[-74.01387,40.68101],[-74.01361,40.68122],[-74.01411,40.68171],[-74.01213,40.68291],[-74.01282,40.68362],[-74.01532,40.68211],[-74.0152,40.68198],[-74.01747,40.68061],[-74.01773,40.68066],[-74.01899,40.6799],[-74.01928,40.67965],[-74.01955,40.67903],[-74.01944,40.67893],[-74.01858,40.67898],[-74.01827,40.67855],[-74.01841,40.67844],[-74.01843,40.67791],[-74.01903,40.67788],[-74.01914,40.67772],[-74.01908,40.67714],[-74.01995,40.6771],[-74.01977,40.67661],[-74.01911,40.67654],[-74.01798,40.67657],[-74.01788,40.67637],[-74.01802,40.67588],[-74.01854,40.67577],[-74.01841,40.67552],[-74.01799,40.67513],[-74.01818,40.67446],[-74.01727,40.67361],[-74.0188,40.67225],[-74.01817,40.67194],[-74.01496,40.67468],[-74.01458,40.67441],[-74.01632,40.67291],[-74.01512,40.67216],[-74.01336,40.67359],[-74.01298,40.67333],[-74.01423,40.67221],[-74.01429,40.67224],[-74.01569,40.67104],[-74.0156,40.67097],[-74.01423,40.67213],[-74.01387,40.67188],[-74.0152,40.67075],[-74.01508,40.67069],[-74.01427,40.67138],[-74.01399,40.67119],[-74.01355,40.67126],[-74.01262,40.67084],[-74.01227,40.67096],[-74.01196,40.67089],[-74.01175,40.67066],[-74.01424,40.66981],[-74.01406,40.66971],[-74.01163,40.67058],[-74.01151,40.67041],[-74.01162,40.67011],[-74.01154,40.66978],[-74.01087,40.66971],[-74.01091,40.66919],[-74.01034,40.66908],[-74.01036,40.66864],[-74.01088,40.6686],[-74.01228,40.66573],[-74.01594,40.66547],[-74.01603,40.66486],[-74.01649,40.66493],[-74.01669,40.66544],[-74.01751,40.67103],[-74.01888,40.6716],[-74.01934,40.67162],[-74.01876,40.67108],[-74.01858,40.67039],[-74.01789,40.66585],[-74.01744,40.66527],[-74.0169,40.66485],[-74.01575,40.66457],[-74.01154,40.66509],[-74.00985,40.66852],[-74.00709,40.66859],[-74.00756,40.66764],[-74.00726,40.66764],[-74.0068,40.66859],[-74.00662,40.66862],[-74.00544,40.67092],[-74.00475,40.67072],[-74.00605,40.66805],[-74.00553,40.6679],[-74.0051,40.66798],[-74.00363,40.66757],[-74.00369,40.66743],[-74.00319,40.66726],[-74.00289,40.66735],[-74.00222,40.66858],[-74.00142,40.66836],[-74.00106,40.66895],[-74.0003,40.66872],[-73.99931,40.67077],[-73.99893,40.67141],[-73.99867,40.67148],[-73.99846,40.67176],[-73.99891,40.67252]]]}},{"type":"Feature","properties":{"id":"rego-park-queens","name":"Rego Park","borough":"Queens"},"geometry":{"type":"Polygon","coordinates":[[[-73.8593,40.70743],[-73.85807,40.70767],[-73.85701,40.70773],[-73.85714,40.70911],[-73.85764,40.71249],[-73.85776,40.71443],[-73.85797,40.71616],[-73.85864,40.72146],[-73.85738,40.72177],[-73.85728,40.72148],[-73.85563,40.72407],[-73.85398,40.72669],[-73.85339,40.7272],[-73.85181,40.72766],[-73.85171,40.72798],[-73.85173,40.72848],[-73.85215,40.7291],[-73.85328,40.73107],[-73.8542,40.73302],[-73.85474,40.73285],[-73.85616,40.73565],[-73.85394,40.7363],[-73.85404,40.73653],[-73.85415,40.73678],[-73.85637,40.7363],[-73.85867,40.73561],[-73.86193,40.73467],[-73.86453,40.73406],[-73.86704,40.73325],[-73.86972,40.73223],[-73.87109,40.7318],[-73.87135,40.73172],[-73.87157,40.73117],[-73.8716,40.73025],[-73.8714,40.72905],[-73.87098,40.72777],[-73.87001,40.72572],[-73.86998,40.7256],[-73.86906,40.72406],[-73.86522,40.7197],[-73.85952,40.71418],[-73.8594,40.7134],[-73.85968,40.7133],[-73.85974,40.71245],[-73.85976,40.71115],[-73.85962,40.71023],[-73.85938,40.70827],[-73.8593,40.70743]]]}},{"type":"Feature","properties":{"id":"richmond-hill-queens","name":"Richmond Hill","borough":"Queens"},"geometry":{"type":"Polygon","coordinates":[[[-73.81374,40.69626],[-73.81727,40.70402],[-73.82207,40.70369],[-73.82329,40.70347],[-73.82557,40.7029],[-73.82756,40.70238],[-73.8311,40.70151],[-73.83171,40.70131],[-73.83232,40.70081],[-73.83269,40.70012],[-73.83769,40.70065],[-73.84168,40.70109],[-73.84261,40.70073],[-73.84486,40.69947],[-73.84536,40.69924],[-73.8489,40.69841],[-73.84839,40.69747],[-73.84798,40.69661],[-73.84738,40.69557],[-73.84687,40.69445],[-73.84634,40.69352],[-73.84528,40.69138],[-73.84427,40.68954],[-73.83761,40.69143],[-73.83573,40.68759],[-73.83553,40.68722],[-73.83526,40.6873],[-73.83428,40.68532],[-73.82786,40.68714],[-73.82239,40.68872],[-73.81384,40.69113],[-73.81114,40.69182],[-73.81114,40.69183],[-73.81374,40.69626]]]}},{"type":"Feature","properties":{"id":"richmond-town-staten-island","name":"Richmond Town","borough":"Staten Island"},"geometry":{"type":"Polygon","coordinates":[[[-74.12087,40.57049],[-74.12191,40.57118],[-74.12151,40.5717],[-74.12142,40.572],[-74.12136,40.57277],[-74.12184,40.57426],[-74.12175,40.57491],[-74.12263,40.57552],[-74.12308,40.57572],[-74.12352,40.57581],[-74.12499,40.57588],[-74.12565,40.57599],[-74.12668,40.57628],[-74.12687,40.57634],[-74.12685,40.57624],[-74.12755,40.57515],[-74.1299,40.5745],[-74.13258,40.57352],[-74.13349,40.57334],[-74.13573,40.57308],[-74.14027,40.57253],[-74.1442,40.57204],[-74.14392,40.57078],[-74.14394,40.57057],[-74.1444,40.56971],[-74.14624,40.57048],[-74.1466,40.57055],[-74.14704,40.57049],[-74.14768,40.57079],[-74.14849,40.57147],[-74.14981,40.57193],[-74.15197,40.57144],[-74.15299,40.57048],[-74.15236,40.56953],[-74.15172,40.56882],[-74.15059,40.56776],[-74.14911,40.56649],[-74.14706,40.56522],[-74.14565,40.56388],[-74.14473,40.56297],[-74.14269,40.56162],[-74.14043,40.55979],[-74.13935,40.55876],[-74.13841,40.55943],[-74.13664,40.56033],[-74.13576,40.56055],[-74.13504,40.56136],[-74.1337,40.56295],[-74.13307,40.56339],[-74.13261,40.56353],[-74.13168,40.56461],[-74.13098,40.56495],[-74.13078,40.5647],[-74.13051,40.56296],[-74.13032,40.56226],[-74.13031,40.56185],[-74.12904,40.56278],[-74.12809,40.5636],[-74.12579,40.56551],[-74.12444,40.56686],[-74.12309,40.56817],[-74.12087,40.57049]]]}},{"type":"Feature","properties":{"id":"richmond-valley-staten-island","name":"Richmond Valley","borough":"Staten Island"},"geometry":{"type":"Polygon","coordinates":[[[-74.22347,40.51317],[-74.22482,40.51618],[-74.2238,40.51857],[-74.22507,40.52073],[-74.22475,40.52194],[-74.22498,40.52302],[-74.22558,40.5238],[-74.22672,40.52481],[-74.22757,40.52536],[-74.22889,40.52592],[-74.23161,40.52579],[-74.23369,40.52562],[-74.23589,40.52548],[-74.23843,40.52523],[-74.24052,40.52518],[-74.24397,40.52498],[-74.24341,40.52485],[-74.24281,40.52403],[-74.24274,40.52327],[-74.24262,40.5231],[-74.24275,40.5228],[-74.24258,40.5222],[-74.2429,40.52146],[-74.24293,40.52123],[-74.24189,40.52098],[-74.24133,40.52089],[-74.24117,40.52106],[-74.24085,40.52065],[-74.24056,40.52045],[-74.24003,40.52031],[-74.23982,40.52009],[-74.2401,40.51987],[-74.24049,40.51919],[-74.24087,40.51949],[-74.24187,40.51874],[-74.24232,40.51833],[-74.24365,40.51829],[-74.2443,40.51852],[-74.24493,40.51812],[-74.24525,40.51803],[-74.24563,40.51808],[-74.24567,40.51779],[-74.24531,40.51724],[-74.24348,40.5157],[-74.24271,40.51491],[-74.24213,40.51445],[-74.24097,40.51324],[-74.23968,40.51196],[-74.23872,40.51258],[-74.23769,40.51332],[-74.23735,40.51348],[-74.23666,40.51154],[-74.23628,40.51038],[-74.235,40.51059],[-74.23415,40.51077],[-74.23272,40.51102],[-74.23255,40.5106],[-74.23113,40.51078],[-74.23118,40.51095],[-74.23034,40.5111],[-74.22686,40.51199],[-74.22624,40.51241],[-74.2253,40.5129],[-74.22347,40.51317]]]}},{"type":"Feature","properties":{"id":"ridgewood-queens","name":"Ridgewood","borough":"Queens"},"geometry":{"type":"Polygon","coordinates":[[[-73.88639,40.7122],[-73.89327,40.71241],[-73.89508,40.7125],[-73.89858,40.7126],[-73.90251,40.71277],[-73.90563,40.71288],[-73.90815,40.71302],[-73.91156,40.71323],[-73.91465,40.71344],[-73.91516,40.713],[-73.91961,40.71334],[-73.92211,40.71291],[-73.92169,40.71189],[-73.92133,40.71086],[-73.9212,40.71068],[-73.92073,40.71046],[-73.92168,40.70947],[-73.92147,40.709],[-73.92089,40.70866],[-73.92009,40.70825],[-73.91939,40.70769],[-73.91785,40.70685],[-73.91627,40.70611],[-73.91553,40.70558],[-73.91481,40.7052],[-73.9134,40.70432],[-73.91206,40.70345],[-73.91272,40.70236],[-73.91206,40.70191],[-73.91058,40.701],[-73.91165,40.69991],[-73.91098,40.69954],[-73.90801,40.69776],[-73.90752,40.69755],[-73.90645,40.69687],[-73.90619,40.6968],[-73.90556,40.69643],[-73.90506,40.69602],[-73.90479,40.69599],[-73.90442,40.69567],[-73.90585,40.69407],[-73.90364,40.69279],[-73.90213,40.69184],[-73.90175,40.69168],[-73.90126,40.69223],[-73.90055,40.69316],[-73.90009,40.69406],[-73.89935,40.69529],[-73.89842,40.69657],[-73.89725,40.69783],[-73.89602,40.69922],[-73.89539,40.69988],[-73.8946,40.70045],[-73.89373,40.70149],[-73.89266,40.70266],[-73.89144,40.70391],[-73.89108,40.70443],[-73.89096,40.70476],[-73.89069,40.70499],[-73.89069,40.70537],[-73.89051,40.70659],[-73.89014,40.70853],[-73.88874,40.70762],[-73.8874,40.70701],[-73.88674,40.70684],[-73.88595,40.7065],[-73.88506,40.70637],[-73.88393,40.70628],[-73.88195,40.70629],[-73.88086,40.70646],[-73.87802,40.70659],[-73.87951,40.71129],[-73.87965,40.71133],[-73.88013,40.71264],[-73.88492,40.71216],[-73.88639,40.7122]]]}},{"type":"Feature","properties":{"id":"riverdale-bronx","name":"Riverdale","borough":"Bronx"},"geometry":{"type":"Polygon","coordinates":[[[-73.89989,40.88654],[-73.8995,40.88684],[-73.89837,40.88901],[-73.89745,40.89102],[-73.89708,40.89199],[-73.89648,40.89341],[-73.89647,40.89416],[-73.89677,40.89611],[-73.89705,40.89814],[-73.89714,40.89954],[-73.89706,40.90024],[-73.89644,40.903],[-73.89639,40.90337],[-73.8964,40.90466],[-73.89647,40.90576],[-73.89661,40.91063],[-73.89666,40.91134],[-73.89736,40.91167],[-73.89951,40.91198],[-73.90211,40.91288],[-73.90718,40.9143],[-73.91001,40.91508],[-73.91046,40.91526],[-73.91071,40.91466],[-73.91099,40.9145],[-73.9115,40.91377],[-73.91165,40.91342],[-73.91143,40.91282],[-73.91228,40.90926],[-73.91265,40.90807],[-73.91312,40.9078],[-73.91287,40.90754],[-73.91389,40.90496],[-73.91419,40.90414],[-73.91459,40.90412],[-73.91501,40.90308],[-73.91543,40.90181],[-73.91518,40.90158],[-73.91667,40.89753],[-73.91694,40.89664],[-73.91763,40.89494],[-73.9179,40.89467],[-73.91782,40.89442],[-73.918,40.89401],[-73.91888,40.89161],[-73.91979,40.88929],[-73.92039,40.88765],[-73.9206,40.88716],[-73.91866,40.88664],[-73.91662,40.88748],[-73.91231,40.887],[-73.90779,40.88626],[-73.90685,40.88627],[-73.90707,40.88581],[-73.90594,40.8856],[-73.90561,40.88583],[-73.90472,40.88524],[-73.90325,40.88646],[-73.90314,40.88643],[-73.90222,40.887],[-73.89989,40.88654]]]}},{"type":"Feature","properties":{"id":"rockaway-beach-queens","name":"Rockaway Beach","borough":"Queens"},"geometry":{"type":"Polygon","coordinates":[[[-73.81805,40.58215],[-73.81577,40.58275],[-73.81352,40.58347],[-73.81132,40.58372],[-73.80952,40.58382],[-73.80914,40.58397],[-73.8086,40.58403],[-73.80799,40.584],[-73.80694,40.58438],[-73.80624,40.5845],[-73.80595,40.58445],[-73.80515,40.58464],[-73.80531,40.58671],[-73.80509,40.58693],[-73.8052,40.58852],[-73.8054,40.58966],[-73.80542,40.59015],[-73.80518,40.59165],[-73.80666,40.59227],[-73.80687,40.59226],[-73.80791,40.59283],[-73.80828,40.59295],[-73.80902,40.59335],[-73.80935,40.59336],[-73.8097,40.59353],[-73.80949,40.59277],[-73.80978,40.5924],[-73.8099,40.59308],[-73.81004,40.59308],[-73.8099,40.59227],[-73.81082,40.59208],[-73.81101,40.59177],[-73.81151,40.59178],[-73.8117,40.59159],[-73.81229,40.59133],[-73.81249,40.59139],[-73.81313,40.59125],[-73.81363,40.59079],[-73.81406,40.59062],[-73.81442,40.59068],[-73.81475,40.59059],[-73.81525,40.58999],[-73.81582,40.58971],[-73.81683,40.5893],[-73.81717,40.58937],[-73.81761,40.58927],[-73.81742,40.58892],[-73.81828,40.58846],[-73.81884,40.58825],[-73.81923,40.58793],[-73.82109,40.58696],[-73.82075,40.58634],[-73.81886,40.58336],[-73.81805,40.58215]]]}},{"type":"Feature","properties":{"id":"rockaway-park-queens","name":"Rockaway Park","borough":"Queens"},"geometry":{"type":"Polygon","coordinates":[[[-73.84544,40.57327],[-73.84378,40.57389],[-73.84138,40.57472],[-73.83778,40.57592],[-73.83766,40.57601],[-73.83605,40.57673],[-73.83456,40.57732],[-73.83387,40.57765],[-73.83227,40.57813],[-73.83163,40.57837],[-73.8309,40.5785],[-73.83017,40.57875],[-73.82957,40.57878],[-73.82878,40.57904],[-73.82717,40.57944],[-73.82687,40.5796],[-73.82517,40.58007],[-73.82474,40.58026],[-73.82398,40.58048],[-73.82214,40.58114],[-73.82134,40.58126],[-73.81918,40.5818],[-73.81805,40.58215],[-73.81886,40.58336],[-73.82075,40.58634],[-73.82109,40.58696],[-73.82146,40.58677],[-73.82264,40.5874],[-73.82326,40.58747],[-73.82669,40.58649],[-73.82798,40.58609],[-73.82828,40.58571],[-73.82852,40.58485],[-73.82965,40.58458],[-73.83123,40.58416],[-73.83123,40.58412],[-73.83584,40.58288],[-73.8365,40.58282],[-73.83868,40.58269],[-73.83896,40.58257],[-73.83907,40.58222],[-73.83935,40.58186],[-73.84225,40.58171],[-73.84521,40.58158],[-73.84861,40.58219],[-73.85049,40.58211],[-73.84975,40.58071],[-73.84649,40.57507],[-73.84544,40.57327]]]}},{"type":"Feature","properties":{"id":"roosevelt-island-manhattan","name":"Roosevelt Island","borough":"Manhattan"},"geometry":{"type":"Polygon","coordinates":[[[-73.9418,40.76905],[-73.94112,40.76941],[-73.94083,40.76991],[-73.94036,40.7705],[-73.9402,40.77113],[-73.94028,40.77171],[-73.94028,40.7723],[-73.94001,40.77284],[-73.94027,40.77295],[-73.94089,40.77237],[-73.94137,40.77231],[-73.94213,40.77203],[-73.94258,40.7717],[-73.9432,40.77099],[-73.944,40.77029],[-73.94472,40.76973],[-73.94516,40.76912],[-73.94525,40.76877],[-73.94584,40.76832],[-73.94655,40.76737],[-73.9477,40.76602],[-73.94909,40.76426],[-73.9492,40.76427],[-73.94997,40.76365],[-73.95163,40.76168],[-73.95209,40.76086],[-73.95298,40.75996],[-73.95366,40.75948],[-73.95534,40.75752],[-73.95566,40.7571],[-73.95689,40.7557],[-73.95846,40.75395],[-73.95902,40.7536],[-73.9595,40.75296],[-73.96001,40.75183],[-73.96069,40.7512],[-73.96111,40.7506],[-73.96154,40.74972],[-73.96091,40.7498],[-73.96039,40.75026],[-73.95956,40.75081],[-73.95903,40.7513],[-73.95791,40.75211],[-73.95692,40.75296],[-73.9552,40.75477],[-73.95507,40.7548],[-73.95312,40.75652],[-73.95254,40.7571],[-73.95221,40.75758],[-73.95218,40.75783],[-73.95178,40.7584],[-73.95126,40.75881],[-73.95033,40.75986],[-73.94943,40.76055],[-73.94657,40.76392],[-73.94484,40.76582],[-73.94381,40.76722],[-73.94286,40.7683],[-73.9418,40.76905]]]}},{"type":"Feature","properties":{"id":"rosebank-staten-island","name":"Rosebank","borough":"Staten Island"},"geometry":{"type":"Polygon","coordinates":[[[-74.06009,40.61183],[-74.06034,40.6119],[-74.0606,40.61225],[-74.06065,40.61281],[-74.06144,40.61438],[-74.06183,40.61479],[-74.06288,40.61574],[-74.06356,40.61644],[-74.06376,40.6168],[-74.06433,40.61699],[-74.0651,40.61751],[-74.06426,40.61817],[-74.06436,40.61825],[-74.06496,40.61777],[-74.06547,40.61811],[-74.0657,40.61796],[-74.06605,40.6182],[-74.06642,40.61787],[-74.06668,40.61807],[-74.06545,40.6192],[-74.06557,40.61927],[-74.0662,40.61872],[-74.06669,40.61909],[-74.06922,40.62089],[-74.06976,40.62122],[-74.07105,40.61991],[-74.07144,40.61934],[-74.07218,40.61851],[-74.07293,40.61806],[-74.07361,40.61773],[-74.07445,40.61722],[-74.07484,40.61666],[-74.07552,40.61585],[-74.07636,40.61466],[-74.07655,40.61424],[-74.07686,40.61355],[-74.07791,40.61194],[-74.07851,40.61087],[-74.0791,40.60968],[-74.07973,40.60866],[-74.07991,40.60798],[-74.08092,40.60666],[-74.08124,40.60608],[-74.07767,40.60609],[-74.07281,40.60545],[-74.06912,40.6041],[-74.06528,40.60281],[-74.06577,40.60403],[-74.06549,40.60517],[-74.06108,40.60723],[-74.06334,40.61031],[-74.0611,40.61132],[-74.06009,40.61183]]]}},{"type":"Feature","properties":{"id":"rosedale-queens","name":"Rosedale","borough":"Queens"},"geometry":{"type":"MultiPolygon","coordinates":[[[[-73.75463,40.64584],[-73.75073,40.64384],[-73.74808,40.64151],[-73.74746,40.63995],[-73.74751,40.64108],[-73.74742,40.64141],[-73.74777,40.64209],[-73.74835,40.64276],[-73.74871,40.64334],[-73.74908,40.64363],[-73.75033,40.64446],[-73.75057,40.64473],[-73.7539,40.64677],[-73.75463,40.64584]]],[[[-73.75343,40.64739],[-73.75303,40.64721],[-73.75136,40.64626],[-73.75115,40.64607],[-73.75007,40.64544],[-73.74974,40.64516],[-73.74929,40.64495],[-73.749,40.64517],[-73.74869,40.64494],[-73.74875,40.64447],[-73.74793,40.64388],[-73.74729,40.64319],[-73.74719,40.64288],[-73.74676,40.64232],[-73.74654,40.64169],[-73.74637,40.64153],[-73.74636,40.64076],[-73.74617,40.64041],[-73.74634,40.63993],[-73.74637,40.6394],[-73.7466,40.63835],[-73.74688,40.63801],[-73.74705,40.63695],[-73.74691,40.63692],[-73.74644,40.63743],[-73.74551,40.63794],[-73.74567,40.63812],[-73.7453,40.63833],[-73.74527,40.63792],[-73.74635,40.63733],[-73.74677,40.63689],[-73.74656,40.63654],[-73.74626,40.63644],[-73.74598,40.63673],[-73.74512,40.6372],[-73.74493,40.63716],[-73.74451,40.63758],[-73.74426,40.63795],[-73.74402,40.63866],[-73.74385,40.63896],[-73.74352,40.63889],[-73.74404,40.63799],[-73.74397,40.63788],[-73.74334,40.63817],[-73.74272,40.63827],[-73.74188,40.63812],[-73.74137,40.63794],[-73.74109,40.63765],[-73.74096,40.6373],[-73.74158,40.63657],[-73.74179,40.6362],[-73.74239,40.63556],[-73.74253,40.63517],[-73.74198,40.63498],[-73.74079,40.63516],[-73.74011,40.63551],[-73.73985,40.63581],[-73.74028,40.63718],[-73.74126,40.6389],[-73.74228,40.64012],[-73.74143,40.6405],[-73.74205,40.64147],[-73.74187,40.64201],[-73.74207,40.64273],[-73.74184,40.64489],[-73.74154,40.64623],[-73.7416,40.6469],[-73.74196,40.64797],[-73.74145,40.648],[-73.74088,40.64784],[-73.73986,40.64823],[-73.73904,40.6482],[-73.73514,40.64973],[-73.73398,40.64985],[-73.73193,40.65011],[-73.72869,40.65105],[-73.72763,40.65128],[-73.7266,40.65163],[-73.72605,40.65208],[-73.72569,40.65266],[-73.72529,40.65304],[-73.7251,40.65305],[-73.72506,40.65351],[-73.72555,40.65504],[-73.72576,40.657],[-73.72593,40.65773],[-73.72645,40.65916],[-73.72711,40.65975],[-73.72765,40.66106],[-73.72831,40.66235],[-73.72839,40.66303],[-73.72782,40.66312],[-73.72781,40.66461],[-73.72814,40.665],[-73.72838,40.66643],[-73.72827,40.6666],[-73.72822,40.66731],[-73.72826,40.66807],[-73.72817,40.66872],[-73.728,40.66941],[-73.72793,40.67007],[-73.72794,40.67081],[-73.72808,40.67156],[-73.72754,40.67421],[-73.72654,40.67649],[-73.72601,40.67807],[-73.72569,40.68025],[-73.7259,40.68262],[-73.72666,40.68242],[-73.72831,40.67955],[-73.73437,40.67316],[-73.73984,40.66592],[-73.74014,40.66575],[-73.74186,40.66483],[-73.74619,40.65895],[-73.74762,40.65654],[-73.75193,40.64931],[-73.75343,40.64739]]]]}},{"type":"Feature","properties":{"id":"rossville-staten-island","name":"Rossville","borough":"Staten Island"},"geometry":{"type":"Polygon","coordinates":[[[-74.20481,40.55819],[-74.20692,40.55882],[-74.2085,40.55896],[-74.21086,40.55802],[-74.21277,40.55723],[-74.21315,40.55704],[-74.21327,40.55662],[-74.21379,40.5564],[-74.21396,40.55666],[-74.21423,40.55656],[-74.21462,40.55691],[-74.21502,40.55676],[-74.21474,40.55624],[-74.21604,40.55554],[-74.21775,40.55501],[-74.21807,40.55529],[-74.21817,40.5556],[-74.21838,40.55572],[-74.21875,40.55565],[-74.21854,40.55493],[-74.21918,40.55476],[-74.21987,40.55465],[-74.22011,40.55493],[-74.22018,40.55543],[-74.22055,40.55589],[-74.22098,40.55591],[-74.22121,40.55543],[-74.22165,40.55559],[-74.2219,40.55539],[-74.22237,40.55549],[-74.22297,40.5555],[-74.22344,40.55605],[-74.22386,40.5561],[-74.2239,40.5559],[-74.22607,40.55621],[-74.22744,40.55604],[-74.22833,40.55639],[-74.22905,40.55611],[-74.22935,40.55572],[-74.22938,40.55548],[-74.22979,40.55552],[-74.23025,40.55539],[-74.23076,40.55554],[-74.23122,40.55486],[-74.23189,40.55421],[-74.23224,40.55342],[-74.2327,40.55292],[-74.23332,40.55251],[-74.23378,40.55251],[-74.23415,40.55278],[-74.2349,40.55301],[-74.23622,40.55242],[-74.23015,40.54419],[-74.22407,40.54085],[-74.21771,40.5412],[-74.20698,40.54212],[-74.19909,40.54332],[-74.19815,40.54319],[-74.19738,40.5436],[-74.20115,40.55068],[-74.20306,40.55623],[-74.20481,40.55819]]]}},{"type":"Feature","properties":{"id":"roxbury-queens","name":"Roxbury","borough":"Queens"},"geometry":{"type":"Polygon","coordinates":[[[-73.88687,40.56837],[-73.88747,40.56813],[-73.88797,40.56802],[-73.8884,40.56808],[-73.88879,40.56793],[-73.88959,40.56794],[-73.89029,40.56817],[-73.89076,40.56822],[-73.89146,40.56842],[-73.89249,40.56853],[-73.89314,40.5684],[-73.89413,40.56782],[-73.89505,40.56719],[-73.89519,40.56691],[-73.89549,40.56687],[-73.89538,40.56644],[-73.89502,40.56608],[-73.89487,40.56535],[-73.89454,40.56435],[-73.89078,40.56541],[-73.889,40.56589],[-73.88568,40.56683],[-73.88687,40.56837]]]}},{"type":"Feature","properties":{"id":"sea-gate-brooklyn","name":"Sea Gate","borough":"Brooklyn"},"geometry":{"type":"Polygon","coordinates":[[[-74.00421,40.58176],[-74.00605,40.58198],[-74.00745,40.5818],[-74.00828,40.58156],[-74.0093,40.58099],[-74.00974,40.5808],[-74.01054,40.58061],[-74.01148,40.58008],[-74.01189,40.57974],[-74.01235,40.57922],[-74.01282,40.57843],[-74.01301,40.57776],[-74.0128,40.57749],[-74.01246,40.57661],[-74.01232,40.57565],[-74.01202,40.57489],[-74.01116,40.57417],[-74.01007,40.57383],[-74.0088,40.57376],[-74.00669,40.5734],[-74.0048,40.57288],[-74.00249,40.57174],[-74.00223,40.57061],[-74.00211,40.57043],[-74.00421,40.58176]]]}},{"type":"Feature","properties":{"id":"sheepshead-bay-brooklyn","name":"Sheepshead Bay","borough":"Brooklyn"},"geometry":{"type":"Polygon","coordinates":[[[-73.9533,40.583],[-73.95025,40.58329],[-73.94837,40.58349],[-73.94629,40.58357],[-73.94407,40.58347],[-73.94255,40.58351],[-73.94157,40.58361],[-73.94144,40.58334],[-73.9393,40.58333],[-73.9393,40.58317],[-73.93848,40.58318],[-73.93812,40.58334],[-73.93701,40.58323],[-73.93621,40.5833],[-73.93528,40.58324],[-73.93528,40.5831],[-73.93421,40.58298],[-73.93269,40.58292],[-73.93202,40.58311],[-73.9317,40.58281],[-73.93118,40.58272],[-73.9306,40.5832],[-73.92963,40.5834],[-73.92823,40.58353],[-73.92713,40.58358],[-73.92565,40.58349],[-73.92444,40.58356],[-73.92294,40.5834],[-73.92155,40.5831],[-73.92069,40.58283],[-73.9198,40.58266],[-73.91802,40.58211],[-73.91754,40.58208],[-73.91649,40.58176],[-73.91506,40.58154],[-73.91439,40.58172],[-73.91376,40.58163],[-73.91298,40.58175],[-73.91157,40.58178],[-73.91127,40.58226],[-73.9115,40.58272],[-73.91175,40.58289],[-73.91226,40.58289],[-73.91253,40.58307],[-73.91344,40.58293],[-73.91376,40.58272],[-73.91411,40.58275],[-73.91442,40.58238],[-73.91489,40.58249],[-73.91534,40.58236],[-73.91599,40.58245],[-73.91602,40.58262],[-73.91643,40.58281],[-73.9168,40.58284],[-73.91705,40.58324],[-73.91625,40.58302],[-73.91616,40.58286],[-73.91576,40.58291],[-73.915,40.58315],[-73.91479,40.58279],[-73.91441,40.58281],[-73.91419,40.58296],[-73.91309,40.58313],[-73.91282,40.58309],[-73.91242,40.58351],[-73.91271,40.58383],[-73.91261,40.58432],[-73.91239,40.58464],[-73.91259,40.58526],[-73.91259,40.58557],[-73.9131,40.58595],[-73.91356,40.58611],[-73.91387,40.58604],[-73.91447,40.58624],[-73.91482,40.58628],[-73.91571,40.58621],[-73.91675,40.58591],[-73.91708,40.58571],[-73.91769,40.58561],[-73.91798,40.58545],[-73.91874,40.58525],[-73.919,40.58503],[-73.91948,40.58491],[-73.92001,40.58466],[-73.92272,40.58467],[-73.92345,40.58482],[-73.9241,40.58466],[-73.92466,40.58463],[-73.92537,40.58468],[-73.92552,40.58483],[-73.92621,40.58516],[-73.92628,40.58535],[-73.92744,40.58602],[-73.92774,40.58605],[-73.92816,40.58586],[-73.92808,40.5867],[-73.92857,40.58706],[-73.92909,40.5871],[-73.93081,40.5869],[-73.93128,40.58689],[-73.93135,40.58733],[-73.92972,40.58756],[-73.93033,40.5883],[-73.93038,40.58848],[-73.93093,40.58926],[-73.93109,40.58933],[-73.93143,40.59114],[-73.93155,40.59134],[-73.93123,40.59164],[-73.93156,40.59255],[-73.93235,40.59387],[-73.93268,40.59424],[-73.93282,40.59473],[-73.93306,40.59485],[-73.93332,40.59622],[-73.93361,40.59793],[-73.93408,40.60021],[-73.93419,40.60097],[-73.93809,40.60447],[-73.94182,40.6078],[-73.94361,40.60943],[-73.94425,40.61306],[-73.94481,40.61587],[-73.94904,40.61296],[-73.95059,40.6116],[-73.95133,40.61133],[-73.95258,40.61106],[-73.95267,40.61104],[-73.95354,40.61094],[-73.95358,40.61093],[-73.9531,40.60832],[-73.95252,40.60535],[-73.95192,40.60203],[-73.95134,40.59906],[-73.95078,40.59602],[-73.95045,40.59438],[-73.95015,40.59274],[-73.95182,40.59257],[-73.95466,40.59224],[-73.95814,40.59187],[-73.95927,40.59176],[-73.96004,40.59167],[-73.96066,40.5916],[-73.96062,40.59113],[-73.96052,40.59],[-73.96031,40.58691],[-73.96035,40.58594],[-73.96025,40.58444],[-73.95656,40.5848],[-73.9533,40.583]]]}},{"type":"Feature","properties":{"id":"shore-acres-staten-island","name":"Shore Acres","borough":"Staten Island"},"geometry":{"type":"Polygon","coordinates":[[[-74.06108,40.60723],[-74.05737,40.60896],[-74.05833,40.60977],[-74.05909,40.61063],[-74.05892,40.61106],[-74.05953,40.61171],[-74.06009,40.61183],[-74.0611,40.61132],[-74.06334,40.61031],[-74.06108,40.60723]]]}},{"type":"Feature","properties":{"id":"silver-lake-staten-island","name":"Silver Lake","borough":"Staten Island"},"geometry":{"type":"Polygon","coordinates":[[[-74.10359,40.61639],[-74.10276,40.61675],[-74.1024,40.61698],[-74.1003,40.61911],[-74.09992,40.61946],[-74.0964,40.62233],[-74.09539,40.62313],[-74.09219,40.62578],[-74.0917,40.62636],[-74.09014,40.62867],[-74.08945,40.62976],[-74.08927,40.63013],[-74.0889,40.63033],[-74.08927,40.63047],[-74.09045,40.63069],[-74.09029,40.63151],[-74.09018,40.63172],[-74.09252,40.632],[-74.09489,40.63243],[-74.0972,40.63289],[-74.09715,40.6319],[-74.09784,40.63179],[-74.09845,40.63157],[-74.09816,40.63005],[-74.09924,40.62993],[-74.09904,40.62872],[-74.09925,40.62865],[-74.10084,40.62844],[-74.10042,40.62631],[-74.10219,40.62613],[-74.10273,40.62602],[-74.10261,40.62529],[-74.10377,40.62518],[-74.10365,40.62452],[-74.10443,40.62445],[-74.1042,40.62342],[-74.1042,40.62314],[-74.10439,40.62295],[-74.10643,40.62194],[-74.10696,40.62174],[-74.1099,40.62076],[-74.10909,40.62028],[-74.10607,40.61898],[-74.10563,40.6187],[-74.10496,40.61803],[-74.10409,40.61707],[-74.10359,40.61639]],[[-74.09538,40.62754],[-74.09494,40.62787],[-74.09477,40.62817],[-74.09473,40.62867],[-74.09495,40.62928],[-74.09478,40.62938],[-74.09351,40.62912],[-74.09394,40.62884],[-74.09465,40.62822],[-74.09505,40.62764],[-74.09532,40.62671],[-74.09611,40.62585],[-74.09667,40.62486],[-74.09691,40.62478],[-74.09709,40.62518],[-74.09776,40.62605],[-74.09715,40.62651],[-74.09657,40.62752],[-74.09566,40.62747],[-74.09538,40.62754]]]}},{"type":"Feature","properties":{"id":"soho-manhattan","name":"SoHo","borough":"Manhattan"},"geometry":{"type":"Polygon","coordinates":[[[-74.01423,40.72942],[-74.01439,40.72846],[-74.01138,40.72823],[-74.01154,40.72645],[-74.01512,40.72679],[-74.01516,40.72632],[-74.01232,40.72603],[-74.01176,40.72591],[-74.01163,40.72613],[-74.01075,40.72644],[-74.00623,40.72314],[-74.00047,40.71895],[-74.00024,40.7192],[-73.99852,40.72116],[-73.99705,40.72283],[-73.99643,40.72418],[-73.9956,40.72522],[-73.99691,40.72555],[-73.99754,40.72586],[-73.99906,40.72661],[-74.00058,40.72733],[-74.00266,40.72837],[-74.00486,40.72855],[-74.00529,40.72859],[-74.01053,40.72909],[-74.01114,40.72913],[-74.01423,40.72942]]]}},{"type":"Feature","properties":{"id":"soundview-bronx","name":"Soundview","borough":"Bronx"},"geometry":{"type":"Polygon","coordinates":[[[-73.8737,40.83639],[-73.875,40.83648],[-73.877,40.83678],[-73.8799,40.83748],[-73.88065,40.8376],[-73.88182,40.83584],[-73.88235,40.83497],[-73.88338,40.83357],[-73.8843,40.83263],[-73.88486,40.83182],[-73.88545,40.83056],[-73.88585,40.82789],[-73.88602,40.827],[-73.88657,40.82373],[-73.88686,40.82305],[-73.88741,40.82234],[-73.88454,40.82265],[-73.88427,40.82274],[-73.88304,40.82068],[-73.88204,40.81947],[-73.88145,40.81888],[-73.87981,40.81733],[-73.87905,40.81677],[-73.87826,40.81632],[-73.87664,40.81569],[-73.87652,40.81613],[-73.87172,40.81492],[-73.87078,40.81449],[-73.87012,40.8138],[-73.86521,40.8145],[-73.86314,40.81478],[-73.85681,40.81566],[-73.85741,40.81816],[-73.85813,40.8213],[-73.85821,40.82192],[-73.85881,40.82406],[-73.85983,40.82626],[-73.86264,40.83291],[-73.86281,40.83398],[-73.87211,40.83638],[-73.8737,40.83639]]]}},{"type":"Feature","properties":{"id":"south-beach-staten-island","name":"South Beach","borough":"Staten Island"},"geometry":{"type":"Polygon","coordinates":[[[-74.06175,40.59646],[-74.06183,40.59616],[-74.06209,40.59597],[-74.06313,40.59561],[-74.06434,40.59507],[-74.06532,40.59441],[-74.06608,40.59385],[-74.06657,40.59319],[-74.06814,40.59246],[-74.06831,40.59278],[-74.0704,40.59282],[-74.07129,40.59281],[-74.07179,40.59272],[-74.07272,40.59236],[-74.07397,40.59161],[-74.07533,40.591],[-74.07615,40.59068],[-74.0767,40.59053],[-74.0783,40.59305],[-74.0791,40.59427],[-74.08089,40.59367],[-74.08148,40.59463],[-74.08241,40.59605],[-74.0838,40.59552],[-74.08408,40.5955],[-74.08448,40.59444],[-74.0848,40.59372],[-74.08574,40.59142],[-74.08608,40.59042],[-74.0868,40.58971],[-74.08822,40.58817],[-74.08988,40.58618],[-74.09068,40.58659],[-74.09107,40.58608],[-74.07784,40.57923],[-74.0764,40.57794],[-74.07602,40.57824],[-74.07535,40.57789],[-74.07523,40.578],[-74.0758,40.57831],[-74.07508,40.57916],[-74.07335,40.58068],[-74.07178,40.58188],[-74.07147,40.58203],[-74.07066,40.58163],[-74.0706,40.58169],[-74.07149,40.58217],[-74.07145,40.58243],[-74.07096,40.58318],[-74.07021,40.58398],[-74.06722,40.58673],[-74.06594,40.58761],[-74.06478,40.58849],[-74.06503,40.58899],[-74.06389,40.59021],[-74.06215,40.59203],[-74.06055,40.59338],[-74.05975,40.59385],[-74.05962,40.59401],[-74.06175,40.59646]]]}},{"type":"Feature","properties":{"id":"south-williamsburg-brooklyn","name":"South Williamsburg","borough":"Brooklyn"},"geometry":{"type":"Polygon","coordinates":[[[-73.96929,40.70705],[-73.96924,40.70599],[-73.9693,40.70509],[-73.96748,40.70395],[-73.96762,40.70335],[-73.97018,40.70493],[-73.97017,40.70536],[-73.97049,40.7054],[-73.97026,40.70689],[-73.97067,40.70726],[-73.97232,40.70908],[-73.97276,40.70883],[-73.97106,40.70695],[-73.971,40.70683],[-73.9711,40.70585],[-73.97122,40.70579],[-73.97311,40.70714],[-73.97424,40.70802],[-73.97463,40.70768],[-73.9733,40.7067],[-73.97255,40.7062],[-73.97339,40.70573],[-73.97439,40.70633],[-73.97466,40.70607],[-73.97102,40.70382],[-73.9711,40.70346],[-73.97146,40.70351],[-73.97216,40.70397],[-73.97231,40.70384],[-73.96899,40.70175],[-73.96925,40.70136],[-73.97267,40.7035],[-73.97284,40.70335],[-73.96949,40.70052],[-73.96974,40.70031],[-73.96967,40.6995],[-73.96975,40.699],[-73.96972,40.69781],[-73.96641,40.69768],[-73.96549,40.69766],[-73.96466,40.69777],[-73.96196,40.6982],[-73.95846,40.69875],[-73.95657,40.69906],[-73.95289,40.69948],[-73.95056,40.69976],[-73.94942,40.69987],[-73.94572,40.70028],[-73.94195,40.70073],[-73.94501,40.70249],[-73.95243,40.70668],[-73.95302,40.70673],[-73.96327,40.70768],[-73.96838,40.70683],[-73.96929,40.70705]]]}},{"type":"Feature","properties":{"id":"springfield-gardens-queens","name":"Springfield Gardens","borough":"Queens"},"geometry":{"type":"Polygon","coordinates":[[[-73.78956,40.66332],[-73.78536,40.66279],[-73.77451,40.65917],[-73.7679,40.65436],[-73.76492,40.65244],[-73.75463,40.64584],[-73.7539,40.64677],[-73.75461,40.6472],[-73.75493,40.64757],[-73.7545,40.64794],[-73.75406,40.64776],[-73.75389,40.64754],[-73.75343,40.64739],[-73.75193,40.64931],[-73.74762,40.65654],[-73.74619,40.65895],[-73.74186,40.66483],[-73.74014,40.66575],[-73.74071,40.66579],[-73.74277,40.66578],[-73.74605,40.66584],[-73.75004,40.66586],[-73.75599,40.66584],[-73.75728,40.66597],[-73.75796,40.66598],[-73.75998,40.66613],[-73.7637,40.66666],[-73.76599,40.6668],[-73.7672,40.66693],[-73.76921,40.66704],[-73.77092,40.66732],[-73.77387,40.66741],[-73.77714,40.6672],[-73.77942,40.66718],[-73.78203,40.66713],[-73.78464,40.66677],[-73.7873,40.66649],[-73.78923,40.66642],[-73.78928,40.66619],[-73.78956,40.66332]]]}},{"type":"Feature","properties":{"id":"spuyten-duyvil-bronx","name":"Spuyten Duyvil","borough":"Bronx"},"geometry":{"type":"Polygon","coordinates":[[[-73.90472,40.88524],[-73.90561,40.88583],[-73.90594,40.8856],[-73.90707,40.88581],[-73.90685,40.88627],[-73.90779,40.88626],[-73.91231,40.887],[-73.91662,40.88748],[-73.91866,40.88664],[-73.9206,40.88716],[-73.92183,40.88451],[-73.92381,40.88032],[-73.9249,40.87889],[-73.92449,40.87905],[-73.9233,40.87891],[-73.92274,40.87891],[-73.92207,40.87857],[-73.92026,40.87695],[-73.92015,40.87672],[-73.91978,40.87642],[-73.91908,40.87606],[-73.91776,40.87566],[-73.91726,40.87581],[-73.91579,40.87572],[-73.91525,40.87556],[-73.91498,40.87653],[-73.91243,40.878],[-73.91169,40.87914],[-73.91063,40.88027],[-73.90877,40.88174],[-73.90766,40.88272],[-73.90516,40.88488],[-73.90472,40.88524]]]}},{"type":"Feature","properties":{"id":"st-george-staten-island","name":"St. George","borough":"Staten Island"},"geometry":{"type":"Polygon","coordinates":[[[-74.07258,40.63796],[-74.07258,40.63826],[-74.07292,40.63838],[-74.07309,40.63862],[-74.07308,40.64051],[-74.07278,40.64053],[-74.07285,40.6408],[-74.07178,40.64093],[-74.06998,40.64107],[-74.07002,40.64128],[-74.07181,40.64112],[-74.07196,40.641],[-74.07289,40.64092],[-74.07309,40.64164],[-74.07019,40.64201],[-74.07025,40.64221],[-74.07314,40.64185],[-74.07324,40.64218],[-74.07033,40.64253],[-74.07037,40.64269],[-74.07211,40.64246],[-74.07218,40.64271],[-74.07148,40.64281],[-74.07149,40.64343],[-74.07186,40.6442],[-74.07202,40.64441],[-74.07253,40.64467],[-74.0728,40.64491],[-74.07359,40.645],[-74.07396,40.64519],[-74.07445,40.64507],[-74.07599,40.64655],[-74.07651,40.64697],[-74.07709,40.6472],[-74.079,40.64814],[-74.07981,40.64838],[-74.08052,40.64825],[-74.08142,40.6485],[-74.08212,40.64828],[-74.08257,40.64832],[-74.0839,40.64858],[-74.08484,40.64889],[-74.08571,40.64888],[-74.08634,40.6487],[-74.08767,40.64824],[-74.08937,40.64733],[-74.08874,40.64644],[-74.08736,40.64495],[-74.08671,40.64402],[-74.08654,40.64359],[-74.0865,40.6428],[-74.08662,40.64215],[-74.08755,40.63858],[-74.0874,40.63798],[-74.08655,40.63716],[-74.08599,40.63727],[-74.08288,40.63769],[-74.07956,40.63818],[-74.07915,40.63813],[-74.07862,40.63829],[-74.07836,40.63825],[-74.07694,40.63779],[-74.07645,40.63774],[-74.07521,40.63774],[-74.07375,40.63786],[-74.0733,40.63799],[-74.07258,40.63796]]]}},{"type":"Feature","properties":{"id":"stapleton-staten-island","name":"Stapleton","borough":"Staten Island"},"geometry":{"type":"Polygon","coordinates":[[[-74.07352,40.62686],[-74.07303,40.62711],[-74.0723,40.62714],[-74.07251,40.62777],[-74.07293,40.62996],[-74.07193,40.6297],[-74.07199,40.63],[-74.07298,40.63031],[-74.07333,40.63206],[-74.07319,40.63257],[-74.07655,40.63346],[-74.07871,40.63406],[-74.07915,40.63259],[-74.07936,40.6322],[-74.07994,40.63157],[-74.08203,40.62978],[-74.08305,40.62874],[-74.08377,40.62765],[-74.08404,40.62704],[-74.08419,40.62622],[-74.08435,40.62583],[-74.08493,40.62478],[-74.0854,40.62203],[-74.08577,40.62058],[-74.08597,40.61953],[-74.08607,40.61868],[-74.08633,40.61771],[-74.08689,40.61668],[-74.08756,40.61573],[-74.08777,40.61554],[-74.08783,40.61513],[-74.08746,40.6145],[-74.08716,40.6133],[-74.08108,40.61777],[-74.08107,40.61777],[-74.08009,40.61849],[-74.07123,40.62309],[-74.07226,40.62461],[-74.07271,40.62687],[-74.07288,40.62693],[-74.07352,40.62686]]]}},{"type":"Feature","properties":{"id":"stuyvesant-town-peter-cooper-village-manhattan","name":"Stuyvesant Town - Peter Cooper Village","borough":"Manhattan"},"geometry":{"type":"Polygon","coordinates":[[[-73.98256,40.73134],[-73.9716,40.72678],[-73.97149,40.72735],[-73.97157,40.72765],[-73.97142,40.72857],[-73.97152,40.72935],[-73.97205,40.73009],[-73.97301,40.73082],[-73.97341,40.73128],[-73.97443,40.73525],[-73.97854,40.73689],[-73.98255,40.73136],[-73.98255,40.73135],[-73.98256,40.73134]]]}},{"type":"Feature","properties":{"id":"sunnyside-queens","name":"Sunnyside","borough":"Queens"},"geometry":{"type":"Polygon","coordinates":[[[-73.91026,40.75297],[-73.9116,40.75315],[-73.91543,40.75379],[-73.91673,40.7539],[-73.91775,40.75385],[-73.91928,40.75357],[-73.92566,40.75214],[-73.92624,40.75209],[-73.92892,40.75205],[-73.93234,40.75195],[-73.93377,40.75165],[-73.93447,40.75115],[-73.93482,40.75102],[-73.93503,40.75069],[-73.93579,40.75003],[-73.93649,40.74936],[-73.93719,40.749],[-73.93679,40.74843],[-73.93437,40.74605],[-73.93562,40.74572],[-73.93697,40.74542],[-73.9383,40.74508],[-73.9386,40.74341],[-73.93908,40.74348],[-73.93929,40.74306],[-73.93859,40.74293],[-73.93867,40.74253],[-73.93911,40.74262],[-73.94028,40.7408],[-73.94056,40.74042],[-73.94036,40.74034],[-73.94135,40.73936],[-73.94002,40.7388],[-73.93909,40.73846],[-73.93775,40.73811],[-73.93695,40.73799],[-73.93582,40.73788],[-73.93306,40.73735],[-73.93117,40.73702],[-73.93478,40.73555],[-73.93444,40.73489],[-73.93748,40.73379],[-73.93605,40.73236],[-73.93527,40.73167],[-73.93187,40.72935],[-73.93128,40.72911],[-73.93134,40.72873],[-73.92939,40.72831],[-73.92885,40.72803],[-73.92755,40.72935],[-73.92685,40.73027],[-73.92562,40.73213],[-73.92519,40.73298],[-73.92423,40.7338],[-73.92334,40.73433],[-73.92142,40.73486],[-73.91941,40.73513],[-73.91825,40.73525],[-73.91753,40.73544],[-73.91725,40.73625],[-73.91721,40.73692],[-73.91642,40.7389],[-73.91671,40.73898],[-73.91635,40.74086],[-73.91454,40.74056],[-73.91422,40.74117],[-73.91376,40.74264],[-73.91402,40.74267],[-73.91399,40.74313],[-73.91354,40.74526],[-73.91324,40.74689],[-73.91282,40.74882],[-73.91191,40.7487],[-73.91171,40.74997],[-73.90975,40.74975],[-73.90949,40.75051],[-73.90949,40.75081],[-73.90985,40.75159],[-73.91054,40.75269],[-73.91026,40.75297]]]}},{"type":"Feature","properties":{"id":"sunnyside-staten-island","name":"Sunnyside","borough":"Staten Island"},"geometry":{"type":"Polygon","coordinates":[[[-74.10359,40.61639],[-74.10563,40.61549],[-74.10621,40.6152],[-74.10965,40.61448],[-74.11267,40.61388],[-74.11414,40.61374],[-74.1143,40.61463],[-74.11446,40.61706],[-74.11464,40.61801],[-74.11456,40.61862],[-74.11532,40.61875],[-74.11613,40.61867],[-74.11746,40.6184],[-74.11807,40.61833],[-74.11776,40.61765],[-74.11764,40.61719],[-74.11878,40.6171],[-74.11828,40.61342],[-74.11919,40.61332],[-74.11885,40.61134],[-74.11856,40.61041],[-74.11722,40.61069],[-74.11482,40.61109],[-74.11253,40.61097],[-74.11006,40.61024],[-74.10968,40.61018],[-74.0982,40.61052],[-74.09977,40.61282],[-74.10176,40.61404],[-74.10359,40.61639]]]}},{"type":"Feature","properties":{"id":"sunset-park-brooklyn","name":"Sunset Park","borough":"Brooklyn"},"geometry":{"type":"Polygon","coordinates":[[[-74.00219,40.65293],[-74.01233,40.65905],[-74.01236,40.65913],[-74.0137,40.65994],[-74.0137,40.66],[-74.014,40.65981],[-74.01554,40.66076],[-74.01746,40.65945],[-74.01442,40.65761],[-74.01505,40.65695],[-74.01751,40.65827],[-74.01774,40.6581],[-74.01544,40.65663],[-74.01585,40.65621],[-74.01861,40.65785],[-74.01911,40.65737],[-74.01639,40.65562],[-74.01665,40.65534],[-74.01692,40.65548],[-74.01727,40.65519],[-74.01971,40.65658],[-74.0198,40.65649],[-74.01742,40.65499],[-74.01715,40.65478],[-74.01787,40.65406],[-74.02005,40.65534],[-74.02026,40.65512],[-74.01812,40.65389],[-74.01873,40.65347],[-74.01897,40.65387],[-74.01942,40.654],[-74.01962,40.65417],[-74.02047,40.65422],[-74.02164,40.65488],[-74.02182,40.65466],[-74.02115,40.65421],[-74.02163,40.65365],[-74.0221,40.65359],[-74.02306,40.65423],[-74.0232,40.6541],[-74.02119,40.65284],[-74.02162,40.65232],[-74.02196,40.65222],[-74.02285,40.65274],[-74.02333,40.65294],[-74.02359,40.65322],[-74.02381,40.65304],[-74.02092,40.65126],[-74.02098,40.65116],[-74.02225,40.65198],[-74.02234,40.65191],[-74.02105,40.6511],[-74.02154,40.65067],[-74.02262,40.65131],[-74.02272,40.6513],[-74.02523,40.65283],[-74.02537,40.65272],[-74.02285,40.65117],[-74.02306,40.65097],[-74.02359,40.65132],[-74.02418,40.65119],[-74.02542,40.65193],[-74.0255,40.65184],[-74.02424,40.65113],[-74.02477,40.65069],[-74.0251,40.65089],[-74.02491,40.65111],[-74.02553,40.65148],[-74.02605,40.65099],[-74.02542,40.65062],[-74.02521,40.65082],[-74.02484,40.6506],[-74.02554,40.64978],[-74.02497,40.64861],[-74.02513,40.64832],[-74.02415,40.64762],[-74.02507,40.64673],[-74.02538,40.64691],[-74.02572,40.64662],[-74.02939,40.6488],[-74.02974,40.64849],[-74.02605,40.64626],[-74.02703,40.6452],[-74.02821,40.64402],[-74.029,40.64447],[-74.02908,40.6444],[-74.03052,40.64527],[-74.0319,40.64389],[-74.03227,40.64407],[-74.03288,40.64358],[-74.03407,40.64431],[-74.03445,40.64383],[-74.0367,40.64169],[-74.03674,40.64148],[-74.03594,40.6409],[-74.03275,40.64167],[-74.02526,40.63989],[-74.02322,40.64005],[-74.02174,40.64067],[-74.02162,40.63893],[-74.02091,40.63791],[-74.01941,40.6366],[-74.01598,40.63448],[-74.01025,40.63108],[-74.00311,40.63812],[-74.00242,40.63847],[-73.99368,40.64685],[-73.99796,40.64947],[-73.99756,40.65013],[-74.00219,40.65293]]]}},{"type":"Feature","properties":{"id":"throggs-neck-bronx","name":"Throggs Neck","borough":"Bronx"},"geometry":{"type":"Polygon","coordinates":[[[-73.82631,40.81128],[-73.82506,40.81183],[-73.82426,40.81211],[-73.82356,40.81228],[-73.82264,40.81258],[-73.82106,40.81298],[-73.82059,40.81302],[-73.82049,40.81284],[-73.82011,40.81286],[-73.81982,40.81318],[-73.81874,40.81343],[-73.8179,40.81355],[-73.81737,40.81357],[-73.81675,40.81371],[-73.81648,40.81385],[-73.81588,40.81377],[-73.81551,40.8135],[-73.814,40.81355],[-73.8136,40.81339],[-73.81313,40.81333],[-73.81277,40.81316],[-73.81121,40.81298],[-73.81067,40.81276],[-73.8106,40.81294],[-73.80992,40.81293],[-73.80913,40.81253],[-73.80811,40.81179],[-73.80759,40.81127],[-73.80714,40.81066],[-73.80621,40.81005],[-73.80551,40.80972],[-73.80484,40.80934],[-73.80373,40.80853],[-73.80359,40.80876],[-73.80291,40.80908],[-73.80222,40.80914],[-73.80167,40.80902],[-73.80131,40.80878],[-73.80054,40.8084],[-73.79885,40.80718],[-73.79792,40.80671],[-73.79703,40.80635],[-73.79637,40.80628],[-73.7965,40.8061],[-73.79601,40.80592],[-73.79584,40.80617],[-73.79547,40.80596],[-73.7948,40.80536],[-73.79452,40.805],[-73.79401,40.80483],[-73.79401,40.80464],[-73.79339,40.8042],[-73.79285,40.80417],[-73.79225,40.804],[-73.79104,40.80426],[-73.79028,40.80482],[-73.79006,40.80541],[-73.79012,40.80577],[-73.79043,40.80633],[-73.79073,40.80659],[-73.79086,40.80734],[-73.79144,40.8075],[-73.7913,40.80712],[-73.7916,40.80689],[-73.79229,40.80685],[-73.79376,40.80745],[-73.79854,40.80959],[-73.80011,40.80971],[-73.80147,40.81014],[-73.80116,40.81059],[-73.80136,40.81071],[-73.80212,40.8101],[-73.80235,40.81004],[-73.80293,40.81054],[-73.80317,40.81087],[-73.80337,40.81154],[-73.80391,40.81211],[-73.80439,40.81201],[-73.80492,40.81212],[-73.80504,40.81263],[-73.80527,40.81284],[-73.80544,40.81335],[-73.80543,40.8144],[-73.80557,40.8145],[-73.80568,40.81503],[-73.80641,40.81538],[-73.80663,40.81559],[-73.80705,40.81653],[-73.80661,40.81666],[-73.80596,40.81604],[-73.80511,40.81564],[-73.80472,40.81523],[-73.80431,40.81459],[-73.80418,40.81459],[-73.80352,40.81395],[-73.8032,40.81351],[-73.80364,40.81264],[-73.80315,40.81246],[-73.80253,40.81254],[-73.80215,40.81278],[-73.80146,40.81294],[-73.80132,40.81326],[-73.80092,40.81376],[-73.80011,40.81402],[-73.79995,40.81445],[-73.79903,40.81554],[-73.79864,40.81546],[-73.79812,40.8157],[-73.79771,40.81551],[-73.79738,40.81576],[-73.79759,40.81651],[-73.79842,40.81687],[-73.80033,40.81756],[-73.80057,40.8177],[-73.80081,40.81809],[-73.80119,40.81813],[-73.80247,40.81854],[-73.80262,40.81827],[-73.80337,40.81825],[-73.80418,40.81865],[-73.80462,40.81903],[-73.80573,40.82018],[-73.80599,40.82082],[-73.80596,40.82143],[-73.80586,40.8219],[-73.80666,40.82342],[-73.80679,40.82399],[-73.80669,40.82464],[-73.80702,40.82542],[-73.80771,40.82589],[-73.80783,40.82577],[-73.80847,40.82586],[-73.80909,40.82587],[-73.80968,40.82526],[-73.81085,40.82487],[-73.81119,40.82461],[-73.81177,40.82434],[-73.81239,40.82445],[-73.81272,40.82478],[-73.81286,40.82428],[-73.81327,40.82397],[-73.81378,40.824],[-73.81404,40.82448],[-73.81324,40.82481],[-73.81315,40.8251],[-73.81374,40.82526],[-73.81383,40.82563],[-73.81404,40.82593],[-73.81372,40.82627],[-73.8139,40.82671],[-73.81333,40.82719],[-73.81265,40.82756],[-73.81264,40.82784],[-73.81178,40.828],[-73.8103,40.82799],[-73.81005,40.82825],[-73.8114,40.8283],[-73.81275,40.82825],[-73.8128,40.82859],[-73.81309,40.82867],[-73.81324,40.82894],[-73.81383,40.82964],[-73.81382,40.82997],[-73.81416,40.83021],[-73.81451,40.83061],[-73.8141,40.83082],[-73.81452,40.83062],[-73.81476,40.83082],[-73.81512,40.83171],[-73.81529,40.83188],[-73.81576,40.83297],[-73.81578,40.83347],[-73.81594,40.83368],[-73.81609,40.83468],[-73.816,40.83498],[-73.81611,40.83521],[-73.81602,40.83601],[-73.81717,40.83573],[-73.81736,40.83621],[-73.81809,40.83673],[-73.82326,40.83553],[-73.82401,40.83548],[-73.8252,40.83474],[-73.82548,40.83447],[-73.82645,40.83394],[-73.82848,40.83295],[-73.83117,40.83127],[-73.83202,40.83071],[-73.83334,40.82995],[-73.83407,40.82962],[-73.83513,40.82926],[-73.83676,40.82883],[-73.83868,40.82854],[-73.84189,40.82808],[-73.84211,40.82818],[-73.84114,40.82635],[-73.84111,40.82615],[-73.84067,40.82548],[-73.84027,40.82476],[-73.84008,40.82425],[-73.83974,40.82411],[-73.83961,40.82386],[-73.83945,40.82292],[-73.83905,40.82269],[-73.83907,40.82225],[-73.83893,40.82133],[-73.83906,40.8198],[-73.83879,40.81953],[-73.83893,40.819],[-73.83921,40.81889],[-73.84008,40.81786],[-73.84019,40.81719],[-73.83997,40.8167],[-73.83974,40.81645],[-73.83954,40.81582],[-73.83962,40.81538],[-73.83953,40.81518],[-73.83966,40.81392],[-73.83989,40.81376],[-73.84027,40.81328],[-73.84029,40.81286],[-73.84043,40.81254],[-73.84026,40.81203],[-73.8403,40.81157],[-73.83919,40.80974],[-73.83889,40.80932],[-73.8382,40.80809],[-73.83808,40.80775],[-73.838,40.80696],[-73.83744,40.8062],[-73.83684,40.80591],[-73.83589,40.80566],[-73.83531,40.80544],[-73.83406,40.80511],[-73.83301,40.80497],[-73.83162,40.80494],[-73.8314,40.80517],[-73.83165,40.80616],[-73.83162,40.80665],[-73.8321,40.8073],[-73.83221,40.80794],[-73.83184,40.80926],[-73.83138,40.80986],[-73.83096,40.81027],[-73.83033,40.81075],[-73.82986,40.81101],[-73.82916,40.81127],[-73.82822,40.81144],[-73.82725,40.81144],[-73.82631,40.81128]]]}},{"type":"Feature","properties":{"id":"todt-hill-staten-island","name":"Todt Hill","borough":"Staten Island"},"geometry":{"type":"Polygon","coordinates":[[[-74.10042,40.60219],[-74.10237,40.60132],[-74.10333,40.60078],[-74.10372,40.60071],[-74.10526,40.60083],[-74.10658,40.60175],[-74.10697,40.60184],[-74.10965,40.60157],[-74.11155,40.60106],[-74.11271,40.60307],[-74.11385,40.60264],[-74.11486,40.60212],[-74.11507,40.60164],[-74.1161,40.59982],[-74.11648,40.59878],[-74.11668,40.59768],[-74.11668,40.59661],[-74.11708,40.59526],[-74.11768,40.59402],[-74.11881,40.59282],[-74.11989,40.59198],[-74.12018,40.59155],[-74.12019,40.59156],[-74.12019,40.59155],[-74.12162,40.58926],[-74.12218,40.58762],[-74.12225,40.58549],[-74.12201,40.58527],[-74.11888,40.58216],[-74.11676,40.5782],[-74.11669,40.57829],[-74.11577,40.57841],[-74.11512,40.5789],[-74.11396,40.58004],[-74.11299,40.58081],[-74.1111,40.5819],[-74.10996,40.58232],[-74.1091,40.58278],[-74.10826,40.58338],[-74.10526,40.58592],[-74.10462,40.58643],[-74.10206,40.58874],[-74.10156,40.58925],[-74.10099,40.58993],[-74.10087,40.59022],[-74.10078,40.59111],[-74.10082,40.59153],[-74.10077,40.59246],[-74.10046,40.59341],[-74.09957,40.59412],[-74.09361,40.59668],[-74.09236,40.59742],[-74.09142,40.59935],[-74.09277,40.60101],[-74.09271,40.6018],[-74.09681,40.60213],[-74.09829,40.60183],[-74.09875,40.60214],[-74.09935,40.6024],[-74.09974,40.60249],[-74.10042,40.60219]]]}},{"type":"Feature","properties":{"id":"tompkinsville-staten-island","name":"Tompkinsville","borough":"Staten Island"},"geometry":{"type":"Polygon","coordinates":[[[-74.07319,40.63257],[-74.07291,40.63363],[-74.07304,40.6348],[-74.07336,40.63654],[-74.07209,40.63665],[-74.0721,40.63673],[-74.07337,40.63661],[-74.07353,40.63764],[-74.07348,40.63779],[-74.07257,40.63787],[-74.07258,40.63796],[-74.0733,40.63799],[-74.07375,40.63786],[-74.07521,40.63774],[-74.07645,40.63774],[-74.07694,40.63779],[-74.07836,40.63825],[-74.07862,40.63829],[-74.07915,40.63813],[-74.07956,40.63818],[-74.08288,40.63769],[-74.08599,40.63727],[-74.08655,40.63716],[-74.08761,40.63626],[-74.08687,40.63585],[-74.08894,40.63483],[-74.08825,40.63405],[-74.08868,40.63358],[-74.08943,40.63347],[-74.08985,40.63324],[-74.09005,40.63279],[-74.08977,40.63265],[-74.08993,40.63204],[-74.09018,40.63172],[-74.09029,40.63151],[-74.09045,40.63069],[-74.08927,40.63047],[-74.0889,40.63033],[-74.08817,40.63115],[-74.08621,40.62995],[-74.0852,40.62928],[-74.08521,40.62893],[-74.08555,40.62864],[-74.08487,40.62861],[-74.08446,40.62868],[-74.08389,40.62928],[-74.08305,40.62874],[-74.08203,40.62978],[-74.07994,40.63157],[-74.07936,40.6322],[-74.07915,40.63259],[-74.07871,40.63406],[-74.07655,40.63346],[-74.07319,40.63257]]]}},{"type":"Feature","properties":{"id":"tottenville-staten-island","name":"Tottenville","borough":"Staten Island"},"geometry":{"type":"Polygon","coordinates":[[[-74.23628,40.51038],[-74.23666,40.51154],[-74.23735,40.51348],[-74.23769,40.51332],[-74.23872,40.51258],[-74.23968,40.51196],[-74.24097,40.51324],[-74.24213,40.51445],[-74.24271,40.51491],[-74.24348,40.5157],[-74.24531,40.51724],[-74.24648,40.51669],[-74.24675,40.5165],[-74.2463,40.51614],[-74.24693,40.51607],[-74.24752,40.51574],[-74.24822,40.51649],[-74.2486,40.51631],[-74.24865,40.51611],[-74.24963,40.51555],[-74.24922,40.51508],[-74.24936,40.51501],[-74.24984,40.51552],[-74.2502,40.51551],[-74.25011,40.51504],[-74.25061,40.51468],[-74.25145,40.51425],[-74.25213,40.51371],[-74.25193,40.51321],[-74.25217,40.51278],[-74.25308,40.51214],[-74.253,40.51183],[-74.25301,40.51119],[-74.25315,40.51039],[-74.25332,40.50986],[-74.25365,40.50947],[-74.25389,40.50942],[-74.25412,40.50899],[-74.25449,40.5088],[-74.25545,40.50803],[-74.25559,40.50771],[-74.25531,40.50654],[-74.25537,40.50455],[-74.25523,40.50393],[-74.25427,40.50216],[-74.25398,40.50185],[-74.25374,40.50141],[-74.25341,40.50051],[-74.253,40.49995],[-74.2526,40.49964],[-74.25139,40.49915],[-74.2511,40.49893],[-74.25096,40.49822],[-74.25085,40.49801],[-74.25033,40.49754],[-74.24972,40.49689],[-74.2493,40.49666],[-74.24857,40.49638],[-74.24758,40.49618],[-74.24676,40.49613],[-74.24591,40.49679],[-74.24514,40.49723],[-74.24455,40.49749],[-74.24409,40.49758],[-74.24356,40.49757],[-74.24278,40.49764],[-74.24213,40.49752],[-74.24137,40.49763],[-74.23971,40.49766],[-74.23851,40.4989],[-74.2381,40.49913],[-74.2376,40.49929],[-74.23701,40.49986],[-74.23526,40.50061],[-74.2336,40.50091],[-74.2331,40.50109],[-74.23321,40.50131],[-74.23434,40.50453],[-74.23536,40.5075],[-74.23581,40.50897],[-74.23628,40.51038]]]}},{"type":"Feature","properties":{"id":"tremont-bronx","name":"Tremont","borough":"Bronx"},"geometry":{"type":"Polygon","coordinates":[[[-73.90266,40.84453],[-73.90153,40.84656],[-73.90104,40.84739],[-73.90097,40.84771],[-73.9005,40.84855],[-73.89987,40.84958],[-73.89579,40.85595],[-73.89543,40.85651],[-73.8956,40.85658],[-73.8969,40.85678],[-73.90329,40.85886],[-73.90549,40.85616],[-73.90717,40.85413],[-73.90725,40.8538],[-73.9075,40.85351],[-73.90892,40.85205],[-73.9105,40.85016],[-73.9121,40.84793],[-73.91302,40.84668],[-73.91413,40.8451],[-73.91287,40.8451],[-73.91074,40.84504],[-73.90909,40.84497],[-73.90494,40.84473],[-73.90281,40.84454],[-73.90266,40.84453]]]}},{"type":"Feature","properties":{"id":"tribeca-manhattan","name":"Tribeca","borough":"Manhattan"},"geometry":{"type":"Polygon","coordinates":[[[-74.01366,40.71365],[-74.00857,40.7114],[-74.00501,40.7124],[-74.00517,40.71252],[-74.00358,40.71407],[-74.00312,40.71557],[-74.00296,40.71606],[-74.00077,40.7186],[-74.00075,40.71862],[-74.00047,40.71895],[-74.01075,40.72644],[-74.01163,40.72613],[-74.01176,40.72591],[-74.01165,40.72587],[-74.01237,40.72239],[-74.01254,40.7215],[-74.0131,40.72155],[-74.01316,40.72125],[-74.01562,40.72154],[-74.01569,40.72121],[-74.0129,40.72087],[-74.013,40.72033],[-74.01631,40.72073],[-74.01638,40.72038],[-74.01557,40.72024],[-74.01341,40.72002],[-74.01346,40.7198],[-74.01291,40.71973],[-74.01295,40.71954],[-74.01243,40.71954],[-74.0131,40.71569],[-74.01366,40.71365]]]}},{"type":"Feature","properties":{"id":"university-heights-bronx","name":"University Heights","borough":"Bronx"},"geometry":{"type":"Polygon","coordinates":[[[-73.90121,40.87067],[-73.90216,40.87084],[-73.90445,40.87272],[-73.90712,40.87343],[-73.90726,40.87295],[-73.90822,40.87248],[-73.90867,40.87172],[-73.90877,40.87173],[-73.90865,40.87139],[-73.90894,40.87102],[-73.90927,40.86955],[-73.9095,40.86883],[-73.91044,40.86653],[-73.91091,40.86594],[-73.91268,40.86402],[-73.91227,40.86363],[-73.91276,40.86303],[-73.91341,40.86337],[-73.91462,40.8621],[-73.91472,40.86185],[-73.91576,40.86064],[-73.91581,40.86047],[-73.91721,40.85893],[-73.91776,40.85871],[-73.91806,40.85837],[-73.91748,40.8569],[-73.91753,40.85632],[-73.9173,40.85593],[-73.91696,40.85582],[-73.91674,40.85558],[-73.91699,40.85508],[-73.91685,40.85487],[-73.91562,40.85428],[-73.91492,40.85399],[-73.91434,40.85388],[-73.91344,40.85379],[-73.9123,40.85377],[-73.91212,40.85407],[-73.91124,40.85485],[-73.90998,40.85441],[-73.90966,40.85412],[-73.90917,40.85386],[-73.9085,40.85379],[-73.90745,40.85388],[-73.90725,40.8538],[-73.90717,40.85413],[-73.90549,40.85616],[-73.90329,40.85886],[-73.90068,40.86292],[-73.89705,40.86765],[-73.89972,40.8683],[-73.89851,40.8698],[-73.89988,40.87044],[-73.90121,40.87067]]]}},{"type":"Feature","properties":{"id":"upper-east-side-manhattan","name":"Upper East Side","borough":"Manhattan"},"geometry":{"type":"Polygon","coordinates":[[[-73.95591,40.78806],[-73.95809,40.78513],[-73.96073,40.78162],[-73.9607,40.78161],[-73.97301,40.76428],[-73.96973,40.76288],[-73.96971,40.76288],[-73.96969,40.76287],[-73.96657,40.76157],[-73.95874,40.7583],[-73.95574,40.76102],[-73.95442,40.76218],[-73.95122,40.76577],[-73.95007,40.76703],[-73.94937,40.76788],[-73.94866,40.76886],[-73.9464,40.77127],[-73.94488,40.77257],[-73.94366,40.77384],[-73.94293,40.77468],[-73.94259,40.77522],[-73.9424,40.77573],[-73.94208,40.77596],[-73.942,40.77619],[-73.94207,40.77692],[-73.94246,40.77741],[-73.94266,40.77812],[-73.943,40.77885],[-73.94273,40.77926],[-73.94229,40.77937],[-73.94259,40.78],[-73.94344,40.77976],[-73.9436,40.78016],[-73.94387,40.78127],[-73.94388,40.78153],[-73.94359,40.78278],[-73.94362,40.7828],[-73.95097,40.78591],[-73.95573,40.78798],[-73.95591,40.78806]]]}},{"type":"Feature","properties":{"id":"upper-west-side-manhattan","name":"Upper West Side","borough":"Manhattan"},"geometry":{"type":"Polygon","coordinates":[[[-73.98813,40.7814],[-73.98892,40.78023],[-73.98889,40.77988],[-73.99005,40.77982],[-73.98975,40.77967],[-73.98941,40.77974],[-73.98887,40.77969],[-73.9904,40.77759],[-73.99093,40.77757],[-73.99239,40.77556],[-73.99206,40.7755],[-73.99227,40.77512],[-73.99262,40.77497],[-73.99336,40.77393],[-73.99377,40.77348],[-73.99394,40.77318],[-73.9961,40.77409],[-73.99624,40.77379],[-73.99505,40.7733],[-73.99502,40.77348],[-73.99429,40.77316],[-73.99414,40.7729],[-73.99384,40.77292],[-73.98165,40.76785],[-73.98145,40.76832],[-73.98167,40.76853],[-73.97512,40.77758],[-73.96484,40.79176],[-73.9584,40.80065],[-73.95836,40.80072],[-73.95835,40.80072],[-73.95838,40.80073],[-73.95959,40.80123],[-73.96678,40.80421],[-73.97098,40.80594],[-73.97099,40.80594],[-73.97111,40.80579],[-73.97161,40.8051],[-73.97182,40.80472],[-73.97217,40.80432],[-73.97414,40.80152],[-73.97467,40.80081],[-73.97578,40.79916],[-73.97779,40.79628],[-73.98005,40.79311],[-73.98054,40.79246],[-73.9837,40.78792],[-73.98788,40.78189],[-73.98813,40.7814]]]}},{"type":"Feature","properties":{"id":"van-nest-bronx","name":"Van Nest","borough":"Bronx"},"geometry":{"type":"Polygon","coordinates":[[[-73.85525,40.84303],[-73.85733,40.8437],[-73.85824,40.84472],[-73.85873,40.84538],[-73.8597,40.84709],[-73.86032,40.84812],[-73.86048,40.84826],[-73.86156,40.84875],[-73.86348,40.8495],[-73.86553,40.85026],[-73.86646,40.85071],[-73.86809,40.85175],[-73.86869,40.85224],[-73.87138,40.85223],[-73.87127,40.8509],[-73.87122,40.84954],[-73.87122,40.84772],[-73.87126,40.84649],[-73.87149,40.84507],[-73.87168,40.84437],[-73.87191,40.84349],[-73.87227,40.84184],[-73.87249,40.84118],[-73.87256,40.8404],[-73.87311,40.83842],[-73.87257,40.83856],[-73.87209,40.83879],[-73.87035,40.83939],[-73.8699,40.83962],[-73.86813,40.84034],[-73.86673,40.84086],[-73.86533,40.84132],[-73.86361,40.84174],[-73.86305,40.84177],[-73.86141,40.84202],[-73.8598,40.84219],[-73.85861,40.84237],[-73.85683,40.84258],[-73.85588,40.84279],[-73.85525,40.84303]]]}},{"type":"Feature","properties":{"id":"vinegar-hill-brooklyn","name":"Vinegar Hill","borough":"Brooklyn"},"geometry":{"type":"Polygon","coordinates":[[[-73.98119,40.70225],[-73.98038,40.7027],[-73.98016,40.70291],[-73.98012,40.70336],[-73.97949,40.70448],[-73.97921,40.70576],[-73.98024,40.70576],[-73.98091,40.70591],[-73.98093,40.70537],[-73.98233,40.70555],[-73.9823,40.70574],[-73.98102,40.7058],[-73.98102,40.7059],[-73.98242,40.70582],[-73.98246,40.70554],[-73.98284,40.70556],[-73.98341,40.70547],[-73.98344,40.70564],[-73.98452,40.70556],[-73.98469,40.70233],[-73.98119,40.70225]]]}},{"type":"Feature","properties":{"id":"wakefield-bronx","name":"Wakefield","borough":"Bronx"},"geometry":{"type":"Polygon","coordinates":[[[-73.83343,40.89266],[-73.83517,40.89317],[-73.83628,40.89353],[-73.83841,40.89406],[-73.83898,40.8956],[-73.83968,40.89732],[-73.83966,40.89789],[-73.83923,40.89876],[-73.83917,40.89908],[-73.83925,40.8995],[-73.84065,40.9014],[-73.84087,40.90186],[-73.84106,40.90321],[-73.84132,40.90399],[-73.84232,40.90399],[-73.8433,40.90408],[-73.8443,40.90408],[-73.84489,40.90419],[-73.84493,40.90466],[-73.84485,40.90531],[-73.84532,40.90558],[-73.8461,40.90578],[-73.84739,40.90629],[-73.84868,40.90674],[-73.85022,40.90737],[-73.85106,40.90646],[-73.8513,40.90658],[-73.8526,40.90698],[-73.85353,40.90747],[-73.85211,40.9092],[-73.85138,40.91004],[-73.85218,40.90952],[-73.85268,40.9099],[-73.85293,40.90992],[-73.854,40.90928],[-73.85434,40.90897],[-73.85485,40.90826],[-73.85449,40.90801],[-73.85383,40.90797],[-73.8538,40.90718],[-73.8541,40.90668],[-73.8547,40.90658],[-73.85569,40.90606],[-73.85611,40.90606],[-73.85633,40.9058],[-73.85615,40.90515],[-73.8567,40.90491],[-73.85732,40.90502],[-73.85736,40.90473],[-73.85699,40.90458],[-73.857,40.90358],[-73.8572,40.90288],[-73.85771,40.90257],[-73.85816,40.90239],[-73.8583,40.90208],[-73.85911,40.90247],[-73.85953,40.90222],[-73.85939,40.9019],[-73.85886,40.90171],[-73.85901,40.90148],[-73.8594,40.90138],[-73.85921,40.90083],[-73.85931,40.90048],[-73.8601,40.90058],[-73.86127,40.89848],[-73.8614,40.89698],[-73.86207,40.89489],[-73.8539,40.89227],[-73.84434,40.88923],[-73.84163,40.88835],[-73.84171,40.88866],[-73.8375,40.88857],[-73.8344,40.8893],[-73.83389,40.89167],[-73.83343,40.89266]]]}},{"type":"Feature","properties":{"id":"washington-heights-manhattan","name":"Washington Heights","borough":"Manhattan"},"geometry":{"type":"Polygon","coordinates":[[[-73.93037,40.86647],[-73.93271,40.86716],[-73.93326,40.86624],[-73.9334,40.86614],[-73.93402,40.86504],[-73.93436,40.86473],[-73.93443,40.8645],[-73.93559,40.86297],[-73.93648,40.86193],[-73.93704,40.86106],[-73.93714,40.86078],[-73.93758,40.8602],[-73.93753,40.8601],[-73.93831,40.85938],[-73.93866,40.85873],[-73.93911,40.85804],[-73.93968,40.85729],[-73.94029,40.85664],[-73.94187,40.85387],[-73.94247,40.85317],[-73.94306,40.8526],[-73.94348,40.85228],[-73.94498,40.85173],[-73.94577,40.85117],[-73.94614,40.85115],[-73.9462,40.85091],[-73.94652,40.85097],[-73.94696,40.85047],[-73.94705,40.85022],[-73.94697,40.84982],[-73.94664,40.84891],[-73.94662,40.84815],[-73.9467,40.8475],[-73.94682,40.84713],[-73.94635,40.84616],[-73.94652,40.846],[-73.94631,40.84574],[-73.94608,40.84447],[-73.94613,40.84389],[-73.94646,40.84325],[-73.94676,40.84289],[-73.94721,40.8421],[-73.94738,40.84194],[-73.94823,40.84012],[-73.94843,40.83986],[-73.94884,40.83888],[-73.94915,40.83793],[-73.94954,40.83688],[-73.94974,40.83563],[-73.95009,40.83467],[-73.9404,40.83047],[-73.94032,40.83043],[-73.93452,40.82791],[-73.93461,40.82836],[-73.93465,40.8291],[-73.93483,40.82981],[-73.9351,40.83194],[-73.93516,40.83268],[-73.93514,40.83326],[-73.93492,40.83523],[-73.93445,40.83598],[-73.9342,40.83657],[-73.93296,40.83879],[-73.9328,40.83912],[-73.93089,40.84254],[-73.93032,40.84404],[-73.92977,40.84516],[-73.92649,40.84984],[-73.92497,40.85207],[-73.92401,40.85344],[-73.92342,40.85423],[-73.9223,40.85563],[-73.92238,40.85611],[-73.92264,40.85802],[-73.92302,40.85897],[-73.92458,40.86138],[-73.92477,40.86167],[-73.92735,40.86554],[-73.93037,40.86647]]]}},{"type":"Feature","properties":{"id":"west-brighton-staten-island","name":"West Brighton","borough":"Staten Island"},"geometry":{"type":"Polygon","coordinates":[[[-74.10884,40.64558],[-74.10974,40.64546],[-74.11092,40.64508],[-74.11173,40.64466],[-74.11333,40.64372],[-74.11365,40.64369],[-74.11386,40.64408],[-74.11285,40.64447],[-74.11289,40.64453],[-74.11395,40.64414],[-74.11404,40.64404],[-74.1138,40.64361],[-74.11512,40.64278],[-74.11535,40.64247],[-74.11614,40.64222],[-74.11667,40.64319],[-74.11675,40.64316],[-74.1163,40.64228],[-74.11667,40.64211],[-74.11715,40.64305],[-74.11722,40.64303],[-74.11672,40.64203],[-74.11722,40.64184],[-74.11712,40.64167],[-74.1177,40.64154],[-74.1178,40.64178],[-74.11816,40.64159],[-74.119,40.64146],[-74.1194,40.64238],[-74.11948,40.64236],[-74.1191,40.64147],[-74.11953,40.64147],[-74.11985,40.64224],[-74.11996,40.64221],[-74.11961,40.64138],[-74.11993,40.6412],[-74.12071,40.64105],[-74.12145,40.6415],[-74.12278,40.64134],[-74.12286,40.64082],[-74.12341,40.64059],[-74.12364,40.64034],[-74.12416,40.64013],[-74.1247,40.64024],[-74.12546,40.64015],[-74.126,40.64023],[-74.12635,40.64038],[-74.12705,40.64024],[-74.12712,40.63986],[-74.12742,40.64],[-74.12739,40.63807],[-74.12693,40.6371],[-74.12614,40.63364],[-74.12328,40.62907],[-74.12134,40.62772],[-74.12065,40.62681],[-74.11847,40.62517],[-74.11562,40.62389],[-74.11347,40.62284],[-74.1099,40.62076],[-74.10696,40.62174],[-74.10643,40.62194],[-74.10439,40.62295],[-74.1042,40.62314],[-74.1042,40.62342],[-74.10443,40.62445],[-74.10365,40.62452],[-74.10377,40.62518],[-74.10261,40.62529],[-74.10273,40.62602],[-74.10219,40.62613],[-74.10042,40.62631],[-74.10084,40.62844],[-74.09925,40.62865],[-74.09904,40.62872],[-74.09924,40.62993],[-74.09816,40.63005],[-74.09845,40.63157],[-74.09902,40.63143],[-74.1013,40.63109],[-74.10487,40.63067],[-74.10568,40.6306],[-74.10628,40.63335],[-74.10732,40.63853],[-74.1083,40.64311],[-74.10863,40.64477],[-74.10884,40.64558]]]}},{"type":"Feature","properties":{"id":"west-farms-bronx","name":"West Farms","borough":"Bronx"},"geometry":{"type":"Polygon","coordinates":[[[-73.87168,40.84437],[-73.87408,40.84319],[-73.87605,40.84208],[-73.87729,40.84245],[-73.87813,40.84265],[-73.87731,40.844],[-73.87886,40.84512],[-73.88182,40.84714],[-73.88265,40.84769],[-73.88278,40.84784],[-73.88263,40.84851],[-73.88287,40.84909],[-73.88302,40.84858],[-73.88339,40.84733],[-73.8836,40.84699],[-73.88432,40.84615],[-73.88511,40.8453],[-73.88536,40.8443],[-73.88606,40.84068],[-73.88608,40.84056],[-73.88506,40.84],[-73.88168,40.8381],[-73.88065,40.8376],[-73.8799,40.83748],[-73.877,40.83678],[-73.875,40.83648],[-73.8737,40.83639],[-73.87338,40.83739],[-73.87311,40.83842],[-73.87256,40.8404],[-73.87249,40.84118],[-73.87227,40.84184],[-73.87191,40.84349],[-73.87168,40.84437]]]}},{"type":"Feature","properties":{"id":"westchester-square-bronx","name":"Westchester Square","borough":"Bronx"},"geometry":{"type":"Polygon","coordinates":[[[-73.8516,40.83414],[-73.84949,40.83441],[-73.84216,40.84041],[-73.84025,40.84124],[-73.83801,40.8424],[-73.83701,40.84536],[-73.8368,40.84609],[-73.83666,40.84681],[-73.83649,40.84826],[-73.83635,40.85019],[-73.83622,40.85127],[-73.83588,40.85244],[-73.83548,40.85329],[-73.83508,40.85395],[-73.83431,40.85487],[-73.83379,40.85537],[-73.8332,40.85585],[-73.83283,40.85613],[-73.83403,40.85637],[-73.83534,40.85652],[-73.83537,40.85651],[-73.83636,40.85617],[-73.83674,40.85602],[-73.83887,40.85525],[-73.83973,40.85478],[-73.84038,40.85434],[-73.84111,40.85366],[-73.84174,40.85293],[-73.84226,40.85207],[-73.84325,40.85053],[-73.84417,40.8493],[-73.84576,40.84708],[-73.84693,40.84599],[-73.84785,40.84528],[-73.84829,40.84502],[-73.84983,40.84437],[-73.85283,40.84356],[-73.85429,40.84319],[-73.85514,40.84299],[-73.85438,40.84274],[-73.8533,40.84242],[-73.85288,40.84023],[-73.85234,40.83723],[-73.85192,40.83507],[-73.8516,40.83414]]]}},{"type":"Feature","properties":{"id":"westerleigh-staten-island","name":"Westerleigh","borough":"Staten Island"},"geometry":{"type":"Polygon","coordinates":[[[-74.13074,40.61281],[-74.13094,40.61487],[-74.13121,40.61717],[-74.1315,40.61926],[-74.13204,40.62246],[-74.13207,40.62298],[-74.13201,40.62425],[-74.13151,40.62574],[-74.13134,40.62615],[-74.13141,40.62633],[-74.13333,40.62638],[-74.13404,40.6262],[-74.13681,40.62446],[-74.13738,40.62424],[-74.13845,40.62424],[-74.14128,40.62459],[-74.14132,40.62445],[-74.142,40.61926],[-74.14232,40.61713],[-74.14236,40.61662],[-74.14043,40.61639],[-74.13789,40.61605],[-74.13653,40.61585],[-74.13435,40.61547],[-74.13402,40.61525],[-74.13315,40.61441],[-74.13228,40.6134],[-74.132,40.61319],[-74.13074,40.61281]]]}},{"type":"Feature","properties":{"id":"whitestone-queens","name":"Whitestone","borough":"Queens"},"geometry":{"type":"Polygon","coordinates":[[[-73.78608,40.77575],[-73.78524,40.776],[-73.78625,40.77868],[-73.79072,40.77732],[-73.79139,40.78146],[-73.79179,40.78354],[-73.79214,40.78521],[-73.79211,40.78628],[-73.79215,40.78758],[-73.79484,40.78651],[-73.7947,40.78689],[-73.79507,40.78827],[-73.79445,40.7891],[-73.79385,40.78922],[-73.79494,40.79175],[-73.79485,40.79252],[-73.79458,40.79276],[-73.79464,40.79311],[-73.79432,40.79355],[-73.79432,40.79435],[-73.79456,40.79474],[-73.79529,40.79498],[-73.79612,40.79502],[-73.79752,40.79546],[-73.79819,40.79563],[-73.79861,40.79592],[-73.80037,40.79634],[-73.80086,40.79633],[-73.80101,40.79652],[-73.80203,40.79627],[-73.80259,40.7963],[-73.80296,40.79641],[-73.80298,40.79671],[-73.80341,40.79671],[-73.80348,40.79647],[-73.80397,40.79628],[-73.80462,40.79614],[-73.80534,40.79616],[-73.80575,40.79643],[-73.80623,40.7965],[-73.80636,40.79639],[-73.80768,40.79667],[-73.80882,40.7968],[-73.80931,40.79698],[-73.81058,40.79723],[-73.8115,40.79734],[-73.81182,40.79746],[-73.81179,40.79803],[-73.81224,40.79813],[-73.81254,40.79806],[-73.81287,40.79718],[-73.81325,40.79721],[-73.81364,40.79705],[-73.81364,40.79752],[-73.81508,40.79815],[-73.81603,40.79853],[-73.81649,40.79901],[-73.81739,40.79929],[-73.8185,40.80005],[-73.81911,40.80054],[-73.8198,40.8008],[-73.82007,40.8008],[-73.82098,40.80048],[-73.82178,40.79986],[-73.82228,40.79922],[-73.82285,40.79872],[-73.82383,40.79816],[-73.82403,40.79797],[-73.82523,40.7973],[-73.82612,40.79727],[-73.8263,40.79736],[-73.82663,40.79779],[-73.82698,40.79774],[-73.82719,40.79751],[-73.82701,40.79729],[-73.82707,40.79697],[-73.82744,40.79674],[-73.8279,40.79675],[-73.82841,40.79663],[-73.82883,40.7962],[-73.82863,40.79568],[-73.82834,40.79552],[-73.8282,40.79513],[-73.82801,40.79493],[-73.82789,40.79437],[-73.82792,40.79401],[-73.82779,40.7933],[-73.82791,40.79289],[-73.82852,40.79249],[-73.82871,40.7922],[-73.82916,40.79187],[-73.83012,40.79155],[-73.83053,40.79166],[-73.83132,40.79141],[-73.83164,40.79113],[-73.83215,40.79005],[-73.83199,40.78948],[-73.8313,40.78941],[-73.83103,40.78929],[-73.83082,40.78831],[-73.83132,40.78819],[-73.83435,40.78765],[-73.83455,40.78622],[-73.83636,40.78632],[-73.83635,40.78434],[-73.8307,40.78436],[-73.83054,40.78463],[-73.82679,40.78464],[-73.82603,40.78486],[-73.82566,40.78507],[-73.82454,40.78507],[-73.82466,40.78439],[-73.82469,40.78278],[-73.82519,40.78127],[-73.82611,40.77949],[-73.82708,40.77772],[-73.82811,40.77601],[-73.82751,40.77593],[-73.82582,40.77591],[-73.82535,40.77625],[-73.82434,40.77672],[-73.82167,40.77682],[-73.81967,40.77662],[-73.81766,40.77638],[-73.81661,40.77617],[-73.81588,40.77593],[-73.81566,40.77598],[-73.81474,40.7758],[-73.81343,40.77564],[-73.80899,40.7753],[-73.80343,40.77485],[-73.79756,40.77439],[-73.79585,40.77286],[-73.7941,40.77329],[-73.79197,40.77395],[-73.79107,40.77428],[-73.78608,40.77575]]]}},{"type":"Feature","properties":{"id":"willets-point-queens","name":"Willets Point","borough":"Queens"},"geometry":{"type":"Polygon","coordinates":[[[-73.85542,40.75837],[-73.85508,40.75723],[-73.85365,40.75453],[-73.85295,40.7531],[-73.85265,40.75252],[-73.84217,40.75575],[-73.84033,40.75636],[-73.83861,40.75693],[-73.83862,40.75695],[-73.83837,40.75814],[-73.83733,40.75998],[-73.83688,40.76087],[-73.83668,40.76137],[-73.83683,40.76202],[-73.83683,40.76261],[-73.83708,40.76331],[-73.83782,40.76445],[-73.83837,40.76509],[-73.83939,40.76555],[-73.83958,40.76525],[-73.83993,40.76535],[-73.84053,40.76539],[-73.84231,40.76483],[-73.84298,40.76442],[-73.84307,40.76359],[-73.84412,40.76314],[-73.84523,40.76243],[-73.84671,40.76135],[-73.84796,40.76055],[-73.84869,40.76014],[-73.84917,40.7603],[-73.84966,40.76105],[-73.84979,40.76098],[-73.8493,40.76024],[-73.84971,40.75984],[-73.85032,40.75953],[-73.85095,40.75942],[-73.85182,40.75948],[-73.85185,40.75942],[-73.85315,40.75867],[-73.85311,40.7586],[-73.85464,40.75847],[-73.85542,40.75837]]]}},{"type":"Feature","properties":{"id":"williamsbridge-bronx","name":"Williamsbridge","borough":"Bronx"},"geometry":{"type":"Polygon","coordinates":[[[-73.8703,40.87628],[-73.87059,40.87601],[-73.87046,40.87588],[-73.8705,40.87548],[-73.87038,40.87448],[-73.87047,40.87277],[-73.87067,40.87147],[-73.87068,40.87007],[-73.87065,40.86967],[-73.85854,40.86954],[-73.85519,40.86951],[-73.85506,40.87178],[-73.8549,40.87371],[-73.85341,40.87326],[-73.85098,40.87529],[-73.84622,40.87706],[-73.8429,40.87894],[-73.84129,40.88023],[-73.83834,40.8809],[-73.841,40.88592],[-73.84163,40.88835],[-73.84434,40.88923],[-73.8539,40.89227],[-73.86207,40.89489],[-73.8625,40.89398],[-73.8624,40.89308],[-73.8643,40.89098],[-73.86831,40.88096],[-73.8691,40.87898],[-73.86865,40.8779],[-73.86861,40.87722],[-73.8703,40.87628]]]}},{"type":"Feature","properties":{"id":"williamsburg-brooklyn","name":"Williamsburg","borough":"Brooklyn"},"geometry":{"type":"MultiPolygon","coordinates":[[[[-73.95774,40.72429],[-73.95833,40.72441],[-73.96037,40.72505],[-73.96116,40.72526],[-73.96154,40.72511],[-73.9619,40.72532],[-73.96211,40.72515],[-73.96166,40.72486],[-73.96189,40.72411],[-73.96207,40.72388],[-73.96276,40.7224],[-73.96297,40.72203],[-73.96354,40.72157],[-73.96427,40.72058],[-73.96448,40.72004],[-73.96512,40.72032],[-73.96541,40.71971],[-73.96512,40.71923],[-73.96574,40.71871],[-73.9662,40.71825],[-73.9666,40.71797],[-73.96725,40.71699],[-73.96711,40.71691],[-73.96736,40.71648],[-73.96801,40.71512],[-73.96885,40.71321],[-73.96844,40.71294],[-73.96878,40.71276],[-73.96894,40.71242],[-73.96888,40.71218],[-73.96914,40.71146],[-73.96942,40.71094],[-73.96972,40.71084],[-73.96961,40.71015],[-73.96994,40.7093],[-73.96985,40.708],[-73.96929,40.70705],[-73.96838,40.70683],[-73.96327,40.70768],[-73.95302,40.70673],[-73.95243,40.70668],[-73.94501,40.70249],[-73.94195,40.70073],[-73.94194,40.70073],[-73.94133,40.70081],[-73.94094,40.70086],[-73.93624,40.70159],[-73.93702,40.70193],[-73.93758,40.70329],[-73.93788,40.70358],[-73.93836,40.70383],[-73.93937,40.70485],[-73.94052,40.71159],[-73.94188,40.71428],[-73.94217,40.71493],[-73.94213,40.71615],[-73.94181,40.71699],[-73.94051,40.71869],[-73.94102,40.72196],[-73.94148,40.72164],[-73.9464,40.71866],[-73.94673,40.71843],[-73.94699,40.71958],[-73.94752,40.71927],[-73.95018,40.71901],[-73.95065,40.72171],[-73.95345,40.72167],[-73.95482,40.72245],[-73.95774,40.72429]]],[[[-73.94572,40.70028],[-73.94405,40.70047],[-73.94195,40.70073],[-73.94572,40.70028]]]]}},{"type":"Feature","properties":{"id":"willowbrook-staten-island","name":"Willowbrook","borough":"Staten Island"},"geometry":{"type":"Polygon","coordinates":[[[-74.14574,40.58996],[-74.14545,40.59147],[-74.14317,40.59432],[-74.14167,40.59354],[-74.13956,40.59582],[-74.14131,40.59675],[-74.14081,40.59753],[-74.13753,40.59753],[-74.13667,40.59757],[-74.13607,40.59728],[-74.13582,40.60221],[-74.13717,40.60331],[-74.13774,40.60335],[-74.13807,40.60801],[-74.13846,40.61192],[-74.13817,40.61192],[-74.1381,40.61306],[-74.13889,40.61309],[-74.14638,40.61431],[-74.15066,40.61524],[-74.15279,40.61543],[-74.15285,40.6153],[-74.15349,40.61394],[-74.15364,40.6123],[-74.15365,40.61218],[-74.15453,40.60969],[-74.15437,40.6089],[-74.15495,40.60867],[-74.16012,40.60746],[-74.16234,40.60721],[-74.16223,40.60517],[-74.16241,40.60424],[-74.16302,40.6026],[-74.16317,40.60208],[-74.16317,40.60168],[-74.16281,40.60033],[-74.16252,40.59876],[-74.16207,40.59653],[-74.1601,40.59649],[-74.15944,40.59642],[-74.15653,40.59581],[-74.15522,40.59552],[-74.15247,40.5941],[-74.15085,40.59296],[-74.14773,40.59113],[-74.14678,40.59051],[-74.14574,40.58996]]]}},{"type":"Feature","properties":{"id":"windsor-terrace-brooklyn","name":"Windsor Terrace","borough":"Brooklyn"},"geometry":{"type":"Polygon","coordinates":[[[-73.97937,40.66088],[-73.97993,40.66074],[-73.98012,40.66079],[-73.98169,40.65886],[-73.98309,40.65744],[-73.98399,40.65656],[-73.9818,40.65525],[-73.98031,40.64739],[-73.97869,40.64749],[-73.97678,40.6477],[-73.97561,40.6478],[-73.97442,40.64776],[-73.97394,40.64768],[-73.97319,40.64763],[-73.97143,40.64829],[-73.97162,40.64901],[-73.97188,40.64991],[-73.97211,40.65039],[-73.97171,40.65054],[-73.97392,40.65832],[-73.97937,40.66088]]]}},{"type":"Feature","properties":{"id":"woodhaven-queens","name":"Woodhaven","borough":"Queens"},"geometry":{"type":"Polygon","coordinates":[[[-73.8663,40.68325],[-73.85974,40.68513],[-73.85625,40.68612],[-73.84961,40.68803],[-73.84885,40.68821],[-73.84427,40.68954],[-73.84528,40.69138],[-73.84634,40.69352],[-73.84687,40.69445],[-73.84738,40.69557],[-73.84798,40.69661],[-73.84839,40.69747],[-73.8489,40.69841],[-73.85279,40.69749],[-73.85295,40.69745],[-73.86256,40.69591],[-73.86866,40.69494],[-73.8688,40.69491],[-73.86872,40.69476],[-73.86867,40.69385],[-73.86858,40.69366],[-73.86777,40.6898],[-73.86745,40.68838],[-73.86687,40.68633],[-73.8666,40.68527],[-73.8663,40.68325]]]}},{"type":"Feature","properties":{"id":"woodlawn-bronx","name":"Woodlawn","borough":"Bronx"},"geometry":{"type":"Polygon","coordinates":[[[-73.86831,40.88096],[-73.8643,40.89098],[-73.8624,40.89308],[-73.8625,40.89398],[-73.86207,40.89489],[-73.8614,40.89698],[-73.86127,40.89848],[-73.8601,40.90058],[-73.86202,40.90119],[-73.86286,40.90153],[-73.86467,40.90179],[-73.86695,40.90248],[-73.86767,40.90287],[-73.86793,40.90288],[-73.86873,40.90192],[-73.86952,40.9012],[-73.87064,40.90048],[-73.87143,40.90005],[-73.87285,40.89943],[-73.87352,40.89917],[-73.87442,40.89873],[-73.87489,40.89843],[-73.87584,40.89753],[-73.87672,40.89637],[-73.87693,40.89601],[-73.87711,40.89545],[-73.87921,40.89533],[-73.8802,40.8952],[-73.88045,40.89321],[-73.88039,40.8925],[-73.88006,40.89174],[-73.87938,40.89052],[-73.87908,40.8899],[-73.87825,40.88801],[-73.87817,40.88772],[-73.87796,40.88752],[-73.8776,40.88481],[-73.8777,40.88365],[-73.87812,40.88218],[-73.87477,40.88155],[-73.87475,40.87996],[-73.87294,40.88015],[-73.87068,40.88046],[-73.86841,40.88072],[-73.86831,40.88096]]]}},{"type":"Feature","properties":{"id":"woodrow-staten-island","name":"Woodrow","borough":"Staten Island"},"geometry":{"type":"Polygon","coordinates":[[[-74.21777,40.53149],[-74.21814,40.53285],[-74.2182,40.53352],[-74.21213,40.53425],[-74.21022,40.53447],[-74.2079,40.53492],[-74.20452,40.53589],[-74.20603,40.53883],[-74.20698,40.54212],[-74.21771,40.5412],[-74.22407,40.54085],[-74.22462,40.53705],[-74.22411,40.53226],[-74.22399,40.53228],[-74.22142,40.53192],[-74.22014,40.53177],[-74.21832,40.53151],[-74.21777,40.53149]]]}},{"type":"Feature","properties":{"id":"woodside-queens","name":"Woodside","borough":"Queens"},"geometry":{"type":"Polygon","coordinates":[[[-73.89855,40.75417],[-73.89925,40.75514],[-73.90009,40.75655],[-73.90125,40.75906],[-73.90143,40.75964],[-73.90193,40.76173],[-73.90219,40.76258],[-73.90268,40.76372],[-73.90344,40.76556],[-73.90353,40.76579],[-73.90418,40.76502],[-73.90453,40.76458],[-73.90374,40.76421],[-73.90482,40.76283],[-73.90552,40.76167],[-73.90575,40.76178],[-73.90658,40.76071],[-73.9091,40.75757],[-73.90791,40.75702],[-73.90813,40.75623],[-73.90853,40.75518],[-73.90918,40.75401],[-73.90956,40.75359],[-73.91026,40.75297],[-73.91054,40.75269],[-73.90985,40.75159],[-73.90949,40.75081],[-73.90949,40.75051],[-73.90975,40.74975],[-73.91171,40.74997],[-73.91191,40.7487],[-73.91282,40.74882],[-73.91324,40.74689],[-73.91354,40.74526],[-73.91399,40.74313],[-73.91402,40.74267],[-73.91376,40.74264],[-73.91422,40.74117],[-73.91454,40.74056],[-73.91635,40.74086],[-73.91671,40.73898],[-73.91642,40.7389],[-73.91721,40.73692],[-73.91725,40.73625],[-73.91753,40.73544],[-73.91704,40.73545],[-73.91599,40.73559],[-73.91558,40.73551],[-73.9095,40.7363],[-73.90714,40.73672],[-73.90598,40.73717],[-73.90483,40.73778],[-73.90394,40.73817],[-73.90296,40.73853],[-73.90191,40.7388],[-73.90042,40.73968],[-73.8995,40.74039],[-73.89793,40.74167],[-73.89702,40.74226],[-73.89614,40.74316],[-73.89538,40.74362],[-73.89513,40.74415],[-73.89471,40.74461],[-73.89462,40.74515],[-73.89483,40.74587],[-73.8951,40.74652],[-73.8956,40.7477],[-73.89616,40.74861],[-73.89679,40.74942],[-73.89715,40.74961],[-73.89743,40.75023],[-73.89748,40.75119],[-73.89741,40.75232],[-73.89816,40.75363],[-73.89855,40.75417]]]}}]}