{"type":"FeatureCollection","features":[{"type":"Feature","properties":{"id":"BK0101","name":"Greenpoint","borough":"Brooklyn"},"geometry":{"type":"Polygon","coordinates":[[[-73.93213,40.72816],[-73.93302,40.72821],[-73.93421,40.72845],[-73.93493,40.72854],[-73.93712,40.72919],[-73.93809,40.72975],[-73.93975,40.73107],[-73.94037,40.73221],[-73.94068,40.73302],[-73.94116,40.73375],[-73.94115,40.73415],[-73.94177,40.73498],[-73.9424,40.73542],[-73.9433,40.73582],[-73.94453,40.73628],[-73.94501,40.73553],[-73.94526,40.73589],[-73.945,40.73642],[-73.94555,40.73654],[-73.94587,40.7361],[-73.94625,40.73617],[-73.94674,40.73528],[-73.9466,40.73444],[-73.94707,40.7344],[-73.9472,40.73536],[-73.94644,40.73678],[-73.94662,40.73693],[-73.94809,40.73747],[-73.94812,40.7374],[-73.95046,40.73831],[-73.95199,40.73875],[-73.95323,40.73899],[-73.95471,40.73913],[-73.95693,40.73889],[-73.95831,40.73814],[-73.9598,40.73709],[-73.96157,40.73518],[-73.96209,40.73451],[-73.96229,40.73405],[-73.96234,40.73339],[-73.96226,40.73292],[-73.96171,40.73157],[-73.96167,40.73148],[-73.96143,40.73095],[-73.96129,40.73016],[-73.96129,40.73006],[-73.96102,40.72871],[-73.96114,40.72811],[-73.96162,40.72666],[-73.96161,40.72587],[-73.96106,40.72585],[-73.96029,40.72595],[-73.96012,40.72532],[-73.95842,40.7254],[-73.95795,40.72504],[-73.95794,40.72465],[-73.95814,40.7244],[-73.95772,40.72429],[-73.95477,40.72246],[-73.95165,40.72348],[-73.95065,40.72171],[-73.94987,40.72218],[-73.94908,40.72254],[-73.94842,40.71846],[-73.94721,40.71856],[-73.9456,40.71957],[-73.94282,40.72114],[-73.94196,40.72165],[-73.9411,40.72231],[-73.94022,40.72289],[-73.93849,40.72381],[-73.93752,40.72426],[-73.93539,40.72591],[-73.93412,40.72686],[-73.93213,40.72816]]]}},{"type":"Feature","properties":{"id":"BK0102","name":"Williamsburg","borough":"Brooklyn"},"geometry":{"type":"Polygon","coordinates":[[[-73.95814,40.7244],[-73.95833,40.72441],[-73.96116,40.72527],[-73.96154,40.72511],[-73.9619,40.72532],[-73.96211,40.72515],[-73.96166,40.72486],[-73.96201,40.72399],[-73.96207,40.72388],[-73.96296,40.72203],[-73.96354,40.72157],[-73.96402,40.72088],[-73.96406,40.7208],[-73.9642,40.72065],[-73.96427,40.72058],[-73.96436,40.72048],[-73.9644,40.72044],[-73.96448,40.72004],[-73.96503,40.72038],[-73.96512,40.72032],[-73.96537,40.71991],[-73.96531,40.71939],[-73.96512,40.71923],[-73.96574,40.71871],[-73.96576,40.71869],[-73.96656,40.71801],[-73.9666,40.71797],[-73.96725,40.71699],[-73.96736,40.71648],[-73.96801,40.71512],[-73.96885,40.71321],[-73.96851,40.7131],[-73.96884,40.71239],[-73.9691,40.71156],[-73.96942,40.71094],[-73.96976,40.71081],[-73.96961,40.71015],[-73.96994,40.7093],[-73.96985,40.708],[-73.96929,40.70709],[-73.96839,40.70683],[-73.96729,40.707],[-73.96328,40.70773],[-73.96274,40.70769],[-73.95846,40.70725],[-73.95839,40.70768],[-73.9579,40.70843],[-73.95554,40.70759],[-73.95191,40.70636],[-73.95023,40.70547],[-73.95087,40.70951],[-73.94866,40.70972],[-73.94937,40.71407],[-73.95348,40.71407],[-73.95275,40.71474],[-73.95184,40.71544],[-73.95115,40.71604],[-73.94904,40.71743],[-73.94721,40.71856],[-73.94842,40.71846],[-73.94908,40.72254],[-73.94987,40.72218],[-73.95065,40.72171],[-73.95165,40.72348],[-73.95477,40.72246],[-73.95772,40.72429],[-73.95814,40.7244]]]}},{"type":"Feature","properties":{"id":"BK0103","name":"South Williamsburg","borough":"Brooklyn"},"geometry":{"type":"Polygon","coordinates":[[[-73.95023,40.70547],[-73.95191,40.70636],[-73.95554,40.70759],[-73.9579,40.70843],[-73.95839,40.70768],[-73.95846,40.70725],[-73.96274,40.70769],[-73.96328,40.70773],[-73.96729,40.707],[-73.96839,40.70683],[-73.96761,40.70496],[-73.96721,40.70425],[-73.96387,40.70154],[-73.96218,40.70022],[-73.96284,40.69804],[-73.96105,40.69833],[-73.95702,40.69897],[-73.95337,40.69941],[-73.94632,40.70022],[-73.94439,40.70043],[-73.94193,40.70073],[-73.94306,40.70142],[-73.94984,40.70523],[-73.95023,40.70547]]]}},{"type":"Feature","properties":{"id":"BK0104","name":"East Williamsburg","borough":"Brooklyn"},"geometry":{"type":"Polygon","coordinates":[[[-73.92406,40.71411],[-73.92433,40.71412],[-73.92483,40.71528],[-73.92431,40.71585],[-73.92359,40.71603],[-73.92306,40.71634],[-73.9236,40.71729],[-73.92458,40.71795],[-73.92595,40.71769],[-73.92809,40.71713],[-73.92864,40.7169],[-73.9289,40.71657],[-73.92844,40.71553],[-73.93085,40.7149],[-73.93105,40.71461],[-73.93042,40.71319],[-73.93051,40.71307],[-73.93173,40.71275],[-73.93185,40.71256],[-73.93025,40.70893],[-73.9305,40.70868],[-73.93103,40.70936],[-73.9319,40.71134],[-73.93328,40.71098],[-73.93338,40.71123],[-73.93203,40.71159],[-73.93264,40.713],[-73.93164,40.71334],[-73.93124,40.71372],[-73.93176,40.71474],[-73.93214,40.71468],[-73.93216,40.71501],[-73.93149,40.71521],[-73.92958,40.71567],[-73.92932,40.71611],[-73.92971,40.71705],[-73.92887,40.71773],[-73.92838,40.71758],[-73.92638,40.71809],[-73.92616,40.7181],[-73.92482,40.71849],[-73.92469,40.71872],[-73.92453,40.71967],[-73.92482,40.72027],[-73.92562,40.72006],[-73.9272,40.72365],[-73.92779,40.72493],[-73.92786,40.72575],[-73.92816,40.72621],[-73.9289,40.72703],[-73.92951,40.72757],[-73.93033,40.7278],[-73.93081,40.72785],[-73.93213,40.72816],[-73.93412,40.72686],[-73.93539,40.72591],[-73.93752,40.72426],[-73.93849,40.72381],[-73.94022,40.72289],[-73.9411,40.72231],[-73.94196,40.72165],[-73.94282,40.72114],[-73.9456,40.71957],[-73.94721,40.71856],[-73.94904,40.71743],[-73.95115,40.71604],[-73.95184,40.71544],[-73.95275,40.71474],[-73.95348,40.71407],[-73.94937,40.71407],[-73.94866,40.70972],[-73.95087,40.70951],[-73.95023,40.70547],[-73.94984,40.70523],[-73.94306,40.70142],[-73.94193,40.70073],[-73.93837,40.70154],[-73.93753,40.70177],[-73.93395,40.70267],[-73.93352,40.70285],[-73.92665,40.70553],[-73.92609,40.70568],[-73.92491,40.70675],[-73.92189,40.7094],[-73.92075,40.71053],[-73.92154,40.71104],[-73.92223,40.71286],[-73.92314,40.71339],[-73.92404,40.71401],[-73.92406,40.71411]]]}},{"type":"Feature","properties":{"id":"BK0201","name":"Brooklyn Heights","borough":"Brooklyn"},"geometry":{"type":"Polygon","coordinates":[[[-73.99236,40.68969],[-73.99071,40.68913],[-73.99048,40.68914],[-73.98922,40.69097],[-73.98893,40.69209],[-73.98947,40.69229],[-73.99097,40.69255],[-73.99044,40.69383],[-73.99128,40.69659],[-73.99137,40.69702],[-73.99143,40.69855],[-73.99124,40.69937],[-73.99084,40.70028],[-73.99093,40.70076],[-73.99222,40.70178],[-73.99316,40.70237],[-73.99505,40.70313],[-73.99514,40.70298],[-73.9967,40.70088],[-73.99724,40.70014],[-73.99716,40.69979],[-73.9975,40.69964],[-73.99802,40.69876],[-73.99838,40.69806],[-73.99887,40.69716],[-73.99948,40.69671],[-73.99942,40.69635],[-74.00027,40.69496],[-74.00096,40.69407],[-74.00127,40.6933],[-74.00174,40.69241],[-74.00162,40.69255],[-74.00062,40.69204],[-73.99952,40.69165],[-73.99777,40.69119],[-73.99236,40.68969]]]}},{"type":"Feature","properties":{"id":"BK0202","name":"Downtown Brooklyn","borough":"Brooklyn"},"geometry":{"type":"Polygon","coordinates":[[[-73.98054,40.69825],[-73.9804,40.7007],[-73.98084,40.70129],[-73.98065,40.70156],[-73.9809,40.70186],[-73.98003,40.70214],[-73.98028,40.70304],[-73.9796,40.70417],[-73.97933,40.70475],[-73.97912,40.70553],[-73.97933,40.70576],[-73.98024,40.70576],[-73.98091,40.70591],[-73.98093,40.70537],[-73.98233,40.70555],[-73.98246,40.70554],[-73.98341,40.70547],[-73.98344,40.70564],[-73.98474,40.70554],[-73.98644,40.70535],[-73.98687,40.70516],[-73.98796,40.70514],[-73.98829,40.70507],[-73.9883,40.70454],[-73.99009,40.70494],[-73.99031,40.70484],[-73.99055,40.70442],[-73.99095,40.70403],[-73.99186,40.70409],[-73.99212,40.7044],[-73.99213,40.70469],[-73.99351,40.70462],[-73.99457,40.70438],[-73.99477,40.70395],[-73.99488,40.70379],[-73.99467,40.70343],[-73.9948,40.70329],[-73.99505,40.70313],[-73.99316,40.70237],[-73.99222,40.70178],[-73.99093,40.70076],[-73.99084,40.70028],[-73.99124,40.69937],[-73.99143,40.69855],[-73.99137,40.69702],[-73.99128,40.69659],[-73.99044,40.69383],[-73.99097,40.69255],[-73.98947,40.69229],[-73.98893,40.69209],[-73.98922,40.69097],[-73.99048,40.68914],[-73.99071,40.68913],[-73.99236,40.68969],[-73.99393,40.68645],[-73.98913,40.68459],[-73.98828,40.68587],[-73.98612,40.68502],[-73.97961,40.68249],[-73.97876,40.68377],[-73.97808,40.68492],[-73.98065,40.68846],[-73.98084,40.68886],[-73.98351,40.68992],[-73.9835,40.69001],[-73.9814,40.68993],[-73.98206,40.69131],[-73.98179,40.69164],[-73.98176,40.69296],[-73.98252,40.69298],[-73.98251,40.69361],[-73.97917,40.69349],[-73.97938,40.69389],[-73.97986,40.69429],[-73.98014,40.69471],[-73.98041,40.69656],[-73.98054,40.69825]]]}},{"type":"Feature","properties":{"id":"BK0203","name":"Fort Greene","borough":"Brooklyn"},"geometry":{"type":"Polygon","coordinates":[[[-73.96284,40.69804],[-73.96487,40.69772],[-73.96577,40.69764],[-73.97679,40.69808],[-73.98054,40.69825],[-73.98041,40.69656],[-73.98014,40.69471],[-73.97986,40.69429],[-73.97938,40.69389],[-73.97917,40.69349],[-73.98251,40.69361],[-73.98252,40.69298],[-73.98176,40.69296],[-73.98179,40.69164],[-73.98206,40.69131],[-73.9814,40.68993],[-73.9835,40.69001],[-73.98351,40.68992],[-73.98084,40.68886],[-73.98065,40.68846],[-73.97808,40.68492],[-73.97746,40.68405],[-73.97595,40.68351],[-73.97376,40.68305],[-73.96869,40.68201],[-73.96867,40.68208],[-73.96906,40.68416],[-73.96979,40.68775],[-73.97013,40.68951],[-73.9691,40.68947],[-73.96983,40.69314],[-73.96881,40.69312],[-73.9694,40.69608],[-73.96547,40.69593],[-73.96489,40.69602],[-73.96415,40.69627],[-73.96365,40.69662],[-73.96317,40.69719],[-73.96284,40.69804]]]}},{"type":"Feature","properties":{"id":"BK0204","name":"Clinton Hill","borough":"Brooklyn"},"geometry":{"type":"Polygon","coordinates":[[[-73.96135,40.68046],[-73.96127,40.68052],[-73.96167,40.68269],[-73.95884,40.68302],[-73.96001,40.68888],[-73.96029,40.69035],[-73.95943,40.69045],[-73.96016,40.69412],[-73.96105,40.69833],[-73.96284,40.69804],[-73.96317,40.69719],[-73.96365,40.69662],[-73.96415,40.69627],[-73.96489,40.69602],[-73.96547,40.69593],[-73.9694,40.69608],[-73.96881,40.69312],[-73.96983,40.69314],[-73.9691,40.68947],[-73.97013,40.68951],[-73.96979,40.68775],[-73.96906,40.68416],[-73.96867,40.68208],[-73.96869,40.68201],[-73.96442,40.68112],[-73.96135,40.68046]]]}},{"type":"Feature","properties":{"id":"BK0301","name":"Bedford-Stuyvesant (West)","borough":"Brooklyn"},"geometry":{"type":"Polygon","coordinates":[[[-73.94414,40.67824],[-73.94397,40.68009],[-73.94033,40.67989],[-73.9415,40.68576],[-73.94178,40.68723],[-73.94252,40.69089],[-73.94339,40.69529],[-73.94372,40.69706],[-73.94439,40.70043],[-73.94632,40.70022],[-73.95337,40.69941],[-73.95702,40.69897],[-73.96105,40.69833],[-73.96016,40.69412],[-73.95943,40.69045],[-73.96029,40.69035],[-73.96001,40.68888],[-73.95884,40.68302],[-73.96167,40.68269],[-73.96127,40.68052],[-73.96135,40.68046],[-73.95596,40.67935],[-73.95531,40.67927],[-73.95301,40.67881],[-73.95205,40.67867],[-73.94968,40.67857],[-73.94817,40.67846],[-73.94414,40.67824]]]}},{"type":"Feature","properties":{"id":"BK0302","name":"Bedford-Stuyvesant (East)","borough":"Brooklyn"},"geometry":{"type":"Polygon","coordinates":[[[-73.92778,40.69276],[-73.9297,40.69386],[-73.93818,40.69864],[-73.93969,40.69946],[-73.94193,40.70073],[-73.94439,40.70043],[-73.94372,40.69706],[-73.94339,40.69529],[-73.94252,40.69089],[-73.94178,40.68723],[-73.9415,40.68576],[-73.94033,40.67989],[-73.94397,40.68009],[-73.94414,40.67824],[-73.93862,40.67795],[-73.93307,40.67763],[-73.92783,40.67735],[-73.92378,40.67711],[-73.92182,40.67702],[-73.92165,40.67887],[-73.9163,40.67858],[-73.91669,40.68037],[-73.91804,40.68721],[-73.92207,40.68949],[-73.92364,40.6904],[-73.92778,40.69276]]]}},{"type":"Feature","properties":{"id":"BK0401","name":"Bushwick (West)","borough":"Brooklyn"},"geometry":{"type":"Polygon","coordinates":[[[-73.91142,40.70149],[-73.9129,40.70236],[-73.9118,40.70344],[-73.92189,40.7094],[-73.92491,40.70675],[-73.92609,40.70568],[-73.92665,40.70553],[-73.93352,40.70285],[-73.93395,40.70267],[-73.93753,40.70177],[-73.93837,40.70154],[-73.94193,40.70073],[-73.93969,40.69946],[-73.93818,40.69864],[-73.9297,40.69386],[-73.92778,40.69276],[-73.92648,40.69414],[-73.9275,40.6947],[-73.9265,40.69571],[-73.92425,40.69443],[-73.92082,40.69792],[-73.91932,40.69706],[-73.91632,40.70012],[-73.91406,40.69884],[-73.91257,40.70036],[-73.91142,40.70149]]]}},{"type":"Feature","properties":{"id":"BK0402","name":"Bushwick (East)","borough":"Brooklyn"},"geometry":{"type":"Polygon","coordinates":[[[-73.9014,40.69159],[-73.90207,40.692],[-73.90579,40.69413],[-73.90492,40.69507],[-73.90426,40.6957],[-73.90802,40.69782],[-73.91107,40.69957],[-73.9118,40.69995],[-73.91068,40.70105],[-73.91142,40.70149],[-73.91257,40.70036],[-73.91406,40.69884],[-73.91632,40.70012],[-73.91932,40.69706],[-73.92082,40.69792],[-73.92425,40.69443],[-73.9265,40.69571],[-73.9275,40.6947],[-73.92648,40.69414],[-73.92778,40.69276],[-73.92364,40.6904],[-73.92207,40.68949],[-73.91804,40.68721],[-73.91663,40.68639],[-73.91454,40.68523],[-73.90702,40.68095],[-73.90405,40.67922],[-73.90262,40.68066],[-73.90286,40.68094],[-73.90281,40.68234],[-73.90575,40.68401],[-73.90449,40.6863],[-73.90534,40.68682],[-73.90488,40.68773],[-73.9033,40.68963],[-73.9014,40.69159]]]}},{"type":"Feature","properties":{"id":"BK0501","name":"Cypress Hills","borough":"Brooklyn"},"geometry":{"type":"Polygon","coordinates":[[[-73.8663,40.68319],[-73.8666,40.68527],[-73.86687,40.68633],[-73.86746,40.6884],[-73.86806,40.69119],[-73.86902,40.69099],[-73.87173,40.69028],[-73.87405,40.6893],[-73.87571,40.68856],[-73.87789,40.68749],[-73.88131,40.68578],[-73.8839,40.68458],[-73.88819,40.68255],[-73.88893,40.68312],[-73.89015,40.685],[-73.89258,40.68349],[-73.89418,40.68528],[-73.89555,40.68379],[-73.89653,40.6824],[-73.89687,40.68088],[-73.8971,40.68048],[-73.89749,40.68008],[-73.89787,40.67987],[-73.8989,40.67956],[-73.8997,40.67954],[-73.90024,40.67942],[-73.90262,40.68066],[-73.90405,40.67922],[-73.90257,40.67834],[-73.90005,40.67689],[-73.89837,40.67766],[-73.89775,40.67806],[-73.89654,40.6786],[-73.89622,40.67736],[-73.88988,40.6783],[-73.889,40.67856],[-73.88825,40.67563],[-73.8805,40.67677],[-73.88106,40.67898],[-73.87742,40.68001],[-73.8774,40.6801],[-73.87632,40.68041],[-73.87585,40.68045],[-73.87359,40.68109],[-73.87327,40.67992],[-73.8712,40.68022],[-73.87156,40.68169],[-73.8663,40.68319]]]}},{"type":"Feature","properties":{"id":"BK0502","name":"East New York (North)","borough":"Brooklyn"},"geometry":{"type":"Polygon","coordinates":[[[-73.87423,40.67086],[-73.87496,40.67365],[-73.87657,40.68017],[-73.87742,40.68001],[-73.88106,40.67898],[-73.8805,40.67677],[-73.88825,40.67563],[-73.889,40.67856],[-73.88988,40.6783],[-73.89622,40.67736],[-73.89654,40.6786],[-73.89775,40.67806],[-73.89837,40.67766],[-73.90005,40.67689],[-73.90245,40.67588],[-73.90348,40.67551],[-73.90266,40.6722],[-73.90229,40.67094],[-73.90167,40.66841],[-73.90085,40.66535],[-73.8836,40.6679],[-73.87849,40.66866],[-73.87887,40.67019],[-73.87423,40.67086]]]}},{"type":"Feature","properties":{"id":"BK0503","name":"East New York (New Lots)","borough":"Brooklyn"},"geometry":{"type":"Polygon","coordinates":[[[-73.86718,40.66045],[-73.86816,40.66173],[-73.87057,40.66503],[-73.87388,40.66945],[-73.87423,40.67086],[-73.87887,40.67019],[-73.87849,40.66866],[-73.8836,40.6679],[-73.90085,40.66535],[-73.90043,40.66381],[-73.90145,40.66366],[-73.90066,40.66059],[-73.89989,40.66064],[-73.89965,40.66074],[-73.89879,40.65741],[-73.90029,40.65721],[-73.90065,40.65704],[-73.90119,40.65651],[-73.90244,40.65569],[-73.90318,40.65531],[-73.90784,40.65459],[-73.9074,40.65284],[-73.90856,40.6521],[-73.90945,40.65152],[-73.90869,40.65072],[-73.90828,40.6505],[-73.90509,40.64761],[-73.90398,40.64663],[-73.90057,40.64885],[-73.89736,40.65089],[-73.89586,40.65188],[-73.89761,40.65345],[-73.89355,40.6552],[-73.89213,40.65325],[-73.89136,40.65237],[-73.89,40.65115],[-73.88638,40.65273],[-73.88465,40.65345],[-73.88221,40.65452],[-73.87973,40.65556],[-73.87407,40.65801],[-73.87325,40.65835],[-73.86916,40.66012],[-73.86847,40.6603],[-73.86718,40.66045]]]}},{"type":"Feature","properties":{"id":"BK0504","name":"Starrett City","borough":"Brooklyn"},"geometry":{"type":"MultiPolygon","coordinates":[[[[-73.88829,40.64672],[-73.8882,40.64714],[-73.88864,40.64708],[-73.88854,40.64697],[-73.88847,40.6469],[-73.88829,40.64672]]],[[[-73.86054,40.65462],[-73.86087,40.65508],[-73.86245,40.65529],[-73.86366,40.6559],[-73.8642,40.65643],[-73.86602,40.65891],[-73.86718,40.66045],[-73.86847,40.6603],[-73.86916,40.66012],[-73.87325,40.65835],[-73.87407,40.65801],[-73.87973,40.65556],[-73.88221,40.65452],[-73.88465,40.65345],[-73.88638,40.65273],[-73.89,40.65115],[-73.89125,40.65003],[-73.89057,40.64921],[-73.89035,40.64903],[-73.89001,40.6493],[-73.88922,40.64872],[-73.88879,40.64831],[-73.88864,40.64802],[-73.88815,40.64787],[-73.88777,40.64789],[-73.88751,40.64742],[-73.88773,40.64714],[-73.88764,40.64633],[-73.8872,40.6456],[-73.88673,40.64513],[-73.886,40.64457],[-73.88558,40.64404],[-73.88481,40.64395],[-73.88433,40.6441],[-73.884,40.64437],[-73.88342,40.64452],[-73.88302,40.64418],[-73.88215,40.64374],[-73.88224,40.64345],[-73.88135,40.64233],[-73.88054,40.64206],[-73.88006,40.64199],[-73.88003,40.64172],[-73.88048,40.64112],[-73.88017,40.6409],[-73.8799,40.64037],[-73.87931,40.64007],[-73.87884,40.63946],[-73.87862,40.63936],[-73.87835,40.63887],[-73.8779,40.6398],[-73.8765,40.64255],[-73.87564,40.64403],[-73.87497,40.645],[-73.87386,40.64631],[-73.87672,40.65032],[-73.87676,40.65056],[-73.87911,40.65371],[-73.87972,40.65437],[-73.87921,40.65459],[-73.87352,40.64688],[-73.87342,40.64678],[-73.87253,40.64758],[-73.87126,40.64855],[-73.8701,40.6493],[-73.86927,40.64977],[-73.86377,40.65271],[-73.86279,40.65326],[-73.86054,40.65462]]]]}},{"type":"Feature","properties":{"id":"BK0505","name":"East New York (City Line)","borough":"Brooklyn"},"geometry":{"type":"Polygon","coordinates":[[[-73.86335,40.67935],[-73.8641,40.68237],[-73.86602,40.68192],[-73.8663,40.68319],[-73.87156,40.68169],[-73.8712,40.68022],[-73.87327,40.67992],[-73.87359,40.68109],[-73.87585,40.68045],[-73.87632,40.68041],[-73.8774,40.6801],[-73.87742,40.68001],[-73.87657,40.68017],[-73.87496,40.67365],[-73.87423,40.67086],[-73.87388,40.66945],[-73.87057,40.66503],[-73.86816,40.66173],[-73.86718,40.66045],[-73.86602,40.65891],[-73.8642,40.65643],[-73.86366,40.6559],[-73.86245,40.65529],[-73.86087,40.65508],[-73.86099,40.65521],[-73.86174,40.65529],[-73.86264,40.65567],[-73.86319,40.65632],[-73.863,40.65665],[-73.86327,40.65694],[-73.8627,40.65762],[-73.86317,40.65828],[-73.86175,40.65894],[-73.86119,40.65926],[-73.86031,40.65963],[-73.85851,40.6599],[-73.85761,40.66012],[-73.85812,40.66204],[-73.85843,40.66345],[-73.85568,40.66387],[-73.85612,40.66551],[-73.85646,40.66704],[-73.85763,40.67165],[-73.86039,40.67125],[-73.86132,40.67502],[-73.86235,40.67917],[-73.86329,40.67908],[-73.86335,40.67935]]]}},{"type":"Feature","properties":{"id":"BK0601","name":"Carroll Gardens","borough":"Brooklyn"},"geometry":{"type":"Polygon","coordinates":[[[-73.99236,40.68969],[-73.99777,40.69119],[-73.99952,40.69165],[-74.00062,40.69204],[-74.00162,40.69255],[-74.00174,40.69241],[-74.00197,40.69184],[-74.00133,40.69146],[-74.0007,40.69061],[-74.00096,40.69013],[-74.00185,40.69039],[-74.00197,40.69014],[-74.00298,40.69043],[-74.00382,40.68893],[-74.00459,40.68822],[-74.00563,40.68679],[-74.00588,40.68619],[-74.00644,40.68629],[-74.00702,40.68653],[-74.00817,40.68617],[-74.01193,40.68389],[-74.01178,40.68376],[-74.01077,40.68436],[-74.00967,40.68327],[-74.01302,40.68041],[-74.01387,40.68101],[-74.01361,40.68122],[-74.01411,40.68171],[-74.01213,40.68291],[-74.01282,40.68362],[-74.01532,40.68211],[-74.0152,40.68198],[-74.01747,40.68062],[-74.01773,40.68066],[-74.01899,40.6799],[-74.01928,40.67965],[-74.01955,40.67903],[-74.01944,40.67893],[-74.01858,40.67898],[-74.01827,40.67855],[-74.01841,40.67844],[-74.01843,40.67791],[-74.01903,40.67788],[-74.01914,40.67772],[-74.01908,40.67714],[-74.01995,40.6771],[-74.01977,40.67661],[-74.01911,40.67654],[-74.01798,40.67657],[-74.01789,40.67615],[-74.01802,40.67589],[-74.01844,40.67587],[-74.01841,40.67552],[-74.01799,40.67513],[-74.01818,40.67446],[-74.01727,40.67361],[-74.0188,40.67225],[-74.01817,40.67194],[-74.01497,40.67468],[-74.01458,40.67441],[-74.01632,40.67291],[-74.01512,40.67216],[-74.01337,40.67359],[-74.01298,40.67333],[-74.01423,40.67221],[-74.01429,40.67224],[-74.01569,40.67104],[-74.01559,40.67097],[-74.01423,40.67213],[-74.01387,40.67188],[-74.0152,40.67075],[-74.01508,40.67069],[-74.01427,40.67138],[-74.01399,40.67119],[-74.01355,40.67126],[-74.01262,40.67084],[-74.01227,40.67096],[-74.01175,40.67066],[-74.01424,40.66981],[-74.01406,40.6697],[-74.01163,40.67058],[-74.01154,40.66978],[-74.01087,40.66971],[-74.01091,40.66919],[-74.01034,40.66908],[-74.01035,40.66864],[-74.01088,40.6686],[-74.01228,40.66573],[-74.01594,40.66547],[-74.01603,40.66486],[-74.01649,40.66493],[-74.01669,40.66544],[-74.01751,40.67103],[-74.01888,40.6716],[-74.01934,40.67162],[-74.01876,40.67108],[-74.01858,40.67039],[-74.01789,40.66585],[-74.01744,40.66527],[-74.01691,40.66485],[-74.01575,40.66457],[-74.01154,40.66509],[-74.00985,40.66853],[-74.00709,40.66859],[-74.0078,40.66716],[-74.00755,40.66705],[-74.0068,40.66859],[-74.00662,40.66862],[-74.00544,40.67092],[-74.00475,40.67072],[-74.00631,40.66749],[-74.006,40.66789],[-74.0051,40.66798],[-74.00363,40.66757],[-74.00319,40.66726],[-74.00289,40.66735],[-74.00222,40.66858],[-74.00142,40.66836],[-74.00105,40.66894],[-74.0003,40.66872],[-73.99931,40.67077],[-73.99877,40.6716],[-73.99855,40.67193],[-73.99662,40.66885],[-73.99648,40.66892],[-73.99585,40.66797],[-73.9947,40.66666],[-73.99277,40.66551],[-73.99173,40.66673],[-73.98921,40.66975],[-73.9839,40.67615],[-73.98175,40.67931],[-73.97961,40.68249],[-73.98612,40.68502],[-73.98828,40.68587],[-73.98913,40.68459],[-73.99393,40.68645],[-73.99236,40.68969]]]}},{"type":"Feature","properties":{"id":"BK0602","name":"Park Slope","borough":"Brooklyn"},"geometry":{"type":"Polygon","coordinates":[[[-73.97376,40.68305],[-73.97595,40.68351],[-73.97746,40.68405],[-73.97808,40.68492],[-73.97876,40.68377],[-73.97961,40.68249],[-73.98175,40.67931],[-73.9839,40.67615],[-73.98921,40.66975],[-73.99173,40.66673],[-73.98223,40.66214],[-73.98017,40.66116],[-73.97965,40.66124],[-73.97685,40.66461],[-73.97181,40.67063],[-73.97085,40.67186],[-73.97041,40.67265],[-73.96966,40.67264],[-73.96894,40.67289],[-73.96871,40.67381],[-73.96878,40.67425],[-73.9692,40.67499],[-73.96969,40.67536],[-73.9695,40.67591],[-73.97189,40.67639],[-73.97618,40.67806],[-73.97469,40.68027],[-73.9745,40.68073],[-73.97372,40.68294],[-73.97376,40.68305]]]}},{"type":"Feature","properties":{"id":"BK0701","name":"Windsor Terrace","borough":"Brooklyn"},"geometry":{"type":"Polygon","coordinates":[[[-73.98017,40.66116],[-73.98223,40.66214],[-73.99173,40.66673],[-73.99277,40.66551],[-73.98831,40.66279],[-73.98871,40.66241],[-73.9873,40.66044],[-73.98731,40.66033],[-73.98843,40.65925],[-73.9818,40.65525],[-73.98029,40.6473],[-73.97634,40.64773],[-73.97527,40.64783],[-73.9735,40.6476],[-73.97315,40.6476],[-73.9714,40.64826],[-73.97209,40.65066],[-73.97249,40.65072],[-73.9727,40.651],[-73.97233,40.6514],[-73.97355,40.65565],[-73.97379,40.65639],[-73.97412,40.65769],[-73.97448,40.65834],[-73.97516,40.65872],[-73.97958,40.66085],[-73.98012,40.66082],[-73.98017,40.66116]]]}},{"type":"Feature","properties":{"id":"BK0702","name":"Sunset Park (West)","borough":"Brooklyn"},"geometry":{"type":"Polygon","coordinates":[[[-73.99277,40.66551],[-73.9947,40.66666],[-73.99585,40.66797],[-73.99648,40.66892],[-73.99662,40.66885],[-73.99855,40.67193],[-73.99877,40.6716],[-73.99856,40.67134],[-73.99892,40.6698],[-73.99865,40.66952],[-73.99908,40.66904],[-73.99924,40.66831],[-73.99998,40.66745],[-74.00069,40.66754],[-74.00147,40.66717],[-74.0012,40.66702],[-74.00162,40.66677],[-74.00224,40.66679],[-74.00293,40.66646],[-73.99953,40.6644],[-74.00083,40.66301],[-74.00114,40.6629],[-74.00486,40.66507],[-74.00528,40.66466],[-74.00432,40.66405],[-74.00459,40.66374],[-74.0034,40.66299],[-74.00363,40.66273],[-74.00565,40.6639],[-74.00589,40.66419],[-74.00713,40.66491],[-74.00767,40.66468],[-74.00562,40.66346],[-74.006,40.66326],[-74.00473,40.6625],[-74.00424,40.66266],[-74.00349,40.66224],[-74.00381,40.66191],[-74.00423,40.66218],[-74.00592,40.66311],[-74.00623,40.66279],[-74.00578,40.66258],[-74.00415,40.66156],[-74.00428,40.66145],[-74.00569,40.66228],[-74.00616,40.66184],[-74.00868,40.66337],[-74.00955,40.66327],[-74.01047,40.66264],[-74.01037,40.6624],[-74.00746,40.66056],[-74.0086,40.65952],[-74.01023,40.66046],[-74.01266,40.66198],[-74.01316,40.66198],[-74.01402,40.66153],[-74.0111,40.65971],[-74.01184,40.65891],[-74.01366,40.66003],[-74.01401,40.65981],[-74.01554,40.66076],[-74.01746,40.65945],[-74.01442,40.65761],[-74.01505,40.65695],[-74.01751,40.65827],[-74.01774,40.6581],[-74.01544,40.65663],[-74.01586,40.65621],[-74.01861,40.65785],[-74.01911,40.65737],[-74.01639,40.65562],[-74.01665,40.65534],[-74.01692,40.65548],[-74.01727,40.65519],[-74.01971,40.65658],[-74.0198,40.65649],[-74.01742,40.65499],[-74.01716,40.65477],[-74.01787,40.65406],[-74.02005,40.65534],[-74.02026,40.65512],[-74.01812,40.65388],[-74.01873,40.65347],[-74.01897,40.65387],[-74.01962,40.65417],[-74.02047,40.65422],[-74.02164,40.65488],[-74.02182,40.65466],[-74.02115,40.65421],[-74.02163,40.65364],[-74.0221,40.65359],[-74.02306,40.65423],[-74.02321,40.6541],[-74.02119,40.65284],[-74.02162,40.65232],[-74.02196,40.65222],[-74.02285,40.65274],[-74.02381,40.65305],[-74.02092,40.65126],[-74.02127,40.65133],[-74.02225,40.65198],[-74.02234,40.65191],[-74.02105,40.6511],[-74.02154,40.65067],[-74.02262,40.65131],[-74.02272,40.6513],[-74.02523,40.65283],[-74.02537,40.65272],[-74.02285,40.65117],[-74.02306,40.65097],[-74.02359,40.65132],[-74.02418,40.65119],[-74.02542,40.65193],[-74.0255,40.65184],[-74.02424,40.65113],[-74.02477,40.65069],[-74.0251,40.65089],[-74.02491,40.65111],[-74.02553,40.65148],[-74.02605,40.65099],[-74.02542,40.65062],[-74.02521,40.65082],[-74.02484,40.6506],[-74.02554,40.64978],[-74.02497,40.64861],[-74.02513,40.64832],[-74.02414,40.64761],[-74.02507,40.64672],[-74.02538,40.64691],[-74.02572,40.64662],[-74.02939,40.64881],[-74.02974,40.64849],[-74.02605,40.64626],[-74.02703,40.6452],[-74.02821,40.64402],[-74.02908,40.64441],[-74.03052,40.64527],[-74.0319,40.64389],[-74.03227,40.64407],[-74.03254,40.64383],[-74.0323,40.64358],[-74.02983,40.64232],[-74.02906,40.64173],[-74.02889,40.64121],[-74.02696,40.64035],[-74.02624,40.64013],[-74.02695,40.63944],[-74.02476,40.63812],[-74.02355,40.63932],[-74.02332,40.6398],[-74.02223,40.64072],[-74.0212,40.64139],[-74.02173,40.6404],[-74.02166,40.63933],[-74.02152,40.63888],[-74.02109,40.63827],[-74.01843,40.64084],[-74.01617,40.63948],[-74.01439,40.64118],[-74.00799,40.64735],[-74.0074,40.6479],[-74.00217,40.65295],[-74.00099,40.65407],[-73.99517,40.65967],[-73.99296,40.65834],[-73.99238,40.6589],[-73.99019,40.6576],[-73.98843,40.65925],[-73.98731,40.66033],[-73.9873,40.66044],[-73.98871,40.66241],[-73.98831,40.66279],[-73.99277,40.66551]]]}},{"type":"Feature","properties":{"id":"BK0703","name":"Sunset Park (Central)","borough":"Brooklyn"},"geometry":{"type":"Polygon","coordinates":[[[-73.99604,40.64834],[-73.9983,40.64974],[-73.99779,40.65029],[-74.00217,40.65295],[-74.0074,40.6479],[-74.00799,40.64735],[-74.01439,40.64118],[-74.01617,40.63948],[-74.01843,40.64084],[-74.02109,40.63827],[-74.02059,40.63782],[-74.01951,40.63711],[-74.01933,40.63708],[-74.01733,40.63586],[-74.01677,40.63543],[-74.01629,40.63591],[-74.01411,40.63456],[-74.01191,40.63323],[-74.01074,40.63436],[-74.00702,40.63211],[-74.00557,40.63308],[-74.00955,40.63549],[-73.99964,40.64504],[-73.99702,40.64754],[-73.99604,40.64834]]]}},{"type":"Feature","properties":{"id":"BK0801","name":"Prospect Heights","borough":"Brooklyn"},"geometry":{"type":"Polygon","coordinates":[[[-73.96134,40.67136],[-73.96007,40.67486],[-73.96318,40.67553],[-73.96154,40.68009],[-73.96135,40.68046],[-73.96442,40.68112],[-73.96869,40.68201],[-73.97376,40.68305],[-73.97372,40.68294],[-73.9745,40.68073],[-73.97469,40.68027],[-73.97618,40.67806],[-73.97189,40.67639],[-73.9695,40.67591],[-73.96969,40.67536],[-73.9692,40.67499],[-73.96878,40.67425],[-73.96871,40.67381],[-73.96894,40.67289],[-73.96807,40.67293],[-73.96643,40.67265],[-73.96375,40.67189],[-73.96257,40.67162],[-73.96134,40.67136]]]}},{"type":"Feature","properties":{"id":"BK0802","name":"Crown Heights (North)","borough":"Brooklyn"},"geometry":{"type":"Polygon","coordinates":[[[-73.94414,40.67824],[-73.94817,40.67846],[-73.94968,40.67857],[-73.95205,40.67867],[-73.95301,40.67881],[-73.95531,40.67927],[-73.95596,40.67935],[-73.96135,40.68046],[-73.96154,40.68009],[-73.96318,40.67553],[-73.96007,40.67486],[-73.96134,40.67136],[-73.95887,40.67084],[-73.95527,40.67012],[-73.94638,40.66964],[-73.9422,40.6694],[-73.92835,40.66865],[-73.92553,40.6685],[-73.92489,40.66781],[-73.92424,40.66645],[-73.92276,40.6671],[-73.92254,40.66928],[-73.92182,40.67702],[-73.92378,40.67711],[-73.92783,40.67735],[-73.93307,40.67763],[-73.93862,40.67795],[-73.94414,40.67824]]]}},{"type":"Feature","properties":{"id":"BK0901","name":"Crown Heights (South)","borough":"Brooklyn"},"geometry":{"type":"Polygon","coordinates":[[[-73.96134,40.67136],[-73.96257,40.67162],[-73.96096,40.66329],[-73.96061,40.6633],[-73.96034,40.66411],[-73.95729,40.6643],[-73.95721,40.66352],[-73.94817,40.66408],[-73.94546,40.66423],[-73.9427,40.66405],[-73.94283,40.66285],[-73.93726,40.66319],[-73.93161,40.66356],[-73.93068,40.66362],[-73.92872,40.66449],[-73.92835,40.66865],[-73.9422,40.6694],[-73.94638,40.66964],[-73.95527,40.67012],[-73.95887,40.67084],[-73.96134,40.67136]]]}},{"type":"Feature","properties":{"id":"BK0902","name":"Prospect Lefferts Gardens","borough":"Brooklyn"},"geometry":{"type":"Polygon","coordinates":[[[-73.93161,40.66356],[-73.93726,40.66319],[-73.94283,40.66285],[-73.9427,40.66405],[-73.94546,40.66423],[-73.94817,40.66408],[-73.95721,40.66352],[-73.95729,40.6643],[-73.96034,40.66411],[-73.96061,40.6633],[-73.96096,40.66329],[-73.96225,40.6632],[-73.96289,40.66262],[-73.96309,40.66213],[-73.96246,40.65829],[-73.96188,40.65488],[-73.95986,40.65563],[-73.9597,40.65484],[-73.9563,40.65505],[-73.95639,40.65588],[-73.95016,40.65626],[-73.95007,40.65542],[-73.9424,40.65588],[-73.93284,40.65648],[-73.93091,40.65661],[-73.93108,40.6583],[-73.93399,40.65812],[-73.93423,40.66041],[-73.93133,40.66059],[-73.93156,40.66275],[-73.93161,40.66356]]]}},{"type":"Feature","properties":{"id":"BK1001","name":"Bay Ridge","borough":"Brooklyn"},"geometry":{"type":"Polygon","coordinates":[[[-74.0323,40.64358],[-74.03264,40.64379],[-74.03287,40.64358],[-74.03407,40.64431],[-74.03445,40.64383],[-74.0367,40.64168],[-74.03674,40.64148],[-74.03598,40.64095],[-74.03571,40.64064],[-74.03635,40.6398],[-74.03672,40.63914],[-74.03869,40.63974],[-74.03876,40.63959],[-74.03681,40.63898],[-74.03717,40.63829],[-74.0393,40.63389],[-74.04075,40.6307],[-74.041,40.63037],[-74.04109,40.62973],[-74.0413,40.62901],[-74.04143,40.62807],[-74.04168,40.62539],[-74.04188,40.62452],[-74.04186,40.6238],[-74.04171,40.62331],[-74.04175,40.62246],[-74.04158,40.62128],[-74.04162,40.62056],[-74.04137,40.61999],[-74.04113,40.61878],[-74.04073,40.61705],[-74.04048,40.61563],[-74.03989,40.61435],[-74.03902,40.61316],[-74.03728,40.61162],[-74.03662,40.61073],[-74.03621,40.6096],[-74.03604,40.6093],[-74.03315,40.61023],[-74.03192,40.61083],[-74.03144,40.61112],[-74.03093,40.6116],[-74.03012,40.61261],[-74.02897,40.61352],[-74.02838,40.61425],[-74.02629,40.61633],[-74.02575,40.61606],[-74.02624,40.61511],[-74.02754,40.61294],[-74.02653,40.61243],[-74.02638,40.61245],[-74.02711,40.61025],[-74.02478,40.6097],[-74.02174,40.61718],[-74.02145,40.61803],[-74.02122,40.61847],[-74.02288,40.61947],[-74.02009,40.62242],[-74.01971,40.62219],[-74.01906,40.6236],[-74.01915,40.62366],[-74.01784,40.62659],[-74.01664,40.62958],[-74.01514,40.63322],[-74.0156,40.63352],[-74.01586,40.63339],[-74.01602,40.63437],[-74.01639,40.63503],[-74.01677,40.63543],[-74.01733,40.63586],[-74.01933,40.63708],[-74.01951,40.63711],[-74.02059,40.63782],[-74.02109,40.63827],[-74.02152,40.63888],[-74.02166,40.63933],[-74.02173,40.6404],[-74.0212,40.64139],[-74.02223,40.64072],[-74.02332,40.6398],[-74.02355,40.63932],[-74.02476,40.63812],[-74.02695,40.63944],[-74.02624,40.64013],[-74.02696,40.64035],[-74.02889,40.64121],[-74.02906,40.64173],[-74.02983,40.64232],[-74.0323,40.64358]]]}},{"type":"Feature","properties":{"id":"BK1002","name":"Dyker Heights","borough":"Brooklyn"},"geometry":{"type":"Polygon","coordinates":[[[-74.00702,40.63211],[-74.01074,40.63436],[-74.01191,40.63323],[-74.01411,40.63456],[-74.01629,40.63591],[-74.01677,40.63543],[-74.01639,40.63503],[-74.01602,40.63437],[-74.01586,40.63339],[-74.0156,40.63352],[-74.01514,40.63322],[-74.01664,40.62958],[-74.01784,40.62659],[-74.01915,40.62366],[-74.01906,40.6236],[-74.01971,40.62219],[-74.02009,40.62242],[-74.02288,40.61947],[-74.02122,40.61847],[-74.01612,40.61538],[-74.01171,40.61274],[-74.0105,40.6139],[-73.99932,40.62466],[-73.99772,40.62368],[-73.99724,40.62529],[-74.00252,40.62847],[-74.00193,40.62903],[-74.00702,40.63211]]]}},{"type":"Feature","properties":{"id":"BK1101","name":"Bensonhurst","borough":"Brooklyn"},"geometry":{"type":"Polygon","coordinates":[[[-73.99009,40.62279],[-73.99433,40.62534],[-73.99489,40.62546],[-73.99508,40.62581],[-73.99679,40.62682],[-73.99724,40.62529],[-73.99772,40.62368],[-73.99932,40.62466],[-74.0105,40.6139],[-74.0079,40.61233],[-74.0071,40.61189],[-74.00343,40.60997],[-74.00094,40.60864],[-74.00264,40.60726],[-74.00493,40.60507],[-74.00032,40.60262],[-74.00002,40.60291],[-73.99559,40.60023],[-73.99088,40.60477],[-73.98869,40.60343],[-73.98685,40.6051],[-73.98913,40.60646],[-73.98842,40.60712],[-73.98255,40.60776],[-73.97403,40.6087],[-73.97478,40.61264],[-73.97521,40.61288],[-73.98628,40.61957],[-73.98569,40.62013],[-73.99009,40.62279]]]}},{"type":"Feature","properties":{"id":"BK1102","name":"Bath Beach","borough":"Brooklyn"},"geometry":{"type":"Polygon","coordinates":[[[-73.99559,40.60023],[-74.00002,40.60291],[-74.00032,40.60262],[-74.00493,40.60507],[-74.00264,40.60726],[-74.00094,40.60864],[-74.00343,40.60997],[-74.0071,40.61189],[-74.0079,40.61233],[-74.0105,40.6139],[-74.01171,40.61274],[-74.01522,40.60936],[-74.01702,40.60765],[-74.0155,40.60684],[-74.01747,40.60496],[-74.01818,40.60425],[-74.01823,40.60411],[-74.01943,40.60287],[-74.01913,40.60261],[-74.01832,40.60242],[-74.01729,40.60248],[-74.01609,40.60234],[-74.01473,40.60207],[-74.01237,40.60135],[-74.01065,40.6006],[-74.00922,40.59984],[-74.00557,40.59757],[-74.00391,40.59628],[-74.00317,40.59555],[-74.00204,40.59406],[-74.00028,40.5957],[-73.99559,40.60023]]]}},{"type":"Feature","properties":{"id":"BK1103","name":"Gravesend (West)","borough":"Brooklyn"},"geometry":{"type":"Polygon","coordinates":[[[-73.98071,40.594],[-73.97995,40.59407],[-73.98036,40.59619],[-73.97149,40.59717],[-73.97191,40.59942],[-73.97291,40.59932],[-73.97235,40.60335],[-73.97217,40.60419],[-73.9724,40.60565],[-73.97299,40.60881],[-73.97403,40.6087],[-73.98255,40.60776],[-73.98842,40.60712],[-73.98913,40.60646],[-73.98685,40.6051],[-73.98869,40.60343],[-73.99088,40.60477],[-73.99559,40.60023],[-74.00028,40.5957],[-74.00204,40.59406],[-74.00197,40.59388],[-74.00109,40.59252],[-74.00018,40.59285],[-73.99948,40.59297],[-73.99939,40.59269],[-73.99903,40.59231],[-74.00006,40.59172],[-74.00014,40.59128],[-73.99967,40.5911],[-73.99917,40.59115],[-73.99857,40.59149],[-73.99755,40.59192],[-73.99723,40.59165],[-73.99711,40.59128],[-73.99776,40.59095],[-73.99844,40.59024],[-73.99838,40.58977],[-73.99947,40.58923],[-73.99924,40.58894],[-73.99867,40.5892],[-73.99793,40.5884],[-73.99376,40.59033],[-73.99331,40.58959],[-73.99161,40.59036],[-73.99036,40.59143],[-73.98962,40.59098],[-73.98602,40.59445],[-73.98468,40.59366],[-73.98464,40.59355],[-73.98071,40.594]]]}},{"type":"Feature","properties":{"id":"BK1201","name":"Sunset Park (East)","borough":"Brooklyn"},"geometry":{"type":"Polygon","coordinates":[[[-73.98906,40.64412],[-73.99604,40.64834],[-73.99702,40.64754],[-73.99964,40.64504],[-74.00955,40.63549],[-74.00557,40.63308],[-73.99909,40.63741],[-73.98906,40.64412]]]}},{"type":"Feature","properties":{"id":"BK1202","name":"Borough Park","borough":"Brooklyn"},"geometry":{"type":"Polygon","coordinates":[[[-73.97605,40.63127],[-73.97689,40.63567],[-73.97911,40.63544],[-73.97955,40.63782],[-73.98042,40.64238],[-73.98299,40.64132],[-73.98331,40.64148],[-73.98835,40.64456],[-73.98906,40.64412],[-73.99909,40.63741],[-74.00557,40.63308],[-74.00702,40.63211],[-74.00193,40.62903],[-74.00252,40.62847],[-73.99724,40.62529],[-73.99679,40.62682],[-73.99508,40.62581],[-73.99489,40.62546],[-73.99433,40.62534],[-73.99009,40.62279],[-73.9883,40.62451],[-73.9861,40.62318],[-73.9844,40.62489],[-73.98214,40.62353],[-73.97753,40.62798],[-73.97679,40.62754],[-73.97658,40.62757],[-73.9767,40.62835],[-73.97716,40.63075],[-73.97605,40.63127]]]}},{"type":"Feature","properties":{"id":"BK1203","name":"Kensington","borough":"Brooklyn"},"geometry":{"type":"Polygon","coordinates":[[[-73.97605,40.63127],[-73.96987,40.63419],[-73.97029,40.63641],[-73.96804,40.63665],[-73.96879,40.63926],[-73.96891,40.63976],[-73.96989,40.64303],[-73.97084,40.64638],[-73.9714,40.64826],[-73.97315,40.6476],[-73.9735,40.6476],[-73.97527,40.64783],[-73.97634,40.64773],[-73.98029,40.6473],[-73.9818,40.64713],[-73.98529,40.64577],[-73.98835,40.64456],[-73.98331,40.64148],[-73.98299,40.64132],[-73.98042,40.64238],[-73.97955,40.63782],[-73.97911,40.63544],[-73.97689,40.63567],[-73.97605,40.63127]]]}},{"type":"Feature","properties":{"id":"BK1204","name":"Mapleton","borough":"Brooklyn"},"geometry":{"type":"Polygon","coordinates":[[[-73.96286,40.61255],[-73.96375,40.6173],[-73.96427,40.61998],[-73.96562,40.62716],[-73.96608,40.62954],[-73.97,40.62911],[-73.97136,40.62893],[-73.97092,40.62657],[-73.9723,40.62643],[-73.97624,40.62598],[-73.97658,40.62757],[-73.97679,40.62754],[-73.97753,40.62798],[-73.98214,40.62353],[-73.9844,40.62489],[-73.9861,40.62318],[-73.9883,40.62451],[-73.99009,40.62279],[-73.98569,40.62013],[-73.98628,40.61957],[-73.97521,40.61288],[-73.97478,40.61264],[-73.97403,40.6087],[-73.97299,40.60881],[-73.96904,40.60925],[-73.9674,40.60946],[-73.9663,40.60955],[-73.9643,40.60978],[-73.96478,40.61233],[-73.96286,40.61255]]]}},{"type":"Feature","properties":{"id":"BK1301","name":"Gravesend (South)","borough":"Brooklyn"},"geometry":{"type":"Polygon","coordinates":[[[-73.98071,40.594],[-73.98464,40.59355],[-73.98468,40.59366],[-73.98602,40.59445],[-73.98962,40.59098],[-73.99036,40.59143],[-73.99161,40.59036],[-73.99331,40.58959],[-73.99376,40.59033],[-73.99793,40.5884],[-73.99788,40.58834],[-74.00038,40.58713],[-74.00043,40.58654],[-74.0001,40.58659],[-74.00012,40.58695],[-73.99535,40.58933],[-73.99488,40.58877],[-73.99555,40.58842],[-73.99798,40.58731],[-73.99795,40.58727],[-73.99553,40.5884],[-73.99513,40.58848],[-73.99422,40.58887],[-73.99408,40.58869],[-73.99566,40.58794],[-73.9956,40.58784],[-73.99424,40.58844],[-73.99417,40.58838],[-73.99814,40.58653],[-73.99935,40.58638],[-73.99963,40.58607],[-73.99929,40.58555],[-73.99809,40.58547],[-73.99777,40.58568],[-73.99567,40.5867],[-73.99259,40.5881],[-73.99206,40.58717],[-73.99154,40.58647],[-73.99088,40.58585],[-73.98882,40.58437],[-73.98838,40.58376],[-73.9883,40.58347],[-73.98654,40.58366],[-73.9871,40.58464],[-73.98628,40.58448],[-73.98493,40.58459],[-73.98482,40.58417],[-73.98175,40.58358],[-73.97743,40.58291],[-73.97468,40.58312],[-73.97309,40.58343],[-73.97045,40.58389],[-73.969,40.58406],[-73.96786,40.58451],[-73.96661,40.58457],[-73.96344,40.58467],[-73.96026,40.58503],[-73.96035,40.58613],[-73.96035,40.58731],[-73.96068,40.5916],[-73.96514,40.5911],[-73.9693,40.59065],[-73.97557,40.58995],[-73.97751,40.59114],[-73.9777,40.59219],[-73.98071,40.594]]]}},{"type":"Feature","properties":{"id":"BK1302","name":"Coney Island","borough":"Brooklyn"},"geometry":{"type":"Polygon","coordinates":[[[-73.96661,40.58457],[-73.96786,40.58451],[-73.969,40.58406],[-73.97045,40.58389],[-73.97309,40.58343],[-73.97468,40.58312],[-73.97743,40.58291],[-73.98175,40.58358],[-73.98482,40.58417],[-73.98493,40.58459],[-73.98628,40.58448],[-73.9871,40.58464],[-73.98654,40.58366],[-73.9883,40.58347],[-73.98929,40.58196],[-73.98972,40.58084],[-73.98995,40.58066],[-73.9897,40.58042],[-73.98914,40.58022],[-73.98858,40.57982],[-73.988,40.57964],[-73.98773,40.57982],[-73.98721,40.58083],[-73.98684,40.58123],[-73.98604,40.58172],[-73.98589,40.58114],[-73.98616,40.58095],[-73.98702,40.58002],[-73.9867,40.57981],[-73.98739,40.57909],[-73.98843,40.57882],[-73.98899,40.57884],[-73.98958,40.57919],[-73.99036,40.57942],[-73.99175,40.57923],[-73.99772,40.58071],[-73.99777,40.58145],[-73.99818,40.58173],[-73.99896,40.58163],[-73.99964,40.58131],[-74.00056,40.5813],[-74.00119,40.58142],[-74.0022,40.58137],[-74.00294,40.58143],[-74.00398,40.58172],[-74.00484,40.58186],[-74.00605,40.58198],[-74.00745,40.58181],[-74.00843,40.5815],[-74.00944,40.58092],[-74.01054,40.58061],[-74.01101,40.58038],[-74.01176,40.57986],[-74.01235,40.57922],[-74.01282,40.57843],[-74.01301,40.57776],[-74.0128,40.57749],[-74.01246,40.57661],[-74.01232,40.57565],[-74.01202,40.57489],[-74.01115,40.57417],[-74.01007,40.57383],[-74.0088,40.57377],[-74.00669,40.5734],[-74.0048,40.57288],[-74.00249,40.57174],[-74.00223,40.57061],[-74.00201,40.57021],[-74.00078,40.57049],[-73.99962,40.57046],[-73.99863,40.57051],[-73.99799,40.57045],[-73.99745,40.57028],[-73.99685,40.57037],[-73.99514,40.57031],[-73.99402,40.57041],[-73.99316,40.57038],[-73.99119,40.57061],[-73.99077,40.5706],[-73.98994,40.57076],[-73.98727,40.57108],[-73.98573,40.57119],[-73.98376,40.5714],[-73.98336,40.56953],[-73.98327,40.56954],[-73.98367,40.57141],[-73.98225,40.57157],[-73.98182,40.57146],[-73.98094,40.57168],[-73.98001,40.57171],[-73.97985,40.57154],[-73.97898,40.57187],[-73.9782,40.57187],[-73.97776,40.57171],[-73.97727,40.57187],[-73.97622,40.57202],[-73.97568,40.57196],[-73.97441,40.57224],[-73.97336,40.57226],[-73.97315,40.57242],[-73.9725,40.57257],[-73.97133,40.57265],[-73.97021,40.57285],[-73.96956,40.57281],[-73.96856,40.57313],[-73.96753,40.57319],[-73.9672,40.57333],[-73.96602,40.57339],[-73.96211,40.57372],[-73.96091,40.57387],[-73.95939,40.57391],[-73.95942,40.57518],[-73.96286,40.57498],[-73.96475,40.57481],[-73.96642,40.57481],[-73.96757,40.57488],[-73.96766,40.57504],[-73.96826,40.57504],[-73.96889,40.57526],[-73.96868,40.57563],[-73.96805,40.57844],[-73.96707,40.58267],[-73.96661,40.58457]]]}},{"type":"Feature","properties":{"id":"BK1303","name":"Brighton Beach","borough":"Brooklyn"},"geometry":{"type":"Polygon","coordinates":[[[-73.9524,40.57425],[-73.95242,40.57456],[-73.953,40.57748],[-73.95381,40.58175],[-73.95392,40.58187],[-73.95414,40.58311],[-73.95646,40.58266],[-73.95723,40.58315],[-73.95746,40.58301],[-73.95901,40.58285],[-73.96005,40.58327],[-73.96015,40.58358],[-73.96026,40.58503],[-73.96344,40.58467],[-73.96661,40.58457],[-73.96707,40.58267],[-73.96805,40.57844],[-73.96868,40.57563],[-73.96889,40.57526],[-73.96826,40.57504],[-73.96766,40.57504],[-73.96757,40.57488],[-73.96642,40.57481],[-73.96475,40.57481],[-73.96286,40.57498],[-73.95942,40.57518],[-73.95939,40.57391],[-73.95844,40.57409],[-73.9572,40.57418],[-73.95657,40.57417],[-73.95514,40.57437],[-73.9544,40.57437],[-73.95401,40.57424],[-73.9524,40.57425]]]}},{"type":"Feature","properties":{"id":"BK1401","name":"Flatbush","borough":"Brooklyn"},"geometry":{"type":"Polygon","coordinates":[[[-73.9563,40.65505],[-73.9597,40.65484],[-73.95986,40.65563],[-73.96188,40.65488],[-73.96621,40.65319],[-73.96465,40.65089],[-73.96302,40.65153],[-73.96226,40.64986],[-73.96219,40.64979],[-73.9649,40.64872],[-73.96454,40.6468],[-73.96547,40.64671],[-73.96501,40.6443],[-73.96409,40.64441],[-73.96319,40.63967],[-73.95938,40.64147],[-73.95867,40.63777],[-73.95685,40.62812],[-73.94925,40.62895],[-73.94733,40.62917],[-73.94416,40.62951],[-73.94648,40.63171],[-73.94562,40.63178],[-73.94587,40.63412],[-73.94777,40.634],[-73.94826,40.63861],[-73.95116,40.63842],[-73.9536,40.63842],[-73.95405,40.63888],[-73.95418,40.63963],[-73.95473,40.64477],[-73.95565,40.64663],[-73.95811,40.64652],[-73.95815,40.64777],[-73.95826,40.64853],[-73.95871,40.65039],[-73.95582,40.65053],[-73.9563,40.65505]]]}},{"type":"Feature","properties":{"id":"BK1402","name":"Ditmas Park","borough":"Brooklyn"},"geometry":{"type":"Polygon","coordinates":[[[-73.95685,40.62812],[-73.95867,40.63777],[-73.95938,40.64147],[-73.96319,40.63967],[-73.96409,40.64441],[-73.96501,40.6443],[-73.96547,40.64671],[-73.96454,40.6468],[-73.9649,40.64872],[-73.96219,40.64979],[-73.96226,40.64986],[-73.96302,40.65153],[-73.96465,40.65089],[-73.96967,40.6489],[-73.9714,40.64826],[-73.97084,40.64638],[-73.96989,40.64303],[-73.96891,40.63976],[-73.96879,40.63926],[-73.96804,40.63665],[-73.97029,40.63641],[-73.96987,40.63419],[-73.97605,40.63127],[-73.97716,40.63075],[-73.9767,40.62835],[-73.97658,40.62757],[-73.97624,40.62598],[-73.9723,40.62643],[-73.97092,40.62657],[-73.97136,40.62893],[-73.97,40.62911],[-73.96608,40.62954],[-73.96322,40.62984],[-73.96232,40.62997],[-73.96041,40.63016],[-73.96015,40.62892],[-73.95996,40.62778],[-73.95685,40.62812]]]}},{"type":"Feature","properties":{"id":"BK1403","name":"Midwood","borough":"Brooklyn"},"geometry":{"type":"Polygon","coordinates":[[[-73.95685,40.62812],[-73.95996,40.62778],[-73.96015,40.62892],[-73.96041,40.63016],[-73.96232,40.62997],[-73.96322,40.62984],[-73.96608,40.62954],[-73.96562,40.62716],[-73.96427,40.61998],[-73.96375,40.6173],[-73.96286,40.61255],[-73.96239,40.60999],[-73.95859,40.6104],[-73.9536,40.61095],[-73.95259,40.61111],[-73.95257,40.61099],[-73.94978,40.61137],[-73.95026,40.61392],[-73.94742,40.61423],[-73.94573,40.61536],[-73.94651,40.61949],[-73.94452,40.61972],[-73.94542,40.6245],[-73.94642,40.62439],[-73.94733,40.62917],[-73.94925,40.62895],[-73.95685,40.62812]]]}},{"type":"Feature","properties":{"id":"BK1501","name":"Gravesend (East)","borough":"Brooklyn"},"geometry":{"type":"Polygon","coordinates":[[[-73.95859,40.6104],[-73.96239,40.60999],[-73.96286,40.61255],[-73.96478,40.61233],[-73.9643,40.60978],[-73.9663,40.60955],[-73.9674,40.60946],[-73.96904,40.60925],[-73.97299,40.60881],[-73.9724,40.60565],[-73.97217,40.60419],[-73.97235,40.60335],[-73.97291,40.59932],[-73.97191,40.59942],[-73.97149,40.59717],[-73.98036,40.59619],[-73.97995,40.59407],[-73.98071,40.594],[-73.9777,40.59219],[-73.97751,40.59114],[-73.97557,40.58995],[-73.9693,40.59065],[-73.96514,40.5911],[-73.96068,40.5916],[-73.96035,40.58731],[-73.9562,40.58776],[-73.95639,40.58893],[-73.957,40.592],[-73.95608,40.5921],[-73.95693,40.59661],[-73.95776,40.60098],[-73.95683,40.60109],[-73.95859,40.6104]]]}},{"type":"Feature","properties":{"id":"BK1502","name":"Madison","borough":"Brooklyn"},"geometry":{"type":"Polygon","coordinates":[[[-73.93754,40.60856],[-73.93935,40.61019],[-73.94231,40.60827],[-73.94355,40.60935],[-73.94406,40.61199],[-73.94417,40.61272],[-73.94483,40.61605],[-73.94573,40.61536],[-73.94742,40.61423],[-73.95026,40.61392],[-73.94978,40.61137],[-73.95257,40.61099],[-73.95259,40.61111],[-73.9536,40.61095],[-73.95859,40.6104],[-73.95683,40.60109],[-73.95776,40.60098],[-73.95693,40.59661],[-73.94248,40.5982],[-73.94289,40.60032],[-73.93447,40.60123],[-73.93503,40.60174],[-73.93426,40.60223],[-73.93973,40.60713],[-73.93754,40.60856]]]}},{"type":"Feature","properties":{"id":"BK1503","name":"Sheepshead Bay","borough":"Brooklyn"},"geometry":{"type":"Polygon","coordinates":[[[-73.9524,40.57425],[-73.95211,40.57438],[-73.94992,40.57455],[-73.94896,40.57478],[-73.94665,40.57502],[-73.94621,40.5752],[-73.94598,40.5755],[-73.94563,40.57557],[-73.94475,40.57551],[-73.94455,40.57576],[-73.94416,40.57581],[-73.94329,40.57572],[-73.94252,40.57555],[-73.94251,40.57537],[-73.93681,40.57556],[-73.93647,40.57586],[-73.93576,40.57573],[-73.93508,40.57551],[-73.93334,40.57556],[-73.9315,40.57566],[-73.93106,40.57627],[-73.93164,40.57817],[-73.93182,40.57896],[-73.93252,40.5812],[-73.93281,40.58115],[-73.93899,40.58105],[-73.94274,40.581],[-73.9497,40.58232],[-73.9533,40.582],[-73.95349,40.58299],[-73.95025,40.58329],[-73.94837,40.58349],[-73.94628,40.58357],[-73.94407,40.58347],[-73.94255,40.58351],[-73.94157,40.58361],[-73.94144,40.58334],[-73.9393,40.58333],[-73.9393,40.58317],[-73.93848,40.58318],[-73.93812,40.58334],[-73.93632,40.58318],[-73.93615,40.58332],[-73.93528,40.58324],[-73.93528,40.5831],[-73.93421,40.58298],[-73.93247,40.58295],[-73.93186,40.58308],[-73.93204,40.58423],[-73.93009,40.5845],[-73.93019,40.58509],[-73.93127,40.58544],[-73.9314,40.58608],[-73.92943,40.58549],[-73.92722,40.58478],[-73.92586,40.58495],[-73.92628,40.58535],[-73.92741,40.58599],[-73.92774,40.58605],[-73.92816,40.58587],[-73.92808,40.5867],[-73.92857,40.58706],[-73.92919,40.58709],[-73.93081,40.5869],[-73.93128,40.58689],[-73.93135,40.58733],[-73.92972,40.58756],[-73.93033,40.5883],[-73.93053,40.58876],[-73.93109,40.58933],[-73.93143,40.59114],[-73.93156,40.59129],[-73.93124,40.59164],[-73.93153,40.59248],[-73.93235,40.59387],[-73.93268,40.59424],[-73.93283,40.5948],[-73.93222,40.59489],[-73.93193,40.59469],[-73.93102,40.59462],[-73.93043,40.5944],[-73.93002,40.59409],[-73.92971,40.59312],[-73.9303,40.5923],[-73.9305,40.5913],[-73.93053,40.59031],[-73.93033,40.58966],[-73.93003,40.58943],[-73.92908,40.58928],[-73.92816,40.58883],[-73.92589,40.59035],[-73.9242,40.59136],[-73.92396,40.59114],[-73.92544,40.59016],[-73.92666,40.58941],[-73.92776,40.58866],[-73.92746,40.5883],[-73.92732,40.58785],[-73.92684,40.58729],[-73.9265,40.58709],[-73.92521,40.58581],[-73.92482,40.58563],[-73.92424,40.58569],[-73.92334,40.586],[-73.92297,40.58589],[-73.92231,40.58599],[-73.92212,40.58581],[-73.92101,40.58575],[-73.92081,40.58598],[-73.92014,40.58602],[-73.9196,40.58616],[-73.91917,40.58595],[-73.91812,40.58645],[-73.91819,40.58661],[-73.92364,40.59149],[-73.92547,40.59315],[-73.92957,40.59682],[-73.92813,40.59778],[-73.92992,40.59944],[-73.93355,40.60269],[-73.93426,40.60223],[-73.93503,40.60174],[-73.93447,40.60123],[-73.94289,40.60032],[-73.94248,40.5982],[-73.95693,40.59661],[-73.95608,40.5921],[-73.957,40.592],[-73.95639,40.58893],[-73.9562,40.58776],[-73.96035,40.58731],[-73.96035,40.58613],[-73.96026,40.58503],[-73.96015,40.58358],[-73.96005,40.58327],[-73.95901,40.58285],[-73.95746,40.58301],[-73.95723,40.58315],[-73.95646,40.58266],[-73.95414,40.58311],[-73.95392,40.58187],[-73.95381,40.58175],[-73.953,40.57748],[-73.95242,40.57456],[-73.9524,40.57425]]]}},{"type":"Feature","properties":{"id":"BK1601","name":"Ocean Hill","borough":"Brooklyn"},"geometry":{"type":"Polygon","coordinates":[[[-73.90405,40.67922],[-73.90702,40.68095],[-73.91454,40.68523],[-73.91663,40.68639],[-73.91804,40.68721],[-73.91669,40.68037],[-73.9163,40.67858],[-73.92165,40.67887],[-73.92182,40.67702],[-73.92254,40.66928],[-73.92276,40.6671],[-73.91996,40.66832],[-73.91942,40.6684],[-73.91923,40.66863],[-73.91553,40.67024],[-73.91116,40.67216],[-73.90924,40.67295],[-73.90747,40.67376],[-73.90451,40.67505],[-73.90439,40.67521],[-73.90348,40.67551],[-73.90245,40.67588],[-73.90005,40.67689],[-73.90257,40.67834],[-73.90405,40.67922]]]}},{"type":"Feature","properties":{"id":"BK1602","name":"Brownsville","borough":"Brooklyn"},"geometry":{"type":"Polygon","coordinates":[[[-73.90085,40.66535],[-73.90167,40.66841],[-73.90229,40.67094],[-73.90266,40.6722],[-73.90348,40.67551],[-73.90439,40.67521],[-73.90451,40.67505],[-73.90747,40.67376],[-73.90924,40.67295],[-73.91116,40.67216],[-73.91553,40.67024],[-73.91923,40.66863],[-73.91942,40.6684],[-73.91996,40.66832],[-73.92276,40.6671],[-73.92424,40.66645],[-73.92439,40.66638],[-73.92403,40.66598],[-73.92166,40.66384],[-73.9191,40.66423],[-73.91818,40.66072],[-73.91707,40.65975],[-73.91237,40.65552],[-73.91012,40.65585],[-73.90976,40.65437],[-73.90933,40.65281],[-73.90856,40.6521],[-73.9074,40.65284],[-73.90784,40.65459],[-73.90318,40.65531],[-73.90244,40.65569],[-73.90119,40.65651],[-73.90065,40.65704],[-73.90029,40.65721],[-73.89879,40.65741],[-73.89965,40.66074],[-73.89989,40.66064],[-73.90066,40.66059],[-73.90145,40.66366],[-73.90043,40.66381],[-73.90085,40.66535]]]}},{"type":"Feature","properties":{"id":"BK1701","name":"East Flatbush (Erasmus)","borough":"Brooklyn"},"geometry":{"type":"Polygon","coordinates":[[[-73.9424,40.65588],[-73.95007,40.65542],[-73.95016,40.65626],[-73.95639,40.65588],[-73.9563,40.65505],[-73.95582,40.65053],[-73.95871,40.65039],[-73.95826,40.64853],[-73.95815,40.64777],[-73.95811,40.64652],[-73.95565,40.64663],[-73.95473,40.64477],[-73.95418,40.63963],[-73.95405,40.63888],[-73.9536,40.63842],[-73.95116,40.63842],[-73.94826,40.63861],[-73.94841,40.63999],[-73.94745,40.64005],[-73.94779,40.64331],[-73.94587,40.64342],[-73.94607,40.64531],[-73.94417,40.64543],[-73.94435,40.64708],[-73.94337,40.64711],[-73.94353,40.64858],[-73.94301,40.6486],[-73.94312,40.64931],[-73.94263,40.64934],[-73.94282,40.65111],[-73.94189,40.65117],[-73.9424,40.65588]]]}},{"type":"Feature","properties":{"id":"BK1702","name":"East Flatbush (Farragut)","borough":"Brooklyn"},"geometry":{"type":"Polygon","coordinates":[[[-73.93738,40.6449],[-73.94261,40.64466],[-73.9428,40.64654],[-73.94331,40.64653],[-73.94337,40.64711],[-73.94435,40.64708],[-73.94417,40.64543],[-73.94607,40.64531],[-73.94587,40.64342],[-73.94779,40.64331],[-73.94745,40.64005],[-73.94841,40.63999],[-73.94826,40.63861],[-73.94777,40.634],[-73.94587,40.63412],[-73.94562,40.63178],[-73.93702,40.63231],[-73.93727,40.63465],[-73.92745,40.63526],[-73.92652,40.63649],[-73.92616,40.63757],[-73.92606,40.63853],[-73.92591,40.639],[-73.92538,40.64238],[-73.92551,40.64238],[-73.92572,40.64467],[-73.93538,40.64407],[-73.93728,40.64396],[-73.93738,40.6449]]]}},{"type":"Feature","properties":{"id":"BK1703","name":"East Flatbush (Rugby)","borough":"Brooklyn"},"geometry":{"type":"Polygon","coordinates":[[[-73.91995,40.64471],[-73.92077,40.65255],[-73.9209,40.65362],[-73.92214,40.65475],[-73.92301,40.65547],[-73.92331,40.6558],[-73.92541,40.65768],[-73.92464,40.65818],[-73.92647,40.65981],[-73.93068,40.66362],[-73.93161,40.66356],[-73.93156,40.66275],[-73.93133,40.66059],[-73.93423,40.66041],[-73.93399,40.65812],[-73.93108,40.6583],[-73.93091,40.65661],[-73.93284,40.65648],[-73.9424,40.65588],[-73.94189,40.65117],[-73.94282,40.65111],[-73.94263,40.64934],[-73.93886,40.64957],[-73.93871,40.64852],[-73.93685,40.64865],[-73.933,40.64879],[-73.93261,40.64524],[-73.93358,40.64508],[-73.93738,40.6449],[-73.93728,40.64396],[-73.93538,40.64407],[-73.92572,40.64467],[-73.92551,40.64238],[-73.92538,40.64238],[-73.92357,40.6425],[-73.9233,40.63992],[-73.91974,40.64278],[-73.91995,40.64471]]]}},{"type":"Feature","properties":{"id":"BK1704","name":"East Flatbush (Remsen Village)","borough":"Brooklyn"},"geometry":{"type":"Polygon","coordinates":[[[-73.90856,40.6521],[-73.90933,40.65281],[-73.90976,40.65437],[-73.91012,40.65585],[-73.91237,40.65552],[-73.91707,40.65975],[-73.91818,40.66072],[-73.9191,40.66423],[-73.92166,40.66384],[-73.92403,40.66598],[-73.92439,40.66638],[-73.92872,40.66449],[-73.93068,40.66362],[-73.92647,40.65981],[-73.92464,40.65818],[-73.92541,40.65768],[-73.92331,40.6558],[-73.92301,40.65547],[-73.92214,40.65475],[-73.9209,40.65362],[-73.92077,40.65255],[-73.91995,40.64471],[-73.91926,40.64518],[-73.91182,40.64998],[-73.90945,40.65152],[-73.90856,40.6521]]]}},{"type":"Feature","properties":{"id":"BK1801","name":"Flatlands","borough":"Brooklyn"},"geometry":{"type":"Polygon","coordinates":[[[-73.9186,40.63207],[-73.91876,40.63364],[-73.91974,40.64278],[-73.9233,40.63992],[-73.92357,40.6425],[-73.92538,40.64238],[-73.92591,40.639],[-73.92606,40.63853],[-73.92616,40.63757],[-73.92652,40.63649],[-73.92745,40.63526],[-73.93727,40.63465],[-73.93702,40.63231],[-73.94562,40.63178],[-73.94648,40.63171],[-73.94416,40.62951],[-73.94733,40.62917],[-73.94642,40.62439],[-73.94542,40.6245],[-73.94452,40.61972],[-73.94651,40.61949],[-73.94573,40.61536],[-73.94483,40.61605],[-73.94396,40.61682],[-73.94347,40.61738],[-73.94079,40.6177],[-73.94037,40.61799],[-73.93687,40.62025],[-73.93321,40.61697],[-73.93173,40.61793],[-73.92776,40.61437],[-73.9263,40.61319],[-73.9264,40.61448],[-73.92062,40.61484],[-73.92053,40.61394],[-73.91691,40.61628],[-73.91717,40.61839],[-73.91717,40.61871],[-73.91776,40.62417],[-73.91799,40.62646],[-73.9186,40.63207]]]}},{"type":"Feature","properties":{"id":"BK1802","name":"Marine Park","borough":"Brooklyn"},"geometry":{"type":"Polygon","coordinates":[[[-73.91719,40.63174],[-73.9186,40.63207],[-73.91799,40.62646],[-73.91776,40.62417],[-73.91717,40.61871],[-73.91717,40.61839],[-73.91691,40.61628],[-73.92053,40.61394],[-73.92062,40.61484],[-73.9264,40.61448],[-73.9263,40.61319],[-73.92776,40.61437],[-73.93173,40.61793],[-73.93321,40.61697],[-73.93687,40.62025],[-73.94037,40.61799],[-73.94079,40.6177],[-73.94347,40.61738],[-73.94396,40.61682],[-73.94483,40.61605],[-73.94417,40.61272],[-73.94406,40.61199],[-73.94355,40.60935],[-73.94231,40.60827],[-73.93935,40.61019],[-73.93754,40.60856],[-73.93605,40.60952],[-73.93423,40.6079],[-73.93351,40.60835],[-73.92987,40.60507],[-73.92625,40.60741],[-73.92444,40.6058],[-73.92158,40.60764],[-73.92066,40.60676],[-73.91971,40.6073],[-73.91853,40.60611],[-73.91795,40.60621],[-73.91858,40.60677],[-73.91868,40.60697],[-73.91924,40.60738],[-73.91952,40.60774],[-73.91951,40.60798],[-73.91888,40.6083],[-73.91802,40.60887],[-73.91773,40.60976],[-73.91811,40.61012],[-73.91806,40.61027],[-73.91683,40.61112],[-73.91573,40.61183],[-73.91663,40.61345],[-73.91458,40.61481],[-73.91408,40.61489],[-73.91386,40.61464],[-73.91493,40.61396],[-73.91486,40.6133],[-73.91458,40.61189],[-73.91465,40.61145],[-73.91617,40.61051],[-73.91639,40.61009],[-73.91678,40.60877],[-73.91632,40.60868],[-73.91672,40.60762],[-73.9166,40.60709],[-73.91674,40.60681],[-73.91384,40.60416],[-73.91353,40.60393],[-73.91092,40.60351],[-73.90913,40.60395],[-73.90833,40.60407],[-73.90885,40.60506],[-73.90978,40.60582],[-73.90984,40.60617],[-73.90934,40.60648],[-73.90857,40.60666],[-73.9081,40.60628],[-73.90739,40.60638],[-73.90598,40.60638],[-73.9056,40.6059],[-73.9052,40.60491],[-73.9019,40.60573],[-73.90164,40.60576],[-73.90187,40.60723],[-73.90196,40.60862],[-73.9022,40.60955],[-73.90222,40.61034],[-73.90268,40.61075],[-73.90314,40.61097],[-73.90334,40.61127],[-73.90429,40.61202],[-73.90422,40.61235],[-73.90536,40.61304],[-73.90669,40.61432],[-73.90707,40.61454],[-73.90778,40.61524],[-73.90862,40.61549],[-73.90901,40.61577],[-73.9096,40.61639],[-73.90964,40.61657],[-73.90895,40.61699],[-73.90884,40.61731],[-73.90839,40.61739],[-73.908,40.61696],[-73.90767,40.61691],[-73.90724,40.61655],[-73.90697,40.61606],[-73.90419,40.61356],[-73.90347,40.61399],[-73.90213,40.61278],[-73.89996,40.61421],[-73.89894,40.61483],[-73.89855,40.61515],[-73.89854,40.61626],[-73.8981,40.61704],[-73.89839,40.61735],[-73.90013,40.61894],[-73.90199,40.62056],[-73.90017,40.62168],[-73.90064,40.62177],[-73.90085,40.62247],[-73.90126,40.62284],[-73.90187,40.62296],[-73.9022,40.62356],[-73.90279,40.62356],[-73.90272,40.62402],[-73.90269,40.62421],[-73.90327,40.62448],[-73.90313,40.62462],[-73.90387,40.62497],[-73.90396,40.62483],[-73.90918,40.6272],[-73.91489,40.62972],[-73.91659,40.63045],[-73.91673,40.63077],[-73.91732,40.63101],[-73.91751,40.63135],[-73.91719,40.63174]]]}},{"type":"Feature","properties":{"id":"BK1803","name":"Canarsie","borough":"Brooklyn"},"geometry":{"type":"Polygon","coordinates":[[[-73.89057,40.64921],[-73.89125,40.65003],[-73.89,40.65115],[-73.89136,40.65237],[-73.89213,40.65325],[-73.89355,40.6552],[-73.89761,40.65345],[-73.89586,40.65188],[-73.89736,40.65089],[-73.90057,40.64885],[-73.90398,40.64663],[-73.90509,40.64761],[-73.90828,40.6505],[-73.90869,40.65072],[-73.90945,40.65152],[-73.91182,40.64998],[-73.91926,40.64518],[-73.91995,40.64471],[-73.91974,40.64278],[-73.91876,40.63364],[-73.9186,40.63207],[-73.91719,40.63174],[-73.91644,40.63207],[-73.9159,40.63195],[-73.91461,40.63106],[-73.91322,40.63046],[-73.91159,40.62968],[-73.91065,40.62929],[-73.90912,40.62856],[-73.90825,40.62825],[-73.90413,40.62631],[-73.9037,40.62622],[-73.90146,40.62523],[-73.90012,40.62702],[-73.89955,40.62747],[-73.8972,40.62896],[-73.89351,40.63135],[-73.89277,40.63181],[-73.89081,40.63085],[-73.89227,40.62911],[-73.89209,40.62866],[-73.89011,40.62898],[-73.88951,40.62936],[-73.8889,40.62992],[-73.88748,40.63012],[-73.88498,40.63171],[-73.88373,40.63267],[-73.88289,40.63344],[-73.88414,40.63451],[-73.88594,40.63623],[-73.88077,40.63958],[-73.88079,40.63976],[-73.8819,40.64084],[-73.88374,40.64245],[-73.88468,40.64312],[-73.88624,40.64382],[-73.88637,40.64414],[-73.88687,40.64444],[-73.88709,40.64492],[-73.88809,40.64621],[-73.8881,40.64664],[-73.8885,40.64666],[-73.88854,40.64697],[-73.88864,40.64708],[-73.8889,40.64722],[-73.88941,40.64713],[-73.8911,40.64881],[-73.8912,40.64915],[-73.89085,40.64938],[-73.89057,40.64921]]]}},{"type":"Feature","properties":{"id":"BX0101","name":"Mott Haven","borough":"Bronx"},"geometry":{"type":"Polygon","coordinates":[[[-73.90447,40.81228],[-73.91095,40.81362],[-73.91181,40.81388],[-73.91495,40.81493],[-73.91764,40.81607],[-73.91947,40.81507],[-73.92048,40.81457],[-73.92131,40.81548],[-73.92158,40.81555],[-73.92124,40.81622],[-73.92309,40.8167],[-73.924,40.81544],[-73.92663,40.81612],[-73.92622,40.81676],[-73.92518,40.81801],[-73.92732,40.81856],[-73.92822,40.81654],[-73.92886,40.81488],[-73.92921,40.81438],[-73.93028,40.81325],[-73.93131,40.8137],[-73.93214,40.81413],[-73.93242,40.81415],[-73.93263,40.81191],[-73.93257,40.81089],[-73.93287,40.81041],[-73.93259,40.81005],[-73.93264,40.80938],[-73.93253,40.80882],[-73.93228,40.80836],[-73.93116,40.80713],[-73.93052,40.80659],[-73.93054,40.80647],[-73.93006,40.8059],[-73.92873,40.8041],[-73.92834,40.80424],[-73.92811,40.80401],[-73.92764,40.80399],[-73.92728,40.80351],[-73.92731,40.80321],[-73.92763,40.8027],[-73.92666,40.80241],[-73.92423,40.80255],[-73.92359,40.80252],[-73.92293,40.80237],[-73.92204,40.80188],[-73.92133,40.80128],[-73.92078,40.80028],[-73.92024,40.79961],[-73.91881,40.79888],[-73.91617,40.79783],[-73.91513,40.79736],[-73.91372,40.79679],[-73.91224,40.79671],[-73.91169,40.79662],[-73.9111,40.79689],[-73.90964,40.79794],[-73.9083,40.79896],[-73.90855,40.79931],[-73.90747,40.8],[-73.9067,40.80082],[-73.90682,40.80089],[-73.9062,40.80149],[-73.90552,40.80202],[-73.90453,40.80317],[-73.90368,40.8038],[-73.90322,40.8039],[-73.90219,40.80479],[-73.90222,40.80495],[-73.90303,40.80967],[-73.90309,40.80986],[-73.90342,40.81151],[-73.90447,40.81228]]]}},{"type":"Feature","properties":{"id":"BX0102","name":"Melrose","borough":"Bronx"},"geometry":{"type":"Polygon","coordinates":[[[-73.90129,40.82048],[-73.90267,40.8208],[-73.90566,40.82156],[-73.90743,40.82194],[-73.90991,40.82255],[-73.9107,40.82232],[-73.91189,40.82214],[-73.91622,40.82347],[-73.91588,40.8241],[-73.91677,40.82439],[-73.9204,40.82206],[-73.92067,40.82184],[-73.92195,40.82103],[-73.92266,40.8205],[-73.92403,40.81928],[-73.92518,40.81801],[-73.92622,40.81676],[-73.92663,40.81612],[-73.924,40.81544],[-73.92309,40.8167],[-73.92124,40.81622],[-73.92158,40.81555],[-73.92131,40.81548],[-73.92048,40.81457],[-73.91947,40.81507],[-73.91764,40.81607],[-73.91495,40.81493],[-73.91181,40.81388],[-73.91095,40.81362],[-73.90447,40.81228],[-73.90301,40.81632],[-73.90129,40.82048]]]}},{"type":"Feature","properties":{"id":"BX0201","name":"Hunts Point","borough":"Bronx"},"geometry":{"type":"Polygon","coordinates":[[[-73.88098,40.81824],[-73.88245,40.81927],[-73.88379,40.82193],[-73.88439,40.82295],[-73.88561,40.82279],[-73.88719,40.82264],[-73.88789,40.82236],[-73.88864,40.82177],[-73.89011,40.8209],[-73.89083,40.82031],[-73.89162,40.82101],[-73.89284,40.82097],[-73.8929,40.82081],[-73.89704,40.8168],[-73.89543,40.81584],[-73.89733,40.814],[-73.89815,40.81337],[-73.89913,40.8127],[-73.90156,40.81089],[-73.90309,40.80986],[-73.90303,40.80967],[-73.90222,40.80495],[-73.90208,40.80479],[-73.90097,40.80488],[-73.89959,40.80523],[-73.89853,40.80544],[-73.89813,40.80565],[-73.89829,40.8061],[-73.89739,40.80622],[-73.89731,40.80608],[-73.8962,40.80624],[-73.89623,40.80648],[-73.8955,40.8066],[-73.8951,40.80687],[-73.89484,40.80572],[-73.89463,40.80623],[-73.89198,40.80638],[-73.89179,40.80562],[-73.8915,40.80593],[-73.89058,40.80587],[-73.88999,40.8057],[-73.88954,40.80581],[-73.89015,40.80496],[-73.89,40.80489],[-73.88936,40.80538],[-73.88906,40.80502],[-73.88859,40.80479],[-73.88796,40.805],[-73.88725,40.80419],[-73.88727,40.80395],[-73.88616,40.80317],[-73.88591,40.8028],[-73.88525,40.80241],[-73.88505,40.80213],[-73.88399,40.8019],[-73.8837,40.80216],[-73.88092,40.80256],[-73.88005,40.80276],[-73.87921,40.8028],[-73.87843,40.8027],[-73.87816,40.80255],[-73.87797,40.80171],[-73.87814,40.80132],[-73.87593,40.80109],[-73.87586,40.80146],[-73.87473,40.80126],[-73.87467,40.80098],[-73.87355,40.80085],[-73.87175,40.80155],[-73.86979,40.80413],[-73.86846,40.80594],[-73.86811,40.80675],[-73.87055,40.81124],[-73.87047,40.81146],[-73.87057,40.81209],[-73.87096,40.81215],[-73.87166,40.81325],[-73.8725,40.81389],[-73.87446,40.81465],[-73.87673,40.81539],[-73.87664,40.81571],[-73.87806,40.81618],[-73.88098,40.81824]]]}},{"type":"Feature","properties":{"id":"BX0202","name":"Longwood","borough":"Bronx"},"geometry":{"type":"Polygon","coordinates":[[[-73.88789,40.82236],[-73.88733,40.82279],[-73.88687,40.82384],[-73.88645,40.82529],[-73.8861,40.82766],[-73.8879,40.82675],[-73.88998,40.82681],[-73.89293,40.82679],[-73.89484,40.82625],[-73.89515,40.82784],[-73.89511,40.82804],[-73.89549,40.82825],[-73.8998,40.82768],[-73.90094,40.82793],[-73.90165,40.82626],[-73.9005,40.82601],[-73.90199,40.82244],[-73.90061,40.82211],[-73.90129,40.82048],[-73.90301,40.81632],[-73.90447,40.81228],[-73.90342,40.81151],[-73.90309,40.80986],[-73.90156,40.81089],[-73.89913,40.8127],[-73.89815,40.81337],[-73.89733,40.814],[-73.89543,40.81584],[-73.89704,40.8168],[-73.8929,40.82081],[-73.89284,40.82097],[-73.89162,40.82101],[-73.89083,40.82031],[-73.89011,40.8209],[-73.88864,40.82177],[-73.88789,40.82236]]]}},{"type":"Feature","properties":{"id":"BX0301","name":"Morrisania","borough":"Bronx"},"geometry":{"type":"Polygon","coordinates":[[[-73.89696,40.83434],[-73.90122,40.83541],[-73.90123,40.8355],[-73.90185,40.83462],[-73.9045,40.83062],[-73.90553,40.8291],[-73.90896,40.83023],[-73.90948,40.82959],[-73.91031,40.82877],[-73.91169,40.82776],[-73.91179,40.82643],[-73.91131,40.82485],[-73.91317,40.82546],[-73.91351,40.8248],[-73.91475,40.8252],[-73.91541,40.82577],[-73.91662,40.82499],[-73.91609,40.82484],[-73.91677,40.82439],[-73.91588,40.8241],[-73.91622,40.82347],[-73.91189,40.82214],[-73.9107,40.82232],[-73.90991,40.82255],[-73.90743,40.82194],[-73.90566,40.82156],[-73.90267,40.8208],[-73.90129,40.82048],[-73.90061,40.82211],[-73.90199,40.82244],[-73.9005,40.82601],[-73.90165,40.82626],[-73.90094,40.82793],[-73.8998,40.82768],[-73.89549,40.82825],[-73.8964,40.82876],[-73.8967,40.83041],[-73.89717,40.83037],[-73.8969,40.83103],[-73.89647,40.83305],[-73.8963,40.83354],[-73.89696,40.83434]]]}},{"type":"Feature","properties":{"id":"BX0302","name":"Claremont Village","borough":"Bronx"},"geometry":{"type":"Polygon","coordinates":[[[-73.90132,40.84447],[-73.90267,40.84463],[-73.90483,40.84484],[-73.90484,40.84475],[-73.90502,40.84241],[-73.90516,40.84101],[-73.9053,40.84048],[-73.9057,40.83972],[-73.90538,40.83977],[-73.90598,40.83851],[-73.9074,40.83623],[-73.90869,40.83394],[-73.91049,40.83074],[-73.90896,40.83023],[-73.90553,40.8291],[-73.9045,40.83062],[-73.90185,40.83462],[-73.90123,40.8355],[-73.90057,40.83659],[-73.89666,40.84353],[-73.89538,40.84294],[-73.89479,40.84372],[-73.90132,40.84447]]]}},{"type":"Feature","properties":{"id":"BX0303","name":"Crotona Park East","borough":"Bronx"},"geometry":{"type":"Polygon","coordinates":[[[-73.88005,40.8347],[-73.88223,40.83545],[-73.88205,40.83614],[-73.88213,40.83666],[-73.88201,40.83744],[-73.88223,40.83799],[-73.88285,40.8385],[-73.88271,40.83863],[-73.88347,40.83906],[-73.88418,40.83934],[-73.88465,40.83918],[-73.88619,40.8401],[-73.8866,40.83928],[-73.8873,40.83814],[-73.88841,40.83855],[-73.88874,40.83797],[-73.89058,40.8369],[-73.89148,40.83669],[-73.89338,40.83654],[-73.89409,40.8363],[-73.89451,40.83606],[-73.89535,40.83523],[-73.89583,40.83488],[-73.89696,40.83434],[-73.8963,40.83354],[-73.89647,40.83305],[-73.8969,40.83103],[-73.89717,40.83037],[-73.8967,40.83041],[-73.8964,40.82876],[-73.89549,40.82825],[-73.89511,40.82804],[-73.89515,40.82784],[-73.89484,40.82625],[-73.89293,40.82679],[-73.88998,40.82681],[-73.8879,40.82675],[-73.8861,40.82766],[-73.88645,40.82529],[-73.88687,40.82384],[-73.88733,40.82279],[-73.88789,40.82236],[-73.88719,40.82264],[-73.88561,40.82279],[-73.88439,40.82295],[-73.88464,40.82381],[-73.88461,40.8253],[-73.88439,40.82682],[-73.88379,40.82828],[-73.88352,40.82926],[-73.8839,40.8298],[-73.88251,40.83155],[-73.88005,40.8347]]]}},{"type":"Feature","properties":{"id":"BX0401","name":"Concourse","borough":"Bronx"},"geometry":{"type":"Polygon","coordinates":[[[-73.90869,40.83394],[-73.91034,40.83443],[-73.91379,40.8356],[-73.91587,40.8364],[-73.91647,40.83578],[-73.92048,40.83714],[-73.92002,40.83766],[-73.92237,40.83611],[-73.92252,40.83572],[-73.92317,40.83456],[-73.92222,40.83416],[-73.92426,40.83068],[-73.92497,40.82952],[-73.92602,40.82765],[-73.92716,40.82572],[-73.92976,40.82658],[-73.92986,40.82672],[-73.93068,40.82706],[-73.93096,40.82834],[-73.93307,40.82815],[-73.93296,40.82693],[-73.93277,40.82561],[-73.93247,40.82158],[-73.93237,40.81959],[-73.93233,40.81763],[-73.93236,40.81534],[-73.93242,40.81415],[-73.93214,40.81413],[-73.93131,40.8137],[-73.93028,40.81325],[-73.92921,40.81438],[-73.92886,40.81488],[-73.92822,40.81654],[-73.92732,40.81856],[-73.92518,40.81801],[-73.92403,40.81928],[-73.92266,40.8205],[-73.92195,40.82103],[-73.92067,40.82184],[-73.9204,40.82206],[-73.91677,40.82439],[-73.91609,40.82484],[-73.91662,40.82499],[-73.91541,40.82577],[-73.91475,40.8252],[-73.91351,40.8248],[-73.91317,40.82546],[-73.91131,40.82485],[-73.91179,40.82643],[-73.91169,40.82776],[-73.91031,40.82877],[-73.90948,40.82959],[-73.90896,40.83023],[-73.91049,40.83074],[-73.90869,40.83394]]]}},{"type":"Feature","properties":{"id":"BX0402","name":"Highbridge","borough":"Bronx"},"geometry":{"type":"Polygon","coordinates":[[[-73.92286,40.84427],[-73.92339,40.84442],[-73.92393,40.84479],[-73.92474,40.8448],[-73.92593,40.84495],[-73.92805,40.84546],[-73.92827,40.84498],[-73.92862,40.84468],[-73.92918,40.8432],[-73.92919,40.84282],[-73.92958,40.84228],[-73.92959,40.84208],[-73.93037,40.84062],[-73.93052,40.83994],[-73.93075,40.83962],[-73.93187,40.83764],[-73.93236,40.837],[-73.93266,40.83648],[-73.93299,40.83568],[-73.93346,40.83364],[-73.93361,40.83279],[-73.93348,40.83122],[-73.93307,40.82815],[-73.93096,40.82834],[-73.92974,40.82869],[-73.92917,40.82894],[-73.9285,40.82935],[-73.92781,40.82992],[-73.92726,40.83057],[-73.92642,40.83142],[-73.92538,40.83263],[-73.92439,40.83448],[-73.92403,40.83506],[-73.92237,40.83611],[-73.92224,40.83785],[-73.92202,40.83833],[-73.92153,40.83906],[-73.92132,40.83981],[-73.92141,40.8402],[-73.92243,40.84182],[-73.92282,40.84275],[-73.92287,40.84344],[-73.92273,40.84423],[-73.92286,40.84427]]]}},{"type":"Feature","properties":{"id":"BX0403","name":"Mount Eden","borough":"Bronx"},"geometry":{"type":"Polygon","coordinates":[[[-73.90484,40.84475],[-73.90665,40.84488],[-73.91143,40.84511],[-73.91418,40.84514],[-73.91733,40.84506],[-73.92265,40.84475],[-73.92286,40.84427],[-73.92273,40.84423],[-73.92287,40.84344],[-73.92282,40.84275],[-73.92243,40.84182],[-73.92141,40.8402],[-73.92132,40.83981],[-73.92153,40.83906],[-73.92202,40.83833],[-73.92224,40.83785],[-73.92237,40.83611],[-73.92002,40.83766],[-73.92048,40.83714],[-73.91647,40.83578],[-73.91587,40.8364],[-73.91379,40.8356],[-73.91034,40.83443],[-73.90869,40.83394],[-73.9074,40.83623],[-73.90598,40.83851],[-73.90538,40.83977],[-73.9057,40.83972],[-73.9058,40.8395],[-73.90689,40.83817],[-73.90748,40.83773],[-73.90788,40.83727],[-73.90814,40.83715],[-73.90916,40.83697],[-73.90938,40.83726],[-73.9091,40.83773],[-73.90888,40.83864],[-73.90893,40.83943],[-73.90963,40.84211],[-73.90953,40.84306],[-73.90863,40.84302],[-73.90865,40.84272],[-73.90596,40.84263],[-73.90515,40.84255],[-73.90502,40.84241],[-73.90484,40.84475]]]}},{"type":"Feature","properties":{"id":"BX0501","name":"University Heights (South)","borough":"Bronx"},"geometry":{"type":"Polygon","coordinates":[[[-73.90487,40.8587],[-73.9068,40.85937],[-73.90726,40.85935],[-73.90778,40.85961],[-73.90967,40.85748],[-73.91021,40.85829],[-73.91072,40.85871],[-73.91328,40.85962],[-73.91543,40.85873],[-73.91508,40.85919],[-73.91616,40.85878],[-73.91685,40.85765],[-73.91742,40.85686],[-73.91891,40.85727],[-73.91902,40.8574],[-73.91957,40.85684],[-73.92152,40.85451],[-73.92256,40.85319],[-73.92395,40.85122],[-73.92385,40.85118],[-73.92466,40.84978],[-73.92603,40.84807],[-73.92631,40.84787],[-73.92693,40.84692],[-73.92767,40.84603],[-73.92805,40.84546],[-73.92593,40.84495],[-73.92474,40.8448],[-73.92393,40.84479],[-73.92339,40.84442],[-73.92286,40.84427],[-73.92265,40.84475],[-73.91733,40.84506],[-73.91418,40.84514],[-73.91058,40.85018],[-73.90922,40.8518],[-73.90733,40.85382],[-73.90557,40.85579],[-73.90522,40.8562],[-73.90468,40.85706],[-73.90566,40.8574],[-73.90487,40.8587]]]}},{"type":"Feature","properties":{"id":"BX0502","name":"Mount Hope","borough":"Bronx"},"geometry":{"type":"Polygon","coordinates":[[[-73.89644,40.85491],[-73.8971,40.85517],[-73.89831,40.85406],[-73.89864,40.85391],[-73.89817,40.85515],[-73.90078,40.85605],[-73.90186,40.85459],[-73.90397,40.85496],[-73.90557,40.85579],[-73.90733,40.85382],[-73.90922,40.8518],[-73.91058,40.85018],[-73.91418,40.84514],[-73.91143,40.84511],[-73.90665,40.84488],[-73.90484,40.84475],[-73.90483,40.84484],[-73.90267,40.84463],[-73.90132,40.84447],[-73.89967,40.84744],[-73.89561,40.85457],[-73.89644,40.85491]]]}},{"type":"Feature","properties":{"id":"BX0503","name":"Fordham Heights","borough":"Bronx"},"geometry":{"type":"Polygon","coordinates":[[[-73.89177,40.86187],[-73.89285,40.86183],[-73.89483,40.86206],[-73.89694,40.86244],[-73.89798,40.8624],[-73.89944,40.86212],[-73.90108,40.86276],[-73.90163,40.86205],[-73.90254,40.86058],[-73.90352,40.86092],[-73.90487,40.8587],[-73.90566,40.8574],[-73.90468,40.85706],[-73.90522,40.8562],[-73.90557,40.85579],[-73.90397,40.85496],[-73.90186,40.85459],[-73.90078,40.85605],[-73.89817,40.85515],[-73.89864,40.85391],[-73.89831,40.85406],[-73.8971,40.85517],[-73.89644,40.85491],[-73.89395,40.85878],[-73.89321,40.85987],[-73.89138,40.8617],[-73.89177,40.86187]]]}},{"type":"Feature","properties":{"id":"BX0601","name":"West Farms","borough":"Bronx"},"geometry":{"type":"Polygon","coordinates":[[[-73.87284,40.83976],[-73.8736,40.8398],[-73.87282,40.84087],[-73.87154,40.84251],[-73.871,40.84311],[-73.86889,40.84441],[-73.86804,40.84481],[-73.86864,40.84531],[-73.86874,40.84561],[-73.86865,40.84609],[-73.86892,40.84688],[-73.86835,40.84708],[-73.86786,40.84886],[-73.86921,40.84924],[-73.86952,40.84869],[-73.86956,40.84802],[-73.86889,40.84811],[-73.86942,40.84751],[-73.86987,40.84662],[-73.87036,40.8465],[-73.87103,40.84586],[-73.8711,40.84492],[-73.87127,40.84467],[-73.87172,40.84459],[-73.87192,40.84439],[-73.87217,40.84367],[-73.87311,40.84325],[-73.87401,40.84254],[-73.87459,40.84152],[-73.8768,40.8423],[-73.87817,40.84262],[-73.87734,40.84399],[-73.87919,40.84532],[-73.88284,40.84782],[-73.88312,40.84822],[-73.8834,40.84737],[-73.88379,40.84678],[-73.88497,40.84538],[-73.8852,40.84498],[-73.88619,40.8401],[-73.88465,40.83918],[-73.88418,40.83934],[-73.88347,40.83906],[-73.88271,40.83863],[-73.88285,40.8385],[-73.88223,40.83799],[-73.88201,40.83744],[-73.88213,40.83666],[-73.88205,40.83614],[-73.88223,40.83545],[-73.88005,40.8347],[-73.87925,40.83442],[-73.87893,40.83478],[-73.87795,40.83558],[-73.87674,40.83621],[-73.87393,40.83599],[-73.87378,40.83657],[-73.87319,40.83831],[-73.87284,40.83976]]]}},{"type":"Feature","properties":{"id":"BX0602","name":"Tremont","borough":"Bronx"},"geometry":{"type":"Polygon","coordinates":[[[-73.88312,40.84822],[-73.88323,40.84834],[-73.88736,40.85087],[-73.88824,40.85104],[-73.88997,40.8521],[-73.8899,40.85266],[-73.88963,40.85317],[-73.88961,40.85362],[-73.89039,40.85469],[-73.89216,40.85277],[-73.8942,40.85386],[-73.894,40.85425],[-73.89534,40.8547],[-73.89561,40.85457],[-73.89967,40.84744],[-73.90132,40.84447],[-73.89479,40.84372],[-73.89538,40.84294],[-73.88941,40.83942],[-73.88869,40.83916],[-73.88814,40.83986],[-73.8866,40.83928],[-73.88619,40.8401],[-73.8852,40.84498],[-73.88497,40.84538],[-73.88379,40.84678],[-73.8834,40.84737],[-73.88312,40.84822]]]}},{"type":"Feature","properties":{"id":"BX0603","name":"Belmont","borough":"Bronx"},"geometry":{"type":"Polygon","coordinates":[[[-73.88309,40.8666],[-73.88363,40.86726],[-73.88594,40.86593],[-73.88683,40.86539],[-73.88813,40.86426],[-73.8889,40.86476],[-73.89016,40.86348],[-73.89177,40.86187],[-73.89138,40.8617],[-73.89321,40.85987],[-73.89395,40.85878],[-73.89644,40.85491],[-73.89561,40.85457],[-73.89534,40.8547],[-73.894,40.85425],[-73.8942,40.85386],[-73.89216,40.85277],[-73.89039,40.85469],[-73.88961,40.85362],[-73.88963,40.85317],[-73.8899,40.85266],[-73.88997,40.8521],[-73.88824,40.85104],[-73.88736,40.85087],[-73.88323,40.84834],[-73.88312,40.84822],[-73.88199,40.85225],[-73.88073,40.85668],[-73.88101,40.85827],[-73.88054,40.86075],[-73.88095,40.86134],[-73.88193,40.86209],[-73.88201,40.86205],[-73.88379,40.86417],[-73.88398,40.86468],[-73.88385,40.8652],[-73.88344,40.86562],[-73.88268,40.86609],[-73.88309,40.8666]]]}},{"type":"Feature","properties":{"id":"BX0701","name":"University Heights (North)","borough":"Bronx"},"geometry":{"type":"Polygon","coordinates":[[[-73.90615,40.87326],[-73.90747,40.87355],[-73.90774,40.87285],[-73.90847,40.87262],[-73.90893,40.87216],[-73.90865,40.87139],[-73.90894,40.87102],[-73.90928,40.86955],[-73.9095,40.86883],[-73.91036,40.8667],[-73.91091,40.86594],[-73.91268,40.86402],[-73.91227,40.86363],[-73.91276,40.86303],[-73.91342,40.86337],[-73.91462,40.8621],[-73.91488,40.86169],[-73.91576,40.86065],[-73.9158,40.86047],[-73.91721,40.85893],[-73.91776,40.85871],[-73.91902,40.8574],[-73.91891,40.85727],[-73.91742,40.85686],[-73.91685,40.85765],[-73.91616,40.85878],[-73.91508,40.85919],[-73.91543,40.85873],[-73.91328,40.85962],[-73.91072,40.85871],[-73.91021,40.85829],[-73.90967,40.85748],[-73.90778,40.85961],[-73.90726,40.85935],[-73.9068,40.85937],[-73.90487,40.8587],[-73.90352,40.86092],[-73.90254,40.86058],[-73.90163,40.86205],[-73.90108,40.86276],[-73.89944,40.86212],[-73.89798,40.8624],[-73.89694,40.86244],[-73.89483,40.86206],[-73.89285,40.86183],[-73.89177,40.86187],[-73.89016,40.86348],[-73.89131,40.86413],[-73.89276,40.86502],[-73.89346,40.86538],[-73.89371,40.86529],[-73.89386,40.86575],[-73.89412,40.86594],[-73.89631,40.86704],[-73.8974,40.86747],[-73.89656,40.86856],[-73.89892,40.86966],[-73.89922,40.86938],[-73.89965,40.86856],[-73.89943,40.86788],[-73.90173,40.86846],[-73.90236,40.8687],[-73.90319,40.86915],[-73.90375,40.8696],[-73.90442,40.87036],[-73.90449,40.87058],[-73.90443,40.87225],[-73.90468,40.87262],[-73.90572,40.87314],[-73.90615,40.87326]]]}},{"type":"Feature","properties":{"id":"BX0702","name":"Bedford Park","borough":"Bronx"},"geometry":{"type":"Polygon","coordinates":[[[-73.88713,40.88282],[-73.88797,40.88289],[-73.8886,40.88277],[-73.89163,40.88234],[-73.89231,40.88248],[-73.89275,40.8827],[-73.89344,40.88279],[-73.89406,40.88302],[-73.89458,40.88294],[-73.89529,40.88259],[-73.89598,40.88216],[-73.89638,40.88182],[-73.89657,40.88125],[-73.89669,40.88016],[-73.89717,40.87932],[-73.89751,40.87894],[-73.89827,40.87828],[-73.89891,40.87729],[-73.89981,40.8764],[-73.90033,40.87537],[-73.90043,40.87485],[-73.9003,40.87447],[-73.89986,40.8742],[-73.89929,40.87416],[-73.89852,40.87385],[-73.89823,40.87339],[-73.89801,40.87283],[-73.89782,40.87196],[-73.89779,40.87086],[-73.89892,40.86966],[-73.89656,40.86856],[-73.8974,40.86747],[-73.89631,40.86704],[-73.89412,40.86594],[-73.89386,40.86575],[-73.89371,40.86529],[-73.89346,40.86538],[-73.89276,40.86502],[-73.89131,40.86413],[-73.89016,40.86348],[-73.8889,40.86476],[-73.88813,40.86426],[-73.88683,40.86539],[-73.88594,40.86593],[-73.88363,40.86726],[-73.88147,40.86857],[-73.88255,40.87246],[-73.88319,40.87339],[-73.8834,40.87394],[-73.88345,40.8748],[-73.88343,40.87595],[-73.88384,40.8768],[-73.88528,40.87922],[-73.88568,40.87887],[-73.88595,40.88051],[-73.88707,40.88248],[-73.88713,40.88282]]]}},{"type":"Feature","properties":{"id":"BX0703","name":"Norwood","borough":"Bronx"},"geometry":{"type":"Polygon","coordinates":[[[-73.87084,40.88045],[-73.87187,40.88033],[-73.87192,40.88024],[-73.87495,40.87995],[-73.87479,40.88008],[-73.8747,40.88155],[-73.87812,40.88215],[-73.87773,40.88345],[-73.87761,40.88452],[-73.87783,40.88677],[-73.87815,40.88687],[-73.87996,40.88439],[-73.88124,40.88271],[-73.88275,40.8834],[-73.88351,40.88318],[-73.88404,40.88316],[-73.88453,40.88331],[-73.88516,40.88363],[-73.88663,40.88427],[-73.88705,40.88435],[-73.88713,40.88282],[-73.88707,40.88248],[-73.88595,40.88051],[-73.88568,40.87887],[-73.88528,40.87922],[-73.88384,40.8768],[-73.88343,40.87595],[-73.88345,40.8748],[-73.8834,40.87394],[-73.88319,40.87339],[-73.88255,40.87246],[-73.88147,40.86857],[-73.88363,40.86726],[-73.88309,40.8666],[-73.88134,40.86759],[-73.87694,40.86996],[-73.87619,40.87048],[-73.87519,40.87158],[-73.87255,40.87517],[-73.87161,40.87692],[-73.87095,40.87851],[-73.87015,40.88035],[-73.87084,40.88045]]]}},{"type":"Feature","properties":{"id":"BX0801","name":"Kingsbridge Heights","borough":"Bronx"},"geometry":{"type":"Polygon","coordinates":[[[-73.88705,40.88435],[-73.88759,40.88425],[-73.8884,40.88442],[-73.89289,40.88526],[-73.89454,40.8856],[-73.89508,40.88564],[-73.89668,40.88596],[-73.89782,40.88508],[-73.89877,40.88422],[-73.90155,40.88098],[-73.90339,40.87899],[-73.90377,40.87853],[-73.90453,40.87707],[-73.90471,40.87656],[-73.90548,40.87481],[-73.90555,40.87444],[-73.90615,40.87326],[-73.90572,40.87314],[-73.90468,40.87262],[-73.90443,40.87225],[-73.90449,40.87058],[-73.90442,40.87036],[-73.90375,40.8696],[-73.90319,40.86915],[-73.90236,40.8687],[-73.90173,40.86846],[-73.89943,40.86788],[-73.89965,40.86856],[-73.89922,40.86938],[-73.89892,40.86966],[-73.89779,40.87086],[-73.89782,40.87196],[-73.89801,40.87283],[-73.89823,40.87339],[-73.89852,40.87385],[-73.89929,40.87416],[-73.89986,40.8742],[-73.9003,40.87447],[-73.90043,40.87485],[-73.90033,40.87537],[-73.89981,40.8764],[-73.89891,40.87729],[-73.89827,40.87828],[-73.89751,40.87894],[-73.89717,40.87932],[-73.89669,40.88016],[-73.89657,40.88125],[-73.89638,40.88182],[-73.89598,40.88216],[-73.89529,40.88259],[-73.89458,40.88294],[-73.89406,40.88302],[-73.89344,40.88279],[-73.89275,40.8827],[-73.89231,40.88248],[-73.89163,40.88234],[-73.8886,40.88277],[-73.88797,40.88289],[-73.88713,40.88282],[-73.88705,40.88435]]]}},{"type":"Feature","properties":{"id":"BX0802","name":"Kingsbridge","borough":"Bronx"},"geometry":{"type":"Polygon","coordinates":[[[-73.89668,40.88596],[-73.8999,40.88656],[-73.89792,40.89054],[-73.89845,40.89071],[-73.89854,40.89039],[-73.89965,40.8898],[-73.90062,40.88905],[-73.90125,40.88892],[-73.90175,40.88913],[-73.90257,40.88909],[-73.90286,40.88916],[-73.90337,40.88813],[-73.90414,40.88708],[-73.90589,40.88559],[-73.90608,40.88563],[-73.90647,40.88513],[-73.90706,40.88466],[-73.90759,40.88439],[-73.90802,40.8832],[-73.90847,40.88272],[-73.90939,40.88145],[-73.91053,40.88048],[-73.91034,40.88005],[-73.90968,40.87951],[-73.91033,40.87904],[-73.91149,40.87902],[-73.91206,40.87812],[-73.91484,40.87667],[-73.91578,40.87572],[-73.91408,40.87518],[-73.91148,40.87442],[-73.91035,40.87378],[-73.9096,40.87309],[-73.90893,40.87216],[-73.90847,40.87262],[-73.90774,40.87285],[-73.90747,40.87355],[-73.90615,40.87326],[-73.90555,40.87444],[-73.90548,40.87481],[-73.90471,40.87656],[-73.90453,40.87707],[-73.90377,40.87853],[-73.90339,40.87899],[-73.90155,40.88098],[-73.89877,40.88422],[-73.89782,40.88508],[-73.89668,40.88596]]]}},{"type":"Feature","properties":{"id":"BX0803","name":"Riverdale","borough":"Bronx"},"geometry":{"type":"Polygon","coordinates":[[[-73.89792,40.89054],[-73.89739,40.89164],[-73.89728,40.89171],[-73.89676,40.89265],[-73.89643,40.89366],[-73.89709,40.89859],[-73.89716,40.89937],[-73.89688,40.90104],[-73.89636,40.9032],[-73.89655,40.90751],[-73.89663,40.91142],[-73.89725,40.91166],[-73.8981,40.91179],[-73.9006,40.91261],[-73.90245,40.91296],[-73.90851,40.915],[-73.91011,40.9154],[-73.91033,40.91553],[-73.91071,40.91466],[-73.91116,40.9143],[-73.91128,40.91394],[-73.91165,40.91342],[-73.91143,40.91282],[-73.91228,40.90926],[-73.91265,40.90807],[-73.91308,40.90788],[-73.91287,40.90753],[-73.91389,40.90496],[-73.91419,40.90414],[-73.91459,40.90412],[-73.91502,40.90308],[-73.91543,40.90181],[-73.91518,40.90158],[-73.91667,40.89753],[-73.91694,40.89664],[-73.91763,40.89494],[-73.9179,40.89467],[-73.91782,40.89442],[-73.91801,40.89401],[-73.91888,40.89161],[-73.92059,40.88718],[-73.92183,40.88451],[-73.92381,40.88032],[-73.92491,40.87889],[-73.92449,40.87905],[-73.92331,40.87891],[-73.92274,40.87891],[-73.92207,40.87857],[-73.92026,40.87695],[-73.91978,40.87642],[-73.91908,40.87607],[-73.91776,40.87566],[-73.91726,40.87581],[-73.91578,40.87572],[-73.91484,40.87667],[-73.91206,40.87812],[-73.91149,40.87902],[-73.91033,40.87904],[-73.90968,40.87951],[-73.91034,40.88005],[-73.91053,40.88048],[-73.90939,40.88145],[-73.90847,40.88272],[-73.90802,40.8832],[-73.90759,40.88439],[-73.90706,40.88466],[-73.90647,40.88513],[-73.90608,40.88563],[-73.90589,40.88559],[-73.90414,40.88708],[-73.90337,40.88813],[-73.90286,40.88916],[-73.90257,40.88909],[-73.90175,40.88913],[-73.90125,40.88892],[-73.90062,40.88905],[-73.89965,40.8898],[-73.89854,40.89039],[-73.89845,40.89071],[-73.89792,40.89054]]]}},{"type":"Feature","properties":{"id":"BX0901","name":"Soundview","borough":"Bronx"},"geometry":{"type":"Polygon","coordinates":[[[-73.86272,40.83292],[-73.86296,40.83442],[-73.86394,40.84004],[-73.86448,40.84109],[-73.86546,40.84086],[-73.86782,40.84017],[-73.86921,40.8396],[-73.87006,40.83961],[-73.87284,40.83976],[-73.87319,40.83831],[-73.87378,40.83657],[-73.87393,40.83599],[-73.87674,40.83621],[-73.87795,40.83558],[-73.87893,40.83478],[-73.87925,40.83442],[-73.88005,40.8347],[-73.88251,40.83155],[-73.8839,40.8298],[-73.88352,40.82926],[-73.88379,40.82828],[-73.88439,40.82682],[-73.88461,40.8253],[-73.88464,40.82381],[-73.88439,40.82295],[-73.88379,40.82193],[-73.88245,40.81927],[-73.88098,40.81824],[-73.87981,40.81916],[-73.87558,40.81971],[-73.87247,40.82015],[-73.87342,40.82407],[-73.87357,40.82442],[-73.87146,40.82472],[-73.8684,40.82511],[-73.86217,40.82597],[-73.8597,40.82628],[-73.86067,40.82842],[-73.86264,40.82817],[-73.86314,40.83031],[-73.86366,40.8327],[-73.86272,40.83292]]]}},{"type":"Feature","properties":{"id":"BX0902","name":"Clason Point","borough":"Bronx"},"geometry":{"type":"Polygon","coordinates":[[[-73.84577,40.81158],[-73.84632,40.81169],[-73.84647,40.81231],[-73.84611,40.8131],[-73.84663,40.81303],[-73.84706,40.81483],[-73.85011,40.81442],[-73.85093,40.81434],[-73.85115,40.8144],[-73.85163,40.81636],[-73.85362,40.81609],[-73.85497,40.82168],[-73.85597,40.82607],[-73.8562,40.82604],[-73.85636,40.82675],[-73.85728,40.8266],[-73.8597,40.82628],[-73.86217,40.82597],[-73.8684,40.82511],[-73.87146,40.82472],[-73.871,40.82277],[-73.871,40.82256],[-73.87006,40.81849],[-73.86955,40.8161],[-73.86891,40.81512],[-73.86818,40.81481],[-73.86658,40.81437],[-73.86522,40.81453],[-73.86513,40.81415],[-73.86462,40.81422],[-73.86436,40.81301],[-73.86335,40.81238],[-73.86111,40.81115],[-73.86136,40.81084],[-73.86229,40.80994],[-73.86089,40.80969],[-73.86024,40.80945],[-73.86013,40.8096],[-73.85947,40.80991],[-73.85907,40.80998],[-73.85839,40.80826],[-73.85866,40.80683],[-73.85921,40.80695],[-73.85937,40.80668],[-73.85861,40.8067],[-73.85831,40.806],[-73.85851,40.80582],[-73.85792,40.80539],[-73.85713,40.80518],[-73.85612,40.80528],[-73.85561,40.80506],[-73.85581,40.80468],[-73.8564,40.80495],[-73.85662,40.80483],[-73.85586,40.80451],[-73.85539,40.80447],[-73.8546,40.80455],[-73.854,40.80446],[-73.85205,40.8046],[-73.85147,40.8046],[-73.85118,40.80449],[-73.85015,40.80453],[-73.84998,40.80506],[-73.84921,40.80502],[-73.8487,40.80473],[-73.84808,40.80492],[-73.84767,40.80517],[-73.84749,40.80545],[-73.84753,40.80593],[-73.84812,40.80613],[-73.84838,40.80636],[-73.84828,40.80685],[-73.84842,40.80737],[-73.84878,40.80764],[-73.84939,40.80788],[-73.84997,40.80858],[-73.85005,40.80919],[-73.84977,40.81009],[-73.84953,40.81028],[-73.84917,40.81093],[-73.84937,40.81123],[-73.84903,40.81212],[-73.84928,40.81246],[-73.84987,40.81287],[-73.85035,40.81306],[-73.8509,40.81343],[-73.85206,40.81373],[-73.85298,40.81367],[-73.85266,40.81396],[-73.85266,40.81434],[-73.8516,40.81431],[-73.8506,40.81393],[-73.85041,40.81358],[-73.84938,40.81324],[-73.84876,40.8129],[-73.84821,40.81246],[-73.84747,40.8109],[-73.8472,40.81058],[-73.84689,40.81052],[-73.84617,40.81068],[-73.84577,40.81158]]]}},{"type":"Feature","properties":{"id":"BX0903","name":"Castle Hill","borough":"Bronx"},"geometry":{"type":"MultiPolygon","coordinates":[[[[-73.8423,40.8287],[-73.84222,40.82834],[-73.84132,40.82677],[-73.84111,40.82615],[-73.84027,40.82476],[-73.84008,40.82425],[-73.83961,40.82386],[-73.83946,40.82292],[-73.83905,40.82269],[-73.83907,40.82225],[-73.83893,40.82133],[-73.83906,40.8198],[-73.83879,40.81953],[-73.83893,40.819],[-73.83921,40.81889],[-73.84008,40.81786],[-73.84019,40.81719],[-73.83974,40.81641],[-73.83901,40.81635],[-73.83697,40.81636],[-73.83669,40.81735],[-73.83644,40.81782],[-73.83604,40.81778],[-73.83595,40.81889],[-73.83599,40.82351],[-73.83617,40.82499],[-73.83645,40.82641],[-73.83654,40.82712],[-73.83683,40.82844],[-73.83702,40.82905],[-73.83757,40.82897],[-73.8405,40.82886],[-73.8423,40.8287]]],[[[-73.84292,40.82862],[-73.84398,40.82844],[-73.8445,40.82851],[-73.84532,40.82843],[-73.84505,40.8288],[-73.84585,40.82891],[-73.84728,40.82932],[-73.84848,40.83453],[-73.85168,40.8342],[-73.85906,40.83341],[-73.86034,40.83325],[-73.86085,40.83361],[-73.86129,40.83354],[-73.86156,40.83333],[-73.86272,40.83292],[-73.86366,40.8327],[-73.86314,40.83031],[-73.86264,40.82817],[-73.86067,40.82842],[-73.8597,40.82628],[-73.85728,40.8266],[-73.85636,40.82675],[-73.8562,40.82604],[-73.85597,40.82607],[-73.85497,40.82168],[-73.85362,40.81609],[-73.85163,40.81636],[-73.85115,40.8144],[-73.85093,40.81434],[-73.85011,40.81442],[-73.84706,40.81483],[-73.84663,40.81303],[-73.84611,40.8131],[-73.84647,40.81231],[-73.84632,40.81169],[-73.84577,40.81158],[-73.84528,40.81178],[-73.84476,40.81298],[-73.84439,40.81365],[-73.84411,40.81452],[-73.84374,40.81532],[-73.84317,40.81605],[-73.84306,40.81656],[-73.84237,40.81749],[-73.8421,40.81806],[-73.84213,40.81846],[-73.84199,40.81877],[-73.84105,40.81923],[-73.84062,40.81955],[-73.84028,40.81963],[-73.84,40.81993],[-73.8401,40.82032],[-73.83988,40.8209],[-73.83983,40.82157],[-73.84002,40.82219],[-73.84042,40.823],[-73.84042,40.82327],[-73.84171,40.82577],[-73.84232,40.82719],[-73.84246,40.82737],[-73.84272,40.82828],[-73.84292,40.82862]]]]}},{"type":"Feature","properties":{"id":"BX0904","name":"Parkchester","borough":"Bronx"},"geometry":{"type":"Polygon","coordinates":[[[-73.85168,40.8342],[-73.85207,40.83562],[-73.8531,40.84105],[-73.85333,40.84247],[-73.86163,40.84153],[-73.86347,40.84131],[-73.86448,40.84109],[-73.86394,40.84004],[-73.86296,40.83442],[-73.86272,40.83292],[-73.86156,40.83333],[-73.86129,40.83354],[-73.86085,40.83361],[-73.86034,40.83325],[-73.85906,40.83341],[-73.85168,40.8342]]]}},{"type":"Feature","properties":{"id":"BX1001","name":"Westchester Square","borough":"Bronx"},"geometry":{"type":"Polygon","coordinates":[[[-73.83937,40.84088],[-73.84124,40.8406],[-73.84195,40.84069],[-73.84146,40.84095],[-73.84328,40.84354],[-73.84491,40.84543],[-73.84461,40.84626],[-73.8447,40.84714],[-73.84494,40.84822],[-73.84506,40.84895],[-73.84488,40.8502],[-73.84535,40.84945],[-73.84537,40.84871],[-73.84578,40.84797],[-73.84635,40.84728],[-73.84721,40.84649],[-73.84788,40.84599],[-73.84623,40.84449],[-73.84749,40.84356],[-73.84806,40.84307],[-73.85333,40.84247],[-73.8531,40.84105],[-73.85207,40.83562],[-73.85168,40.8342],[-73.84848,40.83453],[-73.84728,40.82932],[-73.84585,40.82891],[-73.84505,40.8288],[-73.84532,40.82843],[-73.8445,40.82851],[-73.84398,40.82844],[-73.84292,40.82862],[-73.84303,40.82893],[-73.84311,40.82979],[-73.8427,40.83075],[-73.84276,40.83082],[-73.84221,40.83155],[-73.84182,40.83173],[-73.84018,40.83304],[-73.83992,40.83332],[-73.83941,40.8346],[-73.83979,40.83562],[-73.84,40.83825],[-73.84007,40.83875],[-73.8403,40.83952],[-73.83972,40.83957],[-73.83957,40.84055],[-73.83937,40.84088]]]}},{"type":"Feature","properties":{"id":"BX1002","name":"Throgs Neck","borough":"Bronx"},"geometry":{"type":"Polygon","coordinates":[[[-73.81606,40.83603],[-73.81641,40.83593],[-73.82063,40.83492],[-73.82258,40.83448],[-73.82379,40.8343],[-73.82463,40.83385],[-73.82516,40.83461],[-73.82601,40.83402],[-73.82622,40.83435],[-73.82573,40.83485],[-73.82549,40.83522],[-73.82544,40.83596],[-73.82585,40.83706],[-73.82599,40.84068],[-73.82624,40.84299],[-73.82611,40.84534],[-73.82758,40.84473],[-73.83043,40.84386],[-73.83108,40.84374],[-73.83294,40.84352],[-73.83683,40.84346],[-73.83699,40.84318],[-73.83767,40.84112],[-73.83762,40.84028],[-73.83839,40.84068],[-73.83937,40.84088],[-73.83957,40.84055],[-73.83972,40.83957],[-73.83959,40.8388],[-73.83919,40.83871],[-73.83929,40.83804],[-73.83918,40.83711],[-73.83923,40.83674],[-73.83893,40.83443],[-73.83883,40.83411],[-73.83888,40.8336],[-73.83918,40.83316],[-73.84024,40.83221],[-73.84085,40.83175],[-73.84188,40.83071],[-73.84223,40.82983],[-73.8423,40.8287],[-73.8405,40.82886],[-73.83757,40.82897],[-73.83702,40.82905],[-73.83683,40.82844],[-73.8353,40.82818],[-73.83132,40.82672],[-73.8311,40.82682],[-73.82742,40.82563],[-73.82464,40.82477],[-73.82788,40.82318],[-73.82946,40.82238],[-73.82833,40.82104],[-73.82672,40.82182],[-73.82537,40.82021],[-73.82371,40.81765],[-73.82317,40.81668],[-73.82408,40.81635],[-73.82842,40.81488],[-73.82666,40.81196],[-73.82631,40.81129],[-73.82506,40.81183],[-73.82325,40.81241],[-73.82106,40.81298],[-73.82059,40.81302],[-73.8201,40.81286],[-73.81982,40.81318],[-73.81874,40.81342],[-73.81759,40.81355],[-73.81675,40.81371],[-73.81648,40.81385],[-73.81588,40.81377],[-73.81552,40.8135],[-73.814,40.81355],[-73.81313,40.81333],[-73.81277,40.81316],[-73.81121,40.81298],[-73.80992,40.81293],[-73.80913,40.81253],[-73.8084,40.81203],[-73.80759,40.81127],[-73.80714,40.81066],[-73.80622,40.81005],[-73.80484,40.80934],[-73.80405,40.80875],[-73.80393,40.80853],[-73.80292,40.80908],[-73.80241,40.80916],[-73.80167,40.80902],[-73.80054,40.8084],[-73.79885,40.80718],[-73.79791,40.80671],[-73.79601,40.80592],[-73.79584,40.80617],[-73.79547,40.80596],[-73.7948,40.80536],[-73.79451,40.805],[-73.79401,40.80483],[-73.79401,40.80464],[-73.79339,40.8042],[-73.79298,40.80419],[-73.79225,40.804],[-73.79104,40.80426],[-73.79029,40.80482],[-73.79006,40.80541],[-73.79013,40.80577],[-73.79043,40.80633],[-73.79074,40.80659],[-73.79086,40.80734],[-73.79144,40.8075],[-73.79134,40.80705],[-73.7916,40.80689],[-73.79229,40.80685],[-73.79376,40.80745],[-73.79854,40.80959],[-73.80011,40.80971],[-73.80146,40.81014],[-73.80116,40.81059],[-73.80135,40.81071],[-73.80212,40.8101],[-73.80235,40.81004],[-73.80293,40.81054],[-73.80318,40.81087],[-73.80337,40.81154],[-73.80391,40.81211],[-73.80439,40.81201],[-73.80497,40.81216],[-73.80504,40.81263],[-73.80527,40.81285],[-73.80544,40.81335],[-73.80543,40.8144],[-73.80568,40.81504],[-73.80642,40.81538],[-73.80663,40.81559],[-73.80705,40.81653],[-73.8066,40.81666],[-73.80596,40.81604],[-73.80515,40.81567],[-73.80469,40.81519],[-73.80432,40.81459],[-73.80418,40.81459],[-73.80352,40.81395],[-73.8032,40.8135],[-73.80364,40.81264],[-73.80315,40.81246],[-73.80253,40.81254],[-73.8021,40.81279],[-73.80146,40.81294],[-73.80091,40.81376],[-73.80011,40.81402],[-73.79995,40.81445],[-73.79903,40.81554],[-73.79864,40.81546],[-73.79812,40.8157],[-73.79771,40.81551],[-73.79738,40.81577],[-73.79759,40.81651],[-73.79842,40.81687],[-73.80033,40.81756],[-73.80058,40.8177],[-73.80081,40.81809],[-73.80119,40.81813],[-73.8022,40.81854],[-73.80256,40.81848],[-73.80276,40.81823],[-73.80337,40.81825],[-73.80393,40.81849],[-73.80462,40.81903],[-73.80573,40.82018],[-73.80599,40.82082],[-73.80586,40.8219],[-73.80666,40.82342],[-73.80679,40.82399],[-73.80673,40.82469],[-73.80702,40.82542],[-73.80771,40.82589],[-73.80783,40.82577],[-73.80909,40.82587],[-73.80968,40.82526],[-73.81085,40.82487],[-73.81174,40.82435],[-73.81218,40.82435],[-73.81282,40.82474],[-73.81279,40.82437],[-73.81328,40.82397],[-73.81378,40.824],[-73.81404,40.82448],[-73.81324,40.82481],[-73.81328,40.82516],[-73.81374,40.82526],[-73.81404,40.82593],[-73.81372,40.82627],[-73.8139,40.82669],[-73.81333,40.82719],[-73.81265,40.82756],[-73.81264,40.82784],[-73.81169,40.828],[-73.8103,40.82799],[-73.81005,40.82826],[-73.8114,40.8283],[-73.81275,40.82825],[-73.8128,40.82859],[-73.81309,40.82867],[-73.81389,40.82982],[-73.81382,40.82997],[-73.81477,40.83082],[-73.81503,40.83167],[-73.81529,40.83187],[-73.81549,40.8323],[-73.81594,40.83368],[-73.81609,40.83468],[-73.81606,40.83603]]]}},{"type":"Feature","properties":{"id":"BX1003","name":"Pelham Bay","borough":"Bronx"},"geometry":{"type":"MultiPolygon","coordinates":[[[[-73.78833,40.83467],[-73.78846,40.83531],[-73.78951,40.83536],[-73.78931,40.83447],[-73.78833,40.83467]]],[[[-73.81606,40.83603],[-73.81616,40.83659],[-73.81637,40.83684],[-73.81648,40.8377],[-73.81617,40.83838],[-73.81588,40.83863],[-73.81478,40.83908],[-73.8147,40.83976],[-73.81497,40.84008],[-73.81507,40.84066],[-73.81533,40.84149],[-73.81557,40.84175],[-73.8154,40.84236],[-73.81572,40.84254],[-73.81615,40.84301],[-73.81644,40.84367],[-73.81639,40.84407],[-73.81617,40.84443],[-73.81567,40.84443],[-73.8152,40.84405],[-73.815,40.8435],[-73.81453,40.84345],[-73.81348,40.84365],[-73.81336,40.84389],[-73.81357,40.84439],[-73.81394,40.84446],[-73.81419,40.84472],[-73.81379,40.84498],[-73.8127,40.84492],[-73.81266,40.84421],[-73.81232,40.84519],[-73.8117,40.84668],[-73.81184,40.84671],[-73.81219,40.84595],[-73.81254,40.84498],[-73.81324,40.84524],[-73.8138,40.84535],[-73.8142,40.84601],[-73.81468,40.84587],[-73.81465,40.84621],[-73.81507,40.84655],[-73.81552,40.84632],[-73.81603,40.8464],[-73.81617,40.84684],[-73.8161,40.84751],[-73.81587,40.84809],[-73.81532,40.84858],[-73.81529,40.84897],[-73.8163,40.84857],[-73.82014,40.84802],[-73.82048,40.8485],[-73.8211,40.8482],[-73.82496,40.8461],[-73.82508,40.8447],[-73.82518,40.8427],[-73.82624,40.84299],[-73.82599,40.84068],[-73.82585,40.83706],[-73.82544,40.83596],[-73.82549,40.83522],[-73.82573,40.83485],[-73.82622,40.83435],[-73.82601,40.83402],[-73.82516,40.83461],[-73.82463,40.83385],[-73.82379,40.8343],[-73.82258,40.83448],[-73.82063,40.83492],[-73.81641,40.83593],[-73.81606,40.83603]]],[[[-73.83683,40.84346],[-73.83294,40.84352],[-73.83108,40.84374],[-73.83043,40.84386],[-73.82758,40.84473],[-73.82611,40.84534],[-73.82645,40.84626],[-73.828,40.84863],[-73.82786,40.84974],[-73.82713,40.85187],[-73.82738,40.85282],[-73.82723,40.85335],[-73.8286,40.85572],[-73.83129,40.85543],[-73.83262,40.85506],[-73.8335,40.85468],[-73.83424,40.85425],[-73.83453,40.85397],[-73.83504,40.85313],[-73.83556,40.85196],[-73.8362,40.84583],[-73.83683,40.84346]]],[[[-73.78224,40.84173],[-73.78237,40.84243],[-73.78289,40.84249],[-73.78313,40.84274],[-73.78348,40.84366],[-73.78279,40.84376],[-73.78306,40.84437],[-73.78297,40.84468],[-73.78315,40.84531],[-73.78309,40.84552],[-73.7825,40.84566],[-73.78236,40.84598],[-73.78251,40.84641],[-73.78216,40.84661],[-73.78208,40.84713],[-73.78143,40.84746],[-73.78159,40.84804],[-73.7825,40.84791],[-73.78264,40.84807],[-73.78109,40.84839],[-73.78149,40.84858],[-73.78245,40.84934],[-73.78304,40.84907],[-73.78354,40.84922],[-73.7842,40.85006],[-73.78401,40.85047],[-73.78448,40.85107],[-73.78345,40.8514],[-73.78398,40.85153],[-73.78434,40.85178],[-73.78529,40.85162],[-73.78588,40.85179],[-73.78642,40.85214],[-73.7876,40.85311],[-73.78796,40.85347],[-73.78793,40.85374],[-73.78715,40.85398],[-73.78723,40.8542],[-73.78835,40.85413],[-73.78848,40.8544],[-73.78829,40.8548],[-73.78843,40.85533],[-73.78836,40.85563],[-73.78854,40.85616],[-73.7889,40.85657],[-73.7887,40.85711],[-73.78882,40.85765],[-73.78876,40.8584],[-73.78934,40.8587],[-73.79005,40.85848],[-73.79044,40.85792],[-73.79079,40.85775],[-73.79129,40.85727],[-73.7916,40.85737],[-73.79187,40.85698],[-73.79201,40.85618],[-73.7925,40.85579],[-73.79208,40.85565],[-73.79129,40.85459],[-73.79134,40.85444],[-73.79192,40.85422],[-73.79126,40.85371],[-73.79111,40.85326],[-73.79042,40.85302],[-73.79145,40.85277],[-73.79111,40.85201],[-73.79015,40.85225],[-73.79045,40.85172],[-73.78973,40.85169],[-73.78951,40.8513],[-73.79013,40.85119],[-73.78989,40.85055],[-73.79004,40.85043],[-73.78976,40.84953],[-73.79025,40.84918],[-73.79089,40.84889],[-73.79124,40.84855],[-73.79136,40.84823],[-73.79126,40.8476],[-73.79142,40.84748],[-73.79148,40.8468],[-73.79096,40.84623],[-73.7905,40.84549],[-73.78993,40.84493],[-73.78935,40.84401],[-73.78934,40.84368],[-73.7898,40.84359],[-73.78961,40.84311],[-73.78906,40.84324],[-73.78852,40.84241],[-73.78823,40.8422],[-73.7878,40.84144],[-73.78786,40.84108],[-73.7873,40.83968],[-73.78653,40.83972],[-73.78615,40.83959],[-73.78574,40.83923],[-73.78553,40.8388],[-73.78558,40.83793],[-73.78528,40.83776],[-73.78513,40.83744],[-73.78485,40.83747],[-73.78431,40.83681],[-73.7841,40.83673],[-73.78338,40.83691],[-73.78303,40.83635],[-73.78268,40.83648],[-73.7827,40.83684],[-73.78291,40.83732],[-73.78238,40.83732],[-73.78189,40.83765],[-73.782,40.83801],[-73.78172,40.83822],[-73.78132,40.83929],[-73.78154,40.84034],[-73.78154,40.84079],[-73.78184,40.84139],[-73.78186,40.84169],[-73.78224,40.84173]]],[[[-73.78458,40.86053],[-73.7858,40.86032],[-73.78692,40.86027],[-73.78716,40.85957],[-73.7876,40.85887],[-73.78669,40.85869],[-73.78661,40.85904],[-73.78637,40.85922],[-73.78573,40.85921],[-73.78514,40.85879],[-73.78471,40.85914],[-73.78437,40.85985],[-73.78458,40.86053]]]]}},{"type":"Feature","properties":{"id":"BX1004","name":"Co-op City","borough":"Bronx"},"geometry":{"type":"Polygon","coordinates":[[[-73.82024,40.88549],[-73.82082,40.88534],[-73.82108,40.88586],[-73.82132,40.88602],[-73.82206,40.88611],[-73.8261,40.88483],[-73.82661,40.88465],[-73.82606,40.88415],[-73.82825,40.88304],[-73.82986,40.88217],[-73.83144,40.88111],[-73.83246,40.88021],[-73.83377,40.87872],[-73.83445,40.87727],[-73.83478,40.87617],[-73.83488,40.87544],[-73.83488,40.8744],[-73.83474,40.87338],[-73.83434,40.87203],[-73.83369,40.87045],[-73.83278,40.86852],[-73.83076,40.86468],[-73.83022,40.86343],[-73.82956,40.86216],[-73.82841,40.86095],[-73.82802,40.86064],[-73.8275,40.85995],[-73.82722,40.85921],[-73.82556,40.85974],[-73.82471,40.85997],[-73.82186,40.86092],[-73.821,40.86125],[-73.81992,40.86177],[-73.81895,40.86247],[-73.81684,40.86431],[-73.817,40.86446],[-73.81642,40.86515],[-73.81579,40.86576],[-73.82092,40.86892],[-73.82127,40.86908],[-73.82329,40.8731],[-73.8211,40.87897],[-73.82005,40.88211],[-73.82024,40.88549]]]}},{"type":"Feature","properties":{"id":"BX1101","name":"Pelham Parkway","borough":"Bronx"},"geometry":{"type":"Polygon","coordinates":[[[-73.86179,40.85798],[-73.86759,40.85783],[-73.86841,40.85778],[-73.86989,40.85597],[-73.8699,40.85573],[-73.86864,40.85219],[-73.86825,40.85096],[-73.86832,40.85076],[-73.86921,40.84924],[-73.86786,40.84886],[-73.86835,40.84708],[-73.86892,40.84688],[-73.86865,40.84609],[-73.86874,40.84561],[-73.86864,40.84531],[-73.86804,40.84481],[-73.86889,40.84441],[-73.871,40.84311],[-73.87154,40.84251],[-73.87282,40.84087],[-73.8736,40.8398],[-73.87284,40.83976],[-73.87006,40.83961],[-73.86921,40.8396],[-73.86782,40.84017],[-73.86546,40.84086],[-73.86448,40.84109],[-73.86347,40.84131],[-73.86163,40.84153],[-73.85333,40.84247],[-73.8543,40.84267],[-73.85738,40.84371],[-73.85865,40.84529],[-73.86039,40.84824],[-73.86119,40.8486],[-73.86251,40.84836],[-73.86279,40.84924],[-73.86304,40.85061],[-73.86212,40.85081],[-73.86192,40.85678],[-73.86179,40.85739],[-73.86179,40.85798]]]}},{"type":"Feature","properties":{"id":"BX1102","name":"Morris Park","borough":"Bronx"},"geometry":{"type":"Polygon","coordinates":[[[-73.83682,40.85728],[-73.84004,40.85781],[-73.8433,40.85829],[-73.84646,40.85864],[-73.84931,40.85872],[-73.85028,40.85866],[-73.85406,40.85832],[-73.85663,40.85812],[-73.86179,40.85798],[-73.86179,40.85739],[-73.86192,40.85678],[-73.86212,40.85081],[-73.86304,40.85061],[-73.86279,40.84924],[-73.86251,40.84836],[-73.86119,40.8486],[-73.86039,40.84824],[-73.85865,40.84529],[-73.85738,40.84371],[-73.8543,40.84267],[-73.85333,40.84247],[-73.84806,40.84307],[-73.84749,40.84356],[-73.84623,40.84449],[-73.84788,40.84599],[-73.84721,40.84649],[-73.84635,40.84728],[-73.84578,40.84797],[-73.84537,40.84871],[-73.84535,40.84945],[-73.84488,40.8502],[-73.84506,40.84895],[-73.84494,40.84822],[-73.84428,40.84912],[-73.84149,40.85319],[-73.8405,40.85419],[-73.83972,40.85477],[-73.83843,40.85547],[-73.83772,40.85574],[-73.83524,40.85649],[-73.83668,40.85665],[-73.83691,40.85701],[-73.83682,40.85728]]]}},{"type":"Feature","properties":{"id":"BX1103","name":"Pelham Gardens","borough":"Bronx"},"geometry":{"type":"Polygon","coordinates":[[[-73.85363,40.8733],[-73.85651,40.87422],[-73.85661,40.87125],[-73.85848,40.87129],[-73.85867,40.86549],[-73.85961,40.86551],[-73.85891,40.86464],[-73.85806,40.86304],[-73.85771,40.86228],[-73.85735,40.85963],[-73.85729,40.85937],[-73.85663,40.85812],[-73.85406,40.85832],[-73.85028,40.85866],[-73.84931,40.85872],[-73.84646,40.85864],[-73.8433,40.85829],[-73.84004,40.85781],[-73.83682,40.85728],[-73.83308,40.85868],[-73.83002,40.85968],[-73.82961,40.85989],[-73.82841,40.86095],[-73.82956,40.86216],[-73.83082,40.86243],[-73.83159,40.86265],[-73.83578,40.86502],[-73.83954,40.86699],[-73.84358,40.86909],[-73.8486,40.87167],[-73.85079,40.8724],[-73.85363,40.8733]]]}},{"type":"Feature","properties":{"id":"BX1104","name":"Allerton","borough":"Bronx"},"geometry":{"type":"Polygon","coordinates":[[[-73.85848,40.87129],[-73.86427,40.87139],[-73.86432,40.86965],[-73.86722,40.8697],[-73.87054,40.86968],[-73.8704,40.86466],[-73.87042,40.86362],[-73.87058,40.8614],[-73.87108,40.85738],[-73.87085,40.85729],[-73.86955,40.85773],[-73.86841,40.85778],[-73.86759,40.85783],[-73.86179,40.85798],[-73.85663,40.85812],[-73.85729,40.85937],[-73.85735,40.85963],[-73.85771,40.86228],[-73.85806,40.86304],[-73.85891,40.86464],[-73.85961,40.86551],[-73.85867,40.86549],[-73.85848,40.87129]]]}},{"type":"Feature","properties":{"id":"BX1201","name":"Williamsbridge","borough":"Bronx"},"geometry":{"type":"Polygon","coordinates":[[[-73.84745,40.88698],[-73.85603,40.88971],[-73.86179,40.89155],[-73.86274,40.89184],[-73.86198,40.89316],[-73.86136,40.89466],[-73.86356,40.89538],[-73.86369,40.89432],[-73.867,40.88907],[-73.86761,40.88759],[-73.86822,40.8856],[-73.86857,40.88468],[-73.86921,40.88332],[-73.87002,40.88235],[-73.87084,40.88045],[-73.87015,40.88035],[-73.87095,40.87851],[-73.86936,40.87811],[-73.8702,40.87602],[-73.87031,40.87562],[-73.87037,40.87329],[-73.87056,40.87151],[-73.87054,40.86968],[-73.86722,40.8697],[-73.86432,40.86965],[-73.86427,40.87139],[-73.85848,40.87129],[-73.85661,40.87125],[-73.85651,40.87422],[-73.85363,40.8733],[-73.85143,40.87499],[-73.85069,40.87549],[-73.85172,40.87684],[-73.85255,40.87709],[-73.85092,40.87789],[-73.85207,40.8793],[-73.85248,40.87946],[-73.84745,40.88698]]]}},{"type":"Feature","properties":{"id":"BX1202","name":"Eastchester","borough":"Bronx"},"geometry":{"type":"Polygon","coordinates":[[[-73.82024,40.88549],[-73.81749,40.8862],[-73.816,40.88656],[-73.81468,40.88671],[-73.81365,40.88673],[-73.81277,40.88668],[-73.81102,40.8864],[-73.8085,40.88587],[-73.80728,40.88575],[-73.80605,40.88582],[-73.8052,40.886],[-73.80329,40.88542],[-73.79938,40.88435],[-73.79449,40.88307],[-73.79323,40.88282],[-73.79301,40.88336],[-73.79405,40.8837],[-73.79628,40.88429],[-73.79733,40.88454],[-73.7993,40.88507],[-73.80193,40.88571],[-73.80291,40.88603],[-73.80756,40.88711],[-73.80872,40.88748],[-73.8099,40.88774],[-73.81127,40.8881],[-73.81517,40.88904],[-73.81602,40.88932],[-73.81662,40.88943],[-73.81828,40.88985],[-73.8194,40.89026],[-73.82061,40.89061],[-73.82286,40.89121],[-73.82337,40.89097],[-73.82347,40.89058],[-73.82329,40.89039],[-73.82336,40.88987],[-73.82313,40.88976],[-73.82261,40.88983],[-73.82252,40.88943],[-73.82367,40.8899],[-73.82722,40.89091],[-73.82866,40.89137],[-73.83096,40.89203],[-73.83184,40.89235],[-73.83357,40.89281],[-73.83526,40.89339],[-73.83631,40.8936],[-73.83804,40.89414],[-73.83839,40.89407],[-73.84984,40.89154],[-73.85069,40.8913],[-73.84874,40.89065],[-73.84591,40.88974],[-73.84745,40.88698],[-73.85248,40.87946],[-73.85207,40.8793],[-73.85092,40.87789],[-73.85255,40.87709],[-73.85172,40.87684],[-73.85069,40.87549],[-73.85143,40.87499],[-73.85363,40.8733],[-73.85079,40.8724],[-73.8486,40.87167],[-73.84358,40.86909],[-73.83954,40.86699],[-73.83578,40.86502],[-73.83159,40.86265],[-73.83082,40.86243],[-73.82956,40.86216],[-73.83022,40.86343],[-73.83076,40.86468],[-73.83278,40.86852],[-73.83369,40.87045],[-73.83434,40.87203],[-73.83474,40.87338],[-73.83488,40.8744],[-73.83488,40.87544],[-73.83478,40.87617],[-73.83445,40.87727],[-73.83377,40.87872],[-73.83246,40.88021],[-73.83144,40.88111],[-73.82986,40.88217],[-73.82825,40.88304],[-73.82606,40.88415],[-73.82661,40.88465],[-73.8261,40.88483],[-73.82206,40.88611],[-73.82132,40.88602],[-73.82108,40.88586],[-73.82082,40.88534],[-73.82024,40.88549]]]}},{"type":"Feature","properties":{"id":"BX1203","name":"Wakefield","borough":"Bronx"},"geometry":{"type":"Polygon","coordinates":[[[-73.83839,40.89407],[-73.83965,40.89733],[-73.83966,40.89788],[-73.83919,40.8989],[-73.83924,40.8995],[-73.8407,40.90147],[-73.84087,40.90186],[-73.84113,40.9035],[-73.84139,40.90417],[-73.8449,40.90419],[-73.84493,40.90466],[-73.84482,40.90553],[-73.84708,40.90615],[-73.84864,40.90681],[-73.85017,40.90751],[-73.85092,40.90662],[-73.85228,40.90708],[-73.85347,40.90753],[-73.85107,40.91037],[-73.85149,40.91027],[-73.85227,40.90985],[-73.85266,40.91001],[-73.85258,40.91031],[-73.85296,40.91035],[-73.85335,40.91004],[-73.8536,40.90961],[-73.85392,40.90946],[-73.85459,40.90894],[-73.85491,40.90836],[-73.85471,40.908],[-73.85383,40.90798],[-73.85374,40.90779],[-73.85424,40.90703],[-73.85514,40.90687],[-73.85553,40.90638],[-73.85596,40.90622],[-73.85656,40.90626],[-73.85692,40.90597],[-73.8565,40.90556],[-73.85601,40.90531],[-73.85666,40.90506],[-73.85718,40.90529],[-73.85743,40.90484],[-73.85699,40.90458],[-73.85717,40.90408],[-73.85711,40.90365],[-73.85756,40.90292],[-73.85797,40.90285],[-73.85816,40.9023],[-73.85873,40.90229],[-73.85911,40.90264],[-73.85958,40.90244],[-73.85946,40.90194],[-73.85886,40.90171],[-73.85903,40.90145],[-73.85942,40.90139],[-73.85908,40.90101],[-73.85947,40.90052],[-73.86134,40.90111],[-73.86156,40.90106],[-73.86225,40.90127],[-73.8628,40.90154],[-73.86305,40.90151],[-73.86566,40.90224],[-73.8679,40.90294],[-73.8682,40.90236],[-73.86901,40.90156],[-73.86963,40.90106],[-73.87054,40.90048],[-73.87144,40.89999],[-73.87237,40.89958],[-73.87337,40.89921],[-73.87452,40.89863],[-73.87522,40.89815],[-73.87582,40.89761],[-73.87644,40.89687],[-73.87684,40.89619],[-73.87712,40.89547],[-73.87481,40.89572],[-73.87049,40.89664],[-73.87007,40.89659],[-73.86492,40.89575],[-73.86356,40.89538],[-73.86136,40.89466],[-73.86198,40.89316],[-73.86274,40.89184],[-73.86179,40.89155],[-73.85603,40.88971],[-73.84745,40.88698],[-73.84591,40.88974],[-73.84874,40.89065],[-73.85069,40.8913],[-73.84984,40.89154],[-73.83839,40.89407]]]}},{"type":"Feature","properties":{"id":"MN0101","name":"Financial District","borough":"Manhattan"},"geometry":{"type":"MultiPolygon","coordinates":[[[[-74.00096,40.69407],[-74.00027,40.69496],[-74.0024,40.69571],[-74.00302,40.69478],[-74.00096,40.69407]]],[[[-73.99838,40.69806],[-74.00049,40.69876],[-74.00105,40.69791],[-73.99887,40.69716],[-73.99838,40.69806]]],[[[-73.99802,40.69876],[-73.9975,40.69964],[-73.99948,40.70032],[-74.00002,40.69946],[-73.99802,40.69876]]],[[[-73.9967,40.70088],[-73.99514,40.70298],[-73.99619,40.70338],[-73.99814,40.70152],[-73.9978,40.70132],[-73.99682,40.70099],[-73.9967,40.70088]]],[[[-73.99505,40.70313],[-73.9948,40.70329],[-73.99529,40.70355],[-73.99544,40.70328],[-73.99505,40.70313]]],[[[-74.00142,40.70982],[-74.00442,40.71219],[-74.00449,40.71255],[-74.00574,40.71209],[-74.0075,40.71167],[-74.00808,40.71172],[-74.00835,40.71136],[-74.00884,40.71151],[-74.01308,40.71341],[-74.01372,40.71368],[-74.01344,40.71443],[-74.01273,40.71711],[-74.01229,40.71904],[-74.01303,40.71913],[-74.01321,40.71832],[-74.01471,40.71852],[-74.015,40.71845],[-74.01663,40.71867],[-74.01671,40.71862],[-74.01758,40.71359],[-74.01632,40.71341],[-74.01656,40.71293],[-74.01662,40.71216],[-74.0178,40.71234],[-74.01814,40.71089],[-74.01886,40.70805],[-74.01819,40.70782],[-74.01863,40.70714],[-74.01912,40.70698],[-74.01934,40.70607],[-74.01893,40.70477],[-74.01845,40.70416],[-74.01713,40.70428],[-74.01663,40.7048],[-74.01566,40.70483],[-74.01429,40.70455],[-74.01443,40.70315],[-74.01421,40.70274],[-74.01383,40.7024],[-74.01401,40.702],[-74.01398,40.70153],[-74.01356,40.70094],[-74.01348,40.70048],[-74.01239,40.70062],[-74.01213,40.70014],[-74.01185,40.70011],[-74.01209,40.70068],[-74.01111,40.7009],[-74.01129,40.70125],[-74.01105,40.70145],[-74.00958,40.70184],[-74.00862,40.70055],[-74.00854,40.70092],[-74.00759,40.70133],[-74.00775,40.70155],[-74.0087,40.70114],[-74.00929,40.70193],[-74.00914,40.70197],[-74.0077,40.70285],[-74.00752,40.70312],[-74.00678,40.70357],[-74.00549,40.70243],[-74.0053,40.70256],[-74.00659,40.70368],[-74.00602,40.70388],[-74.00405,40.70515],[-74.00287,40.70407],[-74.00263,40.70422],[-74.00383,40.7053],[-74.00332,40.70563],[-74.00219,40.70461],[-74.00197,40.70474],[-74.00269,40.70545],[-74.00205,40.70541],[-74.00145,40.70488],[-74.00059,40.70541],[-74.0014,40.70618],[-74.00098,40.70642],[-74.00119,40.70686],[-74.0004,40.70726],[-73.99913,40.70798],[-74.00142,40.70982]]]]}},{"type":"Feature","properties":{"id":"MN0102","name":"Tribeca","borough":"Manhattan"},"geometry":{"type":"Polygon","coordinates":[[[-73.99931,40.71755],[-74.00351,40.72056],[-74.00531,40.72182],[-74.0063,40.72255],[-74.00973,40.72499],[-74.01081,40.72579],[-74.01092,40.72579],[-74.01123,40.72426],[-74.01197,40.72433],[-74.01254,40.7215],[-74.01311,40.72155],[-74.01316,40.72125],[-74.01562,40.72154],[-74.01569,40.72121],[-74.0129,40.72087],[-74.013,40.72033],[-74.01631,40.72073],[-74.01638,40.72038],[-74.01557,40.72024],[-74.01342,40.72002],[-74.01346,40.7198],[-74.01291,40.71973],[-74.01303,40.71913],[-74.01229,40.71904],[-74.01273,40.71711],[-74.01344,40.71443],[-74.01372,40.71368],[-74.01308,40.71341],[-74.00884,40.71151],[-74.00835,40.71136],[-74.00808,40.71172],[-74.0075,40.71167],[-74.00574,40.71209],[-74.00449,40.71255],[-74.00442,40.71219],[-74.00142,40.70982],[-74.00051,40.71099],[-74.00087,40.71162],[-74.00093,40.71326],[-74.00157,40.71368],[-74.00097,40.7139],[-74.00075,40.71451],[-74.00045,40.71437],[-74.00053,40.71517],[-74.00079,40.71529],[-74.00014,40.7162],[-73.99931,40.71755]]]}},{"type":"Feature","properties":{"id":"MN0201","name":"SoHo","borough":"Manhattan"},"geometry":{"type":"Polygon","coordinates":[[[-74.00282,40.72836],[-74.01055,40.7291],[-74.01064,40.72817],[-74.01138,40.72823],[-74.01154,40.72645],[-74.01512,40.72679],[-74.01516,40.72632],[-74.01232,40.72603],[-74.01165,40.72587],[-74.01197,40.72433],[-74.01123,40.72426],[-74.01092,40.72579],[-74.01081,40.72579],[-74.00973,40.72499],[-74.0063,40.72255],[-74.00531,40.72182],[-74.00351,40.72056],[-73.99931,40.71755],[-73.99859,40.7171],[-73.99606,40.71623],[-73.99543,40.71728],[-73.99481,40.71846],[-73.99407,40.72024],[-73.99353,40.72163],[-73.9926,40.72414],[-73.99533,40.72508],[-73.99677,40.72543],[-73.99761,40.7258],[-74.00282,40.72836]]]}},{"type":"Feature","properties":{"id":"MN0202","name":"Greenwich Village","borough":"Manhattan"},"geometry":{"type":"Polygon","coordinates":[[[-73.9899,40.73443],[-73.99075,40.73484],[-73.99362,40.736],[-73.99684,40.73736],[-73.99781,40.73604],[-74.00141,40.73107],[-74.00215,40.72976],[-74.00282,40.72836],[-73.99761,40.7258],[-73.99677,40.72543],[-73.99533,40.72508],[-73.9926,40.72414],[-73.9913,40.72775],[-73.99098,40.7292],[-73.9905,40.73056],[-73.99039,40.73129],[-73.98987,40.73353],[-73.9899,40.73443]]]}},{"type":"Feature","properties":{"id":"MN0203","name":"West Village","borough":"Manhattan"},"geometry":{"type":"Polygon","coordinates":[[[-74.00915,40.7425],[-74.00932,40.74224],[-74.01013,40.74258],[-74.01029,40.74236],[-74.01084,40.7426],[-74.01139,40.74182],[-74.01038,40.7414],[-74.01021,40.74161],[-74.00962,40.74136],[-74.00941,40.74115],[-74.00963,40.74065],[-74.01138,40.74073],[-74.01146,40.74058],[-74.01159,40.73927],[-74.01039,40.73917],[-74.01045,40.73836],[-74.01105,40.7384],[-74.01109,40.73809],[-74.01048,40.73806],[-74.01064,40.73605],[-74.01082,40.73428],[-74.012,40.73434],[-74.01202,40.73407],[-74.01083,40.73401],[-74.0109,40.7333],[-74.014,40.73333],[-74.014,40.73307],[-74.01094,40.73301],[-74.01116,40.73045],[-74.01402,40.73068],[-74.01408,40.73064],[-74.01439,40.72846],[-74.01138,40.72823],[-74.01064,40.72817],[-74.01055,40.7291],[-74.00282,40.72836],[-74.00215,40.72976],[-74.00141,40.73107],[-73.99781,40.73604],[-73.99684,40.73736],[-73.99968,40.73855],[-74.0087,40.74236],[-74.00915,40.7425]],[[-74.00937,40.74219],[-74.00924,40.74207],[-74.00936,40.74142],[-74.01017,40.74167],[-74.00982,40.74216],[-74.00937,40.74219]]]}},{"type":"Feature","properties":{"id":"MN0301","name":"Chinatown","borough":"Manhattan"},"geometry":{"type":"Polygon","coordinates":[[[-73.9845,40.70951],[-73.98511,40.71335],[-73.98534,40.71446],[-73.98934,40.71414],[-73.99022,40.7144],[-73.9902,40.71466],[-73.98915,40.71671],[-73.99142,40.71742],[-73.99383,40.71814],[-73.99481,40.71846],[-73.99543,40.71728],[-73.99606,40.71623],[-73.99859,40.7171],[-73.99931,40.71755],[-74.00014,40.7162],[-74.00079,40.71529],[-74.00053,40.71517],[-74.00045,40.71437],[-74.00075,40.71451],[-74.00097,40.7139],[-74.00157,40.71368],[-74.00093,40.71326],[-74.00087,40.71162],[-74.00051,40.71099],[-74.00142,40.70982],[-73.99913,40.70798],[-73.99881,40.7082],[-73.99808,40.70851],[-73.99728,40.70873],[-73.99374,40.70925],[-73.99204,40.70952],[-73.98946,40.70989],[-73.98864,40.70991],[-73.98845,40.70913],[-73.9845,40.70951]]]}},{"type":"Feature","properties":{"id":"MN0302","name":"Lower East Side","borough":"Manhattan"},"geometry":{"type":"MultiPolygon","coordinates":[[[[-73.98246,40.70554],[-73.98233,40.70555],[-73.9823,40.70574],[-73.98102,40.7058],[-73.98103,40.7059],[-73.98243,40.70582],[-73.98246,40.70554]]],[[[-73.97357,40.7186],[-73.97474,40.71884],[-73.97506,40.71879],[-73.97551,40.71896],[-73.97723,40.71931],[-73.97875,40.71993],[-73.98468,40.72173],[-73.98629,40.72224],[-73.98714,40.72247],[-73.98939,40.72317],[-73.9926,40.72414],[-73.99353,40.72163],[-73.99407,40.72024],[-73.99481,40.71846],[-73.99383,40.71814],[-73.99142,40.71742],[-73.98915,40.71671],[-73.9902,40.71466],[-73.99022,40.7144],[-73.98934,40.71414],[-73.98534,40.71446],[-73.98511,40.71335],[-73.9845,40.70951],[-73.98125,40.70983],[-73.98129,40.71022],[-73.98034,40.71036],[-73.97808,40.71053],[-73.97753,40.71084],[-73.97699,40.71126],[-73.9765,40.7118],[-73.97605,40.7126],[-73.97491,40.71511],[-73.9741,40.71709],[-73.97357,40.7186]]]]}},{"type":"Feature","properties":{"id":"MN0303","name":"East Village","borough":"Manhattan"},"geometry":{"type":"MultiPolygon","coordinates":[[[[-73.96427,40.72058],[-73.9642,40.72065],[-73.96484,40.72146],[-73.96495,40.72142],[-73.96427,40.72058]]],[[[-73.97357,40.7186],[-73.97315,40.71999],[-73.97206,40.72456],[-73.97162,40.72663],[-73.97205,40.72688],[-73.97581,40.72852],[-73.97803,40.72943],[-73.98166,40.731],[-73.98256,40.73135],[-73.9899,40.73443],[-73.98987,40.73353],[-73.99039,40.73129],[-73.9905,40.73056],[-73.99098,40.7292],[-73.9913,40.72775],[-73.9926,40.72414],[-73.98939,40.72317],[-73.98714,40.72247],[-73.98629,40.72224],[-73.98468,40.72173],[-73.97875,40.71993],[-73.97723,40.71931],[-73.97551,40.71896],[-73.97506,40.71879],[-73.97474,40.71884],[-73.97357,40.7186]]]]}},{"type":"Feature","properties":{"id":"MN0401","name":"Chelsea","borough":"Manhattan"},"geometry":{"type":"Polygon","coordinates":[[[-74.00179,40.7623],[-74.0022,40.76173],[-74.0044,40.76267],[-74.00454,40.76249],[-74.00234,40.76154],[-74.00279,40.76093],[-74.00313,40.76108],[-74.00393,40.76],[-74.0045,40.75909],[-74.00644,40.75989],[-74.00697,40.75916],[-74.00503,40.75836],[-74.00528,40.75803],[-74.0048,40.75781],[-74.00521,40.75723],[-74.00542,40.75732],[-74.00762,40.75428],[-74.009,40.75065],[-74.01057,40.75132],[-74.01068,40.75102],[-74.0091,40.75037],[-74.00925,40.74999],[-74.00956,40.74997],[-74.00995,40.74893],[-74.01108,40.74905],[-74.01117,40.74864],[-74.00894,40.74841],[-74.00906,40.74778],[-74.01127,40.74801],[-74.01135,40.74759],[-74.00914,40.74736],[-74.00924,40.74676],[-74.01144,40.74699],[-74.01153,40.74657],[-74.00937,40.74634],[-74.00947,40.74575],[-74.01013,40.74586],[-74.01163,40.74598],[-74.01174,40.74552],[-74.00956,40.74529],[-74.00961,40.745],[-74.00873,40.74488],[-74.0089,40.74392],[-74.00944,40.74397],[-74.00951,40.74367],[-74.01198,40.74393],[-74.01212,40.74351],[-74.00958,40.74326],[-74.00962,40.74295],[-74.00909,40.74289],[-74.00915,40.7425],[-74.0087,40.74236],[-73.99968,40.73855],[-73.99684,40.73736],[-73.99142,40.7448],[-73.9971,40.74721],[-73.99484,40.75029],[-73.99347,40.75219],[-73.99163,40.75471],[-73.99578,40.75645],[-73.9973,40.75711],[-73.99548,40.75963],[-74.00104,40.76197],[-74.00179,40.7623]]]}},{"type":"Feature","properties":{"id":"MN0402","name":"Hell's Kitchen","borough":"Manhattan"},"geometry":{"type":"Polygon","coordinates":[[[-73.99383,40.77293],[-73.99434,40.77252],[-73.99612,40.77328],[-73.99623,40.77313],[-73.99444,40.77238],[-73.99478,40.77193],[-73.99687,40.77282],[-73.99707,40.77254],[-73.99498,40.77166],[-73.99632,40.7698],[-73.99876,40.77083],[-73.99903,40.77046],[-73.99657,40.76943],[-73.99707,40.76873],[-73.99947,40.76977],[-73.99973,40.76947],[-73.99646,40.7681],[-73.99715,40.76713],[-74.00039,40.7685],[-74.00063,40.7682],[-73.99738,40.76683],[-73.99807,40.76587],[-74.00129,40.76724],[-74.00154,40.76695],[-73.99828,40.76557],[-73.99867,40.76524],[-73.99858,40.765],[-73.99888,40.76457],[-74.00203,40.76589],[-74.00228,40.76552],[-73.99915,40.7642],[-73.99962,40.76356],[-73.99993,40.76341],[-74.00295,40.76461],[-74.00315,40.76433],[-74.00097,40.76342],[-74.00139,40.76285],[-74.00361,40.76378],[-74.00376,40.76358],[-74.00153,40.76264],[-74.00179,40.7623],[-74.00104,40.76197],[-73.99548,40.75963],[-73.9973,40.75711],[-73.99578,40.75645],[-73.99163,40.75471],[-73.98884,40.75853],[-73.98565,40.76292],[-73.98236,40.76739],[-73.99067,40.77088],[-73.99378,40.7722],[-73.99333,40.77282],[-73.99383,40.77293]]]}},{"type":"Feature","properties":{"id":"MN0501","name":"Flatiron","borough":"Manhattan"},"geometry":{"type":"Polygon","coordinates":[[[-73.98085,40.74775],[-73.98729,40.75045],[-73.98777,40.74979],[-73.99347,40.75219],[-73.99484,40.75029],[-73.9971,40.74721],[-73.99142,40.7448],[-73.99684,40.73736],[-73.99362,40.736],[-73.99075,40.73484],[-73.9899,40.73443],[-73.98988,40.73541],[-73.98901,40.73656],[-73.98408,40.74333],[-73.98085,40.74775]]]}},{"type":"Feature","properties":{"id":"MN0502","name":"Midtown","borough":"Manhattan"},"geometry":{"type":"Polygon","coordinates":[[[-73.97301,40.76428],[-73.97419,40.76481],[-73.97908,40.76688],[-73.98149,40.76788],[-73.98211,40.76774],[-73.98236,40.76739],[-73.98565,40.76292],[-73.98884,40.75853],[-73.99163,40.75471],[-73.99347,40.75219],[-73.98777,40.74979],[-73.98729,40.75045],[-73.98085,40.74775],[-73.97806,40.75157],[-73.97768,40.75212],[-73.97835,40.75241],[-73.97788,40.7531],[-73.97651,40.75497],[-73.97581,40.75468],[-73.9698,40.76291],[-73.97301,40.76428]]]}},{"type":"Feature","properties":{"id":"MN0601","name":"Stuyvesant Town-Peter Cooper Village","borough":"Manhattan"},"geometry":{"type":"Polygon","coordinates":[[[-73.97444,40.73532],[-73.97522,40.73541],[-73.97589,40.73567],[-73.97834,40.73672],[-73.97854,40.73689],[-73.97891,40.73616],[-73.98127,40.73292],[-73.98239,40.73141],[-73.98256,40.73135],[-73.98166,40.731],[-73.97803,40.72943],[-73.97581,40.72852],[-73.97205,40.72688],[-73.97162,40.72663],[-73.97149,40.72735],[-73.97157,40.72764],[-73.97141,40.72888],[-73.97162,40.72956],[-73.97205,40.73009],[-73.97301,40.73082],[-73.97341,40.73128],[-73.97444,40.73532]]]}},{"type":"Feature","properties":{"id":"MN0602","name":"Gramercy","borough":"Manhattan"},"geometry":{"type":"Polygon","coordinates":[[[-73.97854,40.73689],[-73.97805,40.73755],[-73.98267,40.7395],[-73.98086,40.74197],[-73.98408,40.74333],[-73.98901,40.73656],[-73.98988,40.73541],[-73.9899,40.73443],[-73.98256,40.73135],[-73.98239,40.73141],[-73.98127,40.73292],[-73.97891,40.73616],[-73.97854,40.73689]]]}},{"type":"Feature","properties":{"id":"MN0603","name":"Murray Hill","borough":"Manhattan"},"geometry":{"type":"Polygon","coordinates":[[[-73.96891,40.75011],[-73.9735,40.75207],[-73.97445,40.75077],[-73.97768,40.75212],[-73.97806,40.75157],[-73.98085,40.74775],[-73.98408,40.74333],[-73.98086,40.74197],[-73.98267,40.7395],[-73.97805,40.73755],[-73.97854,40.73689],[-73.97834,40.73672],[-73.97589,40.73567],[-73.97522,40.73541],[-73.97444,40.73532],[-73.97355,40.73495],[-73.97342,40.73537],[-73.97419,40.73568],[-73.97446,40.73567],[-73.97441,40.73641],[-73.97287,40.73577],[-73.97249,40.7358],[-73.97259,40.73677],[-73.97266,40.73922],[-73.97244,40.74002],[-73.9723,40.74003],[-73.97216,40.74067],[-73.97229,40.74074],[-73.97189,40.74273],[-73.97121,40.74377],[-73.97136,40.74384],[-73.97094,40.74447],[-73.97079,40.74441],[-73.97034,40.74505],[-73.96987,40.74544],[-73.96823,40.74737],[-73.96791,40.74797],[-73.96846,40.74829],[-73.96975,40.74883],[-73.96955,40.74921],[-73.96891,40.75011]]]}},{"type":"Feature","properties":{"id":"MN0604","name":"East Midtown","borough":"Manhattan"},"geometry":{"type":"Polygon","coordinates":[[[-73.96659,40.76155],[-73.9698,40.76291],[-73.97581,40.75468],[-73.97651,40.75497],[-73.97788,40.7531],[-73.97835,40.75241],[-73.97768,40.75212],[-73.97445,40.75077],[-73.9735,40.75207],[-73.96891,40.75011],[-73.96777,40.75163],[-73.9677,40.75204],[-73.96722,40.75269],[-73.96541,40.75195],[-73.96486,40.75201],[-73.96471,40.75172],[-73.96316,40.75341],[-73.9629,40.75376],[-73.96163,40.75515],[-73.96066,40.75592],[-73.95918,40.75785],[-73.95849,40.75855],[-73.95894,40.75834],[-73.96196,40.75962],[-73.96659,40.76155]]]}},{"type":"Feature","properties":{"id":"MN0701","name":"Lincoln Square","borough":"Manhattan"},"geometry":{"type":"Polygon","coordinates":[[[-73.975,40.77753],[-73.98507,40.78178],[-73.98568,40.78031],[-73.98654,40.78066],[-73.98813,40.7814],[-73.98892,40.78022],[-73.98889,40.77988],[-73.99142,40.77976],[-73.99096,40.77964],[-73.98941,40.77974],[-73.98887,40.77969],[-73.9904,40.77759],[-73.99093,40.77757],[-73.99239,40.77556],[-73.99206,40.7755],[-73.99226,40.77512],[-73.99262,40.77497],[-73.99394,40.77318],[-73.99609,40.77408],[-73.99624,40.77379],[-73.99505,40.7733],[-73.99502,40.77348],[-73.99383,40.77293],[-73.99333,40.77282],[-73.99378,40.7722],[-73.99067,40.77088],[-73.98236,40.76739],[-73.98211,40.76774],[-73.98149,40.76788],[-73.98168,40.76839],[-73.98056,40.7699],[-73.97783,40.77366],[-73.975,40.77753]]]}},{"type":"Feature","properties":{"id":"MN0702","name":"Upper West Side (Central)","borough":"Manhattan"},"geometry":{"type":"Polygon","coordinates":[[[-73.96417,40.79236],[-73.96701,40.79356],[-73.96987,40.79474],[-73.96941,40.79536],[-73.97413,40.79735],[-73.9764,40.79827],[-73.98005,40.79311],[-73.98095,40.79187],[-73.9837,40.78792],[-73.98796,40.78177],[-73.98813,40.7814],[-73.98654,40.78066],[-73.98568,40.78031],[-73.98507,40.78178],[-73.975,40.77753],[-73.97357,40.77948],[-73.9661,40.78973],[-73.96417,40.79236]]]}},{"type":"Feature","properties":{"id":"MN0703","name":"Manhattan Valley","borough":"Manhattan"},"geometry":{"type":"Polygon","coordinates":[[[-73.95965,40.80116],[-73.96108,40.8018],[-73.9668,40.80421],[-73.97111,40.80579],[-73.97182,40.80472],[-73.97217,40.80432],[-73.97414,40.80152],[-73.97449,40.80106],[-73.9764,40.79827],[-73.97413,40.79735],[-73.96941,40.79536],[-73.96987,40.79474],[-73.96701,40.79356],[-73.96417,40.79236],[-73.95817,40.80058],[-73.95965,40.80116]]]}},{"type":"Feature","properties":{"id":"MN0801","name":"Lenox Hill","borough":"Manhattan"},"geometry":{"type":"MultiPolygon","coordinates":[[[[-73.9418,40.76905],[-73.94112,40.76941],[-73.94083,40.76991],[-73.94036,40.77049],[-73.9402,40.77113],[-73.94028,40.7723],[-73.94001,40.77284],[-73.94027,40.77295],[-73.94089,40.77237],[-73.94137,40.77231],[-73.94213,40.77203],[-73.94258,40.7717],[-73.94321,40.77099],[-73.94472,40.76974],[-73.94516,40.76912],[-73.94525,40.76878],[-73.94591,40.76821],[-73.94655,40.76737],[-73.9477,40.76602],[-73.94908,40.76426],[-73.9492,40.76427],[-73.94997,40.76365],[-73.95162,40.76168],[-73.95208,40.76086],[-73.95298,40.75996],[-73.95366,40.75948],[-73.95557,40.75726],[-73.95566,40.75709],[-73.95846,40.75395],[-73.95902,40.7536],[-73.9595,40.75296],[-73.96001,40.75183],[-73.96069,40.7512],[-73.96111,40.7506],[-73.96154,40.74972],[-73.96104,40.74974],[-73.95956,40.75082],[-73.95903,40.7513],[-73.95791,40.75211],[-73.95692,40.75296],[-73.9552,40.75478],[-73.95507,40.7548],[-73.95312,40.75652],[-73.95254,40.75709],[-73.95221,40.75759],[-73.95218,40.75783],[-73.95178,40.7584],[-73.95126,40.75881],[-73.95033,40.75986],[-73.94943,40.76055],[-73.94657,40.76392],[-73.94484,40.76582],[-73.94381,40.76722],[-73.94286,40.76831],[-73.9418,40.76905]]],[[[-73.95849,40.75855],[-73.95634,40.76049],[-73.95442,40.76218],[-73.95231,40.76456],[-73.95007,40.76703],[-73.94937,40.76788],[-73.94866,40.76886],[-73.94749,40.77011],[-73.94822,40.77046],[-73.9573,40.77428],[-73.95965,40.77107],[-73.96155,40.76843],[-73.96247,40.76719],[-73.96659,40.76155],[-73.96196,40.75962],[-73.95894,40.75834],[-73.95849,40.75855]]]]}},{"type":"Feature","properties":{"id":"MN0802","name":"Carnegie Hill","borough":"Manhattan"},"geometry":{"type":"Polygon","coordinates":[[[-73.94933,40.78519],[-73.95578,40.78791],[-73.95716,40.78598],[-73.95857,40.78408],[-73.96041,40.78153],[-73.96314,40.77781],[-73.96607,40.77377],[-73.96754,40.77178],[-73.97301,40.76428],[-73.9698,40.76291],[-73.96659,40.76155],[-73.96247,40.76719],[-73.96155,40.76843],[-73.95965,40.77107],[-73.9573,40.77428],[-73.94933,40.78519]]]}},{"type":"Feature","properties":{"id":"MN0803","name":"Yorkville","borough":"Manhattan"},"geometry":{"type":"MultiPolygon","coordinates":[[[[-73.93805,40.78083],[-73.93797,40.78129],[-73.9383,40.78136],[-73.93875,40.78104],[-73.93884,40.7806],[-73.93861,40.78034],[-73.93824,40.78026],[-73.9376,40.78047],[-73.93805,40.78083]]],[[[-73.94749,40.77011],[-73.94641,40.77127],[-73.94488,40.77257],[-73.94366,40.77384],[-73.94293,40.77468],[-73.94259,40.77522],[-73.9424,40.77573],[-73.942,40.77619],[-73.94207,40.77692],[-73.94233,40.77777],[-73.94246,40.77775],[-73.943,40.77885],[-73.94273,40.77926],[-73.94215,40.7794],[-73.94246,40.78003],[-73.94344,40.77976],[-73.9436,40.78016],[-73.94388,40.78153],[-73.94365,40.78266],[-73.94376,40.78283],[-73.94933,40.78519],[-73.9573,40.77428],[-73.94822,40.77046],[-73.94749,40.77011]]]]}},{"type":"Feature","properties":{"id":"MN0901","name":"Morningside Heights","borough":"Manhattan"},"geometry":{"type":"Polygon","coordinates":[[[-73.9521,40.81144],[-73.95408,40.81228],[-73.95571,40.81414],[-73.95626,40.81339],[-73.95949,40.81701],[-73.96203,40.81808],[-73.9634,40.81668],[-73.96414,40.81577],[-73.96511,40.81428],[-73.9674,40.81102],[-73.96885,40.80875],[-73.96988,40.80736],[-73.97111,40.80579],[-73.9668,40.80421],[-73.96108,40.8018],[-73.95965,40.80116],[-73.95825,40.80311],[-73.9582,40.8039],[-73.95829,40.80516],[-73.95819,40.80561],[-73.9577,40.80632],[-73.95497,40.81007],[-73.95357,40.80948],[-73.95308,40.81009],[-73.9521,40.81144]]]}},{"type":"Feature","properties":{"id":"MN0902","name":"Manhattanville","borough":"Manhattan"},"geometry":{"type":"Polygon","coordinates":[[[-73.94608,40.82126],[-73.94808,40.82211],[-73.94854,40.82149],[-73.94992,40.82207],[-73.95083,40.82083],[-73.9557,40.82288],[-73.95634,40.82309],[-73.95741,40.82327],[-73.95914,40.82432],[-73.95956,40.82369],[-73.95949,40.82358],[-73.95814,40.82302],[-73.95794,40.82277],[-73.9582,40.82228],[-73.95865,40.82192],[-73.95892,40.82271],[-73.9596,40.823],[-73.95991,40.82257],[-73.95923,40.82229],[-73.95896,40.82237],[-73.95875,40.8218],[-73.95882,40.82152],[-73.95981,40.8203],[-73.96,40.82038],[-73.96203,40.81808],[-73.95949,40.81701],[-73.95626,40.81339],[-73.95571,40.81414],[-73.95408,40.81228],[-73.9521,40.81144],[-73.95035,40.81316],[-73.94921,40.8147],[-73.94884,40.81536],[-73.94608,40.82126]]]}},{"type":"Feature","properties":{"id":"MN0903","name":"Hamilton Heights","borough":"Manhattan"},"geometry":{"type":"Polygon","coordinates":[[[-73.94035,40.83046],[-73.94572,40.83272],[-73.94828,40.83387],[-73.94891,40.83406],[-73.94934,40.83398],[-73.95021,40.8343],[-73.95045,40.83404],[-73.95101,40.83314],[-73.95119,40.83264],[-73.95218,40.83128],[-73.95398,40.82854],[-73.95454,40.82786],[-73.95504,40.82741],[-73.95632,40.82794],[-73.95695,40.827],[-73.95726,40.82712],[-73.95914,40.82432],[-73.95741,40.82327],[-73.95634,40.82309],[-73.9557,40.82288],[-73.95083,40.82083],[-73.94992,40.82207],[-73.94854,40.82149],[-73.94808,40.82211],[-73.94608,40.82126],[-73.94516,40.82088],[-73.94292,40.82326],[-73.9415,40.82517],[-73.93969,40.82766],[-73.93925,40.8283],[-73.93864,40.82974],[-73.94014,40.83037],[-73.94035,40.83046]]]}},{"type":"Feature","properties":{"id":"MN1001","name":"Harlem (South)","borough":"Manhattan"},"geometry":{"type":"Polygon","coordinates":[[[-73.94177,40.80709],[-73.9521,40.81144],[-73.95308,40.81009],[-73.95357,40.80948],[-73.95497,40.81007],[-73.9577,40.80632],[-73.95819,40.80561],[-73.95829,40.80516],[-73.9582,40.8039],[-73.95825,40.80311],[-73.95965,40.80116],[-73.95817,40.80058],[-73.95786,40.80052],[-73.94923,40.79687],[-73.94831,40.79813],[-73.9446,40.80323],[-73.9462,40.8039],[-73.94436,40.80641],[-73.94275,40.80575],[-73.94177,40.80709]]]}},{"type":"Feature","properties":{"id":"MN1002","name":"Harlem (North)","borough":"Manhattan"},"geometry":{"type":"Polygon","coordinates":[[[-73.93383,40.81949],[-73.93397,40.81973],[-73.93414,40.82303],[-73.93448,40.82704],[-73.93474,40.82964],[-73.93483,40.82981],[-73.93509,40.83186],[-73.93517,40.83288],[-73.93492,40.83523],[-73.93445,40.83591],[-73.93496,40.83576],[-73.9373,40.83398],[-73.93858,40.8329],[-73.93911,40.83216],[-73.93945,40.83145],[-73.9399,40.83096],[-73.94014,40.83037],[-73.93864,40.82974],[-73.93925,40.8283],[-73.93969,40.82766],[-73.9415,40.82517],[-73.94292,40.82326],[-73.94516,40.82088],[-73.94608,40.82126],[-73.94884,40.81536],[-73.94921,40.8147],[-73.95035,40.81316],[-73.9521,40.81144],[-73.94177,40.80709],[-73.93487,40.81653],[-73.93407,40.81782],[-73.93429,40.81891],[-73.93443,40.81912],[-73.93447,40.8197],[-73.93383,40.81949]]]}},{"type":"Feature","properties":{"id":"MN1101","name":"East Harlem (South)","borough":"Manhattan"},"geometry":{"type":"Polygon","coordinates":[[[-73.93506,40.79169],[-73.93555,40.79184],[-73.93773,40.79282],[-73.93865,40.79156],[-73.94327,40.79349],[-73.94188,40.79541],[-73.94421,40.79638],[-73.94831,40.79813],[-73.94923,40.79687],[-73.95063,40.79496],[-73.95343,40.79108],[-73.95578,40.78791],[-73.94933,40.78519],[-73.94376,40.78283],[-73.94365,40.78266],[-73.94321,40.78337],[-73.94243,40.78392],[-73.93983,40.78526],[-73.93812,40.78718],[-73.93777,40.78778],[-73.93715,40.78917],[-73.93625,40.7888],[-73.93614,40.78895],[-73.93706,40.78941],[-73.93583,40.7911],[-73.93519,40.79147],[-73.93506,40.79169]]]}},{"type":"Feature","properties":{"id":"MN1102","name":"East Harlem (North)","borough":"Manhattan"},"geometry":{"type":"Polygon","coordinates":[[[-73.93506,40.79169],[-73.93311,40.793],[-73.93019,40.79459],[-73.92928,40.79585],[-73.92904,40.79676],[-73.9289,40.79986],[-73.92903,40.80108],[-73.92921,40.80115],[-73.92933,40.8016],[-73.92997,40.8032],[-73.93044,40.80398],[-73.93116,40.80497],[-73.93308,40.80702],[-73.93356,40.8076],[-73.93412,40.80866],[-73.93434,40.80956],[-73.93428,40.81082],[-73.93398,40.81281],[-73.93386,40.81419],[-73.93399,40.81491],[-73.93383,40.81558],[-73.93379,40.81715],[-73.93383,40.81949],[-73.93447,40.8197],[-73.93443,40.81912],[-73.93429,40.81891],[-73.93407,40.81782],[-73.93487,40.81653],[-73.94177,40.80709],[-73.94275,40.80575],[-73.94436,40.80641],[-73.9462,40.8039],[-73.9446,40.80323],[-73.94831,40.79813],[-73.94421,40.79638],[-73.94188,40.79541],[-73.94327,40.79349],[-73.93865,40.79156],[-73.93773,40.79282],[-73.93555,40.79184],[-73.93506,40.79169]]]}},{"type":"Feature","properties":{"id":"MN1201","name":"Washington Heights (South)","borough":"Manhattan"},"geometry":{"type":"Polygon","coordinates":[[[-73.93139,40.84743],[-73.9364,40.84954],[-73.93767,40.84839],[-73.93803,40.84756],[-73.94206,40.84832],[-73.94274,40.84831],[-73.94389,40.8482],[-73.9434,40.84918],[-73.94319,40.84975],[-73.94696,40.85047],[-73.94703,40.85004],[-73.94673,40.84927],[-73.94662,40.84828],[-73.94679,40.847],[-73.94635,40.84624],[-73.94652,40.846],[-73.94617,40.84539],[-73.94608,40.8446],[-73.94613,40.84389],[-73.94646,40.84325],[-73.94676,40.84289],[-73.94721,40.8421],[-73.94738,40.84194],[-73.94823,40.84012],[-73.94843,40.83986],[-73.94901,40.83843],[-73.94954,40.83688],[-73.94974,40.83563],[-73.95021,40.8343],[-73.94934,40.83398],[-73.94891,40.83406],[-73.94828,40.83387],[-73.94572,40.83272],[-73.94035,40.83046],[-73.94037,40.83156],[-73.93948,40.83302],[-73.93824,40.83405],[-73.93798,40.83437],[-73.93638,40.83785],[-73.93581,40.83851],[-73.93533,40.83887],[-73.93512,40.83917],[-73.93499,40.83968],[-73.93504,40.84002],[-73.93563,40.84128],[-73.93557,40.84171],[-73.93139,40.84743]]]}},{"type":"Feature","properties":{"id":"MN1202","name":"Washington Heights (North)","borough":"Manhattan"},"geometry":{"type":"Polygon","coordinates":[[[-73.92873,40.86674],[-73.93092,40.86857],[-73.93151,40.86903],[-73.93157,40.86958],[-73.93205,40.86964],[-73.93236,40.86895],[-73.93225,40.86864],[-73.93239,40.8677],[-73.93326,40.86624],[-73.9334,40.86614],[-73.93402,40.86504],[-73.93559,40.86296],[-73.93648,40.86192],[-73.93713,40.86078],[-73.93758,40.86021],[-73.93756,40.86008],[-73.93831,40.85938],[-73.93911,40.85804],[-73.93968,40.85729],[-73.9403,40.85664],[-73.94049,40.8562],[-73.94096,40.85552],[-73.94187,40.85387],[-73.94247,40.85317],[-73.94348,40.85228],[-73.94498,40.85173],[-73.94577,40.85117],[-73.94612,40.85117],[-73.94652,40.85097],[-73.94696,40.85047],[-73.94319,40.84975],[-73.9434,40.84918],[-73.94389,40.8482],[-73.94274,40.84831],[-73.94206,40.84832],[-73.93803,40.84756],[-73.93767,40.84839],[-73.9364,40.84954],[-73.93139,40.84743],[-73.93062,40.84848],[-73.92977,40.84811],[-73.92898,40.84925],[-73.92825,40.84984],[-73.92748,40.85069],[-73.92708,40.85143],[-73.92703,40.8522],[-73.92769,40.85249],[-73.92469,40.85664],[-73.92463,40.85705],[-73.925,40.85788],[-73.92524,40.85809],[-73.92575,40.85823],[-73.92648,40.858],[-73.92691,40.85751],[-73.92712,40.85811],[-73.92698,40.85861],[-73.92647,40.85918],[-73.92574,40.85963],[-73.92542,40.85995],[-73.92502,40.8607],[-73.92493,40.86129],[-73.92474,40.86159],[-73.92727,40.86554],[-73.92873,40.86674]]]}},{"type":"Feature","properties":{"id":"MN1203","name":"Inwood","borough":"Manhattan"},"geometry":{"type":"Polygon","coordinates":[[[-73.92234,40.85568],[-73.92238,40.85658],[-73.92159,40.85727],[-73.92114,40.85755],[-73.92092,40.85822],[-73.92132,40.85891],[-73.92187,40.85918],[-73.92159,40.86007],[-73.92127,40.86019],[-73.92062,40.85926],[-73.9195,40.85879],[-73.91845,40.85999],[-73.91843,40.86022],[-73.91788,40.8608],[-73.91783,40.86104],[-73.91709,40.86186],[-73.91679,40.86198],[-73.9161,40.86249],[-73.91534,40.86317],[-73.91548,40.86335],[-73.91518,40.86368],[-73.91533,40.86407],[-73.9159,40.86431],[-73.91504,40.86444],[-73.91492,40.86458],[-73.91393,40.86474],[-73.91255,40.86651],[-73.91273,40.86661],[-73.91185,40.86767],[-73.91173,40.86807],[-73.9115,40.8683],[-73.91103,40.86916],[-73.91081,40.86994],[-73.91072,40.87097],[-73.91047,40.87136],[-73.91054,40.87206],[-73.9111,40.87288],[-73.91152,40.87324],[-73.91259,40.87225],[-73.91401,40.87116],[-73.91717,40.8725],[-73.91843,40.87301],[-73.9197,40.87206],[-73.91926,40.87101],[-73.92153,40.86945],[-73.92214,40.86915],[-73.92234,40.86946],[-73.92382,40.86902],[-73.9262,40.86851],[-73.92873,40.86674],[-73.92727,40.86554],[-73.92474,40.86159],[-73.92408,40.86055],[-73.92289,40.85886],[-73.92277,40.85647],[-73.92288,40.85588],[-73.92234,40.85568]]]}},{"type":"Feature","properties":{"id":"QN0101","name":"Ditmars-Steinway","borough":"Queens"},"geometry":{"type":"Polygon","coordinates":[[[-73.88773,40.76691],[-73.88831,40.76875],[-73.88869,40.76898],[-73.8894,40.77293],[-73.88945,40.77353],[-73.8899,40.77401],[-73.88961,40.77484],[-73.88947,40.77554],[-73.88951,40.77594],[-73.89003,40.77725],[-73.89009,40.77778],[-73.89046,40.7777],[-73.89056,40.7774],[-73.89112,40.77713],[-73.89145,40.77651],[-73.89177,40.77659],[-73.89213,40.77709],[-73.89252,40.77741],[-73.8912,40.77856],[-73.8913,40.77892],[-73.89167,40.77949],[-73.89254,40.77955],[-73.89244,40.77986],[-73.89174,40.78041],[-73.89168,40.78087],[-73.89378,40.78236],[-73.89409,40.78247],[-73.8946,40.78216],[-73.89606,40.78316],[-73.89462,40.78396],[-73.89471,40.78405],[-73.89711,40.78272],[-73.89719,40.78281],[-73.89865,40.78199],[-73.89948,40.78217],[-73.90035,40.78207],[-73.90129,40.78186],[-73.90204,40.7812],[-73.90218,40.78036],[-73.90268,40.78035],[-73.90251,40.78111],[-73.90219,40.78176],[-73.90115,40.78271],[-73.89885,40.7828],[-73.89876,40.78275],[-73.89768,40.78358],[-73.89775,40.78371],[-73.89583,40.78522],[-73.896,40.78566],[-73.89638,40.78591],[-73.89694,40.78663],[-73.89725,40.78675],[-73.89783,40.78718],[-73.89962,40.7884],[-73.90033,40.78901],[-73.9017,40.78932],[-73.90207,40.78949],[-73.90251,40.78947],[-73.90647,40.79018],[-73.90678,40.79037],[-73.90986,40.79094],[-73.91022,40.79047],[-73.9109,40.79004],[-73.91094,40.78975],[-73.91169,40.78957],[-73.91223,40.78918],[-73.9126,40.78938],[-73.91424,40.78786],[-73.91559,40.78643],[-73.91575,40.78611],[-73.91683,40.78519],[-73.91718,40.78455],[-73.91717,40.78419],[-73.91819,40.78393],[-73.91909,40.78337],[-73.91997,40.78264],[-73.91797,40.78126],[-73.92331,40.77688],[-73.92376,40.77655],[-73.92303,40.77539],[-73.92398,40.77461],[-73.92279,40.77396],[-73.92217,40.77355],[-73.91881,40.77115],[-73.9177,40.77039],[-73.91808,40.77006],[-73.91726,40.76985],[-73.91194,40.76901],[-73.90901,40.76855],[-73.90555,40.76798],[-73.90447,40.76758],[-73.90387,40.7675],[-73.90251,40.76749],[-73.90203,40.76742],[-73.90066,40.76721],[-73.8961,40.76646],[-73.89433,40.76615],[-73.89386,40.76642],[-73.89246,40.76628],[-73.89109,40.76634],[-73.89089,40.76586],[-73.88919,40.7663],[-73.88836,40.76677],[-73.88773,40.76691]]]}},{"type":"Feature","properties":{"id":"QN0102","name":"Old Astoria","borough":"Queens"},"geometry":{"type":"Polygon","coordinates":[[[-73.92398,40.77461],[-73.92784,40.77673],[-73.92828,40.7769],[-73.92861,40.77659],[-73.92988,40.77622],[-73.93063,40.77659],[-73.93107,40.77726],[-73.93105,40.77744],[-73.93179,40.77787],[-73.93265,40.77802],[-73.93277,40.77792],[-73.93381,40.7781],[-73.93474,40.77808],[-73.93508,40.77794],[-73.93586,40.77721],[-73.93638,40.77692],[-73.93703,40.77589],[-73.93766,40.77509],[-73.93786,40.77409],[-73.93781,40.77356],[-73.93747,40.77253],[-73.93561,40.77193],[-73.93557,40.77192],[-73.93481,40.77173],[-73.93443,40.77146],[-73.93453,40.77118],[-73.93424,40.77103],[-73.93447,40.77041],[-73.93487,40.76985],[-73.93577,40.76905],[-73.93593,40.76779],[-73.93618,40.76769],[-73.93037,40.76449],[-73.92647,40.76927],[-73.92781,40.76989],[-73.9259,40.77226],[-73.92449,40.77405],[-73.92398,40.77461]]]}},{"type":"Feature","properties":{"id":"QN0103","name":"Astoria (Central)","borough":"Queens"},"geometry":{"type":"Polygon","coordinates":[[[-73.91194,40.76901],[-73.91726,40.76985],[-73.91808,40.77006],[-73.9177,40.77039],[-73.91881,40.77115],[-73.92217,40.77355],[-73.92279,40.77396],[-73.92398,40.77461],[-73.92449,40.77405],[-73.9259,40.77226],[-73.92781,40.76989],[-73.92647,40.76927],[-73.93037,40.76449],[-73.93133,40.76328],[-73.92943,40.76238],[-73.93055,40.76122],[-73.92965,40.7608],[-73.93215,40.75771],[-73.92416,40.75396],[-73.9198,40.75935],[-73.91579,40.76427],[-73.91499,40.76389],[-73.9137,40.76548],[-73.9145,40.76586],[-73.91194,40.76901]]]}},{"type":"Feature","properties":{"id":"QN0104","name":"Astoria (East)","borough":"Queens"},"geometry":{"type":"Polygon","coordinates":[[[-73.90203,40.76742],[-73.90251,40.76749],[-73.90387,40.7675],[-73.90447,40.76758],[-73.90555,40.76798],[-73.90901,40.76855],[-73.91194,40.76901],[-73.9145,40.76586],[-73.9137,40.76548],[-73.91499,40.76389],[-73.91579,40.76427],[-73.9198,40.75935],[-73.92416,40.75396],[-73.92563,40.75214],[-73.91892,40.75363],[-73.91763,40.75386],[-73.9165,40.75389],[-73.91447,40.75368],[-73.91354,40.75347],[-73.91068,40.75299],[-73.91023,40.75298],[-73.90759,40.75322],[-73.90122,40.7539],[-73.89874,40.75415],[-73.89887,40.75471],[-73.89923,40.75554],[-73.89959,40.75655],[-73.89974,40.75757],[-73.8994,40.7587],[-73.89855,40.75993],[-73.89877,40.75992],[-73.90153,40.75963],[-73.90182,40.76076],[-73.90167,40.76079],[-73.90207,40.76238],[-73.90351,40.76585],[-73.90302,40.76644],[-73.90203,40.76742]]]}},{"type":"Feature","properties":{"id":"QN0105","name":"Queensbridge","borough":"Queens"},"geometry":{"type":"Polygon","coordinates":[[[-73.93453,40.77118],[-73.93501,40.77116],[-73.93514,40.77054],[-73.93469,40.77042],[-73.93524,40.76968],[-73.93574,40.76937],[-73.93617,40.76952],[-73.93671,40.76925],[-73.93682,40.76891],[-73.93747,40.76895],[-73.9382,40.7687],[-73.93896,40.76796],[-73.93937,40.76816],[-73.93983,40.76799],[-73.94131,40.76692],[-73.9435,40.7645],[-73.94468,40.76293],[-73.94571,40.76149],[-73.94596,40.76129],[-73.94783,40.75899],[-73.95084,40.75522],[-73.94735,40.75371],[-73.94461,40.75249],[-73.94402,40.75235],[-73.94177,40.75139],[-73.94041,40.75078],[-73.93812,40.74983],[-73.93791,40.74937],[-73.93686,40.74842],[-73.93539,40.74941],[-73.9361,40.74973],[-73.93474,40.75098],[-73.93383,40.7516],[-73.93228,40.75195],[-73.93127,40.75199],[-73.92647,40.75207],[-73.92563,40.75214],[-73.92416,40.75396],[-73.93215,40.75771],[-73.92965,40.7608],[-73.93055,40.76122],[-73.92943,40.76238],[-73.93133,40.76328],[-73.93037,40.76449],[-73.93618,40.76769],[-73.93593,40.76779],[-73.93577,40.76905],[-73.93487,40.76985],[-73.93447,40.77041],[-73.93424,40.77103],[-73.93453,40.77118]]]}},{"type":"Feature","properties":{"id":"QN0201","name":"Long Island City","borough":"Queens"},"geometry":{"type":"Polygon","coordinates":[[[-73.93686,40.74842],[-73.93791,40.74937],[-73.93812,40.74983],[-73.94041,40.75078],[-73.94177,40.75139],[-73.94402,40.75235],[-73.94461,40.75249],[-73.94735,40.75371],[-73.95084,40.75522],[-73.95131,40.75458],[-73.95201,40.75384],[-73.95293,40.75276],[-73.9545,40.75123],[-73.95465,40.75083],[-73.95452,40.75059],[-73.95507,40.74963],[-73.95576,40.7496],[-73.95632,40.74908],[-73.95478,40.74843],[-73.95305,40.74809],[-73.95318,40.74773],[-73.95485,40.74804],[-73.95704,40.74892],[-73.95749,40.74834],[-73.95752,40.7483],[-73.95845,40.7471],[-73.95841,40.74689],[-73.95872,40.74665],[-73.95915,40.746],[-73.9593,40.74534],[-73.95845,40.74512],[-73.95876,40.74494],[-73.95904,40.74443],[-73.95963,40.74393],[-73.96052,40.74411],[-73.96057,40.74403],[-73.95971,40.74386],[-73.95977,40.74351],[-73.96042,40.74352],[-73.96065,40.74339],[-73.9611,40.74278],[-73.96155,40.74199],[-73.96117,40.74189],[-73.96107,40.74163],[-73.96122,40.74111],[-73.9618,40.7411],[-73.96182,40.74063],[-73.96126,40.74045],[-73.96179,40.74001],[-73.96221,40.74],[-73.96243,40.73967],[-73.96261,40.7388],[-73.96215,40.73847],[-73.96214,40.73827],[-73.96072,40.73808],[-73.95784,40.73937],[-73.95711,40.73963],[-73.95543,40.73977],[-73.95378,40.73982],[-73.95243,40.73954],[-73.95192,40.73949],[-73.95033,40.73901],[-73.94715,40.7379],[-73.94548,40.73821],[-73.94524,40.73836],[-73.94329,40.73901],[-73.9429,40.739],[-73.9426,40.7394],[-73.94183,40.73969],[-73.94119,40.74029],[-73.93965,40.74273],[-73.94015,40.74283],[-73.94002,40.74321],[-73.93859,40.74293],[-73.93867,40.74253],[-73.93911,40.74262],[-73.94028,40.7408],[-73.94036,40.74034],[-73.94146,40.73925],[-73.93996,40.73864],[-73.93868,40.73821],[-73.93862,40.73841],[-73.93802,40.74146],[-73.93726,40.74518],[-73.9377,40.74524],[-73.94032,40.7444],[-73.94174,40.74386],[-73.9442,40.74288],[-73.94401,40.74364],[-73.94343,40.74423],[-73.94272,40.74458],[-73.94033,40.74541],[-73.93996,40.74575],[-73.93812,40.74706],[-73.93664,40.7482],[-73.93686,40.74842]]]}},{"type":"Feature","properties":{"id":"QN0202","name":"Sunnyside","borough":"Queens"},"geometry":{"type":"Polygon","coordinates":[[[-73.90971,40.74976],[-73.91348,40.7502],[-73.91413,40.75023],[-73.9154,40.75011],[-73.92034,40.74916],[-73.9208,40.74689],[-73.92677,40.74759],[-73.92933,40.74706],[-73.93029,40.7469],[-73.9344,40.74604],[-73.9377,40.74524],[-73.93726,40.74518],[-73.93802,40.74146],[-73.93862,40.73841],[-73.93868,40.73821],[-73.93996,40.73864],[-73.94146,40.73925],[-73.94256,40.73902],[-73.94258,40.73882],[-73.94549,40.73774],[-73.94592,40.73749],[-73.94396,40.73684],[-73.94264,40.73635],[-73.9418,40.73596],[-73.94087,40.73507],[-73.94007,40.73376],[-73.94017,40.73349],[-73.93987,40.73316],[-73.93954,40.73251],[-73.93941,40.73193],[-73.93911,40.73138],[-73.93805,40.73051],[-73.93726,40.73014],[-73.93645,40.72967],[-73.93589,40.72946],[-73.93453,40.7291],[-73.93143,40.72874],[-73.93044,40.72856],[-73.9291,40.7282],[-73.92848,40.72776],[-73.92791,40.72825],[-73.92653,40.72795],[-73.92645,40.72812],[-73.9248,40.72754],[-73.92333,40.72687],[-73.92257,40.7266],[-73.92135,40.72631],[-73.91943,40.7261],[-73.91837,40.72593],[-73.91797,40.7285],[-73.91752,40.731],[-73.91732,40.73144],[-73.91817,40.73171],[-73.91902,40.73209],[-73.91882,40.73321],[-73.91835,40.73315],[-73.91759,40.73524],[-73.91749,40.73542],[-73.9169,40.73545],[-73.91652,40.73676],[-73.91718,40.7369],[-73.91651,40.73894],[-73.9163,40.73907],[-73.91573,40.74079],[-73.91443,40.74053],[-73.91383,40.74241],[-73.91199,40.74219],[-73.91125,40.74578],[-73.91245,40.74592],[-73.91188,40.74822],[-73.91164,40.74869],[-73.91015,40.74852],[-73.90971,40.74976]]]}},{"type":"Feature","properties":{"id":"QN0203","name":"Woodside","borough":"Queens"},"geometry":{"type":"Polygon","coordinates":[[[-73.89564,40.74847],[-73.89636,40.74877],[-73.89708,40.74994],[-73.89731,40.75046],[-73.89748,40.75115],[-73.8976,40.75212],[-73.89793,40.75294],[-73.89874,40.75415],[-73.90122,40.7539],[-73.90759,40.75322],[-73.91023,40.75298],[-73.91034,40.75268],[-73.90946,40.75085],[-73.90971,40.74976],[-73.91015,40.74852],[-73.91164,40.74869],[-73.91188,40.74822],[-73.91245,40.74592],[-73.91125,40.74578],[-73.91199,40.74219],[-73.90755,40.74167],[-73.90832,40.73863],[-73.90855,40.73793],[-73.90991,40.735],[-73.91069,40.73347],[-73.90629,40.7324],[-73.90569,40.73391],[-73.90602,40.73401],[-73.90517,40.73586],[-73.9047,40.73568],[-73.90337,40.73501],[-73.90108,40.73391],[-73.90055,40.73454],[-73.89983,40.73493],[-73.89879,40.73518],[-73.89807,40.73519],[-73.89603,40.73502],[-73.8951,40.73502],[-73.89458,40.73495],[-73.89348,40.7346],[-73.89233,40.73447],[-73.8891,40.73459],[-73.88853,40.73453],[-73.88936,40.73584],[-73.88961,40.73594],[-73.89138,40.73592],[-73.89137,40.73606],[-73.88754,40.73676],[-73.88731,40.73865],[-73.88725,40.73883],[-73.8942,40.74012],[-73.89469,40.74023],[-73.89089,40.74069],[-73.89169,40.74214],[-73.89218,40.74287],[-73.89344,40.74496],[-73.89445,40.74653],[-73.89564,40.74847]]]}},{"type":"Feature","properties":{"id":"QN0301","name":"Jackson Heights","borough":"Queens"},"geometry":{"type":"Polygon","coordinates":[[[-73.87366,40.75681],[-73.87514,40.75663],[-73.87601,40.76144],[-73.87895,40.76199],[-73.8864,40.76122],[-73.8871,40.76506],[-73.88773,40.76691],[-73.88836,40.76677],[-73.88919,40.7663],[-73.89089,40.76586],[-73.89109,40.76634],[-73.89246,40.76628],[-73.89386,40.76642],[-73.89433,40.76615],[-73.89464,40.7656],[-73.8951,40.76435],[-73.89538,40.76405],[-73.89632,40.76335],[-73.89715,40.76226],[-73.89877,40.75992],[-73.89855,40.75993],[-73.8994,40.7587],[-73.89974,40.75757],[-73.89959,40.75655],[-73.89923,40.75554],[-73.89887,40.75471],[-73.89874,40.75415],[-73.89793,40.75294],[-73.8976,40.75212],[-73.89748,40.75115],[-73.89731,40.75046],[-73.89708,40.74994],[-73.89636,40.74877],[-73.89564,40.74847],[-73.89241,40.74713],[-73.89175,40.74681],[-73.88485,40.74754],[-73.87184,40.7489],[-73.86942,40.74916],[-73.87084,40.75155],[-73.87271,40.75507],[-73.87366,40.75681]]]}},{"type":"Feature","properties":{"id":"QN0302","name":"East Elmhurst","borough":"Queens"},"geometry":{"type":"Polygon","coordinates":[[[-73.85464,40.75847],[-73.85525,40.75915],[-73.85604,40.75972],[-73.85829,40.76073],[-73.85897,40.76116],[-73.85976,40.76183],[-73.85956,40.76197],[-73.86094,40.76373],[-73.86293,40.7661],[-73.86427,40.76743],[-73.86484,40.76794],[-73.86599,40.76886],[-73.868,40.77026],[-73.86883,40.77073],[-73.87026,40.77136],[-73.87129,40.77164],[-73.8726,40.77183],[-73.87441,40.77185],[-73.87602,40.77165],[-73.87699,40.77142],[-73.87806,40.77108],[-73.87952,40.77043],[-73.88143,40.76936],[-73.88321,40.76846],[-73.88432,40.76798],[-73.88521,40.76765],[-73.88773,40.76691],[-73.8871,40.76506],[-73.8864,40.76122],[-73.87895,40.76199],[-73.87601,40.76144],[-73.87514,40.75663],[-73.87366,40.75681],[-73.87311,40.75685],[-73.86567,40.75763],[-73.86191,40.7578],[-73.85856,40.75791],[-73.8554,40.75834],[-73.85464,40.75847]]]}},{"type":"Feature","properties":{"id":"QN0303","name":"North Corona","borough":"Queens"},"geometry":{"type":"Polygon","coordinates":[[[-73.85221,40.75266],[-73.85262,40.7534],[-73.85301,40.75455],[-73.85335,40.75601],[-73.85378,40.75712],[-73.85407,40.75767],[-73.85464,40.75847],[-73.8554,40.75834],[-73.85856,40.75791],[-73.86191,40.7578],[-73.86567,40.75763],[-73.87311,40.75685],[-73.87366,40.75681],[-73.87271,40.75507],[-73.87084,40.75155],[-73.86942,40.74916],[-73.86734,40.74939],[-73.86175,40.74997],[-73.86112,40.75002],[-73.85583,40.75158],[-73.85221,40.75266]]]}},{"type":"Feature","properties":{"id":"QN0401","name":"Elmhurst","borough":"Queens"},"geometry":{"type":"Polygon","coordinates":[[[-73.86462,40.73428],[-73.86583,40.73664],[-73.8661,40.73725],[-73.86732,40.74026],[-73.86756,40.74094],[-73.86756,40.74168],[-73.86747,40.7421],[-73.86749,40.7433],[-73.86844,40.74703],[-73.86853,40.74759],[-73.86891,40.74837],[-73.86942,40.74916],[-73.87184,40.7489],[-73.88485,40.74754],[-73.89175,40.74681],[-73.89241,40.74713],[-73.89564,40.74847],[-73.89445,40.74653],[-73.89344,40.74496],[-73.89218,40.74287],[-73.89169,40.74214],[-73.89089,40.74069],[-73.89469,40.74023],[-73.8942,40.74012],[-73.88725,40.73883],[-73.88731,40.73865],[-73.88754,40.73676],[-73.89137,40.73606],[-73.89138,40.73592],[-73.88961,40.73594],[-73.88936,40.73584],[-73.88853,40.73453],[-73.88844,40.73386],[-73.88806,40.73009],[-73.88756,40.7302],[-73.88736,40.72957],[-73.8872,40.72861],[-73.8872,40.72787],[-73.88664,40.72808],[-73.88528,40.72841],[-73.88354,40.72857],[-73.8814,40.72873],[-73.88074,40.72883],[-73.87973,40.72909],[-73.87664,40.7303],[-73.87524,40.73072],[-73.87405,40.73117],[-73.87316,40.73143],[-73.86834,40.73307],[-73.86591,40.73377],[-73.86457,40.73419],[-73.86462,40.73428]]]}},{"type":"Feature","properties":{"id":"QN0402","name":"Corona","borough":"Queens"},"geometry":{"type":"Polygon","coordinates":[[[-73.84756,40.73906],[-73.84778,40.73935],[-73.84779,40.73983],[-73.8481,40.74003],[-73.84986,40.74057],[-73.85012,40.74073],[-73.851,40.74242],[-73.85292,40.74618],[-73.85382,40.74786],[-73.85442,40.74885],[-73.85086,40.74999],[-73.85221,40.75266],[-73.85583,40.75158],[-73.86112,40.75002],[-73.86175,40.74997],[-73.86734,40.74939],[-73.86942,40.74916],[-73.86891,40.74837],[-73.86853,40.74759],[-73.86844,40.74703],[-73.86749,40.7433],[-73.86747,40.7421],[-73.86756,40.74168],[-73.86756,40.74094],[-73.86732,40.74026],[-73.8661,40.73725],[-73.86583,40.73664],[-73.86462,40.73428],[-73.86106,40.73532],[-73.85887,40.73594],[-73.85877,40.73579],[-73.85627,40.73652],[-73.85508,40.7368],[-73.85342,40.73708],[-73.85191,40.73742],[-73.85,40.73804],[-73.84863,40.73856],[-73.84756,40.73906]]]}},{"type":"Feature","properties":{"id":"QN0501","name":"Maspeth","borough":"Queens"},"geometry":{"type":"Polygon","coordinates":[[[-73.88853,40.73453],[-73.8891,40.73459],[-73.89233,40.73447],[-73.89348,40.7346],[-73.89458,40.73495],[-73.8951,40.73502],[-73.89603,40.73502],[-73.89807,40.73519],[-73.89879,40.73518],[-73.89983,40.73493],[-73.90055,40.73454],[-73.90108,40.73391],[-73.9026,40.7321],[-73.90518,40.72896],[-73.90707,40.72747],[-73.9093,40.72885],[-73.91034,40.72943],[-73.91173,40.72996],[-73.91201,40.72923],[-73.91205,40.72854],[-73.91505,40.7286],[-73.91507,40.72797],[-73.91797,40.7285],[-73.91837,40.72593],[-73.91943,40.7261],[-73.92135,40.72631],[-73.92257,40.7266],[-73.92333,40.72687],[-73.9248,40.72754],[-73.92645,40.72812],[-73.92653,40.72795],[-73.92791,40.72825],[-73.92848,40.72776],[-73.92811,40.72726],[-73.92722,40.72646],[-73.92656,40.72567],[-73.92554,40.7249],[-73.92469,40.7244],[-73.92428,40.72429],[-73.92286,40.72426],[-73.92173,40.72408],[-73.92097,40.72378],[-73.92037,40.72368],[-73.92072,40.72331],[-73.92123,40.7234],[-73.92214,40.72371],[-73.92453,40.72354],[-73.92508,40.72247],[-73.92493,40.72197],[-73.92467,40.72186],[-73.92423,40.7214],[-73.92422,40.72086],[-73.92383,40.72015],[-73.92397,40.71973],[-73.92394,40.71904],[-73.92347,40.71813],[-73.92279,40.71753],[-73.92224,40.71638],[-73.92061,40.71604],[-73.92064,40.71577],[-73.92233,40.71608],[-73.92279,40.7158],[-73.92353,40.71562],[-73.92412,40.71514],[-73.92368,40.71408],[-73.92406,40.71411],[-73.92404,40.71401],[-73.92084,40.71382],[-73.91521,40.71346],[-73.91467,40.71344],[-73.90801,40.71301],[-73.90608,40.7129],[-73.9006,40.7127],[-73.89506,40.71248],[-73.89554,40.7138],[-73.89629,40.71482],[-73.89759,40.7165],[-73.8978,40.7167],[-73.89882,40.71737],[-73.89726,40.71815],[-73.89835,40.7192],[-73.89985,40.71838],[-73.90006,40.71804],[-73.90034,40.71802],[-73.90033,40.71867],[-73.90063,40.71976],[-73.90009,40.72017],[-73.89784,40.72047],[-73.89736,40.72046],[-73.8974,40.72155],[-73.89982,40.72124],[-73.90011,40.72331],[-73.89903,40.72386],[-73.89835,40.72311],[-73.89583,40.7239],[-73.8957,40.72341],[-73.89451,40.72313],[-73.89497,40.72283],[-73.89428,40.72177],[-73.89474,40.72158],[-73.89286,40.71921],[-73.89458,40.71838],[-73.89424,40.71792],[-73.89376,40.71821],[-73.89116,40.71946],[-73.88164,40.72388],[-73.88259,40.72508],[-73.88502,40.72478],[-73.88618,40.72461],[-73.88708,40.72464],[-73.88713,40.72614],[-73.8872,40.72619],[-73.88724,40.7274],[-73.8872,40.72787],[-73.8872,40.72861],[-73.88736,40.72957],[-73.88756,40.7302],[-73.88806,40.73009],[-73.88844,40.73386],[-73.88853,40.73453]]]}},{"type":"Feature","properties":{"id":"QN0502","name":"Ridgewood","borough":"Queens"},"geometry":{"type":"Polygon","coordinates":[[[-73.89506,40.71248],[-73.9006,40.7127],[-73.90608,40.7129],[-73.90801,40.71301],[-73.91467,40.71344],[-73.91521,40.71346],[-73.92084,40.71382],[-73.92404,40.71401],[-73.92314,40.71339],[-73.92223,40.71286],[-73.92154,40.71104],[-73.92075,40.71053],[-73.92189,40.7094],[-73.9118,40.70344],[-73.9129,40.70236],[-73.91142,40.70149],[-73.91068,40.70105],[-73.9118,40.69995],[-73.91107,40.69957],[-73.90802,40.69782],[-73.90426,40.6957],[-73.90492,40.69507],[-73.90579,40.69413],[-73.90207,40.692],[-73.9014,40.69159],[-73.90058,40.6924],[-73.90075,40.69248],[-73.9002,40.6934],[-73.90003,40.69344],[-73.89889,40.69539],[-73.89838,40.69613],[-73.89677,40.6968],[-73.89559,40.69713],[-73.89578,40.69851],[-73.89485,40.69859],[-73.895,40.69971],[-73.89384,40.70086],[-73.89127,40.7036],[-73.88984,40.70497],[-73.88912,40.7056],[-73.88653,40.70623],[-73.88555,40.70615],[-73.88553,40.70644],[-73.8893,40.7079],[-73.88938,40.70855],[-73.88821,40.7089],[-73.88862,40.70967],[-73.88785,40.70989],[-73.88813,40.71034],[-73.88731,40.71056],[-73.88842,40.71227],[-73.89506,40.71248]]]}},{"type":"Feature","properties":{"id":"QN0503","name":"Glendale","borough":"Queens"},"geometry":{"type":"Polygon","coordinates":[[[-73.85729,40.71147],[-73.85976,40.71185],[-73.85965,40.71338],[-73.86501,40.71078],[-73.86662,40.7104],[-73.8694,40.70953],[-73.87018,40.70923],[-73.86976,40.70833],[-73.86911,40.70709],[-73.87154,40.70703],[-73.87721,40.70669],[-73.87901,40.70654],[-73.88088,40.70645],[-73.88378,40.70629],[-73.88553,40.70644],[-73.88555,40.70615],[-73.88653,40.70623],[-73.88912,40.7056],[-73.88984,40.70497],[-73.89127,40.7036],[-73.89384,40.70086],[-73.895,40.69971],[-73.89485,40.69859],[-73.89578,40.69851],[-73.89559,40.69713],[-73.89677,40.6968],[-73.89838,40.69613],[-73.89889,40.69539],[-73.90003,40.69344],[-73.89858,40.6939],[-73.89736,40.69411],[-73.89691,40.69384],[-73.89743,40.69329],[-73.89769,40.69337],[-73.89695,40.69195],[-73.89552,40.69236],[-73.89474,40.69264],[-73.89326,40.6922],[-73.89358,40.69309],[-73.89398,40.69308],[-73.89559,40.69398],[-73.89508,40.69459],[-73.89245,40.69522],[-73.8919,40.69431],[-73.88818,40.69506],[-73.88865,40.69583],[-73.88649,40.69644],[-73.88739,40.69702],[-73.88784,40.69766],[-73.88788,40.69801],[-73.88818,40.69886],[-73.88771,40.69968],[-73.88431,40.7002],[-73.88281,40.70069],[-73.88174,40.69953],[-73.8786,40.70069],[-73.87622,40.7016],[-73.8764,40.7023],[-73.86564,40.70318],[-73.86295,40.70341],[-73.86242,40.70338],[-73.85875,40.70298],[-73.85823,40.70283],[-73.85893,40.70132],[-73.85827,40.70122],[-73.85728,40.70121],[-73.85723,40.70165],[-73.8553,40.70199],[-73.85529,40.70259],[-73.85252,40.70229],[-73.85306,40.70314],[-73.85471,40.70521],[-73.85472,40.70677],[-73.85594,40.7064],[-73.85668,40.70769],[-73.85729,40.71147]]]}},{"type":"Feature","properties":{"id":"QN0504","name":"Middle Village","borough":"Queens"},"geometry":{"type":"Polygon","coordinates":[[[-73.86547,40.72028],[-73.86927,40.72441],[-73.86971,40.72514],[-73.87093,40.7277],[-73.87146,40.72933],[-73.87409,40.73028],[-73.87524,40.73072],[-73.87664,40.7303],[-73.87973,40.72909],[-73.88074,40.72883],[-73.8814,40.72873],[-73.88354,40.72857],[-73.88528,40.72841],[-73.88664,40.72808],[-73.8872,40.72787],[-73.88724,40.7274],[-73.8872,40.72619],[-73.88713,40.72614],[-73.88708,40.72464],[-73.88618,40.72461],[-73.88502,40.72478],[-73.88259,40.72508],[-73.88164,40.72388],[-73.89116,40.71946],[-73.89376,40.71821],[-73.89424,40.71792],[-73.89301,40.71615],[-73.89269,40.71667],[-73.89164,40.71775],[-73.8914,40.71783],[-73.89065,40.71856],[-73.89064,40.71881],[-73.88844,40.71644],[-73.88725,40.71497],[-73.88721,40.71406],[-73.88712,40.71376],[-73.88774,40.71364],[-73.88685,40.71253],[-73.88688,40.71222],[-73.88508,40.71216],[-73.88006,40.71265],[-73.87908,40.71036],[-73.87944,40.71029],[-73.87926,40.7099],[-73.87873,40.71003],[-73.87761,40.70717],[-73.88086,40.70659],[-73.88088,40.70645],[-73.87901,40.70654],[-73.87721,40.70669],[-73.87154,40.70703],[-73.86911,40.70709],[-73.86976,40.70833],[-73.87018,40.70923],[-73.87032,40.7099],[-73.87127,40.71192],[-73.87155,40.7126],[-73.87169,40.71426],[-73.87209,40.71599],[-73.87239,40.71783],[-73.87053,40.71816],[-73.86959,40.71854],[-73.86717,40.71964],[-73.86547,40.72028]]]}},{"type":"Feature","properties":{"id":"QN0601","name":"Rego Park","borough":"Queens"},"geometry":{"type":"Polygon","coordinates":[[[-73.85877,40.73579],[-73.85887,40.73594],[-73.86106,40.73532],[-73.86462,40.73428],[-73.86457,40.73419],[-73.86591,40.73377],[-73.86834,40.73307],[-73.87316,40.73143],[-73.87405,40.73117],[-73.87524,40.73072],[-73.87409,40.73028],[-73.87146,40.72933],[-73.87093,40.7277],[-73.86971,40.72514],[-73.86927,40.72441],[-73.86547,40.72028],[-73.86524,40.71998],[-73.86302,40.71771],[-73.86004,40.71493],[-73.85964,40.71401],[-73.85965,40.71338],[-73.85976,40.71185],[-73.85729,40.71147],[-73.85745,40.71369],[-73.85777,40.71645],[-73.85868,40.72261],[-73.85991,40.72435],[-73.86204,40.72596],[-73.85805,40.72444],[-73.85727,40.72568],[-73.85942,40.72647],[-73.85798,40.72873],[-73.85763,40.7286],[-73.85851,40.73029],[-73.85626,40.73096],[-73.85858,40.73547],[-73.85877,40.73579]]]}},{"type":"Feature","properties":{"id":"QN0602","name":"Forest Hills","borough":"Queens"},"geometry":{"type":"Polygon","coordinates":[[[-73.83098,40.71431],[-73.83146,40.71455],[-73.83084,40.71471],[-73.83036,40.71495],[-73.82983,40.71557],[-73.83207,40.71729],[-73.83348,40.71833],[-73.83469,40.71911],[-73.83502,40.71952],[-73.83538,40.72072],[-73.83596,40.72168],[-73.8365,40.72234],[-73.83732,40.72357],[-73.83906,40.72688],[-73.83986,40.72818],[-73.84033,40.72881],[-73.84147,40.73],[-73.84286,40.73114],[-73.84351,40.73181],[-73.84419,40.73264],[-73.84512,40.73428],[-73.8457,40.73567],[-73.84606,40.7371],[-73.8469,40.73867],[-73.84721,40.73865],[-73.84756,40.73906],[-73.84863,40.73856],[-73.85,40.73804],[-73.85191,40.73742],[-73.85342,40.73708],[-73.85508,40.7368],[-73.85627,40.73652],[-73.85877,40.73579],[-73.85858,40.73547],[-73.85626,40.73096],[-73.85851,40.73029],[-73.85763,40.7286],[-73.85798,40.72873],[-73.85942,40.72647],[-73.85727,40.72568],[-73.85805,40.72444],[-73.86204,40.72596],[-73.85991,40.72435],[-73.85868,40.72261],[-73.85777,40.71645],[-73.85745,40.71369],[-73.85729,40.71147],[-73.85668,40.70769],[-73.85594,40.7064],[-73.85472,40.70677],[-73.85275,40.7074],[-73.84951,40.70835],[-73.84858,40.70844],[-73.84762,40.70833],[-73.84682,40.70831],[-73.84567,40.70841],[-73.84454,40.70866],[-73.84315,40.70922],[-73.84134,40.70995],[-73.83972,40.7104],[-73.83952,40.7105],[-73.83806,40.71092],[-73.83704,40.71131],[-73.83612,40.71182],[-73.83598,40.71171],[-73.83316,40.71324],[-73.83122,40.71423],[-73.83098,40.71431]]]}},{"type":"Feature","properties":{"id":"QN0701","name":"College Point","borough":"Queens"},"geometry":{"type":"MultiPolygon","coordinates":[[[[-73.86789,40.78736],[-73.86817,40.78725],[-73.86924,40.78597],[-73.86918,40.78594],[-73.86813,40.78723],[-73.86789,40.78736]]],[[[-73.82703,40.79772],[-73.8272,40.79755],[-73.82701,40.79704],[-73.82749,40.79672],[-73.82832,40.79667],[-73.82911,40.79637],[-73.82843,40.79564],[-73.82801,40.79493],[-73.82779,40.79329],[-73.82792,40.7929],[-73.82852,40.79249],[-73.82913,40.79188],[-73.83012,40.79155],[-73.83061,40.79166],[-73.83136,40.79138],[-73.83176,40.79099],[-73.83189,40.79049],[-73.83215,40.79006],[-73.83197,40.78943],[-73.83178,40.78921],[-73.83216,40.78875],[-73.8329,40.78852],[-73.83381,40.78852],[-73.83413,40.78907],[-73.83539,40.78923],[-73.83573,40.78958],[-73.83632,40.78946],[-73.83713,40.78957],[-73.83739,40.78982],[-73.83737,40.7904],[-73.83751,40.79046],[-73.83752,40.79101],[-73.83732,40.79139],[-73.83662,40.79176],[-73.83663,40.79252],[-73.83713,40.7937],[-73.83708,40.7939],[-73.83736,40.79426],[-73.8384,40.79675],[-73.83904,40.79705],[-73.83997,40.7969],[-73.84026,40.79759],[-73.83919,40.79778],[-73.83923,40.79789],[-73.84042,40.79768],[-73.84014,40.79688],[-73.8406,40.79681],[-73.8413,40.79622],[-73.84142,40.79597],[-73.84131,40.79527],[-73.84151,40.79514],[-73.84191,40.79562],[-73.8429,40.79539],[-73.84343,40.79495],[-73.84451,40.79488],[-73.84528,40.79545],[-73.84562,40.7959],[-73.84625,40.79616],[-73.84677,40.79599],[-73.84792,40.79576],[-73.84871,40.79542],[-73.84888,40.79513],[-73.84878,40.79454],[-73.84908,40.79414],[-73.84886,40.79359],[-73.84933,40.79337],[-73.8508,40.79381],[-73.85159,40.79409],[-73.85262,40.79475],[-73.85263,40.79454],[-73.85304,40.79426],[-73.85358,40.79411],[-73.85373,40.79394],[-73.85363,40.79321],[-73.85375,40.7923],[-73.85288,40.79156],[-73.85265,40.79122],[-73.85283,40.79096],[-73.85447,40.79027],[-73.8548,40.7886],[-73.85438,40.78832],[-73.85284,40.78834],[-73.85325,40.78787],[-73.85448,40.78773],[-73.85473,40.78778],[-73.85594,40.78769],[-73.85617,40.7875],[-73.85633,40.78699],[-73.85703,40.78665],[-73.85755,40.78694],[-73.85811,40.78706],[-73.8587,40.78647],[-73.85861,40.78613],[-73.859,40.786],[-73.85913,40.78573],[-73.859,40.78519],[-73.85852,40.78521],[-73.85797,40.78466],[-73.85789,40.78428],[-73.85812,40.7842],[-73.85808,40.78372],[-73.85768,40.78366],[-73.8573,40.78336],[-73.85593,40.78332],[-73.85545,40.78314],[-73.85539,40.78207],[-73.85506,40.78194],[-73.85372,40.78198],[-73.85322,40.78206],[-73.85315,40.78232],[-73.85123,40.7824],[-73.85,40.78241],[-73.84923,40.7822],[-73.84985,40.78159],[-73.84982,40.78064],[-73.84962,40.78056],[-73.84949,40.78007],[-73.8498,40.7795],[-73.85104,40.77928],[-73.85097,40.77911],[-73.84958,40.7794],[-73.8498,40.77908],[-73.8498,40.77877],[-73.84945,40.77865],[-73.8495,40.77832],[-73.84897,40.77804],[-73.8491,40.77579],[-73.84893,40.77556],[-73.8492,40.77487],[-73.84921,40.77455],[-73.84896,40.77374],[-73.84918,40.7731],[-73.84995,40.77206],[-73.84934,40.77119],[-73.84891,40.77098],[-73.84862,40.77069],[-73.84846,40.76978],[-73.84882,40.76948],[-73.849,40.76915],[-73.84875,40.76871],[-73.84842,40.76865],[-73.84817,40.7684],[-73.84862,40.76811],[-73.84821,40.76763],[-73.84781,40.76677],[-73.84723,40.76631],[-73.84652,40.7663],[-73.8462,40.7662],[-73.84528,40.76567],[-73.84449,40.76546],[-73.84395,40.7655],[-73.84371,40.76568],[-73.84296,40.76586],[-73.84268,40.76583],[-73.84123,40.76615],[-73.84031,40.7663],[-73.84022,40.76653],[-73.83969,40.76683],[-73.83969,40.76639],[-73.83926,40.76603],[-73.83821,40.76765],[-73.83758,40.7684],[-73.83627,40.76961],[-73.83522,40.77038],[-73.83252,40.77196],[-73.83159,40.77256],[-73.83054,40.77343],[-73.83016,40.77382],[-73.82888,40.77543],[-73.82737,40.77794],[-73.82661,40.77929],[-73.82587,40.7805],[-73.82528,40.7817],[-73.82499,40.7817],[-73.82463,40.78286],[-73.8242,40.78511],[-73.82383,40.78676],[-73.82349,40.78764],[-73.82259,40.78911],[-73.82248,40.78954],[-73.82247,40.79017],[-73.82287,40.79149],[-73.82369,40.79273],[-73.82404,40.79305],[-73.82703,40.79772]]]]}},{"type":"Feature","properties":{"id":"QN0702","name":"Whitestone","borough":"Queens"},"geometry":{"type":"Polygon","coordinates":[[[-73.79186,40.7893],[-73.79205,40.78909],[-73.79269,40.78878],[-73.79362,40.78899],[-73.79379,40.78913],[-73.79473,40.79118],[-73.79496,40.79191],[-73.79485,40.79252],[-73.79459,40.79269],[-73.79465,40.79308],[-73.79431,40.79358],[-73.79432,40.79435],[-73.79477,40.79488],[-73.79529,40.79498],[-73.79617,40.79503],[-73.79746,40.79545],[-73.79819,40.79563],[-73.7986,40.79591],[-73.79953,40.79625],[-73.80079,40.79633],[-73.80114,40.79649],[-73.80213,40.79626],[-73.80296,40.79641],[-73.80298,40.79671],[-73.80341,40.7967],[-73.80348,40.79647],[-73.80454,40.79615],[-73.80504,40.79616],[-73.80589,40.79648],[-73.80637,40.79639],[-73.80768,40.79667],[-73.80883,40.7968],[-73.80927,40.79697],[-73.81049,40.79722],[-73.81124,40.7973],[-73.81182,40.79746],[-73.81179,40.79802],[-73.81249,40.79809],[-73.8129,40.79717],[-73.81325,40.79721],[-73.81364,40.79705],[-73.81365,40.79753],[-73.81603,40.79853],[-73.81649,40.79901],[-73.81743,40.79931],[-73.81887,40.80032],[-73.81908,40.80052],[-73.8198,40.8008],[-73.82098,40.80048],[-73.82178,40.79986],[-73.82228,40.79922],[-73.82293,40.79867],[-73.82383,40.79816],[-73.82403,40.79797],[-73.82527,40.79729],[-73.82612,40.79727],[-73.8265,40.79768],[-73.82703,40.79772],[-73.82404,40.79305],[-73.82369,40.79273],[-73.82287,40.79149],[-73.82247,40.79017],[-73.82248,40.78954],[-73.82259,40.78911],[-73.82349,40.78764],[-73.82383,40.78676],[-73.8242,40.78511],[-73.82463,40.78286],[-73.82499,40.7817],[-73.82384,40.78172],[-73.82224,40.78169],[-73.82292,40.78054],[-73.82331,40.77958],[-73.82132,40.77941],[-73.81728,40.77911],[-73.81453,40.77889],[-73.81486,40.77648],[-73.80379,40.77561],[-73.80347,40.77801],[-73.80303,40.78094],[-73.80325,40.78127],[-73.803,40.78141],[-73.80255,40.78467],[-73.80242,40.78602],[-73.79783,40.78584],[-73.79685,40.78591],[-73.7958,40.78607],[-73.79436,40.78646],[-73.7933,40.78689],[-73.79058,40.78813],[-73.79186,40.7893]]]}},{"type":"Feature","properties":{"id":"QN0703","name":"Bay Terrace","borough":"Queens"},"geometry":{"type":"Polygon","coordinates":[[[-73.7676,40.7783],[-73.76816,40.7794],[-73.7693,40.78078],[-73.77061,40.78208],[-73.77161,40.783],[-73.77407,40.78592],[-73.7741,40.7863],[-73.77655,40.78763],[-73.77796,40.78837],[-73.77965,40.78906],[-73.7812,40.78959],[-73.78171,40.79053],[-73.78175,40.79113],[-73.78227,40.79137],[-73.78434,40.79175],[-73.78441,40.79167],[-73.78252,40.79135],[-73.78318,40.79087],[-73.78384,40.79064],[-73.78568,40.79034],[-73.7875,40.79031],[-73.78931,40.79038],[-73.79028,40.79032],[-73.791,40.78994],[-73.79186,40.7893],[-73.79058,40.78813],[-73.7933,40.78689],[-73.79436,40.78646],[-73.7958,40.78607],[-73.79685,40.78591],[-73.79783,40.78584],[-73.80242,40.78602],[-73.80255,40.78467],[-73.803,40.78141],[-73.80325,40.78127],[-73.80303,40.78094],[-73.80347,40.77801],[-73.80379,40.77561],[-73.79853,40.77519],[-73.79772,40.77427],[-73.79724,40.77389],[-73.79566,40.77304],[-73.79365,40.77336],[-73.79164,40.77424],[-73.78827,40.77507],[-73.78459,40.77614],[-73.77947,40.77766],[-73.77679,40.77841],[-73.77584,40.77861],[-73.77554,40.77702],[-73.76861,40.7791],[-73.76816,40.77812],[-73.7676,40.7783]]]}},{"type":"Feature","properties":{"id":"QN0704","name":"Murray Hill","borough":"Queens"},"geometry":{"type":"Polygon","coordinates":[[[-73.80379,40.77561],[-73.81486,40.77648],[-73.81453,40.77889],[-73.81728,40.77911],[-73.82132,40.77941],[-73.82331,40.77958],[-73.82292,40.78054],[-73.82224,40.78169],[-73.82384,40.78172],[-73.82499,40.7817],[-73.82528,40.7817],[-73.82587,40.7805],[-73.82661,40.77929],[-73.82737,40.77794],[-73.82888,40.77543],[-73.83016,40.77382],[-73.83054,40.77343],[-73.83159,40.77256],[-73.8315,40.77249],[-73.83152,40.77166],[-73.83058,40.77164],[-73.83054,40.77022],[-73.82994,40.77061],[-73.82957,40.77071],[-73.82863,40.77071],[-73.82657,40.77064],[-73.82656,40.77014],[-73.82467,40.77041],[-73.82348,40.76465],[-73.82117,40.75969],[-73.8208,40.75894],[-73.82064,40.75887],[-73.81227,40.76113],[-73.81105,40.76142],[-73.80952,40.7613],[-73.804,40.76027],[-73.8003,40.7597],[-73.7994,40.7594],[-73.7958,40.75809],[-73.79493,40.7578],[-73.79403,40.75774],[-73.79031,40.75782],[-73.79076,40.76099],[-73.79344,40.76076],[-73.79344,40.7616],[-73.79303,40.76462],[-73.79396,40.76469],[-73.79318,40.7704],[-73.7948,40.77226],[-73.79566,40.77304],[-73.79724,40.77389],[-73.79772,40.77427],[-73.79853,40.77519],[-73.80379,40.77561]]]}},{"type":"Feature","properties":{"id":"QN0705","name":"East Flushing","borough":"Queens"},"geometry":{"type":"Polygon","coordinates":[[[-73.79493,40.7578],[-73.7958,40.75809],[-73.7994,40.7594],[-73.8003,40.7597],[-73.804,40.76027],[-73.80952,40.7613],[-73.81105,40.76142],[-73.81227,40.76113],[-73.82064,40.75887],[-73.81789,40.75709],[-73.8203,40.75551],[-73.81841,40.75383],[-73.82085,40.75224],[-73.82192,40.75317],[-73.82427,40.75183],[-73.82132,40.74876],[-73.82108,40.74856],[-73.81782,40.74739],[-73.81575,40.74698],[-73.81537,40.74722],[-73.81416,40.74614],[-73.8075,40.75014],[-73.80353,40.74983],[-73.80288,40.74976],[-73.80277,40.74885],[-73.8028,40.74788],[-73.80335,40.74643],[-73.79826,40.74697],[-73.79754,40.74651],[-73.79624,40.74664],[-73.79525,40.74666],[-73.79458,40.7464],[-73.79472,40.7476],[-73.79705,40.74933],[-73.79729,40.74944],[-73.79521,40.75045],[-73.79472,40.75062],[-73.79458,40.75356],[-73.79493,40.7578]]]}},{"type":"Feature","properties":{"id":"QN0706","name":"Queensboro Hill","borough":"Queens"},"geometry":{"type":"Polygon","coordinates":[[[-73.81416,40.74614],[-73.81537,40.74722],[-73.81575,40.74698],[-73.81782,40.74739],[-73.82108,40.74856],[-73.82132,40.74876],[-73.82427,40.75183],[-73.82577,40.75097],[-73.82572,40.75045],[-73.82584,40.74935],[-73.82724,40.74986],[-73.82766,40.74986],[-73.82847,40.7496],[-73.82902,40.74932],[-73.82965,40.74917],[-73.83076,40.74901],[-73.83127,40.74862],[-73.83126,40.74811],[-73.83301,40.74783],[-73.83308,40.74799],[-73.83412,40.74736],[-73.83462,40.74688],[-73.83538,40.74552],[-73.83568,40.74485],[-73.83595,40.74373],[-73.83586,40.74323],[-73.83297,40.74259],[-73.83116,40.74234],[-73.83134,40.73917],[-73.83091,40.73913],[-73.83113,40.73856],[-73.83053,40.73752],[-73.82947,40.73703],[-73.82809,40.73709],[-73.82795,40.73782],[-73.82797,40.7385],[-73.82701,40.73857],[-73.82592,40.73904],[-73.82557,40.73945],[-73.82497,40.73944],[-73.82495,40.73957],[-73.82481,40.73963],[-73.82471,40.73983],[-73.82007,40.73883],[-73.81678,40.73838],[-73.81633,40.73845],[-73.81608,40.73886],[-73.81497,40.73856],[-73.81505,40.73894],[-73.81322,40.73876],[-73.80941,40.7386],[-73.80467,40.73844],[-73.80284,40.73839],[-73.79822,40.73822],[-73.79729,40.73823],[-73.79641,40.73833],[-73.79641,40.7386],[-73.79718,40.73999],[-73.79728,40.74033],[-73.79723,40.74169],[-73.79695,40.74193],[-73.79947,40.74222],[-73.80134,40.74223],[-73.80447,40.74217],[-73.8073,40.74199],[-73.80824,40.74201],[-73.81203,40.74259],[-73.81431,40.74297],[-73.81378,40.74455],[-73.81367,40.74556],[-73.81416,40.74614]]]}},{"type":"Feature","properties":{"id":"QN0707","name":"Flushing","borough":"Queens"},"geometry":{"type":"Polygon","coordinates":[[[-73.82064,40.75887],[-73.8208,40.75894],[-73.82117,40.75969],[-73.82348,40.76465],[-73.82467,40.77041],[-73.82656,40.77014],[-73.82657,40.77064],[-73.82863,40.77071],[-73.82957,40.77071],[-73.82994,40.77061],[-73.83054,40.77022],[-73.83058,40.77164],[-73.83152,40.77166],[-73.8315,40.77249],[-73.83159,40.77256],[-73.83252,40.77196],[-73.83522,40.77038],[-73.83627,40.76961],[-73.83758,40.7684],[-73.83821,40.76765],[-73.83926,40.76603],[-73.83913,40.76599],[-73.83946,40.76545],[-73.83958,40.76525],[-73.84053,40.76539],[-73.84231,40.76483],[-73.84273,40.76463],[-73.84305,40.76432],[-73.84307,40.76359],[-73.84412,40.76313],[-73.84523,40.76243],[-73.84671,40.76134],[-73.84597,40.7607],[-73.84405,40.75694],[-73.84325,40.75534],[-73.842,40.75572],[-73.83862,40.75704],[-73.83821,40.75525],[-73.83768,40.75413],[-73.83743,40.7541],[-73.83648,40.75281],[-73.83559,40.75138],[-73.83229,40.75194],[-73.83222,40.75142],[-73.83269,40.7493],[-73.83308,40.74799],[-73.83301,40.74783],[-73.83126,40.74811],[-73.83127,40.74862],[-73.83076,40.74901],[-73.82965,40.74917],[-73.82902,40.74932],[-73.82847,40.7496],[-73.82766,40.74986],[-73.82724,40.74986],[-73.82584,40.74935],[-73.82572,40.75045],[-73.82577,40.75097],[-73.82427,40.75183],[-73.82192,40.75317],[-73.82085,40.75224],[-73.81841,40.75383],[-73.8203,40.75551],[-73.81789,40.75709],[-73.82064,40.75887]]]}},{"type":"Feature","properties":{"id":"QN0801","name":"Kew Gardens Hills","borough":"Queens"},"geometry":{"type":"Polygon","coordinates":[[[-73.81497,40.73856],[-73.81608,40.73886],[-73.81633,40.73845],[-73.81678,40.73838],[-73.82007,40.73883],[-73.82471,40.73983],[-73.82481,40.73963],[-73.82488,40.73957],[-73.82533,40.7351],[-73.82539,40.73405],[-73.82553,40.73363],[-73.82567,40.73228],[-73.83386,40.73056],[-73.83307,40.72992],[-73.8327,40.72926],[-73.83224,40.72863],[-73.83171,40.72804],[-73.83087,40.72671],[-73.83058,40.72639],[-73.83002,40.726],[-73.82957,40.72581],[-73.82824,40.72543],[-73.82771,40.72509],[-73.82721,40.72448],[-73.82586,40.72046],[-73.82564,40.71997],[-73.82548,40.71921],[-73.8254,40.71742],[-73.82519,40.71732],[-73.82373,40.71747],[-73.82289,40.71749],[-73.82171,40.71736],[-73.81952,40.71734],[-73.8193,40.71713],[-73.82012,40.71651],[-73.81943,40.71636],[-73.81842,40.71599],[-73.8173,40.71578],[-73.81644,40.71589],[-73.81153,40.71598],[-73.81053,40.71598],[-73.80782,40.71591],[-73.80784,40.716],[-73.80862,40.71845],[-73.80934,40.72096],[-73.8104,40.72372],[-73.81063,40.72442],[-73.8107,40.72619],[-73.81152,40.72666],[-73.81488,40.72832],[-73.81523,40.72879],[-73.81502,40.73049],[-73.81485,40.73295],[-73.81469,40.73595],[-73.81469,40.73714],[-73.81497,40.73856]]]}},{"type":"Feature","properties":{"id":"QN0802","name":"Pomonok","borough":"Queens"},"geometry":{"type":"Polygon","coordinates":[[[-73.80467,40.73844],[-73.80941,40.7386],[-73.81322,40.73876],[-73.81505,40.73894],[-73.81497,40.73856],[-73.81469,40.73714],[-73.81469,40.73595],[-73.81485,40.73295],[-73.81502,40.73049],[-73.81523,40.72879],[-73.81488,40.72832],[-73.81152,40.72666],[-73.8107,40.72619],[-73.81063,40.72442],[-73.8104,40.72372],[-73.80934,40.72096],[-73.80862,40.71845],[-73.80784,40.716],[-73.80568,40.71609],[-73.80312,40.71636],[-73.80192,40.71655],[-73.80008,40.71697],[-73.79809,40.71754],[-73.79805,40.71741],[-73.79559,40.71815],[-73.79405,40.71872],[-73.79279,40.71908],[-73.79214,40.7192],[-73.79071,40.71927],[-73.79037,40.72013],[-73.79029,40.72137],[-73.79036,40.72301],[-73.79045,40.72356],[-73.79148,40.72514],[-73.79174,40.72579],[-73.79379,40.7307],[-73.79398,40.7323],[-73.79428,40.7327],[-73.79856,40.73286],[-73.79866,40.73143],[-73.80136,40.73152],[-73.80407,40.73164],[-73.80385,40.7349],[-73.80294,40.73486],[-73.80273,40.73808],[-73.80465,40.73811],[-73.80467,40.73844]]]}},{"type":"Feature","properties":{"id":"QN0803","name":"Fresh Meadows","borough":"Queens"},"geometry":{"type":"Polygon","coordinates":[[[-73.77757,40.73019],[-73.77491,40.73091],[-73.77019,40.73176],[-73.77014,40.73182],[-73.77122,40.73334],[-73.7723,40.73511],[-73.77286,40.73627],[-73.77371,40.73845],[-73.77419,40.73992],[-73.77455,40.74081],[-73.77576,40.74337],[-73.77862,40.74296],[-73.78041,40.74263],[-73.78352,40.7418],[-73.78676,40.74089],[-73.78885,40.74033],[-73.79532,40.73855],[-73.79641,40.73833],[-73.79729,40.73823],[-73.79822,40.73822],[-73.80284,40.73839],[-73.80467,40.73844],[-73.80465,40.73811],[-73.80273,40.73808],[-73.80294,40.73486],[-73.80385,40.7349],[-73.80407,40.73164],[-73.80136,40.73152],[-73.79866,40.73143],[-73.79856,40.73286],[-73.79428,40.7327],[-73.79398,40.7323],[-73.79379,40.7307],[-73.79174,40.72579],[-73.79086,40.72603],[-73.78116,40.72921],[-73.77757,40.73019]]]}},{"type":"Feature","properties":{"id":"QN0804","name":"Jamaica Estates","borough":"Queens"},"geometry":{"type":"Polygon","coordinates":[[[-73.75688,40.72628],[-73.7576,40.7261],[-73.75888,40.7259],[-73.75967,40.72587],[-73.7612,40.726],[-73.76472,40.72648],[-73.76617,40.72642],[-73.76924,40.7259],[-73.7714,40.72535],[-73.77287,40.72487],[-73.77424,40.72432],[-73.77549,40.72372],[-73.77636,40.72314],[-73.77732,40.72239],[-73.77804,40.72328],[-73.77719,40.7236],[-73.77683,40.72385],[-73.77634,40.72447],[-73.77524,40.72524],[-73.77556,40.72597],[-73.77757,40.73019],[-73.78116,40.72921],[-73.79086,40.72603],[-73.79174,40.72579],[-73.79148,40.72514],[-73.79045,40.72356],[-73.79036,40.72301],[-73.79029,40.72137],[-73.79037,40.72013],[-73.79071,40.71927],[-73.7909,40.71887],[-73.79163,40.71842],[-73.7919,40.71814],[-73.79219,40.71761],[-73.7924,40.71619],[-73.79346,40.71442],[-73.79359,40.71413],[-73.79361,40.71351],[-73.79321,40.71261],[-73.793,40.71177],[-73.79304,40.71071],[-73.78941,40.712],[-73.78853,40.71203],[-73.78785,40.71181],[-73.78658,40.71197],[-73.78446,40.7125],[-73.77712,40.71426],[-73.77357,40.71512],[-73.76733,40.71729],[-73.76664,40.71765],[-73.76447,40.71889],[-73.76197,40.72],[-73.76031,40.72064],[-73.75944,40.72106],[-73.75577,40.72364],[-73.75497,40.72416],[-73.75508,40.72449],[-73.75548,40.72512],[-73.75688,40.72628]]]}},{"type":"Feature","properties":{"id":"QN0805","name":"Jamaica Hills","borough":"Queens"},"geometry":{"type":"Polygon","coordinates":[[[-73.79304,40.71071],[-73.793,40.71177],[-73.79321,40.71261],[-73.79361,40.71351],[-73.79359,40.71413],[-73.79346,40.71442],[-73.7924,40.71619],[-73.79219,40.71761],[-73.7919,40.71814],[-73.79163,40.71842],[-73.7909,40.71887],[-73.79071,40.71927],[-73.79214,40.7192],[-73.79279,40.71908],[-73.79405,40.71872],[-73.79559,40.71815],[-73.79805,40.71741],[-73.79809,40.71754],[-73.80008,40.71697],[-73.80192,40.71655],[-73.80312,40.71636],[-73.80568,40.71609],[-73.80784,40.716],[-73.80782,40.71591],[-73.81053,40.71598],[-73.81153,40.71598],[-73.81644,40.71589],[-73.8173,40.71578],[-73.81842,40.71599],[-73.81943,40.71636],[-73.82012,40.71651],[-73.82096,40.71664],[-73.82188,40.71665],[-73.82341,40.71655],[-73.82382,40.71621],[-73.82431,40.71607],[-73.82518,40.71601],[-73.82558,40.71576],[-73.82429,40.71387],[-73.82394,40.71323],[-73.82416,40.71313],[-73.82382,40.71271],[-73.82308,40.712],[-73.82132,40.71055],[-73.82037,40.70952],[-73.81954,40.70828],[-73.81914,40.70787],[-73.81907,40.70745],[-73.81792,40.70551],[-73.81705,40.70374],[-73.81648,40.70245],[-73.81399,40.70254],[-73.81302,40.7025],[-73.81153,40.70227],[-73.81201,40.70594],[-73.80695,40.70737],[-73.80762,40.70873],[-73.80805,40.70936],[-73.80548,40.71009],[-73.80502,40.70947],[-73.80367,40.70875],[-73.80303,40.70814],[-73.80233,40.70857],[-73.80193,40.70891],[-73.8016,40.70955],[-73.80107,40.70982],[-73.7987,40.71066],[-73.79777,40.70914],[-73.79473,40.71001],[-73.79304,40.71071]]]}},{"type":"Feature","properties":{"id":"QN0901","name":"Kew Gardens","borough":"Queens"},"geometry":{"type":"Polygon","coordinates":[[[-73.81648,40.70245],[-73.81705,40.70374],[-73.81792,40.70551],[-73.81907,40.70745],[-73.81914,40.70787],[-73.81954,40.70828],[-73.82037,40.70952],[-73.82132,40.71055],[-73.82308,40.712],[-73.82382,40.71271],[-73.82416,40.71313],[-73.82394,40.71323],[-73.82429,40.71387],[-73.82558,40.71576],[-73.82896,40.71484],[-73.83098,40.71431],[-73.83122,40.71423],[-73.83316,40.71324],[-73.83598,40.71171],[-73.83612,40.71182],[-73.83704,40.71131],[-73.83806,40.71092],[-73.83952,40.7105],[-73.83972,40.7104],[-73.84134,40.70995],[-73.84315,40.70922],[-73.83976,40.70869],[-73.83828,40.70841],[-73.83714,40.70796],[-73.83784,40.70695],[-73.83813,40.70641],[-73.83807,40.70596],[-73.83733,40.70485],[-73.83696,40.70421],[-73.83662,40.70342],[-73.83598,40.70343],[-73.8356,40.70367],[-73.8346,40.70393],[-73.83392,40.70235],[-73.83213,40.70279],[-73.83152,40.70139],[-73.82339,40.70344],[-73.82246,40.70365],[-73.82054,40.70323],[-73.81754,40.70266],[-73.81733,40.70296],[-73.81686,40.70244],[-73.81648,40.70245]]]}},{"type":"Feature","properties":{"id":"QN0902","name":"Richmond Hill","borough":"Queens"},"geometry":{"type":"Polygon","coordinates":[[[-73.81648,40.70245],[-73.81686,40.70244],[-73.81733,40.70296],[-73.81754,40.70266],[-73.82054,40.70323],[-73.82246,40.70365],[-73.82339,40.70344],[-73.83152,40.70139],[-73.83213,40.70279],[-73.83392,40.70235],[-73.8346,40.70393],[-73.8356,40.70367],[-73.83598,40.70343],[-73.83662,40.70342],[-73.83696,40.70421],[-73.83856,40.7033],[-73.83948,40.70269],[-73.84156,40.7011],[-73.84276,40.70066],[-73.84502,40.69936],[-73.84914,40.69828],[-73.84948,40.69819],[-73.84894,40.69756],[-73.84773,40.69478],[-73.84597,40.69116],[-73.84496,40.68916],[-73.83926,40.69078],[-73.83751,40.69129],[-73.83386,40.69233],[-73.8313,40.69303],[-73.82968,40.69353],[-73.82797,40.69398],[-73.82573,40.69447],[-73.82479,40.69472],[-73.82108,40.69578],[-73.82086,40.69535],[-73.81958,40.69573],[-73.81905,40.69575],[-73.81428,40.6971],[-73.81373,40.69713],[-73.81507,40.69953],[-73.81648,40.70245]]]}},{"type":"Feature","properties":{"id":"QN0903","name":"South Richmond Hill","borough":"Queens"},"geometry":{"type":"Polygon","coordinates":[[[-73.81073,40.69192],[-73.81234,40.69481],[-73.81373,40.69713],[-73.81428,40.6971],[-73.81905,40.69575],[-73.81958,40.69573],[-73.82086,40.69535],[-73.82108,40.69578],[-73.82479,40.69472],[-73.82573,40.69447],[-73.82797,40.69398],[-73.82968,40.69353],[-73.8313,40.69303],[-73.83386,40.69233],[-73.83751,40.69129],[-73.83634,40.68893],[-73.83811,40.68843],[-73.83728,40.68675],[-73.83693,40.68684],[-73.83595,40.68484],[-73.82753,40.68724],[-73.82851,40.68924],[-73.82599,40.68995],[-73.82501,40.68795],[-73.81354,40.69121],[-73.81073,40.69192]]]}},{"type":"Feature","properties":{"id":"QN0904","name":"Ozone Park (North)","borough":"Queens"},"geometry":{"type":"Polygon","coordinates":[[[-73.83595,40.68484],[-73.83693,40.68684],[-73.83728,40.68675],[-73.83811,40.68843],[-73.83634,40.68893],[-73.83751,40.69129],[-73.83926,40.69078],[-73.84496,40.68916],[-73.84751,40.68843],[-73.85053,40.68759],[-73.85101,40.68754],[-73.854,40.68669],[-73.86047,40.68483],[-73.86257,40.68425],[-73.8663,40.68319],[-73.86602,40.68192],[-73.8641,40.68237],[-73.86335,40.67935],[-73.8623,40.67963],[-73.85878,40.68063],[-73.8582,40.67943],[-73.85398,40.67968],[-73.85099,40.68057],[-73.85198,40.68256],[-73.84787,40.68148],[-73.84583,40.68211],[-73.84409,40.68253],[-73.8412,40.68335],[-73.84013,40.68115],[-73.83865,40.68144],[-73.83779,40.68167],[-73.83697,40.68199],[-73.83808,40.68424],[-73.83595,40.68484]]]}},{"type":"Feature","properties":{"id":"QN0905","name":"Woodhaven","borough":"Queens"},"geometry":{"type":"Polygon","coordinates":[[[-73.84914,40.69828],[-73.85071,40.7002],[-73.8541,40.70051],[-73.85457,40.70059],[-73.85386,40.69986],[-73.85338,40.69926],[-73.85283,40.69841],[-73.8527,40.69782],[-73.85275,40.69756],[-73.85657,40.69707],[-73.86016,40.69639],[-73.86681,40.69507],[-73.86841,40.69473],[-73.86869,40.69403],[-73.8686,40.69388],[-73.86806,40.69119],[-73.86746,40.6884],[-73.86687,40.68633],[-73.8666,40.68527],[-73.8663,40.68319],[-73.86257,40.68425],[-73.86047,40.68483],[-73.854,40.68669],[-73.85101,40.68754],[-73.85053,40.68759],[-73.84751,40.68843],[-73.84496,40.68916],[-73.84597,40.69116],[-73.84773,40.69478],[-73.84894,40.69756],[-73.84948,40.69819],[-73.84914,40.69828]]]}},{"type":"Feature","properties":{"id":"QN1001","name":"South Ozone Park","borough":"Queens"},"geometry":{"type":"Polygon","coordinates":[[[-73.80585,40.68291],[-73.80718,40.6856],[-73.80795,40.68705],[-73.81024,40.69103],[-73.81073,40.69192],[-73.81354,40.69121],[-73.82501,40.68795],[-73.82599,40.68995],[-73.82851,40.68924],[-73.82753,40.68724],[-73.83595,40.68484],[-73.83808,40.68424],[-73.83697,40.68199],[-73.83779,40.68167],[-73.83865,40.68144],[-73.84013,40.68115],[-73.83794,40.6768],[-73.83812,40.67663],[-73.83749,40.67541],[-73.83642,40.67311],[-73.83528,40.67082],[-73.83335,40.66677],[-73.83271,40.66541],[-73.83226,40.6653],[-73.83003,40.66458],[-73.8291,40.66425],[-73.8279,40.66391],[-73.82687,40.6637],[-73.82571,40.66359],[-73.82305,40.66356],[-73.82296,40.66386],[-73.81837,40.66327],[-73.8141,40.6628],[-73.81327,40.66281],[-73.81235,40.66295],[-73.81169,40.66313],[-73.80845,40.66446],[-73.80614,40.66491],[-73.80432,40.66512],[-73.80215,40.66525],[-73.80164,40.66676],[-73.80141,40.66778],[-73.8013,40.66894],[-73.80123,40.67054],[-73.80125,40.67189],[-73.80131,40.67278],[-73.80149,40.67355],[-73.80179,40.67439],[-73.80214,40.67508],[-73.80394,40.67892],[-73.80532,40.68177],[-73.80585,40.68291]]]}},{"type":"Feature","properties":{"id":"QN1002","name":"Ozone Park","borough":"Queens"},"geometry":{"type":"Polygon","coordinates":[[[-73.84013,40.68115],[-73.8412,40.68335],[-73.84409,40.68253],[-73.84583,40.68211],[-73.84787,40.68148],[-73.85198,40.68256],[-73.85099,40.68057],[-73.85398,40.67968],[-73.8582,40.67943],[-73.85878,40.68063],[-73.8623,40.67963],[-73.86335,40.67935],[-73.86329,40.67908],[-73.86235,40.67917],[-73.86132,40.67502],[-73.8603,40.67477],[-73.85825,40.67414],[-73.85711,40.67358],[-73.85284,40.67228],[-73.85163,40.67193],[-73.84848,40.67092],[-73.84787,40.67078],[-73.84481,40.66985],[-73.84322,40.66934],[-73.84258,40.66928],[-73.84243,40.66878],[-73.84013,40.66827],[-73.84008,40.66846],[-73.83928,40.6682],[-73.83834,40.66799],[-73.83846,40.66766],[-73.83733,40.66737],[-73.83647,40.66728],[-73.83488,40.66721],[-73.83335,40.66677],[-73.83528,40.67082],[-73.83642,40.67311],[-73.83749,40.67541],[-73.83812,40.67663],[-73.83794,40.6768],[-73.84013,40.68115]]]}},{"type":"Feature","properties":{"id":"QN1003","name":"Howard Beach","borough":"Queens"},"geometry":{"type":"MultiPolygon","coordinates":[[[[-73.86054,40.65462],[-73.86021,40.65484],[-73.86072,40.6552],[-73.86099,40.65521],[-73.86087,40.65508],[-73.86054,40.65462]]],[[[-73.83335,40.66677],[-73.83488,40.66721],[-73.83647,40.66728],[-73.83733,40.66737],[-73.83846,40.66766],[-73.83834,40.66799],[-73.83928,40.6682],[-73.84008,40.66846],[-73.84013,40.66827],[-73.84243,40.66878],[-73.84258,40.66928],[-73.84322,40.66934],[-73.84481,40.66985],[-73.84787,40.67078],[-73.84848,40.67092],[-73.85163,40.67193],[-73.85284,40.67228],[-73.85711,40.67358],[-73.85825,40.67414],[-73.8603,40.67477],[-73.86132,40.67502],[-73.86039,40.67125],[-73.85763,40.67165],[-73.85646,40.66704],[-73.85612,40.66551],[-73.85568,40.66387],[-73.85843,40.66345],[-73.85812,40.66204],[-73.85761,40.66012],[-73.85851,40.6599],[-73.86031,40.65963],[-73.86119,40.65926],[-73.86175,40.65894],[-73.86317,40.65828],[-73.8627,40.65762],[-73.86173,40.65803],[-73.86162,40.65769],[-73.86161,40.657],[-73.86089,40.65691],[-73.86037,40.65721],[-73.86032,40.65746],[-73.86057,40.65783],[-73.86021,40.65791],[-73.85977,40.65829],[-73.86039,40.65824],[-73.86096,40.65806],[-73.86125,40.65822],[-73.86132,40.65857],[-73.86087,40.65899],[-73.86092,40.65835],[-73.86039,40.65862],[-73.85964,40.65846],[-73.85959,40.65799],[-73.85994,40.65772],[-73.85981,40.65732],[-73.86067,40.65658],[-73.86139,40.65659],[-73.86135,40.6564],[-73.86084,40.65617],[-73.85996,40.65549],[-73.85967,40.65519],[-73.85735,40.65679],[-73.85535,40.65833],[-73.85362,40.65973],[-73.85355,40.65932],[-73.85437,40.65861],[-73.85321,40.65381],[-73.8484,40.6545],[-73.84765,40.65147],[-73.84721,40.64946],[-73.84679,40.64779],[-73.8439,40.64821],[-73.84206,40.64844],[-73.83837,40.64896],[-73.83681,40.64925],[-73.83724,40.6509],[-73.83806,40.65424],[-73.8384,40.65582],[-73.83849,40.6559],[-73.83897,40.65757],[-73.83929,40.65924],[-73.83998,40.6619],[-73.83969,40.66224],[-73.83872,40.66241],[-73.83822,40.66222],[-73.83808,40.66159],[-73.83889,40.6614],[-73.83881,40.66094],[-73.83805,40.65771],[-73.8372,40.65435],[-73.83681,40.6527],[-73.83597,40.64935],[-73.83569,40.64861],[-73.83552,40.64839],[-73.83453,40.64802],[-73.83149,40.64789],[-73.8308,40.64898],[-73.83109,40.65005],[-73.83119,40.65075],[-73.83157,40.65117],[-73.83217,40.65335],[-73.83238,40.65424],[-73.83306,40.65669],[-73.83338,40.65805],[-73.83127,40.65836],[-73.8326,40.65783],[-73.83194,40.65617],[-73.83208,40.65613],[-73.83278,40.65755],[-73.83291,40.65748],[-73.83276,40.65674],[-73.83218,40.65489],[-73.83185,40.65489],[-73.83162,40.65519],[-73.83133,40.65595],[-73.83051,40.65634],[-73.83009,40.65674],[-73.8295,40.65665],[-73.82953,40.65643],[-73.83006,40.65656],[-73.83021,40.65634],[-73.83116,40.65592],[-73.83149,40.65498],[-73.83212,40.65427],[-73.83171,40.65393],[-73.8306,40.65481],[-73.83053,40.65536],[-73.83015,40.65567],[-73.82967,40.6556],[-73.83016,40.655],[-73.8312,40.65419],[-73.83158,40.65381],[-73.83129,40.65348],[-73.83132,40.65273],[-73.83094,40.65163],[-73.83001,40.6509],[-73.82976,40.65],[-73.82928,40.64958],[-73.82846,40.64912],[-73.82742,40.64889],[-73.8268,40.64863],[-73.82639,40.64832],[-73.82689,40.65035],[-73.82807,40.65527],[-73.8286,40.6572],[-73.82932,40.6589],[-73.82991,40.65967],[-73.83271,40.66541],[-73.83335,40.66677]]]]}},{"type":"Feature","properties":{"id":"QN1101","name":"Auburndale","borough":"Queens"},"geometry":{"type":"Polygon","coordinates":[[[-73.77164,40.7442],[-73.77192,40.74479],[-73.77174,40.74484],[-73.77224,40.74585],[-73.77351,40.74855],[-73.77417,40.74988],[-73.77442,40.75001],[-73.77522,40.75169],[-73.77576,40.75292],[-73.77604,40.75371],[-73.77672,40.75594],[-73.7768,40.75607],[-73.77777,40.75962],[-73.77802,40.7604],[-73.77838,40.76123],[-73.78373,40.77136],[-73.78414,40.77237],[-73.78438,40.77334],[-73.78453,40.77441],[-73.78459,40.77614],[-73.78827,40.77507],[-73.79164,40.77424],[-73.79365,40.77336],[-73.79566,40.77304],[-73.7948,40.77226],[-73.79318,40.7704],[-73.79396,40.76469],[-73.79303,40.76462],[-73.79344,40.7616],[-73.79344,40.76076],[-73.79076,40.76099],[-73.79031,40.75782],[-73.79403,40.75774],[-73.79493,40.7578],[-73.79458,40.75356],[-73.79472,40.75062],[-73.79521,40.75045],[-73.79729,40.74944],[-73.79705,40.74933],[-73.79472,40.7476],[-73.79458,40.7464],[-73.79445,40.7452],[-73.79456,40.74442],[-73.79521,40.74349],[-73.79639,40.74235],[-73.79695,40.74193],[-73.79723,40.74169],[-73.79728,40.74033],[-73.79718,40.73999],[-73.79641,40.7386],[-73.79641,40.73833],[-73.79532,40.73855],[-73.78885,40.74033],[-73.78676,40.74089],[-73.78352,40.7418],[-73.78041,40.74263],[-73.77862,40.74296],[-73.77576,40.74337],[-73.77371,40.74367],[-73.77245,40.74392],[-73.77164,40.7442]]]}},{"type":"Feature","properties":{"id":"QN1102","name":"Bayside","borough":"Queens"},"geometry":{"type":"Polygon","coordinates":[[[-73.7676,40.7783],[-73.76816,40.77812],[-73.76861,40.7791],[-73.77554,40.77702],[-73.77584,40.77861],[-73.77679,40.77841],[-73.77947,40.77766],[-73.78459,40.77614],[-73.78453,40.77441],[-73.78438,40.77334],[-73.78414,40.77237],[-73.78373,40.77136],[-73.77838,40.76123],[-73.77802,40.7604],[-73.77777,40.75962],[-73.7768,40.75607],[-73.77672,40.75594],[-73.77604,40.75371],[-73.77576,40.75292],[-73.77522,40.75169],[-73.77442,40.75001],[-73.77417,40.74988],[-73.77351,40.74855],[-73.77224,40.74585],[-73.77174,40.74484],[-73.77192,40.74479],[-73.77164,40.7442],[-73.76948,40.74525],[-73.76866,40.74557],[-73.76776,40.74584],[-73.76638,40.74619],[-73.76154,40.74752],[-73.76057,40.74786],[-73.75807,40.74898],[-73.75759,40.74916],[-73.75311,40.75029],[-73.75231,40.75046],[-73.75037,40.75078],[-73.75,40.75072],[-73.74898,40.75099],[-73.74778,40.75147],[-73.74681,40.75203],[-73.7471,40.75235],[-73.74774,40.75385],[-73.74711,40.75417],[-73.7481,40.7559],[-73.75005,40.7584],[-73.75058,40.75801],[-73.75116,40.75907],[-73.7523,40.75946],[-73.75321,40.75824],[-73.75387,40.75849],[-73.75497,40.7585],[-73.75557,40.75828],[-73.75583,40.75774],[-73.75626,40.75843],[-73.75682,40.75973],[-73.758,40.76038],[-73.75848,40.76199],[-73.75811,40.76205],[-73.75785,40.76257],[-73.75836,40.7635],[-73.75886,40.76327],[-73.7592,40.76433],[-73.75636,40.7646],[-73.755,40.76484],[-73.75436,40.76505],[-73.7541,40.76535],[-73.75493,40.7661],[-73.75547,40.76636],[-73.75641,40.76651],[-73.75735,40.76707],[-73.75787,40.76695],[-73.75864,40.76736],[-73.7588,40.76766],[-73.75881,40.76818],[-73.75907,40.76845],[-73.7596,40.76872],[-73.76044,40.76948],[-73.76061,40.76977],[-73.76126,40.77039],[-73.76378,40.77252],[-73.7647,40.77334],[-73.76573,40.7746],[-73.76633,40.77584],[-73.767,40.77669],[-73.76762,40.77799],[-73.7676,40.7783]]]}},{"type":"Feature","properties":{"id":"QN1103","name":"Douglaston","borough":"Queens"},"geometry":{"type":"MultiPolygon","coordinates":[[[[-73.74672,40.7803],[-73.74725,40.78008],[-73.74704,40.77962],[-73.74664,40.77936],[-73.74582,40.77967],[-73.74672,40.7803]]],[[[-73.71333,40.75973],[-73.71658,40.76178],[-73.72022,40.76419],[-73.72098,40.76476],[-73.72153,40.76482],[-73.72379,40.76624],[-73.72686,40.76808],[-73.72954,40.76977],[-73.73129,40.77081],[-73.73389,40.77253],[-73.73688,40.77433],[-73.7377,40.77479],[-73.73886,40.77557],[-73.73938,40.77601],[-73.74008,40.77621],[-73.74076,40.77669],[-73.74152,40.7771],[-73.74404,40.77859],[-73.74415,40.77817],[-73.74438,40.77817],[-73.74448,40.77742],[-73.74493,40.77762],[-73.74462,40.77792],[-73.74508,40.77825],[-73.7452,40.77874],[-73.74541,40.77898],[-73.74601,40.77887],[-73.74611,40.77846],[-73.74687,40.77888],[-73.74747,40.77903],[-73.74736,40.77938],[-73.74806,40.78028],[-73.74825,40.78077],[-73.74896,40.78107],[-73.74925,40.78154],[-73.74973,40.7819],[-73.75021,40.7824],[-73.75083,40.78263],[-73.75184,40.78234],[-73.753,40.78129],[-73.75301,40.78087],[-73.75391,40.77978],[-73.75413,40.77939],[-73.75412,40.77897],[-73.7543,40.7784],[-73.75481,40.77764],[-73.75498,40.77704],[-73.75486,40.77689],[-73.75513,40.77641],[-73.75488,40.77619],[-73.75424,40.77527],[-73.75396,40.77431],[-73.75368,40.77397],[-73.75337,40.77321],[-73.75364,40.77263],[-73.75438,40.77204],[-73.75557,40.77153],[-73.75521,40.77068],[-73.75468,40.76964],[-73.75472,40.7688],[-73.75471,40.7688],[-73.75472,40.7688],[-73.75471,40.7688],[-73.75507,40.76766],[-73.7549,40.7672],[-73.75438,40.76649],[-73.75339,40.76533],[-73.74941,40.76755],[-73.74695,40.76461],[-73.74706,40.76446],[-73.75021,40.76375],[-73.74937,40.76293],[-73.74656,40.76378],[-73.74598,40.76398],[-73.74474,40.76076],[-73.74347,40.75934],[-73.74311,40.7585],[-73.7425,40.75859],[-73.74126,40.75671],[-73.74121,40.75621],[-73.74042,40.75668],[-73.73964,40.75674],[-73.73926,40.75692],[-73.73914,40.75639],[-73.73929,40.75587],[-73.73979,40.7554],[-73.74076,40.75497],[-73.74128,40.75457],[-73.74178,40.75348],[-73.74155,40.75289],[-73.74087,40.75197],[-73.73986,40.7513],[-73.73831,40.74925],[-73.73726,40.74826],[-73.73671,40.74791],[-73.7361,40.74765],[-73.73543,40.74716],[-73.73508,40.74637],[-73.73501,40.7458],[-73.73501,40.74492],[-73.73487,40.74446],[-73.73452,40.74382],[-73.73374,40.74285],[-73.73321,40.7432],[-73.73253,40.74377],[-73.73233,40.74364],[-73.73096,40.74486],[-73.72943,40.74668],[-73.72904,40.74723],[-73.72865,40.74807],[-73.72822,40.74942],[-73.72795,40.75002],[-73.72759,40.75056],[-73.72687,40.75137],[-73.72592,40.7521],[-73.72507,40.75259],[-73.72337,40.75372],[-73.72255,40.75456],[-73.72193,40.75552],[-73.7215,40.7564],[-73.72113,40.75694],[-73.72052,40.75759],[-73.7195,40.7584],[-73.71909,40.75863],[-73.71778,40.7592],[-73.71699,40.75943],[-73.71612,40.75958],[-73.71381,40.75974],[-73.71333,40.75973]]]]}},{"type":"Feature","properties":{"id":"QN1104","name":"Oakland Gardens","borough":"Queens"},"geometry":{"type":"Polygon","coordinates":[[[-73.74029,40.73852],[-73.74019,40.73903],[-73.74107,40.73898],[-73.74155,40.73876],[-73.74307,40.73844],[-73.7436,40.73901],[-73.74372,40.73938],[-73.74396,40.74079],[-73.74658,40.74035],[-73.74997,40.73974],[-73.75023,40.73988],[-73.75139,40.74019],[-73.75347,40.7424],[-73.75073,40.743],[-73.74847,40.74335],[-73.74672,40.74312],[-73.74568,40.74303],[-73.74478,40.74328],[-73.74593,40.74572],[-73.74626,40.74671],[-73.74382,40.74743],[-73.74409,40.74821],[-73.74571,40.75158],[-73.74622,40.75168],[-73.74681,40.75203],[-73.74778,40.75147],[-73.74898,40.75099],[-73.75,40.75072],[-73.75037,40.75078],[-73.75231,40.75046],[-73.75311,40.75029],[-73.75759,40.74916],[-73.75807,40.74898],[-73.76057,40.74786],[-73.76154,40.74752],[-73.76638,40.74619],[-73.76776,40.74584],[-73.76698,40.74422],[-73.76664,40.74385],[-73.76557,40.74326],[-73.76515,40.74244],[-73.76361,40.73917],[-73.76268,40.73726],[-73.76246,40.73655],[-73.76248,40.73618],[-73.76273,40.73526],[-73.76511,40.73456],[-73.7637,40.73287],[-73.76555,40.73254],[-73.76454,40.73147],[-73.76341,40.73047],[-73.76226,40.7296],[-73.76066,40.72862],[-73.75845,40.72753],[-73.75703,40.72661],[-73.75678,40.72631],[-73.75455,40.72708],[-73.75301,40.72777],[-73.75087,40.72905],[-73.74962,40.73001],[-73.74674,40.73259],[-73.74562,40.73347],[-73.74384,40.73481],[-73.74306,40.73548],[-73.74159,40.73691],[-73.74029,40.73852]]]}},{"type":"Feature","properties":{"id":"QN1201","name":"Jamaica","borough":"Queens"},"geometry":{"type":"Polygon","coordinates":[[[-73.76845,40.70964],[-73.76881,40.70981],[-73.77084,40.71017],[-73.77165,40.71022],[-73.77172,40.71032],[-73.77314,40.70992],[-73.7745,40.71195],[-73.77537,40.71168],[-73.77704,40.71419],[-73.77712,40.71426],[-73.78446,40.7125],[-73.78658,40.71197],[-73.78785,40.71181],[-73.78853,40.71203],[-73.78941,40.712],[-73.79304,40.71071],[-73.79473,40.71001],[-73.79777,40.70914],[-73.7987,40.71066],[-73.80107,40.70982],[-73.8016,40.70955],[-73.80193,40.70891],[-73.80233,40.70857],[-73.80303,40.70814],[-73.80367,40.70875],[-73.80502,40.70947],[-73.80548,40.71009],[-73.80805,40.70936],[-73.80762,40.70873],[-73.80695,40.70737],[-73.81201,40.70594],[-73.81153,40.70227],[-73.81302,40.7025],[-73.81399,40.70254],[-73.81648,40.70245],[-73.81507,40.69953],[-73.81373,40.69713],[-73.81234,40.69481],[-73.81073,40.69192],[-73.80963,40.69222],[-73.8089,40.69257],[-73.80643,40.69088],[-73.80382,40.69308],[-73.8012,40.69534],[-73.79918,40.69687],[-73.79855,40.69747],[-73.79786,40.69799],[-73.79723,40.69836],[-73.79572,40.69902],[-73.7945,40.69939],[-73.79358,40.69976],[-73.79284,40.70024],[-73.79221,40.70082],[-73.79187,40.70136],[-73.79239,40.70217],[-73.79115,40.7023],[-73.78966,40.70304],[-73.78919,40.70321],[-73.78598,40.70419],[-73.78485,40.70459],[-73.78325,40.70522],[-73.78243,40.70545],[-73.78175,40.70548],[-73.78035,40.70541],[-73.77849,40.70383],[-73.77792,40.70329],[-73.77691,40.70253],[-73.77537,40.70121],[-73.77396,40.6998],[-73.77344,40.70008],[-73.77231,40.70057],[-73.77435,40.70399],[-73.77507,40.70524],[-73.77559,40.70533],[-73.7756,40.70589],[-73.77531,40.70661],[-73.7749,40.70707],[-73.77374,40.70765],[-73.7723,40.70807],[-73.76845,40.70964]]]}},{"type":"Feature","properties":{"id":"QN1202","name":"South Jamaica","borough":"Queens"},"geometry":{"type":"Polygon","coordinates":[[[-73.77396,40.6998],[-73.77537,40.70121],[-73.77691,40.70253],[-73.77792,40.70329],[-73.77849,40.70383],[-73.78035,40.70541],[-73.78175,40.70548],[-73.78243,40.70545],[-73.78325,40.70522],[-73.78485,40.70459],[-73.78598,40.70419],[-73.78919,40.70321],[-73.78966,40.70304],[-73.79115,40.7023],[-73.79239,40.70217],[-73.79187,40.70136],[-73.79221,40.70082],[-73.79284,40.70024],[-73.79358,40.69976],[-73.7945,40.69939],[-73.79572,40.69902],[-73.79723,40.69836],[-73.79786,40.69799],[-73.79855,40.69747],[-73.79918,40.69687],[-73.8012,40.69534],[-73.80382,40.69308],[-73.80643,40.69088],[-73.8089,40.69257],[-73.80963,40.69222],[-73.81073,40.69192],[-73.81024,40.69103],[-73.80795,40.68705],[-73.80718,40.6856],[-73.80585,40.68291],[-73.79898,40.68486],[-73.79995,40.68683],[-73.79561,40.68866],[-73.79478,40.68747],[-73.79391,40.6863],[-73.79039,40.68776],[-73.78764,40.68843],[-73.78644,40.68878],[-73.78479,40.68936],[-73.78078,40.69103],[-73.77977,40.68928],[-73.77789,40.68992],[-73.7792,40.69165],[-73.78092,40.69384],[-73.78277,40.696],[-73.77908,40.69756],[-73.77663,40.69862],[-73.77502,40.69936],[-73.77396,40.6998]]]}},{"type":"Feature","properties":{"id":"QN1203","name":"Baisley Park","borough":"Queens"},"geometry":{"type":"Polygon","coordinates":[[[-73.77789,40.68992],[-73.77977,40.68928],[-73.78078,40.69103],[-73.78479,40.68936],[-73.78644,40.68878],[-73.78764,40.68843],[-73.79039,40.68776],[-73.79391,40.6863],[-73.79478,40.68747],[-73.79561,40.68866],[-73.79995,40.68683],[-73.79898,40.68486],[-73.80585,40.68291],[-73.80532,40.68177],[-73.80394,40.67892],[-73.80214,40.67508],[-73.80179,40.67439],[-73.80149,40.67355],[-73.80131,40.67278],[-73.80125,40.67189],[-73.80123,40.67054],[-73.8013,40.66894],[-73.80141,40.66778],[-73.80164,40.66676],[-73.80041,40.66668],[-73.79942,40.66652],[-73.79874,40.66655],[-73.79728,40.66694],[-73.79449,40.66698],[-73.79306,40.66707],[-73.79219,40.66704],[-73.78941,40.66684],[-73.78916,40.66834],[-73.78809,40.67301],[-73.78658,40.67277],[-73.78575,40.67238],[-73.78533,40.67313],[-73.78435,40.67469],[-73.78398,40.67512],[-73.7833,40.67568],[-73.78026,40.67784],[-73.77842,40.67903],[-73.77723,40.67965],[-73.77475,40.68047],[-73.77232,40.68149],[-73.7722,40.68161],[-73.77014,40.68311],[-73.76974,40.68379],[-73.7724,40.68528],[-73.77448,40.68673],[-73.7757,40.68761],[-73.77662,40.68836],[-73.77726,40.68907],[-73.77789,40.68992]]]}},{"type":"Feature","properties":{"id":"QN1204","name":"Springfield Gardens (North)","borough":"Queens"},"geometry":{"type":"Polygon","coordinates":[[[-73.76031,40.67511],[-73.76248,40.6742],[-73.76339,40.67468],[-73.76368,40.67475],[-73.7635,40.676],[-73.76325,40.67679],[-73.76288,40.6775],[-73.76192,40.67888],[-73.76161,40.67973],[-73.76406,40.68088],[-73.76716,40.68238],[-73.76974,40.68379],[-73.77014,40.68311],[-73.7722,40.68161],[-73.77232,40.68149],[-73.77475,40.68047],[-73.77723,40.67965],[-73.77842,40.67903],[-73.78026,40.67784],[-73.7833,40.67568],[-73.78398,40.67512],[-73.78435,40.67469],[-73.78533,40.67313],[-73.78575,40.67238],[-73.78658,40.67277],[-73.78809,40.67301],[-73.78916,40.66834],[-73.78941,40.66684],[-73.78697,40.66709],[-73.78566,40.66719],[-73.78265,40.66737],[-73.77612,40.66785],[-73.77342,40.66803],[-73.77155,40.66796],[-73.7608,40.66677],[-73.75763,40.66645],[-73.757,40.66774],[-73.75672,40.66856],[-73.75643,40.66967],[-73.75641,40.67037],[-73.75648,40.67149],[-73.75636,40.67243],[-73.75822,40.67269],[-73.7585,40.67265],[-73.75881,40.673],[-73.76031,40.67511]]]}},{"type":"Feature","properties":{"id":"QN1205","name":"St. Albans","borough":"Queens"},"geometry":{"type":"Polygon","coordinates":[[[-73.75047,40.70564],[-73.76096,40.70291],[-73.76213,40.7055],[-73.76195,40.70592],[-73.76197,40.70661],[-73.76176,40.70661],[-73.7623,40.70795],[-73.76456,40.7074],[-73.76521,40.70715],[-73.76735,40.70664],[-73.76826,40.70953],[-73.76845,40.70964],[-73.7723,40.70807],[-73.77374,40.70765],[-73.7749,40.70707],[-73.77531,40.70661],[-73.7756,40.70589],[-73.77559,40.70533],[-73.77507,40.70524],[-73.77435,40.70399],[-73.77231,40.70057],[-73.77344,40.70008],[-73.77396,40.6998],[-73.77502,40.69936],[-73.77663,40.69862],[-73.77908,40.69756],[-73.78277,40.696],[-73.78092,40.69384],[-73.7792,40.69165],[-73.77789,40.68992],[-73.77726,40.68907],[-73.77662,40.68836],[-73.7757,40.68761],[-73.77448,40.68673],[-73.7724,40.68528],[-73.76974,40.68379],[-73.76716,40.68238],[-73.76406,40.68088],[-73.76161,40.67973],[-73.76192,40.67888],[-73.76288,40.6775],[-73.76325,40.67679],[-73.7635,40.676],[-73.76368,40.67475],[-73.76339,40.67468],[-73.76248,40.6742],[-73.76031,40.67511],[-73.75692,40.67653],[-73.75649,40.67602],[-73.75576,40.67589],[-73.75523,40.67729],[-73.75485,40.67793],[-73.75268,40.68087],[-73.75226,40.68149],[-73.75181,40.6824],[-73.75126,40.68373],[-73.75002,40.68589],[-73.74935,40.68664],[-73.7485,40.68778],[-73.74747,40.68932],[-73.74728,40.68974],[-73.74625,40.69128],[-73.74479,40.69322],[-73.74439,40.69397],[-73.74359,40.69621],[-73.74474,40.69639],[-73.74524,40.69637],[-73.74618,40.69612],[-73.74773,40.69955],[-73.75047,40.70564]]]}},{"type":"Feature","properties":{"id":"QN1206","name":"Hollis","borough":"Queens"},"geometry":{"type":"Polygon","coordinates":[[[-73.75047,40.70564],[-73.75185,40.70882],[-73.75371,40.71333],[-73.75401,40.71383],[-73.7547,40.71471],[-73.75944,40.72106],[-73.76031,40.72064],[-73.76197,40.72],[-73.76447,40.71889],[-73.76664,40.71765],[-73.76733,40.71729],[-73.77357,40.71512],[-73.77712,40.71426],[-73.77704,40.71419],[-73.77537,40.71168],[-73.7745,40.71195],[-73.77314,40.70992],[-73.77172,40.71032],[-73.77165,40.71022],[-73.77084,40.71017],[-73.76881,40.70981],[-73.76845,40.70964],[-73.76826,40.70953],[-73.76735,40.70664],[-73.76521,40.70715],[-73.76456,40.7074],[-73.7623,40.70795],[-73.76176,40.70661],[-73.76197,40.70661],[-73.76195,40.70592],[-73.76213,40.7055],[-73.76096,40.70291],[-73.75047,40.70564]]]}},{"type":"Feature","properties":{"id":"QN1301","name":"Glen Oaks","borough":"Queens"},"geometry":{"type":"Polygon","coordinates":[[[-73.71333,40.75973],[-73.71381,40.75974],[-73.71612,40.75958],[-73.71699,40.75943],[-73.71778,40.7592],[-73.71909,40.75863],[-73.7195,40.7584],[-73.72052,40.75759],[-73.72113,40.75694],[-73.7215,40.7564],[-73.72193,40.75552],[-73.72255,40.75456],[-73.72337,40.75372],[-73.72507,40.75259],[-73.72592,40.7521],[-73.72687,40.75137],[-73.72759,40.75056],[-73.72795,40.75002],[-73.72822,40.74942],[-73.72865,40.74807],[-73.72829,40.74746],[-73.72802,40.74871],[-73.72768,40.74964],[-73.72627,40.74931],[-73.72339,40.75039],[-73.72259,40.74885],[-73.7201,40.74978],[-73.71938,40.74819],[-73.71897,40.747],[-73.71823,40.7454],[-73.7174,40.74351],[-73.71578,40.7399],[-73.71477,40.7379],[-73.71186,40.73316],[-73.71148,40.7325],[-73.71075,40.73053],[-73.7105,40.72723],[-73.70766,40.72783],[-73.7071,40.72875],[-73.7046,40.73257],[-73.70394,40.73352],[-73.70331,40.73456],[-73.70206,40.73644],[-73.70147,40.73751],[-73.70081,40.73844],[-73.70002,40.73924],[-73.70029,40.74101],[-73.70058,40.74318],[-73.70078,40.74504],[-73.70089,40.74706],[-73.70118,40.74892],[-73.70135,40.75078],[-73.70163,40.75249],[-73.70274,40.75325],[-73.70527,40.75477],[-73.70783,40.75622],[-73.71245,40.75924],[-73.71333,40.75973]]]}},{"type":"Feature","properties":{"id":"QN1302","name":"Bellerose","borough":"Queens"},"geometry":{"type":"Polygon","coordinates":[[[-73.7105,40.72723],[-73.71075,40.73053],[-73.71148,40.7325],[-73.71186,40.73316],[-73.71477,40.7379],[-73.71578,40.7399],[-73.7174,40.74351],[-73.71823,40.7454],[-73.71897,40.747],[-73.71938,40.74819],[-73.7201,40.74978],[-73.72259,40.74885],[-73.72339,40.75039],[-73.72627,40.74931],[-73.72768,40.74964],[-73.72802,40.74871],[-73.72829,40.74746],[-73.72865,40.74807],[-73.72904,40.74723],[-73.72943,40.74668],[-73.73096,40.74486],[-73.73233,40.74364],[-73.73253,40.74377],[-73.73321,40.7432],[-73.73374,40.74285],[-73.73545,40.74187],[-73.73835,40.74034],[-73.73922,40.73969],[-73.74029,40.73852],[-73.74159,40.73691],[-73.74306,40.73548],[-73.74384,40.73481],[-73.74562,40.73347],[-73.74674,40.73259],[-73.74666,40.73181],[-73.7463,40.73118],[-73.74556,40.73064],[-73.74242,40.72992],[-73.73871,40.72909],[-73.73546,40.72834],[-73.73273,40.72773],[-73.73147,40.72741],[-73.73122,40.7267],[-73.72991,40.72327],[-73.72837,40.72361],[-73.72816,40.72309],[-73.72648,40.72375],[-73.72481,40.72429],[-73.72204,40.72502],[-73.72119,40.72527],[-73.71693,40.72639],[-73.7105,40.72723]]]}},{"type":"Feature","properties":{"id":"QN1303","name":"Queens Village","borough":"Queens"},"geometry":{"type":"Polygon","coordinates":[[[-73.72991,40.72327],[-73.73122,40.7267],[-73.73147,40.72741],[-73.73273,40.72773],[-73.73546,40.72834],[-73.73871,40.72909],[-73.74242,40.72992],[-73.74556,40.73064],[-73.7463,40.73118],[-73.74666,40.73181],[-73.74674,40.73259],[-73.74962,40.73001],[-73.75087,40.72905],[-73.75301,40.72777],[-73.75455,40.72708],[-73.75678,40.72631],[-73.75688,40.72628],[-73.75548,40.72512],[-73.75508,40.72449],[-73.75497,40.72416],[-73.75577,40.72364],[-73.75944,40.72106],[-73.7547,40.71471],[-73.75401,40.71383],[-73.75371,40.71333],[-73.75185,40.70882],[-73.75047,40.70564],[-73.74773,40.69955],[-73.745,40.70026],[-73.74591,40.70229],[-73.74129,40.70347],[-73.74051,40.70343],[-73.74078,40.70268],[-73.73819,40.70259],[-73.73431,40.70248],[-73.73427,40.70322],[-73.72777,40.70302],[-73.72678,40.70306],[-73.72705,40.7095],[-73.72689,40.70998],[-73.72698,40.71078],[-73.72737,40.71241],[-73.7285,40.71671],[-73.72918,40.71917],[-73.72966,40.72048],[-73.73033,40.72216],[-73.72905,40.7228],[-73.72816,40.72309],[-73.72837,40.72361],[-73.72991,40.72327]]]}},{"type":"Feature","properties":{"id":"QN1304","name":"Cambria Heights","borough":"Queens"},"geometry":{"type":"Polygon","coordinates":[[[-73.72678,40.70306],[-73.72777,40.70302],[-73.73427,40.70322],[-73.73431,40.70248],[-73.73819,40.70259],[-73.74078,40.70268],[-73.74051,40.70343],[-73.74129,40.70347],[-73.74591,40.70229],[-73.745,40.70026],[-73.74773,40.69955],[-73.74618,40.69612],[-73.74524,40.69637],[-73.74474,40.69639],[-73.74359,40.69621],[-73.74439,40.69397],[-73.74479,40.69322],[-73.74625,40.69128],[-73.74728,40.68974],[-73.74747,40.68932],[-73.7376,40.68636],[-73.73744,40.6867],[-73.73396,40.68564],[-73.72718,40.6836],[-73.72586,40.68324],[-73.7258,40.68428],[-73.72599,40.68693],[-73.72621,40.68898],[-73.72626,40.69077],[-73.72651,40.69689],[-73.72654,40.69898],[-73.72666,40.70111],[-73.72679,40.70194],[-73.72673,40.70214],[-73.72678,40.70306]]]}},{"type":"Feature","properties":{"id":"QN1305","name":"Laurelton","borough":"Queens"},"geometry":{"type":"Polygon","coordinates":[[[-73.73396,40.68564],[-73.73441,40.68504],[-73.73581,40.68245],[-73.73964,40.6836],[-73.7395,40.6839],[-73.74046,40.68419],[-73.74095,40.68329],[-73.74802,40.68542],[-73.7481,40.68528],[-73.75002,40.68589],[-73.75126,40.68373],[-73.75181,40.6824],[-73.75226,40.68149],[-73.75268,40.68087],[-73.75485,40.67793],[-73.75523,40.67729],[-73.75576,40.67589],[-73.75649,40.67602],[-73.75692,40.67653],[-73.76031,40.67511],[-73.75881,40.673],[-73.7585,40.67265],[-73.75822,40.67269],[-73.75636,40.67243],[-73.75648,40.67149],[-73.75641,40.67037],[-73.75643,40.66967],[-73.75672,40.66856],[-73.757,40.66774],[-73.75763,40.66645],[-73.75602,40.66639],[-73.75122,40.6664],[-73.74903,40.66639],[-73.74118,40.6664],[-73.74081,40.66684],[-73.7385,40.66928],[-73.73754,40.67033],[-73.73718,40.67091],[-73.73678,40.67077],[-73.73552,40.67256],[-73.73592,40.67265],[-73.73513,40.67394],[-73.73384,40.67546],[-73.73303,40.67649],[-73.73106,40.67831],[-73.73047,40.67935],[-73.72951,40.68005],[-73.72925,40.68043],[-73.72874,40.68094],[-73.72811,40.68177],[-73.72718,40.6836],[-73.73396,40.68564]]]}},{"type":"Feature","properties":{"id":"QN1306","name":"Springfield Gardens (South)","borough":"Queens"},"geometry":{"type":"Polygon","coordinates":[[[-73.75763,40.66645],[-73.7608,40.66677],[-73.77155,40.66796],[-73.77342,40.66803],[-73.77612,40.66785],[-73.78265,40.66737],[-73.78566,40.66719],[-73.78697,40.66709],[-73.78941,40.66684],[-73.79219,40.66704],[-73.79306,40.66707],[-73.79449,40.66698],[-73.79728,40.66694],[-73.79874,40.66655],[-73.79942,40.66652],[-73.80041,40.66668],[-73.80164,40.66676],[-73.80215,40.66525],[-73.79982,40.66526],[-73.79701,40.66507],[-73.79582,40.66496],[-73.78811,40.66391],[-73.78503,40.66342],[-73.78341,40.66308],[-73.78124,40.66247],[-73.77982,40.66196],[-73.77933,40.66184],[-73.77877,40.66151],[-73.7769,40.66067],[-73.7751,40.66015],[-73.77383,40.65965],[-73.77292,40.65913],[-73.7705,40.65788],[-73.7667,40.6558],[-73.76567,40.65526],[-73.7636,40.65409],[-73.75794,40.65085],[-73.75157,40.64726],[-73.74857,40.64555],[-73.74778,40.64501],[-73.74712,40.64437],[-73.74617,40.64486],[-73.74608,40.64557],[-73.74625,40.64637],[-73.74622,40.64679],[-73.74644,40.64805],[-73.74625,40.6486],[-73.74624,40.64979],[-73.74616,40.65047],[-73.74587,40.65044],[-73.74635,40.65125],[-73.74652,40.65184],[-73.74655,40.65256],[-73.74332,40.65254],[-73.74329,40.65614],[-73.74487,40.65614],[-73.74506,40.65741],[-73.74496,40.65817],[-73.74244,40.66087],[-73.74197,40.66148],[-73.74115,40.66278],[-73.74044,40.66411],[-73.74002,40.66475],[-73.73849,40.66642],[-73.74118,40.6664],[-73.74903,40.66639],[-73.75122,40.6664],[-73.75602,40.66639],[-73.75763,40.66645]]]}},{"type":"Feature","properties":{"id":"QN1307","name":"Rosedale","borough":"Queens"},"geometry":{"type":"Polygon","coordinates":[[[-73.72586,40.68324],[-73.72718,40.6836],[-73.72811,40.68177],[-73.72874,40.68094],[-73.72925,40.68043],[-73.72951,40.68005],[-73.73047,40.67935],[-73.73106,40.67831],[-73.73303,40.67649],[-73.73384,40.67546],[-73.73513,40.67394],[-73.73592,40.67265],[-73.73552,40.67256],[-73.73678,40.67077],[-73.73718,40.67091],[-73.73754,40.67033],[-73.7385,40.66928],[-73.74081,40.66684],[-73.74118,40.6664],[-73.73849,40.66642],[-73.74002,40.66475],[-73.74044,40.66411],[-73.74115,40.66278],[-73.74197,40.66148],[-73.74244,40.66087],[-73.74496,40.65817],[-73.74506,40.65741],[-73.74487,40.65614],[-73.74329,40.65614],[-73.74332,40.65254],[-73.74655,40.65256],[-73.74652,40.65184],[-73.74635,40.65125],[-73.74587,40.65044],[-73.74616,40.65047],[-73.74624,40.64979],[-73.74625,40.6486],[-73.74644,40.64805],[-73.74622,40.64679],[-73.74625,40.64637],[-73.74608,40.64557],[-73.74617,40.64486],[-73.74712,40.64437],[-73.74778,40.64501],[-73.74857,40.64555],[-73.75157,40.64726],[-73.75205,40.64665],[-73.75171,40.6465],[-73.75053,40.64567],[-73.74929,40.64495],[-73.74878,40.64512],[-73.74875,40.64447],[-73.74816,40.64409],[-73.74733,40.64324],[-73.74719,40.64288],[-73.74676,40.64232],[-73.74655,40.64169],[-73.74632,40.6414],[-73.74636,40.64068],[-73.74617,40.64041],[-73.74636,40.63982],[-73.74632,40.63933],[-73.7465,40.63898],[-73.7466,40.63835],[-73.74688,40.63801],[-73.74705,40.63702],[-73.74661,40.63658],[-73.74626,40.63644],[-73.74598,40.63673],[-73.74473,40.63738],[-73.74422,40.63802],[-73.74384,40.63896],[-73.74352,40.63889],[-73.74404,40.63798],[-73.74272,40.63827],[-73.74188,40.63812],[-73.74129,40.63789],[-73.74097,40.63731],[-73.74123,40.63699],[-73.74139,40.63675],[-73.74211,40.63606],[-73.74247,40.63535],[-73.74254,40.63517],[-73.74198,40.63498],[-73.74144,40.63509],[-73.74075,40.63511],[-73.74001,40.63531],[-73.73947,40.63571],[-73.74126,40.6389],[-73.74227,40.64012],[-73.74142,40.64051],[-73.74205,40.64147],[-73.74166,40.6422],[-73.74144,40.64609],[-73.74144,40.64689],[-73.73904,40.6482],[-73.73513,40.64973],[-73.73207,40.65009],[-73.73029,40.65037],[-73.7265,40.65167],[-73.72523,40.652],[-73.7251,40.65234],[-73.72498,40.65425],[-73.7255,40.65552],[-73.72557,40.65672],[-73.72644,40.65916],[-73.72721,40.66042],[-73.72793,40.66175],[-73.72804,40.6624],[-73.72833,40.66304],[-73.72782,40.66312],[-73.72777,40.66406],[-73.72786,40.66507],[-73.72812,40.66535],[-73.72827,40.6666],[-73.72824,40.66802],[-73.72817,40.66872],[-73.728,40.66941],[-73.72788,40.67079],[-73.72753,40.67393],[-73.72756,40.67416],[-73.72629,40.67706],[-73.72563,40.67959],[-73.72591,40.68266],[-73.72586,40.68324]]]}},{"type":"Feature","properties":{"id":"QN1401","name":"Far Rockaway","borough":"Queens"},"geometry":{"type":"Polygon","coordinates":[[[-73.76965,40.59077],[-73.76873,40.59087],[-73.76807,40.59072],[-73.76632,40.59097],[-73.76567,40.59113],[-73.76354,40.59147],[-73.76304,40.5916],[-73.76134,40.59173],[-73.75995,40.59162],[-73.75928,40.59149],[-73.75789,40.59136],[-73.75596,40.59087],[-73.75495,40.59087],[-73.75446,40.59095],[-73.75391,40.59091],[-73.75297,40.59114],[-73.75175,40.59128],[-73.7505,40.59235],[-73.74912,40.59322],[-73.74823,40.59349],[-73.74745,40.59403],[-73.74692,40.59412],[-73.74666,40.5943],[-73.74598,40.59437],[-73.74452,40.59467],[-73.74359,40.59466],[-73.74287,40.59483],[-73.74239,40.59473],[-73.74223,40.59491],[-73.74178,40.59476],[-73.74137,40.59481],[-73.74084,40.5946],[-73.74063,40.59472],[-73.74009,40.59453],[-73.73957,40.59456],[-73.73957,40.59452],[-73.73957,40.59456],[-73.73907,40.5946],[-73.73846,40.59443],[-73.73799,40.59456],[-73.73841,40.59592],[-73.73838,40.59712],[-73.73886,40.59678],[-73.73933,40.59691],[-73.73961,40.59676],[-73.73958,40.59638],[-73.73993,40.59606],[-73.74058,40.59615],[-73.74051,40.59657],[-73.74156,40.59653],[-73.74183,40.59672],[-73.74144,40.59694],[-73.74108,40.59682],[-73.74061,40.59698],[-73.74036,40.59677],[-73.74009,40.59621],[-73.7398,40.59643],[-73.74011,40.59669],[-73.73986,40.5971],[-73.73954,40.59724],[-73.739,40.59713],[-73.73836,40.5976],[-73.73837,40.59845],[-73.73823,40.60257],[-73.73841,40.60312],[-73.73921,40.60404],[-73.74029,40.6046],[-73.74121,40.60552],[-73.74339,40.60747],[-73.74311,40.60772],[-73.74387,40.60889],[-73.74457,40.61012],[-73.74537,40.61121],[-73.74576,40.61199],[-73.74686,40.61157],[-73.74722,40.61218],[-73.74761,40.612],[-73.748,40.61231],[-73.74822,40.61201],[-73.74912,40.61179],[-73.75009,40.61164],[-73.75346,40.61052],[-73.75473,40.6104],[-73.755,40.61013],[-73.75556,40.61012],[-73.75587,40.61038],[-73.75622,40.6102],[-73.75791,40.61031],[-73.75838,40.61028],[-73.75945,40.61035],[-73.75949,40.61082],[-73.75998,40.61088],[-73.76155,40.60903],[-73.76178,40.60915],[-73.76087,40.6102],[-73.76023,40.61082],[-73.76172,40.61185],[-73.7623,40.61136],[-73.76366,40.61176],[-73.7641,40.61176],[-73.76509,40.61205],[-73.76516,40.61299],[-73.76502,40.61352],[-73.76516,40.61376],[-73.76617,40.61404],[-73.76631,40.6142],[-73.76682,40.61429],[-73.76746,40.61422],[-73.76837,40.61423],[-73.76945,40.61397],[-73.77003,40.61406],[-73.77121,40.61394],[-73.77174,40.61396],[-73.77294,40.61356],[-73.77349,40.61361],[-73.77384,40.61291],[-73.77404,40.61221],[-73.77393,40.61212],[-73.77375,40.61122],[-73.7734,40.61101],[-73.77308,40.6113],[-73.77236,40.61151],[-73.77211,40.61144],[-73.77185,40.61082],[-73.77125,40.61039],[-73.77092,40.61038],[-73.77059,40.61016],[-73.77023,40.61025],[-73.76971,40.61004],[-73.76913,40.60965],[-73.76895,40.6091],[-73.76927,40.60838],[-73.76979,40.60793],[-73.76977,40.60755],[-73.77,40.60727],[-73.77,40.60686],[-73.76985,40.60612],[-73.77005,40.60571],[-73.77,40.60537],[-73.77055,40.60488],[-73.77041,40.60372],[-73.77021,40.60312],[-73.77019,40.60275],[-73.77094,40.60115],[-73.77112,40.6005],[-73.77109,40.59967],[-73.77116,40.59948],[-73.771,40.59891],[-73.77072,40.59881],[-73.77031,40.59898],[-73.7697,40.59864],[-73.76889,40.59839],[-73.76832,40.59835],[-73.76794,40.59815],[-73.76817,40.59782],[-73.76942,40.59825],[-73.7698,40.59812],[-73.77053,40.5981],[-73.7711,40.5983],[-73.77109,40.59801],[-73.77066,40.596],[-73.77233,40.59582],[-73.77388,40.59577],[-73.77367,40.59389],[-73.77281,40.59407],[-73.7727,40.59313],[-73.77133,40.59344],[-73.77023,40.59398],[-73.76976,40.59149],[-73.76965,40.59077]]]}},{"type":"Feature","properties":{"id":"QN1402","name":"Rockaway Beach","borough":"Queens"},"geometry":{"type":"Polygon","coordinates":[[[-73.7711,40.5983],[-73.77171,40.59797],[-73.77306,40.59789],[-73.77372,40.59824],[-73.77372,40.59863],[-73.77422,40.599],[-73.77411,40.59986],[-73.77457,40.6004],[-73.77475,40.60077],[-73.77471,40.60105],[-73.77497,40.60174],[-73.7756,40.60165],[-73.77599,40.60141],[-73.77632,40.60104],[-73.77706,40.59969],[-73.7773,40.59937],[-73.77737,40.59891],[-73.77823,40.59818],[-73.77877,40.59797],[-73.77902,40.59766],[-73.77975,40.59727],[-73.77969,40.59669],[-73.77985,40.59659],[-73.78195,40.59646],[-73.78209,40.59786],[-73.7848,40.59771],[-73.7867,40.59763],[-73.78838,40.5975],[-73.78824,40.59611],[-73.78916,40.59608],[-73.78918,40.59518],[-73.78971,40.59484],[-73.79065,40.59478],[-73.79088,40.59503],[-73.79104,40.59552],[-73.79093,40.59596],[-73.79124,40.59663],[-73.79114,40.59715],[-73.79087,40.59758],[-73.79043,40.59867],[-73.7903,40.59927],[-73.79005,40.59937],[-73.78954,40.59997],[-73.78928,40.60002],[-73.78807,40.60085],[-73.78766,40.60137],[-73.78721,40.60226],[-73.78629,40.60293],[-73.7865,40.60325],[-73.78728,40.60324],[-73.78785,40.60312],[-73.78975,40.60169],[-73.79038,40.60117],[-73.79059,40.60114],[-73.79154,40.60036],[-73.79203,40.60023],[-73.79233,40.59997],[-73.79335,40.59997],[-73.79388,40.5996],[-73.79457,40.59942],[-73.79531,40.59948],[-73.79811,40.5993],[-73.79843,40.59917],[-73.79879,40.59927],[-73.80124,40.59912],[-73.80169,40.59889],[-73.80236,40.59893],[-73.80298,40.59885],[-73.80369,40.59812],[-73.80442,40.59773],[-73.80472,40.59767],[-73.80511,40.59715],[-73.80469,40.59639],[-73.80369,40.5952],[-73.80322,40.59515],[-73.8031,40.59456],[-73.80259,40.59438],[-73.80238,40.59329],[-73.80244,40.59264],[-73.80304,40.59258],[-73.80393,40.5931],[-73.80413,40.59352],[-73.80404,40.59419],[-73.80464,40.59491],[-73.8049,40.59509],[-73.80605,40.59556],[-73.80685,40.59542],[-73.80713,40.59527],[-73.80744,40.59475],[-73.80798,40.59417],[-73.80782,40.59388],[-73.80805,40.59365],[-73.80782,40.59336],[-73.80738,40.5931],[-73.80707,40.59307],[-73.80417,40.59185],[-73.80436,40.59131],[-73.80664,40.59227],[-73.80687,40.59226],[-73.808,40.59287],[-73.80827,40.59294],[-73.8095,40.59357],[-73.8097,40.59354],[-73.80949,40.59276],[-73.80978,40.5924],[-73.8099,40.59308],[-73.81004,40.59308],[-73.8099,40.59227],[-73.81082,40.59208],[-73.81101,40.59177],[-73.81152,40.59178],[-73.8117,40.59159],[-73.81228,40.59133],[-73.81249,40.59139],[-73.81313,40.59125],[-73.81363,40.59079],[-73.81409,40.59062],[-73.81475,40.59059],[-73.81525,40.58999],[-73.81683,40.5893],[-73.81717,40.58937],[-73.81761,40.58927],[-73.81742,40.58892],[-73.81828,40.58846],[-73.81877,40.58829],[-73.81923,40.58793],[-73.82146,40.58677],[-73.82264,40.5874],[-73.82326,40.58747],[-73.82525,40.5869],[-73.82466,40.58545],[-73.82404,40.58563],[-73.82345,40.58471],[-73.82301,40.58383],[-73.82192,40.5821],[-73.82154,40.58167],[-73.82134,40.58126],[-73.81929,40.58177],[-73.81838,40.58208],[-73.81586,40.58272],[-73.81342,40.58349],[-73.81133,40.58372],[-73.80962,40.58382],[-73.8086,40.58403],[-73.80799,40.584],[-73.80672,40.58444],[-73.80559,40.58451],[-73.80422,40.58493],[-73.80372,40.58502],[-73.80326,40.58489],[-73.80183,40.58535],[-73.80061,40.58548],[-73.79964,40.58579],[-73.79881,40.58589],[-73.79662,40.58638],[-73.79609,40.58633],[-73.7957,40.58647],[-73.79499,40.58655],[-73.79444,40.58676],[-73.79388,40.58678],[-73.79339,40.58695],[-73.79256,40.58704],[-73.79156,40.5873],[-73.79113,40.58727],[-73.7903,40.58748],[-73.78941,40.58763],[-73.7886,40.58748],[-73.78843,40.58765],[-73.78769,40.58792],[-73.78639,40.58813],[-73.78551,40.58834],[-73.78465,40.58845],[-73.7835,40.58876],[-73.78289,40.589],[-73.78179,40.58925],[-73.78142,40.58927],[-73.78043,40.5896],[-73.77986,40.58965],[-73.77919,40.58959],[-73.77761,40.59006],[-73.77662,40.59007],[-73.77592,40.59031],[-73.7758,40.59019],[-73.77442,40.59028],[-73.77404,40.59039],[-73.77252,40.59045],[-73.77142,40.59059],[-73.77083,40.59055],[-73.76965,40.59077],[-73.76976,40.59149],[-73.77023,40.59398],[-73.77133,40.59344],[-73.7727,40.59313],[-73.77281,40.59407],[-73.77367,40.59389],[-73.77388,40.59577],[-73.77233,40.59582],[-73.77066,40.596],[-73.77109,40.59801],[-73.7711,40.5983]]]}},{"type":"Feature","properties":{"id":"QN1403","name":"Breezy Point","borough":"Queens"},"geometry":{"type":"MultiPolygon","coordinates":[[[[-73.88346,40.56848],[-73.88358,40.56821],[-73.88446,40.56789],[-73.8849,40.5685],[-73.88553,40.56858],[-73.88655,40.56847],[-73.88748,40.56813],[-73.88796,40.56802],[-73.8884,40.56808],[-73.88879,40.56793],[-73.88959,40.56794],[-73.89029,40.56817],[-73.89076,40.56822],[-73.89173,40.56846],[-73.89261,40.56859],[-73.89314,40.5684],[-73.89413,40.56782],[-73.89505,40.56719],[-73.89519,40.56691],[-73.89549,40.56687],[-73.89534,40.56633],[-73.89581,40.56562],[-73.89613,40.56536],[-73.89969,40.56338],[-73.90034,40.56307],[-73.90161,40.56275],[-73.9021,40.56276],[-73.90271,40.56312],[-73.90287,40.56352],[-73.90371,40.56311],[-73.90449,40.56287],[-73.90552,40.56271],[-73.90628,40.5627],[-73.90688,40.56287],[-73.90745,40.56326],[-73.90807,40.56354],[-73.90809,40.56403],[-73.90873,40.56393],[-73.90928,40.564],[-73.90976,40.56428],[-73.91,40.56484],[-73.91033,40.56502],[-73.91145,40.5651],[-73.9122,40.56505],[-73.91313,40.56464],[-73.91387,40.56461],[-73.91519,40.56409],[-73.9168,40.56318],[-73.91766,40.56283],[-73.9191,40.56247],[-73.92108,40.56208],[-73.92329,40.56209],[-73.92422,40.562],[-73.9253,40.56181],[-73.92616,40.56155],[-73.92758,40.56055],[-73.92878,40.55993],[-73.93178,40.5579],[-73.93222,40.55768],[-73.93167,40.55685],[-73.93119,40.55701],[-73.93042,40.55558],[-73.93056,40.55552],[-73.92982,40.55407],[-73.92966,40.55412],[-73.9291,40.55309],[-73.92826,40.55337],[-73.92734,40.55351],[-73.92644,40.55386],[-73.92375,40.5547],[-73.92207,40.55515],[-73.92099,40.55628],[-73.91787,40.55631],[-73.9136,40.55647],[-73.91317,40.55634],[-73.90989,40.55667],[-73.9099,40.55712],[-73.91008,40.55732],[-73.90995,40.5605],[-73.91009,40.56077],[-73.90856,40.56075],[-73.90724,40.56094],[-73.90333,40.56185],[-73.89435,40.56435],[-73.88691,40.56643],[-73.88583,40.56672],[-73.88318,40.56749],[-73.88276,40.56757],[-73.88313,40.56838],[-73.88346,40.56848]]],[[[-73.82134,40.58126],[-73.82154,40.58167],[-73.82192,40.5821],[-73.82301,40.58383],[-73.82345,40.58471],[-73.82404,40.58563],[-73.82466,40.58545],[-73.82525,40.5869],[-73.82784,40.58614],[-73.82828,40.58571],[-73.82852,40.58485],[-73.83123,40.58416],[-73.83123,40.58412],[-73.83584,40.58288],[-73.83868,40.58269],[-73.83896,40.58257],[-73.83907,40.58222],[-73.83936,40.58186],[-73.84225,40.58171],[-73.84521,40.58158],[-73.84861,40.58219],[-73.85045,40.58213],[-73.85306,40.58126],[-73.86289,40.57606],[-73.86275,40.57586],[-73.86341,40.57532],[-73.86397,40.57503],[-73.86335,40.57402],[-73.86361,40.57382],[-73.86449,40.57354],[-73.86457,40.57369],[-73.86669,40.57299],[-73.86447,40.56914],[-73.86407,40.5693],[-73.86309,40.5676],[-73.86287,40.56683],[-73.86255,40.56681],[-73.86203,40.56711],[-73.86004,40.568],[-73.85827,40.56862],[-73.85698,40.56919],[-73.85506,40.56981],[-73.85423,40.57014],[-73.8522,40.57075],[-73.85154,40.57106],[-73.84995,40.57159],[-73.84907,40.57195],[-73.84777,40.57241],[-73.84616,40.57304],[-73.84527,40.57333],[-73.84378,40.57389],[-73.84138,40.57472],[-73.83843,40.5757],[-73.83606,40.57673],[-73.83456,40.57732],[-73.83387,40.57765],[-73.83163,40.57837],[-73.8309,40.5785],[-73.83017,40.57875],[-73.82957,40.57878],[-73.82878,40.57904],[-73.82717,40.57944],[-73.82671,40.57966],[-73.82517,40.58007],[-73.82229,40.5811],[-73.82134,40.58126]]],[[[-73.82017,40.61518],[-73.82076,40.61523],[-73.82142,40.61506],[-73.82235,40.61426],[-73.82399,40.61252],[-73.82411,40.61233],[-73.82395,40.61186],[-73.82401,40.61163],[-73.82319,40.61094],[-73.82289,40.61034],[-73.82209,40.61016],[-73.82186,40.60987],[-73.82167,40.60923],[-73.82183,40.60897],[-73.82162,40.60848],[-73.82138,40.60855],[-73.82114,40.60906],[-73.82086,40.60923],[-73.82049,40.61022],[-73.82055,40.61043],[-73.8212,40.6109],[-73.82126,40.61131],[-73.82099,40.61169],[-73.82108,40.6119],[-73.82088,40.61226],[-73.82058,40.61223],[-73.82045,40.61186],[-73.81962,40.61048],[-73.81998,40.60956],[-73.82003,40.60892],[-73.8209,40.60778],[-73.82127,40.607],[-73.82168,40.60682],[-73.82212,40.60647],[-73.82236,40.60647],[-73.82291,40.60585],[-73.82247,40.60553],[-73.82253,40.60524],[-73.82291,40.60469],[-73.82278,40.60453],[-73.82294,40.60258],[-73.82307,40.60234],[-73.82362,40.60228],[-73.8235,40.60177],[-73.82399,40.601],[-73.82445,40.6008],[-73.82444,40.60034],[-73.82172,40.60012],[-73.82194,40.5998],[-73.82236,40.59992],[-73.82301,40.59992],[-73.82377,40.60004],[-73.82379,40.59985],[-73.82422,40.59908],[-73.82396,40.59888],[-73.82427,40.59836],[-73.82474,40.59813],[-73.82551,40.59849],[-73.82591,40.59911],[-73.82602,40.59947],[-73.82689,40.5987],[-73.82722,40.59833],[-73.82784,40.598],[-73.82806,40.59768],[-73.82833,40.59764],[-73.8291,40.59776],[-73.82948,40.59813],[-73.82986,40.59787],[-73.83027,40.5978],[-73.83076,40.59744],[-73.83108,40.59779],[-73.83154,40.59795],[-73.83239,40.5978],[-73.83251,40.59757],[-73.83336,40.59724],[-73.83349,40.59692],[-73.8342,40.59666],[-73.83484,40.59555],[-73.83472,40.59505],[-73.83425,40.59466],[-73.83373,40.59436],[-73.83322,40.59422],[-73.83131,40.59448],[-73.83048,40.5945],[-73.82921,40.59466],[-73.82888,40.59481],[-73.82837,40.5947],[-73.8277,40.59482],[-73.82725,40.59477],[-73.82612,40.59503],[-73.82548,40.59508],[-73.82413,40.59463],[-73.82317,40.59461],[-73.82231,40.59474],[-73.8212,40.59471],[-73.82093,40.59511],[-73.82067,40.5952],[-73.82044,40.59575],[-73.82053,40.5962],[-73.82015,40.59687],[-73.81928,40.59753],[-73.81849,40.59939],[-73.81831,40.60134],[-73.81772,40.60223],[-73.81725,40.60394],[-73.81739,40.60516],[-73.81643,40.60522],[-73.81589,40.60603],[-73.81601,40.60619],[-73.81562,40.6067],[-73.8152,40.60709],[-73.81497,40.60764],[-73.81476,40.60846],[-73.8152,40.60982],[-73.8145,40.61074],[-73.81504,40.61072],[-73.8154,40.61038],[-73.8156,40.61067],[-73.81563,40.6112],[-73.81582,40.6116],[-73.81586,40.61202],[-73.81615,40.61294],[-73.81547,40.61334],[-73.81504,40.61298],[-73.81479,40.61319],[-73.815,40.61358],[-73.81549,40.61404],[-73.81504,40.6143],[-73.81468,40.61397],[-73.81417,40.61429],[-73.81408,40.61456],[-73.81444,40.61475],[-73.81472,40.6145],[-73.81555,40.61431],[-73.81643,40.61428],[-73.81659,40.61467],[-73.8175,40.61421],[-73.82017,40.61518]]]]}},{"type":"Feature","properties":{"id":"SI0101","name":"St. George","borough":"Staten Island"},"geometry":{"type":"Polygon","coordinates":[[[-74.07258,40.63794],[-74.07258,40.63826],[-74.07293,40.63837],[-74.07309,40.63862],[-74.07308,40.64051],[-74.07285,40.6408],[-74.06999,40.64107],[-74.07002,40.64128],[-74.07181,40.64112],[-74.07196,40.641],[-74.07289,40.64092],[-74.07309,40.64164],[-74.07019,40.64201],[-74.07025,40.64221],[-74.07314,40.64185],[-74.07324,40.64218],[-74.07033,40.64253],[-74.07038,40.64269],[-74.07211,40.64246],[-74.07219,40.64272],[-74.07148,40.64281],[-74.07165,40.64378],[-74.07216,40.64458],[-74.07258,40.64462],[-74.0728,40.64491],[-74.07359,40.645],[-74.07396,40.64519],[-74.07445,40.64507],[-74.07599,40.64655],[-74.07651,40.64697],[-74.07709,40.6472],[-74.079,40.64814],[-74.07981,40.64838],[-74.08052,40.64825],[-74.08142,40.6485],[-74.08213,40.64828],[-74.08256,40.64831],[-74.0839,40.64858],[-74.08476,40.64888],[-74.08571,40.64888],[-74.08768,40.64823],[-74.0894,40.64731],[-74.08992,40.64718],[-74.09136,40.6467],[-74.09363,40.64584],[-74.09469,40.64555],[-74.09604,40.64537],[-74.0985,40.64537],[-74.0988,40.64505],[-74.10013,40.64506],[-74.10073,40.64501],[-74.1009,40.64477],[-74.09972,40.64476],[-74.09957,40.64316],[-74.10039,40.64312],[-74.0999,40.64016],[-74.09788,40.64036],[-74.09767,40.63896],[-74.09638,40.63904],[-74.09409,40.63927],[-74.09387,40.63803],[-74.09339,40.6366],[-74.09244,40.6356],[-74.0907,40.63546],[-74.0897,40.63568],[-74.08916,40.63616],[-74.0887,40.63684],[-74.0869,40.63586],[-74.08588,40.63669],[-74.08373,40.63574],[-74.08178,40.63662],[-74.07903,40.63819],[-74.07855,40.63829],[-74.07684,40.63775],[-74.07487,40.63779],[-74.07258,40.63794]]]}},{"type":"Feature","properties":{"id":"SI0102","name":"Tompkinsville","borough":"Staten Island"},"geometry":{"type":"Polygon","coordinates":[[[-74.07258,40.63794],[-74.07487,40.63779],[-74.07684,40.63775],[-74.07855,40.63829],[-74.07903,40.63819],[-74.08178,40.63662],[-74.08373,40.63574],[-74.08444,40.63541],[-74.08575,40.63395],[-74.08491,40.63364],[-74.08344,40.63228],[-74.0814,40.6303],[-74.08173,40.63001],[-74.07973,40.62895],[-74.08038,40.62826],[-74.08084,40.62738],[-74.08165,40.62735],[-74.08261,40.62744],[-74.08299,40.62735],[-74.08345,40.62706],[-74.08393,40.62661],[-74.08415,40.62627],[-74.08496,40.62463],[-74.08525,40.6228],[-74.08561,40.6211],[-74.0859,40.61991],[-74.08615,40.61817],[-74.08657,40.61717],[-74.08783,40.61532],[-74.08783,40.61509],[-74.08743,40.61442],[-74.08721,40.61331],[-74.08628,40.61397],[-74.08465,40.61521],[-74.08379,40.61581],[-74.0811,40.61779],[-74.07832,40.61556],[-74.07631,40.61657],[-74.07488,40.61742],[-74.07455,40.61694],[-74.07374,40.61764],[-74.07274,40.6182],[-74.07183,40.6189],[-74.07131,40.61961],[-74.07115,40.62017],[-74.07116,40.6207],[-74.07293,40.62297],[-74.07423,40.62422],[-74.07565,40.62666],[-74.07353,40.62686],[-74.07303,40.62711],[-74.0723,40.62714],[-74.07251,40.62777],[-74.07291,40.62999],[-74.06813,40.62854],[-74.06802,40.62879],[-74.07299,40.63031],[-74.07333,40.63206],[-74.07291,40.63364],[-74.07304,40.6348],[-74.07354,40.63764],[-74.07348,40.63779],[-74.07258,40.63794]]]}},{"type":"Feature","properties":{"id":"SI0103","name":"Rosebank","borough":"Staten Island"},"geometry":{"type":"Polygon","coordinates":[[[-74.06398,40.60214],[-74.0643,40.60309],[-74.06517,40.60421],[-74.06043,40.60635],[-74.05677,40.6079],[-74.05716,40.60874],[-74.05776,40.60933],[-74.05832,40.60977],[-74.05909,40.61064],[-74.05892,40.61105],[-74.05945,40.61168],[-74.06034,40.6119],[-74.0606,40.61225],[-74.06065,40.61281],[-74.06144,40.61438],[-74.06288,40.61574],[-74.06356,40.61644],[-74.06376,40.6168],[-74.06432,40.61699],[-74.0651,40.61751],[-74.06496,40.61777],[-74.06546,40.61811],[-74.0657,40.61796],[-74.06605,40.6182],[-74.06641,40.61787],[-74.06668,40.61807],[-74.06545,40.6192],[-74.06557,40.61927],[-74.0662,40.61872],[-74.07006,40.62151],[-74.07072,40.62258],[-74.07099,40.62271],[-74.07225,40.62461],[-74.0727,40.62687],[-74.07353,40.62686],[-74.07565,40.62666],[-74.07423,40.62422],[-74.07293,40.62297],[-74.07116,40.6207],[-74.07115,40.62017],[-74.07131,40.61961],[-74.07183,40.6189],[-74.07274,40.6182],[-74.07374,40.61764],[-74.07455,40.61694],[-74.07488,40.61742],[-74.07631,40.61657],[-74.07832,40.61556],[-74.0811,40.61779],[-74.08379,40.61581],[-74.08465,40.61521],[-74.08628,40.61397],[-74.08721,40.61331],[-74.08749,40.61293],[-74.089,40.61066],[-74.08959,40.60985],[-74.09056,40.609],[-74.08646,40.60729],[-74.0851,40.6068],[-74.08371,40.60644],[-74.08253,40.60625],[-74.08026,40.60611],[-74.07873,40.6061],[-74.07659,40.606],[-74.07481,40.60578],[-74.07339,40.60545],[-74.07179,40.60493],[-74.06761,40.60333],[-74.06539,40.60254],[-74.06398,40.60214]]]}},{"type":"Feature","properties":{"id":"SI0104","name":"West New Brighton","borough":"Staten Island"},"geometry":{"type":"Polygon","coordinates":[[[-74.0999,40.64016],[-74.10481,40.63898],[-74.10542,40.6389],[-74.10654,40.64424],[-74.10716,40.6442],[-74.10751,40.64489],[-74.1078,40.64523],[-74.10465,40.6453],[-74.10472,40.64556],[-74.10824,40.64556],[-74.10887,40.64558],[-74.10974,40.64546],[-74.11092,40.64508],[-74.11173,40.64466],[-74.11333,40.64372],[-74.11366,40.64369],[-74.11512,40.64279],[-74.11535,40.64247],[-74.11614,40.64222],[-74.11631,40.64228],[-74.1177,40.64155],[-74.11779,40.64178],[-74.11821,40.64175],[-74.1184,40.64153],[-74.11953,40.64147],[-74.11993,40.6412],[-74.12071,40.64105],[-74.11807,40.6413],[-74.11799,40.64057],[-74.11769,40.63943],[-74.11766,40.63806],[-74.11755,40.63695],[-74.12063,40.63657],[-74.12024,40.6343],[-74.1172,40.63457],[-74.11684,40.63267],[-74.12168,40.63209],[-74.12489,40.63173],[-74.12322,40.62925],[-74.12303,40.62901],[-74.12126,40.62782],[-74.12013,40.62653],[-74.11807,40.625],[-74.11733,40.62464],[-74.11542,40.62391],[-74.11326,40.62305],[-74.11153,40.6216],[-74.11094,40.6212],[-74.11002,40.62069],[-74.10609,40.61899],[-74.10519,40.61828],[-74.10351,40.61641],[-74.10209,40.6146],[-74.10055,40.61346],[-74.09935,40.61242],[-74.09847,40.61135],[-74.09766,40.61051],[-74.09662,40.61054],[-74.09545,40.6105],[-74.09434,40.61033],[-74.09359,40.61016],[-74.09257,40.60983],[-74.09056,40.609],[-74.08959,40.60985],[-74.089,40.61066],[-74.08749,40.61293],[-74.08721,40.61331],[-74.08743,40.61442],[-74.08783,40.61509],[-74.08783,40.61532],[-74.08657,40.61717],[-74.08615,40.61817],[-74.0859,40.61991],[-74.08561,40.6211],[-74.08525,40.6228],[-74.08496,40.62463],[-74.08415,40.62627],[-74.08393,40.62661],[-74.08345,40.62706],[-74.08299,40.62735],[-74.08261,40.62744],[-74.08165,40.62735],[-74.08084,40.62738],[-74.08038,40.62826],[-74.07973,40.62895],[-74.08173,40.63001],[-74.0814,40.6303],[-74.08344,40.63228],[-74.08491,40.63364],[-74.08575,40.63395],[-74.08444,40.63541],[-74.08373,40.63574],[-74.08588,40.63669],[-74.0869,40.63586],[-74.0887,40.63684],[-74.08916,40.63616],[-74.0897,40.63568],[-74.0907,40.63546],[-74.09244,40.6356],[-74.09339,40.6366],[-74.09387,40.63803],[-74.09409,40.63927],[-74.09638,40.63904],[-74.09767,40.63896],[-74.09788,40.64036],[-74.0999,40.64016]]]}},{"type":"Feature","properties":{"id":"SI0105","name":"Westerleigh","borough":"Staten Island"},"geometry":{"type":"Polygon","coordinates":[[[-74.12126,40.62782],[-74.12216,40.62748],[-74.12513,40.6271],[-74.1307,40.62634],[-74.13131,40.62633],[-74.13069,40.62834],[-74.13014,40.62997],[-74.13047,40.63088],[-74.13107,40.63115],[-74.13162,40.63058],[-74.13344,40.62908],[-74.13408,40.62954],[-74.13586,40.62806],[-74.13674,40.62866],[-74.13806,40.62757],[-74.13789,40.62745],[-74.13806,40.62707],[-74.13581,40.62506],[-74.137,40.62435],[-74.13764,40.62422],[-74.13826,40.62424],[-74.14128,40.62459],[-74.14402,40.62499],[-74.14611,40.62493],[-74.14652,40.62391],[-74.14712,40.62286],[-74.14816,40.62147],[-74.15144,40.61813],[-74.15199,40.61748],[-74.15246,40.61654],[-74.15317,40.61423],[-74.15369,40.61235],[-74.15309,40.61191],[-74.15052,40.60991],[-74.14944,40.60921],[-74.14816,40.60859],[-74.14723,40.60826],[-74.14625,40.608],[-74.14531,40.60782],[-74.14355,40.60768],[-74.14275,40.6077],[-74.13985,40.60787],[-74.13475,40.60814],[-74.13095,40.60832],[-74.12876,40.6085],[-74.12699,40.60872],[-74.12485,40.60908],[-74.12304,40.60949],[-74.12138,40.60991],[-74.12133,40.60967],[-74.11973,40.6101],[-74.11829,40.61057],[-74.11632,40.61102],[-74.11564,40.6111],[-74.11419,40.61108],[-74.11304,40.61095],[-74.1107,40.61036],[-74.10981,40.61019],[-74.10899,40.61012],[-74.10717,40.61012],[-74.10523,40.61017],[-74.10337,40.6103],[-74.09766,40.61051],[-74.09847,40.61135],[-74.09935,40.61242],[-74.10055,40.61346],[-74.10209,40.6146],[-74.10351,40.61641],[-74.10519,40.61828],[-74.10609,40.61899],[-74.11002,40.62069],[-74.11094,40.6212],[-74.11153,40.6216],[-74.11326,40.62305],[-74.11542,40.62391],[-74.11733,40.62464],[-74.11807,40.625],[-74.12013,40.62653],[-74.12126,40.62782]]]}},{"type":"Feature","properties":{"id":"SI0106","name":"Port Richmond","borough":"Staten Island"},"geometry":{"type":"Polygon","coordinates":[[[-74.12071,40.64105],[-74.12145,40.6415],[-74.12278,40.64134],[-74.12286,40.64082],[-74.12341,40.64059],[-74.12364,40.64034],[-74.12416,40.64014],[-74.12469,40.64024],[-74.12546,40.64015],[-74.12634,40.64038],[-74.12753,40.64016],[-74.12813,40.64025],[-74.12881,40.64023],[-74.12892,40.6405],[-74.12931,40.64034],[-74.12998,40.64073],[-74.12949,40.64136],[-74.12968,40.64139],[-74.13018,40.64072],[-74.13108,40.64103],[-74.13146,40.64131],[-74.13126,40.6416],[-74.1324,40.6417],[-74.13282,40.64142],[-74.13323,40.64146],[-74.1335,40.64172],[-74.1343,40.64175],[-74.13435,40.64188],[-74.13737,40.64129],[-74.13757,40.641],[-74.13918,40.64085],[-74.14076,40.64059],[-74.14119,40.64039],[-74.1423,40.6403],[-74.14232,40.63979],[-74.14258,40.63953],[-74.14313,40.63968],[-74.1436,40.63851],[-74.14478,40.63796],[-74.14555,40.63543],[-74.14683,40.63138],[-74.14752,40.62939],[-74.14636,40.62916],[-74.14607,40.62875],[-74.14593,40.62783],[-74.14544,40.62789],[-74.1455,40.62692],[-74.14567,40.62624],[-74.14611,40.62493],[-74.14402,40.62499],[-74.14128,40.62459],[-74.13826,40.62424],[-74.13764,40.62422],[-74.137,40.62435],[-74.13581,40.62506],[-74.13806,40.62707],[-74.13789,40.62745],[-74.13806,40.62757],[-74.13674,40.62866],[-74.13586,40.62806],[-74.13408,40.62954],[-74.13344,40.62908],[-74.13162,40.63058],[-74.13107,40.63115],[-74.13047,40.63088],[-74.13014,40.62997],[-74.13069,40.62834],[-74.13131,40.62633],[-74.1307,40.62634],[-74.12513,40.6271],[-74.12216,40.62748],[-74.12126,40.62782],[-74.12303,40.62901],[-74.12322,40.62925],[-74.12489,40.63173],[-74.12168,40.63209],[-74.11684,40.63267],[-74.1172,40.63457],[-74.12024,40.6343],[-74.12063,40.63657],[-74.11755,40.63695],[-74.11766,40.63806],[-74.11769,40.63943],[-74.11799,40.64057],[-74.11807,40.6413],[-74.12071,40.64105]]]}},{"type":"Feature","properties":{"id":"SI0107","name":"Mariner's Harbor","borough":"Staten Island"},"geometry":{"type":"MultiPolygon","coordinates":[[[[-74.15946,40.64145],[-74.15881,40.64176],[-74.15859,40.64246],[-74.1582,40.64259],[-74.15801,40.64303],[-74.15756,40.64324],[-74.1581,40.64376],[-74.16154,40.64416],[-74.16111,40.64183],[-74.16015,40.64149],[-74.15946,40.64145]]],[[[-74.14313,40.63968],[-74.14336,40.63971],[-74.14383,40.63889],[-74.14519,40.63938],[-74.14606,40.63923],[-74.14602,40.6391],[-74.1475,40.63891],[-74.14761,40.63904],[-74.14878,40.63888],[-74.1492,40.63867],[-74.14942,40.63829],[-74.14945,40.63788],[-74.14931,40.63753],[-74.14968,40.63752],[-74.1498,40.63789],[-74.15011,40.63827],[-74.15056,40.63856],[-74.15113,40.6385],[-74.15125,40.63941],[-74.1514,40.6394],[-74.1512,40.63773],[-74.1527,40.63764],[-74.1527,40.63719],[-74.15327,40.63727],[-74.15425,40.63717],[-74.1546,40.63734],[-74.15478,40.63772],[-74.15559,40.63773],[-74.1557,40.63752],[-74.15611,40.63753],[-74.15637,40.6379],[-74.15789,40.63796],[-74.15815,40.63811],[-74.15894,40.63827],[-74.15916,40.63785],[-74.15957,40.63799],[-74.15964,40.63841],[-74.15986,40.63873],[-74.16021,40.63861],[-74.15986,40.63993],[-74.15995,40.63994],[-74.16035,40.63845],[-74.16108,40.63857],[-74.16074,40.63935],[-74.1609,40.63939],[-74.16124,40.6386],[-74.16166,40.63866],[-74.1613,40.63939],[-74.16145,40.63943],[-74.16182,40.63865],[-74.16229,40.63876],[-74.16167,40.64061],[-74.16244,40.64093],[-74.16325,40.64096],[-74.16345,40.63986],[-74.16405,40.63995],[-74.16386,40.64105],[-74.164,40.64107],[-74.16424,40.64011],[-74.1646,40.64032],[-74.16441,40.6414],[-74.16457,40.64142],[-74.16474,40.64039],[-74.16519,40.64064],[-74.16494,40.64221],[-74.16544,40.64228],[-74.16564,40.64121],[-74.16632,40.64144],[-74.1661,40.6424],[-74.16621,40.64243],[-74.16648,40.64144],[-74.16758,40.64184],[-74.16774,40.64173],[-74.16824,40.64194],[-74.16906,40.64213],[-74.16915,40.64187],[-74.17008,40.64209],[-74.17029,40.64178],[-74.17148,40.64173],[-74.17186,40.64253],[-74.17134,40.64285],[-74.17175,40.64309],[-74.17196,40.64286],[-74.17254,40.64289],[-74.17245,40.64342],[-74.17285,40.64345],[-74.17303,40.64371],[-74.17294,40.6442],[-74.17415,40.64508],[-74.17455,40.64502],[-74.17495,40.64515],[-74.1753,40.64508],[-74.17546,40.64464],[-74.17571,40.64457],[-74.17548,40.64394],[-74.17553,40.64337],[-74.1759,40.64345],[-74.17659,40.64343],[-74.17673,40.64297],[-74.17727,40.6431],[-74.17764,40.64298],[-74.1778,40.64261],[-74.17878,40.64249],[-74.17902,40.64293],[-74.17941,40.64311],[-74.17904,40.64339],[-74.1791,40.64488],[-74.17934,40.64472],[-74.17933,40.6444],[-74.18048,40.64428],[-74.18079,40.64458],[-74.18167,40.64471],[-74.18298,40.6448],[-74.18366,40.64462],[-74.1838,40.64443],[-74.18338,40.64352],[-74.1835,40.64296],[-74.18415,40.64357],[-74.18443,40.64365],[-74.18477,40.64404],[-74.18512,40.64381],[-74.18558,40.6438],[-74.18591,40.64363],[-74.18623,40.64319],[-74.18653,40.64339],[-74.19323,40.63796],[-74.19397,40.63731],[-74.1945,40.63742],[-74.19454,40.63707],[-74.19442,40.63658],[-74.19523,40.63563],[-74.19518,40.63544],[-74.19558,40.635],[-74.19588,40.63507],[-74.1962,40.63469],[-74.19189,40.63237],[-74.19089,40.63185],[-74.18834,40.63064],[-74.18676,40.62997],[-74.18658,40.63017],[-74.18507,40.62951],[-74.18359,40.6288],[-74.1818,40.62785],[-74.17929,40.62637],[-74.17767,40.62507],[-74.17573,40.62323],[-74.17466,40.62251],[-74.17365,40.62207],[-74.17266,40.62176],[-74.17172,40.6216],[-74.16986,40.62139],[-74.1685,40.62116],[-74.16747,40.62081],[-74.1648,40.61966],[-74.16313,40.61885],[-74.16184,40.61816],[-74.16082,40.61755],[-74.15898,40.61637],[-74.15731,40.61517],[-74.15527,40.61356],[-74.15369,40.61235],[-74.15317,40.61423],[-74.15246,40.61654],[-74.15199,40.61748],[-74.15144,40.61813],[-74.14816,40.62147],[-74.14712,40.62286],[-74.14652,40.62391],[-74.14611,40.62493],[-74.14567,40.62624],[-74.1455,40.62692],[-74.14544,40.62789],[-74.14593,40.62783],[-74.14607,40.62875],[-74.14636,40.62916],[-74.14752,40.62939],[-74.14683,40.63138],[-74.14555,40.63543],[-74.14478,40.63796],[-74.1436,40.63851],[-74.14313,40.63968]]]]}},{"type":"Feature","properties":{"id":"SI0201","name":"Grasmere","borough":"Staten Island"},"geometry":{"type":"Polygon","coordinates":[[[-74.06398,40.60214],[-74.06539,40.60254],[-74.06761,40.60333],[-74.07179,40.60493],[-74.07339,40.60545],[-74.07481,40.60578],[-74.07659,40.606],[-74.07873,40.6061],[-74.08026,40.60611],[-74.08253,40.60625],[-74.08371,40.60644],[-74.0851,40.6068],[-74.08646,40.60729],[-74.09056,40.609],[-74.09141,40.60823],[-74.0916,40.60788],[-74.0924,40.60707],[-74.09272,40.60636],[-74.09244,40.60412],[-74.09282,40.60181],[-74.09284,40.60109],[-74.09245,40.6006],[-74.09197,40.59982],[-74.09172,40.59922],[-74.09178,40.59872],[-74.09272,40.59747],[-74.09375,40.59674],[-74.09428,40.59645],[-74.0949,40.5963],[-74.09633,40.59577],[-74.09722,40.59536],[-74.09979,40.59387],[-74.10041,40.59335],[-74.10083,40.59266],[-74.10097,40.59214],[-74.10088,40.59018],[-74.10149,40.58935],[-74.10208,40.58874],[-74.10455,40.5865],[-74.10526,40.58592],[-74.10279,40.58423],[-74.10062,40.58271],[-74.09844,40.58124],[-74.09341,40.58524],[-74.09262,40.58594],[-74.08912,40.58414],[-74.0885,40.58479],[-74.08654,40.58373],[-74.08107,40.58095],[-74.07785,40.57928],[-74.07601,40.57824],[-74.0758,40.57831],[-74.07508,40.57916],[-74.07335,40.58068],[-74.07178,40.58188],[-74.07146,40.58203],[-74.07145,40.58243],[-74.07096,40.58318],[-74.07021,40.58398],[-74.06722,40.58673],[-74.06594,40.58761],[-74.06478,40.58849],[-74.06504,40.58899],[-74.06215,40.59203],[-74.06055,40.59338],[-74.05977,40.59383],[-74.06056,40.59491],[-74.06206,40.59685],[-74.06376,40.59893],[-74.06109,40.59981],[-74.06196,40.60124],[-74.06398,40.60214]]]}},{"type":"Feature","properties":{"id":"SI0202","name":"New Dorp","borough":"Staten Island"},"geometry":{"type":"Polygon","coordinates":[[[-74.07601,40.57824],[-74.07785,40.57928],[-74.08107,40.58095],[-74.08654,40.58373],[-74.0885,40.58479],[-74.08912,40.58414],[-74.09262,40.58594],[-74.09341,40.58524],[-74.09844,40.58124],[-74.10062,40.58271],[-74.10279,40.58423],[-74.10526,40.58592],[-74.10791,40.58368],[-74.10925,40.58268],[-74.10974,40.58241],[-74.11128,40.58179],[-74.11307,40.58077],[-74.11367,40.58031],[-74.11423,40.57973],[-74.11542,40.57863],[-74.11602,40.57836],[-74.11702,40.57821],[-74.11732,40.57798],[-74.11849,40.57663],[-74.11911,40.57616],[-74.11978,40.57582],[-74.12154,40.57515],[-74.12186,40.57465],[-74.12183,40.57422],[-74.12139,40.57298],[-74.12134,40.57252],[-74.12144,40.57178],[-74.12217,40.57094],[-74.1231,40.57017],[-74.1249,40.56895],[-74.12309,40.56797],[-74.12167,40.56709],[-74.11876,40.56536],[-74.11636,40.56391],[-74.11376,40.5665],[-74.11014,40.56431],[-74.10558,40.56199],[-74.10413,40.56118],[-74.10345,40.56075],[-74.10174,40.5599],[-74.10009,40.55895],[-74.09987,40.55909],[-74.09933,40.5591],[-74.09877,40.55942],[-74.09829,40.55933],[-74.0982,40.55984],[-74.09804,40.55991],[-74.09742,40.56089],[-74.09703,40.56133],[-74.09662,40.56209],[-74.09612,40.56259],[-74.09567,40.56278],[-74.09543,40.56315],[-74.09511,40.56317],[-74.09407,40.56273],[-74.09895,40.56513],[-74.10209,40.56665],[-74.1066,40.56878],[-74.10874,40.56992],[-74.1075,40.57109],[-74.10638,40.57223],[-74.10604,40.57206],[-74.10524,40.57309],[-74.10471,40.574],[-74.10427,40.57381],[-74.10127,40.57228],[-74.10054,40.57188],[-74.09387,40.56841],[-74.09277,40.56794],[-74.09275,40.5681],[-74.09204,40.56889],[-74.08882,40.57233],[-74.08834,40.5727],[-74.08766,40.57301],[-74.08598,40.57224],[-74.08469,40.57148],[-74.0836,40.57237],[-74.083,40.57278],[-74.08091,40.57469],[-74.08018,40.57518],[-74.07926,40.57567],[-74.07878,40.57601],[-74.07738,40.57728],[-74.07694,40.57754],[-74.07601,40.57824]]]}},{"type":"Feature","properties":{"id":"SI0203","name":"Todt Hill","borough":"Staten Island"},"geometry":{"type":"Polygon","coordinates":[[[-74.09766,40.61051],[-74.10337,40.6103],[-74.10523,40.61017],[-74.10717,40.61012],[-74.10899,40.61012],[-74.10981,40.61019],[-74.1107,40.61036],[-74.11304,40.61095],[-74.11419,40.61108],[-74.11564,40.6111],[-74.11632,40.61102],[-74.11829,40.61057],[-74.11973,40.6101],[-74.12133,40.60967],[-74.12138,40.60991],[-74.12304,40.60949],[-74.12485,40.60908],[-74.12699,40.60872],[-74.12876,40.6085],[-74.13095,40.60832],[-74.13475,40.60814],[-74.13985,40.60787],[-74.14275,40.6077],[-74.14355,40.60768],[-74.14531,40.60782],[-74.14625,40.608],[-74.14723,40.60826],[-74.14751,40.60606],[-74.14726,40.60569],[-74.14648,40.60522],[-74.14411,40.60425],[-74.14303,40.60375],[-74.14203,40.60337],[-74.14046,40.60307],[-74.14027,40.60143],[-74.14002,40.5986],[-74.14076,40.59755],[-74.14272,40.5949],[-74.14454,40.59263],[-74.14542,40.59147],[-74.14551,40.5912],[-74.14583,40.58856],[-74.14604,40.58731],[-74.14632,40.58607],[-74.14762,40.58502],[-74.14727,40.58501],[-74.14943,40.58339],[-74.15099,40.58207],[-74.15135,40.58139],[-74.15231,40.58058],[-74.15253,40.58062],[-74.15316,40.58017],[-74.16035,40.57615],[-74.16417,40.57399],[-74.16779,40.572],[-74.16983,40.57083],[-74.16964,40.56892],[-74.16963,40.56764],[-74.16968,40.56647],[-74.16976,40.56289],[-74.16983,40.56109],[-74.16689,40.56047],[-74.16494,40.56011],[-74.16378,40.56032],[-74.16193,40.56111],[-74.16097,40.56146],[-74.15916,40.56193],[-74.15726,40.56255],[-74.15675,40.56289],[-74.15585,40.56378],[-74.1548,40.56538],[-74.15358,40.56625],[-74.15171,40.56789],[-74.15033,40.56891],[-74.14984,40.56936],[-74.1479,40.57089],[-74.14721,40.57053],[-74.14629,40.5705],[-74.14438,40.56971],[-74.14387,40.57061],[-74.14418,40.57204],[-74.14024,40.57253],[-74.13579,40.57305],[-74.1336,40.57332],[-74.13278,40.57348],[-74.12773,40.57521],[-74.12753,40.57537],[-74.12707,40.5764],[-74.12567,40.57598],[-74.12516,40.57588],[-74.12349,40.57581],[-74.12289,40.57564],[-74.12209,40.57513],[-74.12154,40.57515],[-74.11978,40.57582],[-74.11911,40.57616],[-74.11849,40.57663],[-74.11732,40.57798],[-74.11702,40.57821],[-74.11602,40.57836],[-74.11542,40.57863],[-74.11423,40.57973],[-74.11367,40.58031],[-74.11307,40.58077],[-74.11128,40.58179],[-74.10974,40.58241],[-74.10925,40.58268],[-74.10791,40.58368],[-74.10526,40.58592],[-74.10455,40.5865],[-74.10208,40.58874],[-74.10149,40.58935],[-74.10088,40.59018],[-74.10097,40.59214],[-74.10083,40.59266],[-74.10041,40.59335],[-74.09979,40.59387],[-74.09722,40.59536],[-74.09633,40.59577],[-74.0949,40.5963],[-74.09428,40.59645],[-74.09375,40.59674],[-74.09272,40.59747],[-74.09178,40.59872],[-74.09172,40.59922],[-74.09197,40.59982],[-74.09245,40.6006],[-74.09284,40.60109],[-74.09282,40.60181],[-74.09244,40.60412],[-74.09272,40.60636],[-74.0924,40.60707],[-74.0916,40.60788],[-74.09141,40.60823],[-74.09056,40.609],[-74.09257,40.60983],[-74.09359,40.61016],[-74.09434,40.61033],[-74.09545,40.6105],[-74.09662,40.61054],[-74.09766,40.61051]]]}},{"type":"Feature","properties":{"id":"SI0204","name":"New Springville","borough":"Staten Island"},"geometry":{"type":"Polygon","coordinates":[[[-74.15369,40.61235],[-74.15527,40.61356],[-74.15731,40.61517],[-74.15898,40.61637],[-74.16082,40.61755],[-74.16184,40.61816],[-74.16313,40.61885],[-74.1648,40.61966],[-74.16747,40.62081],[-74.1685,40.62116],[-74.16986,40.62139],[-74.17172,40.6216],[-74.17266,40.62176],[-74.17365,40.62207],[-74.17466,40.62251],[-74.17573,40.62323],[-74.17767,40.62507],[-74.17929,40.62637],[-74.1818,40.62785],[-74.18359,40.6288],[-74.18507,40.62951],[-74.18658,40.63017],[-74.18676,40.62997],[-74.18834,40.63064],[-74.19089,40.63185],[-74.19189,40.63237],[-74.1962,40.63469],[-74.19621,40.63424],[-74.1965,40.6339],[-74.19688,40.63376],[-74.19674,40.63345],[-74.19737,40.63299],[-74.1977,40.63306],[-74.19817,40.63271],[-74.19851,40.63278],[-74.19883,40.63257],[-74.20014,40.63148],[-74.20033,40.63077],[-74.20048,40.62966],[-74.20099,40.62934],[-74.20142,40.62607],[-74.20109,40.626],[-74.20098,40.6254],[-74.20114,40.62453],[-74.20108,40.62408],[-74.20158,40.6235],[-74.20163,40.62307],[-74.20123,40.62219],[-74.20129,40.62159],[-74.20085,40.62058],[-74.201,40.62039],[-74.20097,40.61977],[-74.20068,40.61917],[-74.20081,40.61877],[-74.20035,40.61834],[-74.20058,40.61798],[-74.20092,40.6178],[-74.20083,40.61709],[-74.20059,40.61703],[-74.20045,40.61633],[-74.20244,40.61329],[-74.2023,40.61188],[-74.20267,40.60983],[-74.20282,40.60827],[-74.20222,40.60597],[-74.20138,40.60464],[-74.20015,40.60368],[-74.19918,40.60236],[-74.19876,40.60171],[-74.19838,40.60086],[-74.1973,40.59806],[-74.1975,40.59773],[-74.19752,40.5968],[-74.19795,40.59647],[-74.1984,40.59579],[-74.19873,40.59501],[-74.19947,40.59434],[-74.19936,40.59409],[-74.20043,40.59284],[-74.20093,40.59287],[-74.20194,40.59182],[-74.2019,40.59139],[-74.20203,40.591],[-74.20247,40.59084],[-74.20388,40.58979],[-74.20441,40.58971],[-74.20464,40.58929],[-74.20413,40.58894],[-74.20426,40.5885],[-74.20455,40.58829],[-74.20426,40.58726],[-74.20421,40.58645],[-74.20444,40.58505],[-74.20436,40.58468],[-74.20461,40.58438],[-74.2044,40.58371],[-74.20471,40.5828],[-74.20497,40.58256],[-74.20513,40.58208],[-74.20507,40.58166],[-74.20544,40.58105],[-74.20574,40.58095],[-74.20599,40.58041],[-74.20603,40.57976],[-74.2054,40.57984],[-74.20441,40.58017],[-74.20295,40.5801],[-74.20058,40.57951],[-74.20049,40.57995],[-74.20017,40.58014],[-74.19997,40.58057],[-74.20008,40.58155],[-74.19965,40.58226],[-74.19803,40.58288],[-74.19599,40.58421],[-74.19423,40.58515],[-74.19333,40.58504],[-74.19253,40.58532],[-74.19233,40.58558],[-74.19132,40.58571],[-74.19077,40.58513],[-74.18907,40.58609],[-74.18788,40.58668],[-74.18653,40.58721],[-74.18539,40.5876],[-74.18475,40.58839],[-74.18468,40.58885],[-74.18482,40.58909],[-74.18538,40.58938],[-74.1865,40.58944],[-74.18465,40.59147],[-74.18292,40.59328],[-74.18255,40.59356],[-74.18208,40.59425],[-74.18053,40.59581],[-74.17954,40.59674],[-74.17823,40.59983],[-74.17583,40.60153],[-74.17492,40.60222],[-74.17256,40.60298],[-74.17206,40.60274],[-74.17121,40.6025],[-74.1672,40.60208],[-74.16829,40.59643],[-74.16886,40.59473],[-74.16758,40.5941],[-74.16695,40.59389],[-74.16563,40.59362],[-74.1636,40.59337],[-74.16342,40.59245],[-74.16579,40.59071],[-74.16759,40.58895],[-74.16793,40.58842],[-74.16842,40.58658],[-74.16909,40.58218],[-74.16968,40.57794],[-74.16995,40.57345],[-74.16994,40.57188],[-74.16983,40.57083],[-74.16779,40.572],[-74.16417,40.57399],[-74.16035,40.57615],[-74.15316,40.58017],[-74.15253,40.58062],[-74.15231,40.58058],[-74.15135,40.58139],[-74.15099,40.58207],[-74.14943,40.58339],[-74.14727,40.58501],[-74.14762,40.58502],[-74.14632,40.58607],[-74.14604,40.58731],[-74.14583,40.58856],[-74.14551,40.5912],[-74.14542,40.59147],[-74.14454,40.59263],[-74.14272,40.5949],[-74.14076,40.59755],[-74.14002,40.5986],[-74.14027,40.60143],[-74.14046,40.60307],[-74.14203,40.60337],[-74.14303,40.60375],[-74.14411,40.60425],[-74.14648,40.60522],[-74.14726,40.60569],[-74.14751,40.60606],[-74.14723,40.60826],[-74.14816,40.60859],[-74.14944,40.60921],[-74.15052,40.60991],[-74.15309,40.61191],[-74.15369,40.61235]]]}},{"type":"Feature","properties":{"id":"SI0301","name":"Oakwood","borough":"Staten Island"},"geometry":{"type":"Polygon","coordinates":[[[-74.12154,40.57515],[-74.12209,40.57513],[-74.12289,40.57564],[-74.12349,40.57581],[-74.12516,40.57588],[-74.12567,40.57598],[-74.12707,40.5764],[-74.12753,40.57537],[-74.12773,40.57521],[-74.13278,40.57348],[-74.1336,40.57332],[-74.13579,40.57305],[-74.14024,40.57253],[-74.14418,40.57204],[-74.14387,40.57061],[-74.14438,40.56971],[-74.14131,40.56843],[-74.13651,40.56617],[-74.1356,40.56566],[-74.1346,40.56527],[-74.1324,40.56476],[-74.13173,40.56454],[-74.13265,40.5635],[-74.13311,40.56287],[-74.13341,40.56213],[-74.13367,40.56184],[-74.13481,40.56083],[-74.1353,40.55943],[-74.13575,40.55885],[-74.1374,40.55802],[-74.13818,40.55759],[-74.13885,40.55695],[-74.13743,40.55582],[-74.13377,40.55281],[-74.13317,40.55235],[-74.13178,40.55349],[-74.13042,40.55444],[-74.1273,40.5573],[-74.12573,40.55633],[-74.1238,40.55509],[-74.11946,40.55222],[-74.11857,40.55147],[-74.11862,40.55112],[-74.11747,40.55004],[-74.11656,40.54913],[-74.11494,40.54959],[-74.11395,40.54873],[-74.11338,40.54807],[-74.11301,40.54778],[-74.11279,40.54788],[-74.11121,40.55019],[-74.11028,40.5515],[-74.10923,40.55261],[-74.10769,40.55398],[-74.10735,40.55415],[-74.10657,40.55419],[-74.10643,40.55385],[-74.10509,40.55313],[-74.10466,40.55412],[-74.10386,40.55512],[-74.1031,40.5559],[-74.10265,40.55613],[-74.10148,40.55553],[-74.10138,40.55569],[-74.10184,40.55595],[-74.10185,40.55622],[-74.10124,40.55766],[-74.1008,40.55832],[-74.10009,40.55895],[-74.10174,40.5599],[-74.10345,40.56075],[-74.10413,40.56118],[-74.10558,40.56199],[-74.11014,40.56431],[-74.11376,40.5665],[-74.11636,40.56391],[-74.11876,40.56536],[-74.12167,40.56709],[-74.12309,40.56797],[-74.1249,40.56895],[-74.1231,40.57017],[-74.12217,40.57094],[-74.12144,40.57178],[-74.12134,40.57252],[-74.12139,40.57298],[-74.12183,40.57422],[-74.12186,40.57465],[-74.12154,40.57515]]]}},{"type":"Feature","properties":{"id":"SI0302","name":"Great Kills","borough":"Staten Island"},"geometry":{"type":"Polygon","coordinates":[[[-74.14438,40.56971],[-74.14629,40.5705],[-74.14721,40.57053],[-74.1479,40.57089],[-74.14984,40.56936],[-74.15033,40.56891],[-74.15171,40.56789],[-74.15358,40.56625],[-74.1548,40.56538],[-74.15585,40.56378],[-74.15675,40.56289],[-74.15726,40.56255],[-74.15916,40.56193],[-74.16097,40.56146],[-74.16193,40.56111],[-74.16378,40.56032],[-74.16494,40.56011],[-74.16689,40.56047],[-74.16983,40.56109],[-74.1711,40.56128],[-74.17185,40.56152],[-74.17321,40.56008],[-74.17358,40.55953],[-74.17404,40.55817],[-74.17516,40.55635],[-74.17536,40.55622],[-74.17598,40.5551],[-74.17594,40.55491],[-74.17723,40.55248],[-74.17806,40.55086],[-74.1796,40.54806],[-74.18073,40.54668],[-74.1781,40.54536],[-74.17517,40.54377],[-74.17245,40.54257],[-74.17175,40.54223],[-74.16922,40.54112],[-74.16905,40.54097],[-74.16891,40.54046],[-74.16902,40.5401],[-74.16873,40.53953],[-74.16745,40.53772],[-74.16656,40.53653],[-74.16571,40.53531],[-74.16526,40.53475],[-74.16486,40.53411],[-74.16395,40.53293],[-74.15988,40.52737],[-74.1594,40.52743],[-74.1589,40.52794],[-74.1579,40.52853],[-74.15702,40.52898],[-74.15643,40.529],[-74.15599,40.52942],[-74.15493,40.53023],[-74.1545,40.53032],[-74.15431,40.53059],[-74.15246,40.53207],[-74.15185,40.53216],[-74.15176,40.5324],[-74.15112,40.53274],[-74.1507,40.53255],[-74.14972,40.53349],[-74.14978,40.53389],[-74.14922,40.53424],[-74.14794,40.53492],[-74.14702,40.53524],[-74.1467,40.53542],[-74.14619,40.53536],[-74.14602,40.53555],[-74.14543,40.53582],[-74.14474,40.5358],[-74.14456,40.53595],[-74.14428,40.53664],[-74.14383,40.53713],[-74.14305,40.53724],[-74.14173,40.53704],[-74.14158,40.53709],[-74.14239,40.53775],[-74.1422,40.53812],[-74.14177,40.53854],[-74.14234,40.53895],[-74.14174,40.53937],[-74.1419,40.54035],[-74.14248,40.54135],[-74.14218,40.54206],[-74.14167,40.54234],[-74.14013,40.54351],[-74.1403,40.54364],[-74.1387,40.54499],[-74.13874,40.54538],[-74.13795,40.546],[-74.13751,40.54558],[-74.13697,40.54598],[-74.13652,40.54591],[-74.13641,40.54625],[-74.13586,40.54645],[-74.13696,40.54698],[-74.13746,40.54731],[-74.13865,40.54848],[-74.13837,40.54866],[-74.13739,40.54959],[-74.13607,40.55043],[-74.13456,40.55126],[-74.13317,40.55235],[-74.13377,40.55281],[-74.13743,40.55582],[-74.13885,40.55695],[-74.13818,40.55759],[-74.1374,40.55802],[-74.13575,40.55885],[-74.1353,40.55943],[-74.13481,40.56083],[-74.13367,40.56184],[-74.13341,40.56213],[-74.13311,40.56287],[-74.13265,40.5635],[-74.13173,40.56454],[-74.1324,40.56476],[-74.1346,40.56527],[-74.1356,40.56566],[-74.13651,40.56617],[-74.14131,40.56843],[-74.14438,40.56971]]]}},{"type":"Feature","properties":{"id":"SI0303","name":"Arden Heights","borough":"Staten Island"},"geometry":{"type":"Polygon","coordinates":[[[-74.17185,40.56152],[-74.17346,40.56229],[-74.17489,40.56284],[-74.17659,40.56324],[-74.17795,40.56399],[-74.18181,40.56539],[-74.18241,40.56549],[-74.18363,40.56537],[-74.18421,40.56515],[-74.18525,40.56455],[-74.18728,40.56406],[-74.18948,40.56358],[-74.19012,40.5632],[-74.19066,40.56271],[-74.19133,40.56253],[-74.1919,40.56251],[-74.19259,40.56264],[-74.19318,40.56261],[-74.19386,40.56222],[-74.19769,40.55889],[-74.19947,40.55718],[-74.20018,40.55645],[-74.20092,40.556],[-74.20168,40.55587],[-74.20275,40.55597],[-74.20338,40.55613],[-74.20431,40.5569],[-74.20531,40.55737],[-74.20643,40.55757],[-74.207,40.55757],[-74.21051,40.55706],[-74.2122,40.55644],[-74.2135,40.55567],[-74.21492,40.55555],[-74.21751,40.55462],[-74.21788,40.55424],[-74.21791,40.55391],[-74.21778,40.55305],[-74.21878,40.55247],[-74.21931,40.55206],[-74.22107,40.55056],[-74.22132,40.55025],[-74.22109,40.54978],[-74.22064,40.54859],[-74.21929,40.54505],[-74.21888,40.54407],[-74.21801,40.54183],[-74.21779,40.54112],[-74.21475,40.5414],[-74.21228,40.54139],[-74.20797,40.54167],[-74.20699,40.54175],[-74.20524,40.54197],[-74.20349,40.54215],[-74.20218,40.54238],[-74.20024,40.54285],[-74.19833,40.54303],[-74.19731,40.54326],[-74.19586,40.54432],[-74.19514,40.54468],[-74.19183,40.54671],[-74.1893,40.54838],[-74.18859,40.54895],[-74.18757,40.55015],[-74.18435,40.54849],[-74.18073,40.54668],[-74.1796,40.54806],[-74.17806,40.55086],[-74.17723,40.55248],[-74.17594,40.55491],[-74.17598,40.5551],[-74.17536,40.55622],[-74.17516,40.55635],[-74.17404,40.55817],[-74.17358,40.55953],[-74.17321,40.56008],[-74.17185,40.56152]]]}},{"type":"Feature","properties":{"id":"SI0304","name":"Annadale","borough":"Staten Island"},"geometry":{"type":"Polygon","coordinates":[[[-74.18073,40.54668],[-74.18435,40.54849],[-74.18757,40.55015],[-74.18859,40.54895],[-74.1893,40.54838],[-74.19183,40.54671],[-74.19514,40.54468],[-74.19586,40.54432],[-74.19731,40.54326],[-74.19833,40.54303],[-74.20024,40.54285],[-74.20218,40.54238],[-74.20349,40.54215],[-74.20524,40.54197],[-74.20699,40.54175],[-74.20797,40.54167],[-74.21228,40.54139],[-74.21475,40.5414],[-74.21779,40.54112],[-74.21801,40.54183],[-74.21888,40.54407],[-74.21929,40.54505],[-74.22064,40.54859],[-74.22128,40.54772],[-74.22197,40.54664],[-74.22281,40.54502],[-74.2235,40.54341],[-74.22397,40.54187],[-74.22422,40.54079],[-74.22441,40.53954],[-74.22453,40.53828],[-74.22457,40.53702],[-74.22437,40.53493],[-74.22407,40.53211],[-74.22359,40.5268],[-74.2237,40.52499],[-74.22397,40.52333],[-74.22461,40.52326],[-74.22482,40.52299],[-74.22398,40.52287],[-74.22423,40.52199],[-74.225,40.52046],[-74.2238,40.51819],[-74.22513,40.5184],[-74.22568,40.51856],[-74.22622,40.51897],[-74.22672,40.51916],[-74.22658,40.51727],[-74.22322,40.50866],[-74.22292,40.50723],[-74.22319,40.50554],[-74.22312,40.50484],[-74.22208,40.50427],[-74.22211,40.50318],[-74.22184,40.50254],[-74.22064,40.50275],[-74.21968,40.50276],[-74.21902,40.503],[-74.21752,40.50339],[-74.21736,40.50364],[-74.21642,40.50469],[-74.21566,40.50562],[-74.21482,40.50626],[-74.21434,40.50652],[-74.21386,40.50661],[-74.21363,40.50644],[-74.21331,40.50684],[-74.2123,40.50765],[-74.21125,40.50896],[-74.21027,40.51028],[-74.20935,40.51104],[-74.20841,40.51156],[-74.20757,40.51186],[-74.20536,40.51231],[-74.20491,40.51228],[-74.20268,40.51274],[-74.20074,40.51304],[-74.19995,40.51293],[-74.19907,40.51308],[-74.19893,40.51278],[-74.1999,40.51272],[-74.20008,40.5125],[-74.19995,40.51191],[-74.19965,40.51141],[-74.19872,40.51125],[-74.19788,40.51081],[-74.19659,40.50995],[-74.19603,40.50985],[-74.19522,40.50998],[-74.1941,40.51064],[-74.19331,40.51171],[-74.19221,40.51279],[-74.19179,40.51305],[-74.19158,40.51334],[-74.18971,40.51532],[-74.18927,40.51535],[-74.18834,40.51648],[-74.18762,40.5171],[-74.18657,40.51811],[-74.18589,40.51863],[-74.18483,40.51934],[-74.18343,40.51989],[-74.18317,40.51991],[-74.18244,40.52032],[-74.18116,40.52066],[-74.17981,40.52055],[-74.17946,40.52033],[-74.17928,40.52001],[-74.17878,40.52004],[-74.17827,40.51992],[-74.17779,40.51936],[-74.17762,40.51933],[-74.17601,40.52087],[-74.17343,40.52257],[-74.1727,40.52297],[-74.17136,40.52345],[-74.17115,40.52345],[-74.17051,40.52305],[-74.17,40.52305],[-74.16884,40.52359],[-74.16658,40.52502],[-74.16554,40.52542],[-74.16454,40.52599],[-74.16372,40.52635],[-74.1629,40.52689],[-74.16222,40.5272],[-74.16158,40.52701],[-74.16034,40.52755],[-74.15988,40.52737],[-74.16395,40.53293],[-74.16486,40.53411],[-74.16526,40.53475],[-74.16571,40.53531],[-74.16656,40.53653],[-74.16745,40.53772],[-74.16873,40.53953],[-74.16902,40.5401],[-74.16891,40.54046],[-74.16905,40.54097],[-74.16922,40.54112],[-74.17175,40.54223],[-74.17245,40.54257],[-74.17517,40.54377],[-74.1781,40.54536],[-74.18073,40.54668]]]}},{"type":"Feature","properties":{"id":"SI0305","name":"Tottenville","borough":"Staten Island"},"geometry":{"type":"Polygon","coordinates":[[[-74.207,40.55757],[-74.20569,40.55852],[-74.21324,40.55667],[-74.21379,40.5564],[-74.21423,40.55656],[-74.21462,40.55691],[-74.21502,40.55675],[-74.21474,40.55624],[-74.21604,40.55554],[-74.21776,40.55501],[-74.21807,40.55529],[-74.21817,40.5556],[-74.2188,40.55595],[-74.21853,40.55493],[-74.21987,40.55465],[-74.22011,40.55493],[-74.22018,40.55542],[-74.22056,40.55589],[-74.22098,40.55591],[-74.22134,40.55536],[-74.22157,40.55565],[-74.2219,40.55539],[-74.22297,40.5555],[-74.2232,40.55579],[-74.22648,40.55626],[-74.22658,40.55616],[-74.22743,40.55604],[-74.22807,40.55634],[-74.22872,40.5563],[-74.22935,40.55575],[-74.22938,40.55548],[-74.23017,40.55539],[-74.23076,40.55554],[-74.23122,40.55486],[-74.23193,40.55415],[-74.23227,40.55339],[-74.23273,40.55291],[-74.23338,40.55248],[-74.23394,40.55259],[-74.23418,40.5528],[-74.2349,40.55301],[-74.23635,40.55237],[-74.23652,40.55207],[-74.23616,40.55143],[-74.23628,40.55074],[-74.2365,40.55043],[-74.23771,40.55004],[-74.23815,40.54939],[-74.23852,40.54902],[-74.23888,40.54886],[-74.23918,40.54853],[-74.24039,40.54766],[-74.2419,40.54697],[-74.24266,40.54701],[-74.24294,40.54711],[-74.24364,40.54767],[-74.24614,40.54569],[-74.24762,40.54351],[-74.24768,40.54312],[-74.24651,40.54223],[-74.24621,40.54184],[-74.24605,40.54137],[-74.2456,40.54095],[-74.24547,40.54063],[-74.24539,40.53953],[-74.24511,40.53894],[-74.24467,40.53848],[-74.24443,40.53794],[-74.24477,40.53742],[-74.24536,40.53698],[-74.24499,40.53667],[-74.24459,40.53693],[-74.24413,40.53687],[-74.24381,40.53615],[-74.24296,40.53541],[-74.24287,40.53517],[-74.24205,40.53437],[-74.24207,40.53348],[-74.24228,40.53339],[-74.24218,40.53258],[-74.24181,40.53256],[-74.24153,40.53147],[-74.24153,40.53093],[-74.24202,40.53006],[-74.24225,40.52982],[-74.24221,40.52938],[-74.24246,40.52893],[-74.24242,40.52873],[-74.24289,40.5282],[-74.24289,40.5273],[-74.24334,40.52585],[-74.24397,40.525],[-74.24341,40.52485],[-74.24281,40.52403],[-74.24262,40.52295],[-74.24276,40.52273],[-74.2426,40.52206],[-74.24294,40.52123],[-74.24138,40.5209],[-74.24117,40.52106],[-74.24056,40.52045],[-74.24003,40.52031],[-74.23982,40.52009],[-74.2401,40.51987],[-74.24049,40.51919],[-74.24087,40.51949],[-74.24187,40.51874],[-74.24232,40.51832],[-74.24365,40.5183],[-74.24419,40.51851],[-74.24493,40.51812],[-74.24564,40.51808],[-74.24567,40.51779],[-74.24521,40.51729],[-74.24648,40.51669],[-74.24675,40.5165],[-74.2463,40.51614],[-74.24693,40.51607],[-74.24752,40.51574],[-74.24822,40.51649],[-74.24865,40.51611],[-74.24963,40.51554],[-74.2502,40.51551],[-74.25011,40.51504],[-74.25061,40.51468],[-74.25145,40.51425],[-74.25212,40.51371],[-74.25193,40.51321],[-74.25216,40.51278],[-74.25307,40.51214],[-74.25301,40.51119],[-74.25331,40.50986],[-74.25412,40.50899],[-74.25462,40.50868],[-74.2549,40.50877],[-74.25463,40.50867],[-74.25545,40.50803],[-74.25559,40.50771],[-74.25531,40.50654],[-74.25537,40.50455],[-74.25524,40.50393],[-74.25427,40.50216],[-74.25374,40.50141],[-74.25324,40.50022],[-74.2526,40.49964],[-74.25139,40.49915],[-74.2511,40.49894],[-74.25085,40.498],[-74.25032,40.49754],[-74.24972,40.49688],[-74.24876,40.49644],[-74.24758,40.49618],[-74.24676,40.49613],[-74.24591,40.49678],[-74.24514,40.49723],[-74.24455,40.49749],[-74.2441,40.49758],[-74.24269,40.49764],[-74.24214,40.49752],[-74.24136,40.49763],[-74.23971,40.49766],[-74.23851,40.4989],[-74.23777,40.49918],[-74.23694,40.49991],[-74.23517,40.50063],[-74.2336,40.50091],[-74.23125,40.50183],[-74.23058,40.50195],[-74.23033,40.50186],[-74.22972,40.50209],[-74.22844,40.50226],[-74.22743,40.5023],[-74.22675,40.50225],[-74.2257,40.5019],[-74.225,40.50177],[-74.224,40.50222],[-74.22343,40.5023],[-74.22305,40.50248],[-74.22184,40.50254],[-74.22211,40.50318],[-74.22208,40.50427],[-74.22312,40.50484],[-74.22319,40.50554],[-74.22292,40.50723],[-74.22322,40.50866],[-74.22658,40.51727],[-74.22672,40.51916],[-74.22622,40.51897],[-74.22568,40.51856],[-74.22513,40.5184],[-74.2238,40.51819],[-74.225,40.52046],[-74.22423,40.52199],[-74.22398,40.52287],[-74.22482,40.52299],[-74.22461,40.52326],[-74.22397,40.52333],[-74.2237,40.52499],[-74.22359,40.5268],[-74.22407,40.53211],[-74.22437,40.53493],[-74.22457,40.53702],[-74.22453,40.53828],[-74.22441,40.53954],[-74.22422,40.54079],[-74.22397,40.54187],[-74.2235,40.54341],[-74.22281,40.54502],[-74.22197,40.54664],[-74.22128,40.54772],[-74.22064,40.54859],[-74.22109,40.54978],[-74.22132,40.55025],[-74.22107,40.55056],[-74.21931,40.55206],[-74.21878,40.55247],[-74.21778,40.55305],[-74.21791,40.55391],[-74.21788,40.55424],[-74.21751,40.55462],[-74.21492,40.55555],[-74.2135,40.55567],[-74.2122,40.55644],[-74.21051,40.55706],[-74.207,40.55757]]]}}]}