{"type":"FeatureCollection","features":[{"type":"Feature","properties":{"id":"1-5","service":"1","name":"Broadway / 7AV Local","color":"#EE352E"},"geometry":{"type":"MultiLineString","coordinates":[[[-73.98594,40.75754],[-73.98621,40.75716],[-73.98625,40.75711],[-73.98627,40.75708],[-73.98632,40.75698],[-73.98639,40.75687],[-73.98644,40.75679],[-73.9866,40.75653],[-73.98666,40.75644],[-73.9868,40.75627],[-73.98686,40.75618],[-73.98692,40.75611],[-73.98698,40.75602],[-73.98709,40.75587],[-73.98715,40.75579],[-73.98722,40.75569],[-73.98729,40.7556],[-73.98736,40.7555],[-73.98743,40.75541],[-73.98746,40.75536],[-73.9875,40.75531],[-73.98753,40.75526],[-73.9876,40.75517],[-73.98764,40.75512],[-73.98771,40.75503],[-73.98781,40.75488],[-73.98787,40.75481],[-73.9879,40.75476],[-73.98794,40.7547],[-73.98802,40.75458],[-73.98805,40.75454],[-73.98811,40.75445],[-73.9882,40.75433],[-73.98828,40.75423],[-73.98831,40.75418],[-73.98841,40.75405],[-73.98847,40.75398],[-73.98854,40.75388],[-73.98861,40.75379],[-73.98868,40.75369],[-73.98875,40.7536],[-73.98878,40.75355],[-73.98885,40.75346],[-73.98892,40.75336],[-73.98906,40.75317],[-73.98913,40.75308],[-73.98927,40.75289],[-73.9893,40.75284],[-73.9894,40.7527],[-73.98954,40.75251],[-73.98968,40.75232],[-73.98978,40.75218],[-73.98992,40.75199],[-73.99006,40.7518],[-73.99023,40.75156],[-73.99029,40.75148],[-73.99044,40.75127],[-73.99052,40.75116],[-73.99054,40.75113],[-73.99059,40.75106],[-73.99061,40.75104],[-73.99088,40.75066],[-73.99105,40.75043],[-73.99129,40.7501],[-73.99164,40.74962],[-73.99165,40.74961],[-73.99166,40.74959],[-73.99167,40.74958],[-73.99168,40.74957],[-73.99169,40.74955],[-73.9917,40.74954],[-73.99171,40.74953],[-73.99171,40.74952],[-73.99172,40.74951],[-73.99173,40.7495],[-73.99174,40.74948],[-73.99175,40.74947],[-73.99176,40.74946],[-73.99177,40.74944],[-73.99178,40.74943],[-73.99179,40.74942],[-73.9918,40.7494],[-73.99181,40.74939],[-73.99182,40.74938],[-73.99183,40.74936],[-73.99184,40.74935],[-73.99185,40.74934],[-73.99186,40.74932],[-73.99187,40.74931],[-73.99188,40.7493],[-73.99189,40.74928],[-73.9919,40.74927],[-73.99191,40.74926],[-73.99192,40.74924],[-73.99193,40.74923],[-73.99194,40.74922],[-73.99194,40.74921],[-73.99195,40.7492],[-73.99196,40.74919],[-73.99197,40.74918],[-73.99197,40.74917],[-73.99198,40.74916],[-73.99199,40.74915],[-73.992,40.74914],[-73.99201,40.74912],[-73.99202,40.74911],[-73.99203,40.7491],[-73.99203,40.74909],[-73.99204,40.74908],[-73.99205,40.74907],[-73.99206,40.74906],[-73.99206,40.74905],[-73.99207,40.74904],[-73.99208,40.74903],[-73.99209,40.74901],[-73.9921,40.749],[-73.99211,40.74899],[-73.99212,40.74898],[-73.99212,40.74897],[-73.99213,40.74896],[-73.99214,40.74895],[-73.99215,40.74894],[-73.99215,40.74893],[-73.99216,40.74892],[-73.99243,40.74853],[-73.99258,40.74834],[-73.99268,40.74819],[-73.99272,40.74815],[-73.99282,40.748],[-73.99296,40.74781],[-73.99307,40.74767],[-73.9931,40.74762],[-73.99317,40.74752],[-73.99349,40.74709],[-73.99365,40.74685],[-73.99449,40.7457],[-73.99488,40.74518],[-73.99546,40.74436],[-73.99634,40.74317],[-73.99706,40.74216],[-73.99766,40.74135],[-73.99807,40.74077],[-73.99818,40.74063],[-73.99901,40.73948],[-73.99925,40.73916],[-73.99964,40.73862],[-73.99965,40.73861],[-73.99966,40.73859],[-73.99967,40.73858],[-73.99967,40.73857],[-73.99968,40.73856],[-73.99969,40.73855],[-73.99969,40.73854],[-73.99972,40.73851],[-73.99973,40.7385],[-73.99974,40.73848],[-74.00063,40.73726],[-74.00064,40.73725],[-74.00069,40.73718],[-74.00071,40.73715],[-74.00083,40.73698],[-74.00084,40.73697],[-74.00087,40.73693],[-74.00091,40.73687],[-74.00092,40.73686],[-74.00097,40.73679],[-74.00102,40.73671],[-74.0011,40.73659],[-74.00112,40.73654],[-74.00114,40.73652],[-74.00115,40.73651],[-74.00149,40.7359],[-74.00167,40.7356],[-74.0019,40.73518],[-74.0021,40.73485],[-74.00226,40.73454],[-74.00259,40.73398],[-74.00282,40.73356],[-74.00334,40.73265],[-74.00354,40.73232],[-74.00387,40.73171],[-74.00459,40.73047],[-74.00507,40.72958],[-74.0052,40.72918],[-74.00525,40.72893],[-74.0053,40.72855],[-74.00547,40.72753],[-74.00568,40.72614],[-74.0058,40.72547],[-74.00597,40.72444],[-74.00605,40.72404],[-74.00617,40.7233],[-74.0062,40.72318],[-74.00634,40.72238],[-74.00641,40.72193],[-74.00651,40.72141],[-74.00651,40.72134],[-74.00673,40.72012],[-74.00696,40.71875],[-74.00702,40.71848],[-74.00718,40.71812],[-74.00734,40.71791],[-74.00737,40.71787],[-74.00738,40.71786],[-74.0074,40.71783],[-74.00741,40.71782],[-74.00753,40.71767],[-74.00783,40.71729],[-74.00798,40.71707],[-74.00818,40.71684],[-74.00853,40.71639],[-74.00857,40.71634],[-74.00898,40.71582],[-74.00902,40.71577],[-74.00941,40.71525],[-74.00989,40.71466],[-74.01015,40.71433],[-74.0102,40.71426],[-74.01058,40.71379],[-74.01088,40.71348],[-74.01146,40.713],[-74.01174,40.71271],[-74.01186,40.71252],[-74.012,40.7122],[-74.01215,40.71172],[-74.0123,40.71109],[-74.01246,40.71061],[-74.01255,40.71042],[-74.01287,40.70967],[-74.01298,40.70939],[-74.01333,40.70862],[-74.01339,40.70846],[-74.01364,40.70791],[-74.01388,40.70732],[-74.01409,40.70686],[-74.01432,40.70631],[-74.01442,40.7061],[-74.01468,40.70549],[-74.01482,40.70519],[-74.01511,40.70451],[-74.01519,40.70421],[-74.01517,40.70389],[-74.01503,40.70336],[-74.01486,40.70301],[-74.01464,40.70278],[-74.01453,40.7027],[-74.01447,40.70265],[-74.01401,40.70229],[-74.01303,40.70161],[-74.01294,40.70156]],[[-73.89828,40.88984],[-73.89876,40.88887],[-73.89882,40.88877],[-73.89939,40.88763],[-73.90003,40.8863],[-73.90016,40.88605],[-73.90073,40.8849],[-73.90088,40.88464],[-73.9014,40.8838],[-73.9017,40.88329],[-73.90189,40.883],[-73.90216,40.88263],[-73.90258,40.88203],[-73.90315,40.88125],[-73.90323,40.88112],[-73.90392,40.88016],[-73.90449,40.87934],[-73.90501,40.87861],[-73.90575,40.87755],[-73.90593,40.87733],[-73.90613,40.87713],[-73.90634,40.87696],[-73.90676,40.8767],[-73.90728,40.87645],[-73.90754,40.87631],[-73.90794,40.87604],[-73.90852,40.87558],[-73.90948,40.87483],[-73.91005,40.87445],[-73.91033,40.87425],[-73.9108,40.87389],[-73.91134,40.87345],[-73.91195,40.87299],[-73.91246,40.87256],[-73.91277,40.87232],[-73.91327,40.8719],[-73.91367,40.87152],[-73.91399,40.87116],[-73.91422,40.87087],[-73.91464,40.87028],[-73.91484,40.87002],[-73.91519,40.86952],[-73.91624,40.86809],[-73.9169,40.86718],[-73.91713,40.86688],[-73.91767,40.86613],[-73.91862,40.86483],[-73.91879,40.86461],[-73.91907,40.86421],[-73.91931,40.8639],[-73.91951,40.86369],[-73.91981,40.86347],[-73.92018,40.86329],[-73.92127,40.8629],[-73.92304,40.86225],[-73.92329,40.86215],[-73.92388,40.86194],[-73.9242,40.8618],[-73.92453,40.86161],[-73.9247,40.86149],[-73.92506,40.86115],[-73.92534,40.86079],[-73.92565,40.86035],[-73.92585,40.86009],[-73.92644,40.85929],[-73.92661,40.85904],[-73.92686,40.85871],[-73.9272,40.85823],[-73.9277,40.85756],[-73.928,40.85713],[-73.92822,40.85684],[-73.92849,40.85645],[-73.92892,40.85588],[-73.92912,40.85559],[-73.92937,40.85526],[-73.92957,40.85497],[-73.93006,40.8543],[-73.9307,40.85344],[-73.93083,40.85324],[-73.93108,40.85292],[-73.93139,40.85248],[-73.93157,40.85225],[-73.93196,40.85171],[-73.93221,40.85138],[-73.93255,40.8509],[-73.93284,40.85052],[-73.93315,40.85008],[-73.9334,40.84976],[-73.93374,40.84927],[-73.93421,40.84865],[-73.9347,40.84797],[-73.93488,40.84774],[-73.93529,40.84716],[-73.93547,40.84693],[-73.93676,40.84515],[-73.93698,40.84487],[-73.93751,40.84413],[-73.93786,40.84367],[-73.93813,40.84328],[-73.93828,40.84309],[-73.93902,40.84209],[-73.93905,40.84203],[-73.93923,40.8418],[-73.9393,40.8417],[-73.93933,40.84165],[-73.93937,40.8416],[-73.9394,40.84155],[-73.93979,40.84103],[-73.93989,40.84088],[-73.94028,40.84036],[-73.94038,40.84021],[-73.94074,40.83974],[-73.94087,40.83954],[-73.94144,40.83878],[-73.9415,40.83868],[-73.94186,40.83821],[-73.94189,40.83815],[-73.94225,40.83768],[-73.94262,40.83715],[-73.94309,40.83653],[-73.94344,40.83605],[-73.94374,40.83562],[-73.94421,40.835],[-73.94466,40.83437],[-73.94495,40.83399],[-73.94515,40.8337],[-73.94579,40.83284],[-73.9462,40.83227],[-73.94638,40.83204],[-73.94655,40.83178],[-73.94676,40.83151],[-73.94736,40.83068],[-73.94758,40.8304],[-73.94879,40.82873],[-73.94897,40.8285],[-73.9496,40.82762],[-73.94984,40.82731],[-73.95017,40.8268],[-73.95055,40.8263],[-73.95115,40.82546],[-73.9515,40.825],[-73.95238,40.8238],[-73.95255,40.82355],[-73.95305,40.82289],[-73.95341,40.8224],[-73.95426,40.82121],[-73.95458,40.82075],[-73.95481,40.82044],[-73.95511,40.82],[-73.95532,40.81972],[-73.95559,40.81933],[-73.95589,40.81892],[-73.95611,40.81864],[-73.95671,40.8178],[-73.95716,40.8172],[-73.9572,40.81713],[-73.95769,40.81646],[-73.95787,40.81623],[-73.95849,40.81536],[-73.95871,40.81508],[-73.95908,40.81456],[-73.9593,40.81428],[-73.95943,40.81408],[-73.95982,40.81356],[-73.96013,40.81312],[-73.9607,40.81236],[-73.96097,40.81197],[-73.96113,40.81177],[-73.96154,40.81116],[-73.96174,40.81088],[-73.96211,40.8104],[-73.96224,40.8102],[-73.96258,40.80973],[-73.96287,40.80935],[-73.96337,40.80867],[-73.96381,40.80805],[-73.96463,40.80695],[-73.96535,40.80594],[-73.96553,40.80571],[-73.96613,40.80489],[-73.96623,40.80474],[-73.96676,40.80403],[-73.96693,40.80378],[-73.96716,40.80348],[-73.9674,40.80311],[-73.96762,40.80265],[-73.96773,40.80232],[-73.96783,40.80181],[-73.9679,40.8012],[-73.96802,40.80032],[-73.96808,40.80008],[-73.96821,40.79972],[-73.96834,40.79945],[-73.96862,40.799],[-73.96899,40.79849],[-73.96934,40.79803],[-73.96946,40.79784],[-73.97025,40.79681],[-73.97045,40.79652],[-73.97071,40.79618],[-73.9709,40.7959],[-73.97115,40.79557],[-73.9719,40.79453],[-73.97213,40.79423],[-73.9728,40.79329],[-73.97342,40.79246],[-73.97384,40.79186],[-73.97402,40.79163],[-73.97443,40.79105],[-73.97506,40.7902],[-73.97557,40.78948],[-73.97586,40.7891],[-73.97627,40.7886],[-73.9765,40.78834],[-73.97692,40.78783],[-73.97755,40.7871],[-73.97813,40.78634],[-73.97817,40.78627],[-73.97853,40.7858],[-73.97927,40.78481],[-73.97944,40.78457],[-73.98006,40.78374],[-73.98037,40.78329],[-73.98048,40.78311],[-73.98068,40.78272],[-73.98092,40.78211],[-73.981,40.78185],[-73.98122,40.78125],[-73.98139,40.78069],[-73.98147,40.78038],[-73.98166,40.77975],[-73.98177,40.77934],[-73.98187,40.77885],[-73.98196,40.77834],[-73.98205,40.77772],[-73.98207,40.77725],[-73.98216,40.77633],[-73.98218,40.77547],[-73.98222,40.77471],[-73.98222,40.77356],[-73.98219,40.77286],[-73.98218,40.77203],[-73.98216,40.77153],[-73.98214,40.77055],[-73.98213,40.76952],[-73.98211,40.76931],[-73.98202,40.76888],[-73.98182,40.76824],[-73.98177,40.76806],[-73.98177,40.76803],[-73.98175,40.76795],[-73.98175,40.76791],[-73.98173,40.76784],[-73.9817,40.76736],[-73.98173,40.76703],[-73.98191,40.76595],[-73.98203,40.76536],[-73.98212,40.76503],[-73.98234,40.76439],[-73.98247,40.76408],[-73.98273,40.76356],[-73.98282,40.76342],[-73.98284,40.76338],[-73.98287,40.76331],[-73.98304,40.76301],[-73.98337,40.76247],[-73.98357,40.76218],[-73.98404,40.76144],[-73.98424,40.76115],[-73.98458,40.76062],[-73.9848,40.76017],[-73.98498,40.75972],[-73.9851,40.75935],[-73.98539,40.75858],[-73.98541,40.75849],[-73.98563,40.758],[-73.98575,40.75779],[-73.98594,40.75754]]]}},{"type":"Feature","properties":{"id":"A-4","service":"A","name":"8 Avenue Express","color":"#0039A6"},"geometry":{"type":"LineString","coordinates":[[-73.94368,40.82556],[-73.94418,40.82486],[-73.94462,40.82428],[-73.94482,40.82398],[-73.94503,40.82363],[-73.9453,40.82307],[-73.94553,40.82256],[-73.94577,40.82206],[-73.94592,40.82172],[-73.94627,40.82104],[-73.9465,40.82056],[-73.94656,40.8204],[-73.94677,40.82],[-73.94699,40.81949],[-73.94745,40.81857],[-73.94782,40.8178],[-73.94815,40.81715],[-73.9484,40.81663],[-73.94873,40.81597],[-73.94887,40.81567],[-73.94918,40.81506],[-73.9493,40.8148],[-73.94961,40.81422],[-73.94985,40.81386],[-73.95021,40.81339],[-73.95045,40.81312],[-73.95206,40.81151],[-73.95229,40.81125],[-73.95254,40.81093],[-73.95306,40.81021],[-73.95316,40.81],[-73.9532,40.80984],[-73.9532,40.80956],[-73.95314,40.80923],[-73.95303,40.80874],[-73.95298,40.80844],[-73.95297,40.80811],[-73.95304,40.80775],[-73.9531,40.80759],[-73.95325,40.80731],[-73.95368,40.80673],[-73.95404,40.80629],[-73.95456,40.80562],[-73.95529,40.8046],[-73.95653,40.80293],[-73.95689,40.80242],[-73.95776,40.80125],[-73.95812,40.80074],[-73.95825,40.80058],[-73.95857,40.80013],[-73.95887,40.79973],[-73.95906,40.7995],[-73.95999,40.79822],[-73.96022,40.79792],[-73.96084,40.79706],[-73.96097,40.79689],[-73.961,40.79684],[-73.96102,40.79682],[-73.96104,40.79679],[-73.96109,40.79673],[-73.96133,40.79639],[-73.96146,40.79623],[-73.96192,40.79559],[-73.96258,40.79474],[-73.96318,40.79391],[-73.96355,40.79342],[-73.96415,40.79258],[-73.96428,40.79242],[-73.96476,40.79175],[-73.96489,40.79159],[-73.96561,40.79059],[-73.96574,40.79043],[-73.96612,40.78989],[-73.96638,40.7895],[-73.96658,40.78914],[-73.96697,40.78859],[-73.96782,40.78742],[-73.96791,40.78731],[-73.96843,40.78658],[-73.96917,40.78558],[-73.96965,40.78491],[-73.97015,40.78424],[-73.97039,40.7839],[-73.97088,40.78324],[-73.97124,40.78273],[-73.97186,40.7819],[-73.97215,40.78149],[-73.97223,40.7814],[-73.97283,40.78056],[-73.9736,40.77952],[-73.97425,40.77861],[-73.97533,40.77714],[-73.97571,40.77661],[-73.97631,40.77581],[-73.97654,40.77547],[-73.97787,40.77367],[-73.97801,40.77346],[-73.97855,40.77276],[-73.97874,40.77248],[-73.97934,40.77166],[-73.97962,40.77125],[-73.97992,40.77087],[-73.98017,40.77052],[-73.98051,40.77007],[-73.9807,40.76977],[-73.98106,40.76924],[-73.98133,40.76887],[-73.9818,40.76825],[-73.98182,40.76824],[-73.98265,40.76715],[-73.98319,40.7664],[-73.9834,40.76613],[-73.98366,40.76575],[-73.98414,40.76512],[-73.9843,40.76488],[-73.98468,40.76438],[-73.98528,40.76354],[-73.98618,40.76233],[-73.98627,40.76219],[-73.98704,40.76115],[-73.98717,40.76096],[-73.98773,40.76021],[-73.98811,40.75967],[-73.98869,40.75893],[-73.98903,40.75845],[-73.98956,40.75773],[-73.98994,40.75712],[-73.99003,40.757],[-73.99012,40.75685],[-73.99016,40.75681],[-73.99024,40.75669],[-73.9903,40.75661],[-73.99033,40.75656],[-73.99058,40.75624],[-73.9908,40.75591],[-73.99092,40.75577],[-73.99181,40.75458],[-73.9924,40.75376],[-73.99285,40.75319],[-73.99302,40.75294],[-73.99362,40.75213],[-73.99399,40.7516],[-73.99431,40.75118],[-73.99468,40.75066],[-73.99499,40.75025],[-73.99515,40.75001],[-73.99578,40.74916],[-73.99623,40.74853],[-73.99637,40.74835],[-73.99667,40.74792],[-73.99727,40.74711],[-73.9973,40.74705],[-73.99789,40.74626],[-73.99828,40.7457],[-73.99851,40.7454],[-73.99871,40.74511],[-73.99895,40.7448],[-73.99906,40.74463],[-73.99933,40.74427],[-73.99946,40.74407],[-74.00024,40.74302],[-74.00058,40.74254],[-74.00076,40.74231],[-74.0013,40.74155],[-74.00172,40.74099],[-74.00223,40.74027],[-74.00231,40.74017],[-74.00253,40.73979],[-74.00253,40.73977],[-74.00254,40.73976],[-74.00254,40.73975],[-74.00255,40.73974],[-74.00255,40.73972],[-74.00259,40.73961],[-74.00262,40.73939],[-74.00259,40.73913],[-74.00258,40.73909],[-74.00258,40.73908],[-74.00257,40.73906],[-74.00257,40.73904],[-74.00256,40.73902],[-74.00255,40.739],[-74.00255,40.73898],[-74.00254,40.73896],[-74.00254,40.73895],[-74.00253,40.73894],[-74.00253,40.73893],[-74.00252,40.73891],[-74.00252,40.7389],[-74.00251,40.73889],[-74.00251,40.73888],[-74.0025,40.73886],[-74.00249,40.73884],[-74.00248,40.73882],[-74.00248,40.73881],[-74.00247,40.73879],[-74.00246,40.73877],[-74.00245,40.73875],[-74.00241,40.73868],[-74.0024,40.73866],[-74.00239,40.73864],[-74.00238,40.73862],[-74.00227,40.73844],[-74.00222,40.73835],[-74.00184,40.73774],[-74.00146,40.73709],[-74.00115,40.7366],[-74.00114,40.73657],[-74.00112,40.73653],[-74.00111,40.73653],[-74.00104,40.7364],[-74.00099,40.73633],[-74.00079,40.73597],[-74.00034,40.73527],[-73.99986,40.73448],[-73.99983,40.73443],[-73.99982,40.73441],[-73.99981,40.73439],[-73.9998,40.73437],[-73.99979,40.73435],[-73.99978,40.73433],[-73.99977,40.73431],[-73.99976,40.73429],[-73.99976,40.73428],[-73.99975,40.73427],[-73.99975,40.73426],[-73.99974,40.73424],[-73.99974,40.73423],[-73.99973,40.73422],[-73.99972,40.73417],[-73.99971,40.73416],[-73.99971,40.73414],[-73.9997,40.73412],[-73.99967,40.73395],[-73.99969,40.73367],[-73.99974,40.73351],[-73.99987,40.73325],[-74.00109,40.73156],[-74.00139,40.73112],[-74.00207,40.73003],[-74.0023,40.72968],[-74.00264,40.72902],[-74.00274,40.7288],[-74.0031,40.72792],[-74.00318,40.7277],[-74.00365,40.72656],[-74.00385,40.72604],[-74.00399,40.72572],[-74.00414,40.72533],[-74.00436,40.72482],[-74.00451,40.72442],[-74.00485,40.72361],[-74.00516,40.7228],[-74.00521,40.72258],[-74.00524,40.72229],[-74.00525,40.72188],[-74.00525,40.72095],[-74.00522,40.72038],[-74.00521,40.71986],[-74.00519,40.71958],[-74.00518,40.7191],[-74.00522,40.71879],[-74.00528,40.7186],[-74.00543,40.71832],[-74.00565,40.71802],[-74.00598,40.71762],[-74.00641,40.71706],[-74.00647,40.717],[-74.00712,40.71616],[-74.0074,40.71582],[-74.00759,40.71556],[-74.00779,40.71532],[-74.00805,40.71496],[-74.00824,40.71473],[-74.00885,40.71395],[-74.00907,40.7137],[-74.00921,40.71351],[-74.00927,40.71345],[-74.00929,40.71341],[-74.00935,40.71335],[-74.00937,40.71332],[-74.0094,40.71328],[-74.00943,40.71325],[-74.0095,40.71315],[-74.01001,40.71253],[-74.01015,40.71226],[-74.01018,40.71193],[-74.01017,40.71187],[-74.01013,40.71177],[-74.01013,40.71175],[-74.01011,40.71171],[-74.01004,40.71159],[-74.00989,40.71143],[-74.00969,40.71128],[-74.00938,40.71112],[-74.00936,40.7111],[-74.00908,40.71096],[-74.00903,40.71094],[-74.00894,40.71088],[-74.00812,40.71047],[-74.00804,40.71042],[-74.00791,40.71036],[-74.00782,40.71031],[-74.00778,40.71029],[-74.00775,40.71027],[-74.00774,40.71027],[-74.0077,40.71025],[-74.00766,40.71022],[-74.00764,40.71022],[-74.00735,40.71006],[-74.00694,40.70986],[-74.0069,40.70983],[-74.00651,40.70964],[-74.00645,40.7096],[-74.00644,40.7096],[-74.00642,40.70959],[-74.0064,40.70958],[-74.00628,40.70952],[-74.00619,40.70948],[-74.0058,40.70928],[-74.0054,40.70901],[-74.00517,40.70878],[-74.00474,40.70821],[-74.00434,40.70771],[-74.00427,40.70764],[-74.00392,40.7072],[-74.00357,40.70674],[-74.00331,40.70643],[-74.0029,40.7059],[-74.00284,40.70584],[-74.00247,40.70536],[-74.00243,40.70533],[-74.00182,40.70454],[-74.0005,40.70291],[-74.00011,40.70252],[-73.99974,40.7022],[-73.99923,40.70182],[-73.9986,40.70143],[-73.99775,40.70101],[-73.99728,40.70083],[-73.99678,40.7007],[-73.99484,40.70015],[-73.99414,40.69996],[-73.99337,40.69973],[-73.99291,40.69962],[-73.99217,40.6995],[-73.99178,40.69946],[-73.99118,40.69942],[-73.99008,40.69939],[-73.98932,40.69935],[-73.98899,40.6993],[-73.9886,40.69919],[-73.9883,40.69906],[-73.98799,40.69887],[-73.98771,40.69862],[-73.98747,40.6983],[-73.98735,40.69804],[-73.98729,40.69781],[-73.98727,40.69736],[-73.9873,40.69687],[-73.98733,40.69601],[-73.98737,40.69544],[-73.9874,40.69464],[-73.98746,40.69413],[-73.98754,40.69363],[-73.9876,40.69253],[-73.9876,40.69233],[-73.98761,40.6922],[-73.98762,40.6921],[-73.98762,40.69201],[-73.98763,40.69197],[-73.98763,40.69185],[-73.98767,40.6916],[-73.98767,40.69158],[-73.98767,40.69156],[-73.98768,40.69153],[-73.98768,40.69151],[-73.98769,40.69149],[-73.98769,40.69147],[-73.98771,40.69143],[-73.98771,40.69141],[-73.98773,40.69136],[-73.98774,40.69131],[-73.98799,40.6908],[-73.98806,40.69052],[-73.98805,40.69026],[-73.98792,40.68993],[-73.98767,40.68966],[-73.98722,40.68938],[-73.98695,40.68925],[-73.98624,40.68896],[-73.98601,40.68888],[-73.98441,40.68825],[-73.98397,40.68811],[-73.98342,40.68792],[-73.98307,40.68782],[-73.98251,40.68764],[-73.98186,40.68741],[-73.9815,40.68726],[-73.98104,40.6871],[-73.98099,40.68708],[-73.98095,40.68708],[-73.98092,40.68707],[-73.98051,40.68697],[-73.98027,40.68694],[-73.97976,40.68685],[-73.9796,40.68681],[-73.97958,40.68681],[-73.97954,40.68681],[-73.97953,40.68681],[-73.97943,40.68679],[-73.97913,40.68676],[-73.97883,40.68677],[-73.97882,40.68677],[-73.9788,40.68677],[-73.97879,40.68677],[-73.97877,40.68677],[-73.97875,40.68677],[-73.97873,40.68677],[-73.97871,40.68677],[-73.97869,40.68677],[-73.97866,40.68677],[-73.97858,40.68678],[-73.97855,40.68678],[-73.97848,40.68679],[-73.97845,40.68679],[-73.97843,40.68679],[-73.97836,40.68681],[-73.97829,40.68681],[-73.97828,40.68681],[-73.97827,40.68681],[-73.97826,40.68681],[-73.97818,40.68683],[-73.97814,40.68683],[-73.9781,40.68683],[-73.978,40.68685],[-73.97784,40.68686],[-73.97761,40.6869],[-73.97751,40.6869],[-73.97743,40.68692],[-73.9774,40.68692],[-73.97735,40.68692],[-73.97733,40.68693],[-73.97727,40.68693],[-73.97726,40.68694],[-73.97716,40.68694],[-73.97706,40.68695],[-73.97702,40.68695],[-73.97696,40.68696],[-73.97693,40.68696],[-73.97692,40.68696],[-73.97686,40.68697],[-73.97684,40.68697],[-73.97683,40.68697],[-73.97681,40.68697],[-73.97629,40.68695],[-73.97581,40.68686],[-73.97548,40.68676],[-73.97457,40.68639],[-73.97432,40.6863],[-73.97352,40.68598],[-73.97349,40.68596],[-73.97256,40.68565],[-73.97223,40.6855],[-73.96962,40.68445],[-73.96931,40.68431],[-73.9681,40.68383],[-73.96779,40.68374],[-73.96474,40.68309],[-73.96177,40.68245],[-73.95912,40.68189],[-73.95878,40.68181],[-73.95798,40.68165],[-73.95579,40.68118],[-73.95534,40.68109],[-73.95403,40.68078],[-73.95352,40.68067],[-73.95295,40.68058],[-73.95234,40.68053],[-73.95149,40.68051],[-73.95104,40.68048],[-73.94915,40.68038],[-73.94768,40.68029],[-73.94646,40.68023],[-73.94395,40.6801],[-73.94237,40.68001],[-73.94158,40.67997],[-73.93928,40.67984],[-73.93491,40.67961],[-73.93298,40.6795],[-73.93214,40.67948],[-73.9318,40.67948],[-73.93087,40.67943],[-73.93036,40.67939],[-73.92982,40.67936],[-73.92948,40.67932],[-73.92878,40.67927],[-73.92714,40.67919],[-73.92547,40.6791],[-73.92509,40.67907],[-73.92488,40.67907],[-73.9242,40.67903],[-73.92399,40.67903],[-73.92226,40.67894],[-73.91992,40.67881],[-73.91698,40.67866],[-73.9133,40.67846],[-73.91012,40.67829],[-73.90986,40.67828],[-73.90918,40.67828],[-73.90856,40.67829],[-73.90732,40.67833],[-73.90428,40.6784],[-73.9036,40.6784],[-73.90311,40.67836],[-73.9031,40.67836],[-73.90309,40.67836],[-73.90308,40.67836],[-73.90298,40.67836],[-73.90285,40.67835],[-73.90256,40.67831],[-73.90254,40.67831],[-73.90252,40.67831],[-73.90251,40.6783],[-73.90248,40.6783],[-73.90247,40.6783],[-73.90246,40.67829],[-73.90238,40.67829],[-73.90092,40.67806],[-73.90033,40.678],[-73.89896,40.67788],[-73.89841,40.67779],[-73.89812,40.6777],[-73.89784,40.67756],[-73.8976,40.67739],[-73.8974,40.67718],[-73.89739,40.67717],[-73.89739,40.67716],[-73.89739,40.67715],[-73.8973,40.67703],[-73.89719,40.67681],[-73.89706,40.67636],[-73.89682,40.67545],[-73.89639,40.67378],[-73.89627,40.6734],[-73.89613,40.67313],[-73.89601,40.67297],[-73.89577,40.67273],[-73.89547,40.67253],[-73.89506,40.67235],[-73.89469,40.67226],[-73.89443,40.67223],[-73.89402,40.67223],[-73.8937,40.67226],[-73.89329,40.67233],[-73.89139,40.67262],[-73.89092,40.67268],[-73.89059,40.67274],[-73.88999,40.67282],[-73.88644,40.67336],[-73.88479,40.67362],[-73.88339,40.67382],[-73.88259,40.67395],[-73.88246,40.67396],[-73.88193,40.67405],[-73.88151,40.6741],[-73.88117,40.67416],[-73.88088,40.67419],[-73.88054,40.67425],[-73.88011,40.6743],[-73.87914,40.67445],[-73.87871,40.6745],[-73.87837,40.67456],[-73.87808,40.67459],[-73.87774,40.67465],[-73.87744,40.67468],[-73.87711,40.67474],[-73.87681,40.67477],[-73.87648,40.67483],[-73.87618,40.67486],[-73.87584,40.67492],[-73.87541,40.67497],[-73.8752,40.67501],[-73.87414,40.67515],[-73.87394,40.67519],[-73.87352,40.67524],[-73.87246,40.6754],[-73.87226,40.67544],[-73.87106,40.6756],[-73.8704,40.67569],[-73.86974,40.6758],[-73.86765,40.67609],[-73.86668,40.67623],[-73.86629,40.67636],[-73.86604,40.67649],[-73.86436,40.67763],[-73.86366,40.67811],[-73.86298,40.67851],[-73.86243,40.6788],[-73.86216,40.67891],[-73.86163,40.67907],[-73.86095,40.67925],[-73.86057,40.67932],[-73.8601,40.67936],[-73.85972,40.67937],[-73.85927,40.67941],[-73.8591,40.67941],[-73.85864,40.67945],[-73.8583,40.67946],[-73.85784,40.6795],[-73.8567,40.67957],[-73.85627,40.67959],[-73.85579,40.67963],[-73.85545,40.67964],[-73.85468,40.6797],[-73.8545,40.6797],[-73.85403,40.67974],[-73.85369,40.67975],[-73.85244,40.67984],[-73.85227,40.67984],[-73.85119,40.67992],[-73.85085,40.67993],[-73.85007,40.67999],[-73.84943,40.68002],[-73.84895,40.68006],[-73.84878,40.68006],[-73.84813,40.68011],[-73.84796,40.68011],[-73.84688,40.68019],[-73.84559,40.68026],[-73.84478,40.68033],[-73.84432,40.6804],[-73.84303,40.68066],[-73.84248,40.68075],[-73.84165,40.68091],[-73.84149,40.68093]]}},{"type":"Feature","properties":{"id":"L-3","service":"L","name":"14 St-Canarsie Local","color":"#A7A9AC"},"geometry":{"type":"LineString","coordinates":[[-74.00343,40.74013],[-74.00306,40.73998],[-74.00273,40.73984],[-74.0026,40.73978],[-74.00258,40.73978],[-74.00255,40.73976],[-74.00252,40.73975],[-74.0025,40.73974],[-74.00248,40.73974],[-74.00246,40.73972],[-74.00231,40.73967],[-74.00174,40.73942],[-74.00034,40.73884],[-74.00011,40.73875],[-73.99989,40.73865],[-73.99974,40.73859],[-73.9997,40.73857],[-73.99966,40.73855],[-73.99961,40.73853],[-73.99956,40.73852],[-73.99947,40.73847],[-73.99924,40.73837],[-73.99895,40.73826],[-73.99811,40.7379],[-73.99801,40.73787],[-73.99737,40.73759],[-73.99704,40.73746],[-73.99684,40.73737],[-73.99679,40.73735],[-73.99676,40.73734],[-73.99651,40.73723],[-73.99542,40.73677],[-73.99514,40.73666],[-73.99391,40.73614],[-73.99331,40.73588],[-73.99297,40.73575],[-73.99152,40.73513],[-73.9909,40.73487],[-73.99079,40.73483],[-73.99077,40.73482],[-73.99075,40.73481],[-73.99072,40.7348],[-73.99071,40.73479],[-73.99067,40.73478],[-73.99019,40.73457],[-73.98998,40.73449],[-73.98995,40.73447],[-73.98992,40.73446],[-73.98988,40.73444],[-73.98981,40.73442],[-73.98927,40.73418],[-73.98922,40.73417],[-73.98767,40.7335],[-73.98697,40.73321],[-73.98651,40.73301],[-73.98363,40.73179],[-73.98258,40.73135],[-73.98212,40.73115],[-73.98088,40.73063],[-73.97924,40.72993],[-73.97827,40.72953],[-73.97794,40.72938],[-73.97737,40.72914],[-73.97732,40.72913],[-73.97648,40.72877],[-73.97619,40.72866],[-73.97558,40.7284],[-73.97553,40.72839],[-73.97479,40.72807],[-73.97411,40.7278],[-73.97322,40.72741],[-73.97285,40.72723],[-73.97238,40.72697],[-73.97212,40.72684],[-73.9693,40.72508],[-73.96799,40.72427],[-73.96348,40.72146],[-73.96318,40.72126],[-73.96269,40.72096],[-73.95877,40.71851],[-73.95608,40.71682],[-73.9553,40.71634],[-73.95462,40.7159],[-73.95439,40.71577],[-73.95374,40.71536],[-73.95233,40.71449],[-73.95206,40.71431],[-73.95187,40.71421],[-73.95163,40.71412],[-73.95158,40.71412],[-73.95146,40.71408],[-73.95135,40.71406],[-73.95112,40.71404],[-73.94984,40.71404],[-73.94904,40.71408],[-73.94867,40.71412],[-73.94677,40.7143],[-73.94608,40.71437],[-73.94508,40.71446],[-73.94316,40.71465],[-73.94279,40.71469],[-73.94249,40.71469],[-73.94227,40.71464],[-73.94202,40.71449],[-73.9419,40.71437],[-73.94178,40.71417],[-73.94124,40.71313],[-73.941,40.71265],[-73.94065,40.71187],[-73.94047,40.71133],[-73.94038,40.71097],[-73.94018,40.70972],[-73.93966,40.70659],[-73.9396,40.70626],[-73.93952,40.70608],[-73.93941,40.70592],[-73.93924,40.70576],[-73.93895,40.7056],[-73.9387,40.70552],[-73.93849,40.70549],[-73.93804,40.70551],[-73.93695,40.70571],[-73.9368,40.70572],[-73.93626,40.7058],[-73.93567,40.70583],[-73.93509,40.70587],[-73.93443,40.70594],[-73.93398,40.70601],[-73.93235,40.70628],[-73.92881,40.70686],[-73.92872,40.70688],[-73.92533,40.70744],[-73.92501,40.70748],[-73.92466,40.70748],[-73.9244,40.70744],[-73.92412,40.70735],[-73.9239,40.70724],[-73.92359,40.70704],[-73.92217,40.70616],[-73.92081,40.70531],[-73.92078,40.70528],[-73.91986,40.70471],[-73.91836,40.70377],[-73.91763,40.70332],[-73.91562,40.70206],[-73.91536,40.70192],[-73.91506,40.70173],[-73.91285,40.70051],[-73.91234,40.70024],[-73.91227,40.70019],[-73.91128,40.69965],[-73.91122,40.69962],[-73.91115,40.69957],[-73.91103,40.69951],[-73.91061,40.69928],[-73.91034,40.69912],[-73.9097,40.69877],[-73.90809,40.69786],[-73.90651,40.69696],[-73.90559,40.69645],[-73.90515,40.69619],[-73.90351,40.69527],[-73.90259,40.69473],[-73.90192,40.6943],[-73.90156,40.69408],[-73.90133,40.6939],[-73.9011,40.69367],[-73.90098,40.69351],[-73.90084,40.69321],[-73.90078,40.69291],[-73.90078,40.69268],[-73.90084,40.69239],[-73.90094,40.69216],[-73.9012,40.69179],[-73.90158,40.69138],[-73.90248,40.69063],[-73.90306,40.69005],[-73.90359,40.68942],[-73.90484,40.68795],[-73.90501,40.68773],[-73.90515,40.68748],[-73.9054,40.68692],[-73.90556,40.68645],[-73.90563,40.68617],[-73.90571,40.68571],[-73.90576,40.68502],[-73.90581,40.68451],[-73.90581,40.68411],[-73.90578,40.68393],[-73.90563,40.68349],[-73.90539,40.68299],[-73.90501,40.68237],[-73.90474,40.68203],[-73.90426,40.68146],[-73.90409,40.68121],[-73.90395,40.68095],[-73.90384,40.68069],[-73.90357,40.67983],[-73.90357,40.6798],[-73.90335,40.67907],[-73.90329,40.67891],[-73.90325,40.67883],[-73.90323,40.67877],[-73.9032,40.67872],[-73.90319,40.67868],[-73.90316,40.67858],[-73.90313,40.67852],[-73.90297,40.67809],[-73.90287,40.67782],[-73.90285,40.67777],[-73.90286,40.67746],[-73.9028,40.6771],[-73.9028,40.67678],[-73.90285,40.67631],[-73.90293,40.67595],[-73.9033,40.67454],[-73.90331,40.67432],[-73.90327,40.67405],[-73.9026,40.67151],[-73.90248,40.67118],[-73.90235,40.67091],[-73.90227,40.67061],[-73.90218,40.67013],[-73.90214,40.67002],[-73.90194,40.66925],[-73.9018,40.66867],[-73.90166,40.66817],[-73.90158,40.66783],[-73.90126,40.66658],[-73.9011,40.66606],[-73.9009,40.66531],[-73.90069,40.66449],[-73.90056,40.66403],[-73.9005,40.66376],[-73.90049,40.66375],[-73.90049,40.66374],[-73.90049,40.66373],[-73.90048,40.66372],[-73.90048,40.66369],[-73.90046,40.66364],[-73.90022,40.66271],[-73.89989,40.66132],[-73.89926,40.65878],[-73.8991,40.65819],[-73.89858,40.65615],[-73.89854,40.65595],[-73.8984,40.65544],[-73.89836,40.65524],[-73.8982,40.65461],[-73.89804,40.65402],[-73.89799,40.6537],[-73.89801,40.65324],[-73.8981,40.6529],[-73.8983,40.65248],[-73.8985,40.65218],[-73.8987,40.65184],[-73.89907,40.65125],[-73.89961,40.65035],[-73.8999,40.64988],[-73.89997,40.64979],[-73.90052,40.64888],[-73.90071,40.64859],[-73.90109,40.64793],[-73.90138,40.64741],[-73.90169,40.64693],[-73.90188,40.6466],[-73.9024,40.64576]]}},{"type":"Feature","properties":{"id":"SF-2","service":"SF","name":"Franklin Avenue Shuttle","color":"#646A73"},"geometry":{"type":"LineString","coordinates":[[-73.95576,40.68104],[-73.95579,40.67998],[-73.95583,40.67974],[-73.95595,40.67936],[-73.9564,40.67815],[-73.95672,40.67722],[-73.95693,40.67667],[-73.95698,40.6765],[-73.95717,40.676],[-73.95726,40.67573],[-73.95796,40.67383],[-73.95805,40.67354],[-73.95832,40.67288],[-73.9585,40.67237],[-73.9586,40.67213],[-73.95905,40.67087],[-73.95907,40.67083],[-73.95907,40.67082],[-73.95907,40.6708],[-73.95912,40.67069],[-73.95913,40.67064],[-73.95919,40.6705],[-73.95931,40.67015],[-73.95935,40.67006],[-73.95951,40.66958],[-73.95996,40.66837],[-73.95997,40.66831],[-73.96022,40.66764],[-73.96041,40.66708],[-73.9606,40.66658],[-73.9607,40.66627],[-73.96118,40.66494],[-73.96118,40.66491],[-73.9615,40.66405],[-73.9618,40.6634],[-73.96188,40.66328],[-73.96223,40.66287],[-73.96229,40.66275],[-73.96232,40.66263],[-73.96232,40.66256],[-73.96233,40.66255],[-73.96233,40.6625],[-73.96236,40.66241],[-73.96236,40.66229]]}},{"type":"Feature","properties":{"id":"J-1","service":"J","name":"Nassau Street Express","color":"#996633"},"geometry":{"type":"MultiLineString","coordinates":[[[-74.00382,40.71271],[-74.00403,40.71244],[-74.00419,40.71233],[-74.00453,40.71222],[-74.00488,40.71215],[-74.00535,40.71199],[-74.0057,40.71181],[-74.00589,40.71168],[-74.00623,40.71141],[-74.00645,40.71126],[-74.00649,40.71123],[-74.00652,40.7112],[-74.00659,40.71116],[-74.00682,40.71099],[-74.00695,40.7109],[-74.0073,40.71063],[-74.00757,40.7104],[-74.00769,40.71028],[-74.00771,40.71025],[-74.00778,40.7102],[-74.00789,40.71007],[-74.00888,40.70906],[-74.00914,40.70883],[-74.00968,40.70829],[-74.01022,40.7077],[-74.01039,40.70753],[-74.01073,40.70708],[-74.01106,40.70648]],[[-74.00381,40.71271],[-74.00265,40.71452],[-74.00179,40.71556],[-74.00027,40.71767],[-74.00022,40.71774],[-74.00016,40.7178],[-74.00011,40.71787],[-74.00003,40.71796],[-73.99999,40.71802],[-73.99997,40.71804],[-73.99994,40.71808],[-73.99989,40.71814],[-73.99975,40.71831],[-73.9997,40.71838],[-73.99964,40.71845],[-73.99959,40.7185],[-73.99952,40.71859],[-73.99947,40.71865],[-73.99932,40.71881],[-73.99929,40.71884],[-73.99911,40.71904],[-73.99909,40.71906],[-73.99904,40.71912],[-73.999,40.71918],[-73.99891,40.71928],[-73.99886,40.71935],[-73.9988,40.71942],[-73.99875,40.71949],[-73.99869,40.71956],[-73.99864,40.71963],[-73.9985,40.71979],[-73.99847,40.71984],[-73.99842,40.71989],[-73.99834,40.71998],[-73.99829,40.72005],[-73.99817,40.72018],[-73.99809,40.72028],[-73.99796,40.72042],[-73.99794,40.72045],[-73.99791,40.72049],[-73.99788,40.72052],[-73.99785,40.72056],[-73.99781,40.72061],[-73.99778,40.72064],[-73.99776,40.72066],[-73.99773,40.7207],[-73.99768,40.72075],[-73.99764,40.72079],[-73.99761,40.72082],[-73.99759,40.72084],[-73.99755,40.72087],[-73.99749,40.72092],[-73.99744,40.72095],[-73.99735,40.72101],[-73.99728,40.72104],[-73.99714,40.7211],[-73.99709,40.72111],[-73.99704,40.72112],[-73.99699,40.72113],[-73.99689,40.72114],[-73.99681,40.72115],[-73.99673,40.72115],[-73.99641,40.7211],[-73.99636,40.72108],[-73.9963,40.72107],[-73.99625,40.72105],[-73.99622,40.72105],[-73.99617,40.72103],[-73.99614,40.72102],[-73.99609,40.721],[-73.99606,40.72099],[-73.996,40.72097],[-73.99597,40.72096],[-73.99592,40.72094],[-73.99586,40.72092],[-73.99576,40.72088],[-73.99569,40.72086],[-73.99564,40.72085],[-73.99562,40.72084],[-73.99558,40.72082],[-73.99555,40.72081],[-73.9955,40.7208],[-73.99548,40.72079],[-73.99543,40.72077],[-73.99541,40.72077],[-73.99536,40.72075],[-73.99534,40.72074],[-73.99524,40.72071],[-73.99522,40.7207],[-73.99515,40.72068],[-73.99506,40.72065],[-73.99503,40.72064],[-73.99498,40.72062],[-73.99496,40.72061],[-73.99491,40.7206],[-73.99487,40.72058],[-73.9948,40.72056],[-73.99474,40.72054],[-73.99468,40.72052],[-73.99466,40.72051],[-73.99459,40.72049],[-73.99455,40.72048],[-73.99443,40.72044],[-73.99423,40.72038],[-73.99404,40.72031],[-73.99379,40.72023],[-73.99365,40.72019],[-73.9936,40.72017],[-73.99341,40.72011],[-73.99337,40.7201],[-73.99323,40.72005],[-73.99314,40.72003],[-73.99299,40.71998],[-73.99291,40.71996],[-73.99287,40.71994],[-73.99284,40.71993],[-73.99273,40.7199],[-73.99267,40.71988],[-73.9926,40.71986],[-73.99252,40.71984],[-73.99247,40.71982],[-73.9924,40.7198],[-73.99238,40.71979],[-73.99233,40.71978],[-73.99231,40.71977],[-73.99226,40.71976],[-73.99218,40.71973],[-73.99209,40.7197],[-73.99205,40.71969],[-73.99186,40.71963],[-73.99151,40.71953],[-73.99146,40.71951],[-73.99136,40.71948],[-73.9913,40.71946],[-73.99122,40.71944],[-73.99114,40.71941],[-73.991,40.71937],[-73.99091,40.71934],[-73.99082,40.71931],[-73.99062,40.71925],[-73.99058,40.71924],[-73.99053,40.71922],[-73.99048,40.71921],[-73.99039,40.71918],[-73.99014,40.7191],[-73.99009,40.71909],[-73.98999,40.71906],[-73.98989,40.71903],[-73.9897,40.71897],[-73.98936,40.71886],[-73.98926,40.71883],[-73.98912,40.71879],[-73.98905,40.71877],[-73.98898,40.71875],[-73.98896,40.71874],[-73.98891,40.71873],[-73.98869,40.71867],[-73.98864,40.71866],[-73.98861,40.71865],[-73.98852,40.71863],[-73.98832,40.71858],[-73.98828,40.71857],[-73.9882,40.71855],[-73.98815,40.71854],[-73.98813,40.71853],[-73.98811,40.71852],[-73.98803,40.7185],[-73.98801,40.7185],[-73.98796,40.71848],[-73.98791,40.71846],[-73.98786,40.71845],[-73.98779,40.71843],[-73.98774,40.71841],[-73.98764,40.71838],[-73.98759,40.71837],[-73.98752,40.71834],[-73.98747,40.71833],[-73.98737,40.7183],[-73.98715,40.71823],[-73.9871,40.71822],[-73.98707,40.71821],[-73.98702,40.71819],[-73.98697,40.71818],[-73.98691,40.71816],[-73.98686,40.71814],[-73.98681,40.71813],[-73.98671,40.7181],[-73.98668,40.71809],[-73.98663,40.71807],[-73.98661,40.71807],[-73.98653,40.71804],[-73.98647,40.71801],[-73.98642,40.71799],[-73.98637,40.71796],[-73.98621,40.71788],[-73.9862,40.71788],[-73.98617,40.71786],[-73.98614,40.71785],[-73.9861,40.71783],[-73.98606,40.71781],[-73.98604,40.7178],[-73.98602,40.71779],[-73.98544,40.7176],[-73.98539,40.71759],[-73.98537,40.71758],[-73.98532,40.71757],[-73.98527,40.71756],[-73.98522,40.71754],[-73.98499,40.71747],[-73.98494,40.71745],[-73.98487,40.71744],[-73.98482,40.71742],[-73.98472,40.71739],[-73.98462,40.71736],[-73.98452,40.71733],[-73.98447,40.71731],[-73.98442,40.7173],[-73.98428,40.71726],[-73.98423,40.71724],[-73.98419,40.71723],[-73.98413,40.71721],[-73.98408,40.7172],[-73.98403,40.71718],[-73.98398,40.71717],[-73.98393,40.71715],[-73.98391,40.71715],[-73.98386,40.71713],[-73.98383,40.71712],[-73.98376,40.7171],[-73.98373,40.71709],[-73.98368,40.71707],[-73.98366,40.71707],[-73.98353,40.71703],[-73.98343,40.717],[-73.98338,40.71698],[-73.98333,40.71697],[-73.98328,40.71695],[-73.98321,40.71693],[-73.98313,40.71691],[-73.98296,40.71686],[-73.98291,40.71684],[-73.98288,40.71683],[-73.98283,40.71682],[-73.98278,40.7168],[-73.98273,40.71679],[-73.98268,40.71677],[-73.98261,40.71675],[-73.98256,40.71673],[-73.98251,40.71672],[-73.98248,40.71671],[-73.98238,40.71668],[-73.98218,40.71662],[-73.98216,40.71661],[-73.98211,40.7166],[-73.98193,40.71654],[-73.98188,40.71653],[-73.98186,40.71652],[-73.98178,40.7165],[-73.98173,40.71648],[-73.98163,40.71645],[-73.98145,40.7164],[-73.98135,40.71637],[-73.9813,40.71635],[-73.98125,40.71634],[-73.9812,40.71632],[-73.98115,40.71631],[-73.9811,40.71629],[-73.981,40.71626],[-73.98092,40.71624],[-73.9809,40.71623],[-73.98082,40.71621],[-73.98078,40.71619],[-73.9807,40.71617],[-73.98065,40.71615],[-73.9806,40.71614],[-73.9805,40.71611],[-73.9804,40.71608],[-73.98035,40.71606],[-73.9803,40.71605],[-73.98017,40.71601],[-73.9801,40.71599],[-73.98007,40.71598],[-73.97997,40.71595],[-73.97987,40.71592],[-73.97982,40.7159],[-73.97977,40.71589],[-73.97969,40.71587],[-73.97964,40.71585],[-73.97957,40.71583],[-73.97952,40.71581],[-73.97944,40.71579],[-73.97942,40.71578],[-73.97927,40.71574],[-73.97922,40.71572],[-73.97912,40.71569],[-73.97904,40.71567],[-73.97899,40.71565],[-73.97892,40.71563],[-73.97889,40.71562],[-73.97882,40.7156],[-73.97879,40.71559],[-73.97874,40.71558],[-73.97869,40.71556],[-73.97862,40.71554],[-73.97857,40.71552],[-73.97849,40.7155],[-73.97842,40.71548],[-73.97839,40.71547],[-73.97834,40.71545],[-73.97827,40.71543],[-73.97794,40.71533],[-73.97787,40.71531],[-73.97779,40.71529],[-73.97774,40.71527],[-73.97767,40.71525],[-73.97757,40.71522],[-73.97747,40.71519],[-73.97723,40.71512],[-73.97713,40.71509],[-73.97708,40.71507],[-73.97698,40.71504],[-73.97696,40.71504],[-73.97683,40.715],[-73.97678,40.71498],[-73.97671,40.71496],[-73.97666,40.71495],[-73.97661,40.71493],[-73.97658,40.71492],[-73.97648,40.71489],[-73.97638,40.71486],[-73.97628,40.71483],[-73.97618,40.7148],[-73.97613,40.71478],[-73.97611,40.71478],[-73.97606,40.71476],[-73.97601,40.71475],[-73.97596,40.71473],[-73.97588,40.71471],[-73.97581,40.71469],[-73.97576,40.71467],[-73.97571,40.71466],[-73.97566,40.71464],[-73.97556,40.71461],[-73.97546,40.71458],[-73.97542,40.71457],[-73.97536,40.71455],[-73.97532,40.71454],[-73.97526,40.71452],[-73.97522,40.71451],[-73.97517,40.71449],[-73.97512,40.71448],[-73.97506,40.71446],[-73.97496,40.71443],[-73.97492,40.71442],[-73.97487,40.7144],[-73.97486,40.7144],[-73.97467,40.71434],[-73.97456,40.71431],[-73.97445,40.71428],[-73.9744,40.71426],[-73.9743,40.71423],[-73.97426,40.71422],[-73.97416,40.71419],[-73.97415,40.71419],[-73.9741,40.71417],[-73.97406,40.71416],[-73.974,40.71414],[-73.97396,40.71413],[-73.9739,40.71411],[-73.97386,40.7141],[-73.97381,40.71408],[-73.9738,40.71408],[-73.97371,40.71405],[-73.97361,40.71402],[-73.97356,40.71401],[-73.97351,40.71399],[-73.9735,40.71399],[-73.97345,40.71397],[-73.97341,40.71396],[-73.97335,40.71394],[-73.97331,40.71393],[-73.97321,40.7139],[-73.9732,40.7139],[-73.97315,40.71388],[-73.97305,40.71385],[-73.97301,40.71384],[-73.97295,40.71382],[-73.97291,40.71381],[-73.97286,40.71379],[-73.97285,40.71379],[-73.97275,40.71376],[-73.97265,40.71373],[-73.97255,40.7137],[-73.9725,40.71368],[-73.97245,40.71367],[-73.97235,40.71364],[-73.97225,40.71361],[-73.97221,40.71359],[-73.9722,40.71359],[-73.9721,40.71356],[-73.972,40.71353],[-73.97195,40.71352],[-73.9719,40.7135],[-73.9718,40.71347],[-73.9717,40.71344],[-73.9716,40.71341],[-73.97155,40.71339],[-73.9715,40.71338],[-73.9714,40.71335],[-73.9713,40.71332],[-73.97125,40.7133],[-73.9712,40.71329],[-73.97115,40.71327],[-73.97105,40.71324],[-73.97094,40.71321],[-73.97084,40.71318],[-73.97075,40.71315],[-73.97065,40.71312],[-73.97009,40.71295],[-73.96999,40.71292],[-73.96989,40.71289],[-73.96979,40.71286],[-73.96968,40.71282],[-73.96945,40.71276],[-73.96748,40.71215],[-73.96707,40.71203],[-73.96127,40.71027],[-73.96116,40.71024],[-73.96113,40.71023],[-73.96111,40.71022],[-73.9611,40.71022],[-73.96108,40.71021],[-73.96106,40.7102],[-73.96105,40.7102],[-73.96103,40.71019],[-73.96101,40.71018],[-73.961,40.71018],[-73.96098,40.71017],[-73.96097,40.71016],[-73.96096,40.71016],[-73.9609,40.71013],[-73.96089,40.71013],[-73.96088,40.71012],[-73.96087,40.71011],[-73.96086,40.71011],[-73.96085,40.7101],[-73.96083,40.71009],[-73.96081,40.71008],[-73.9608,40.71007],[-73.96079,40.71006],[-73.96078,40.71005],[-73.96077,40.71005],[-73.96076,40.71004],[-73.96075,40.71004],[-73.96074,40.71003],[-73.96073,40.71002],[-73.96072,40.71002],[-73.96071,40.71001],[-73.9607,40.71],[-73.96069,40.71],[-73.96068,40.70999],[-73.96067,40.70998],[-73.96066,40.70997],[-73.96065,40.70996],[-73.96064,40.70996],[-73.96063,40.70995],[-73.96062,40.70994],[-73.9606,40.70993],[-73.96059,40.70992],[-73.95993,40.70937],[-73.95952,40.70904],[-73.95951,40.70904],[-73.9595,40.70903],[-73.95949,40.70902],[-73.95948,40.70901],[-73.95947,40.70901],[-73.95946,40.709],[-73.95945,40.70899],[-73.95944,40.70898],[-73.95943,40.70897],[-73.95942,40.70897],[-73.95941,40.70896],[-73.9594,40.70895],[-73.95939,40.70895],[-73.95938,40.70894],[-73.95935,40.70892],[-73.95934,40.70892],[-73.95933,40.70891],[-73.95932,40.7089],[-73.95931,40.7089],[-73.95929,40.70889],[-73.95927,40.70888],[-73.95925,40.70887],[-73.95923,40.70886],[-73.95922,40.70886],[-73.9592,40.70885],[-73.95919,40.70885],[-73.95916,40.70883],[-73.95867,40.70867],[-73.9568,40.70803],[-73.9566,40.70796],[-73.95549,40.70758],[-73.95545,40.70756],[-73.95429,40.70717],[-73.95243,40.70653],[-73.95218,40.70645],[-73.95213,40.70643],[-73.95208,40.70641],[-73.95207,40.70641],[-73.95205,40.7064],[-73.95203,40.70639],[-73.95202,40.70639],[-73.952,40.70638],[-73.95198,40.70637],[-73.95197,40.70637],[-73.95195,40.70636],[-73.95193,40.70635],[-73.95192,40.70635],[-73.9519,40.70634],[-73.95185,40.70632],[-73.95181,40.7063],[-73.95177,40.70628],[-73.95176,40.70628],[-73.95174,40.70627],[-73.95172,40.70626],[-73.9517,40.70625],[-73.95166,40.70623],[-73.95165,40.70623],[-73.95161,40.70621],[-73.95158,40.70619],[-73.95154,40.70617],[-73.95152,40.70616],[-73.9515,40.70615],[-73.95148,40.70614],[-73.95144,40.70611],[-73.95031,40.70548],[-73.95025,40.70545],[-73.95024,40.70544],[-73.95019,40.70541],[-73.94817,40.70428],[-73.94664,40.70343],[-73.94316,40.70148],[-73.94312,40.70146],[-73.9431,40.70145],[-73.94306,40.70143],[-73.94303,40.70141],[-73.943,40.70139],[-73.94296,40.70137],[-73.94289,40.70133],[-73.94286,40.70131],[-73.94281,40.70128],[-73.94278,40.70126],[-73.94273,40.70123],[-73.94187,40.70069],[-73.94184,40.70067],[-73.94182,40.70066],[-73.94181,40.70065],[-73.94177,40.70063],[-73.94172,40.7006],[-73.9417,40.70059],[-73.94165,40.70055],[-73.94032,40.69981],[-73.93675,40.69781],[-73.93671,40.69779],[-73.93666,40.69776],[-73.93664,40.69775],[-73.9366,40.69773],[-73.93654,40.69769],[-73.9365,40.69767],[-73.93632,40.69757],[-73.9363,40.69756],[-73.93625,40.69753],[-73.93618,40.69749],[-73.93616,40.69748],[-73.93612,40.69746],[-73.93518,40.69693],[-73.93516,40.69692],[-73.93512,40.6969],[-73.93509,40.69688],[-73.93502,40.69684],[-73.93497,40.69681],[-73.93493,40.69679],[-73.93477,40.6967],[-73.93474,40.69668],[-73.93472,40.69667],[-73.93428,40.69641],[-73.93157,40.69491],[-73.92956,40.69377],[-73.92802,40.69289],[-73.92302,40.69004],[-73.92147,40.68916],[-73.91735,40.68681],[-73.91122,40.68331],[-73.90969,40.68244],[-73.90963,40.68241],[-73.9074,40.68113],[-73.90624,40.68048],[-73.90537,40.67997],[-73.90522,40.67989],[-73.90403,40.67919],[-73.90369,40.679],[-73.90319,40.67868],[-73.90256,40.67831],[-73.90234,40.67819],[-73.90076,40.67724],[-73.90011,40.67687],[-73.89999,40.67683],[-73.89973,40.67681],[-73.89765,40.67712],[-73.89744,40.67715],[-73.8974,40.67716],[-73.89738,40.67716],[-73.89734,40.67717],[-73.89728,40.67717],[-73.89493,40.67753],[-73.89265,40.67786],[-73.89015,40.67823],[-73.88981,40.67829],[-73.8895,40.67838],[-73.88669,40.67928],[-73.88567,40.6796],[-73.88386,40.68018],[-73.87969,40.68151],[-73.87917,40.68167],[-73.87462,40.68294],[-73.87293,40.68341],[-73.8727,40.68347],[-73.87247,40.68358],[-73.87236,40.68369],[-73.87231,40.68382],[-73.8723,40.68385],[-73.8723,40.68387],[-73.87229,40.68391],[-73.8723,40.68401],[-73.8723,40.68403],[-73.87242,40.68438],[-73.87248,40.68459],[-73.87315,40.68667],[-73.87326,40.68703],[-73.87385,40.68873],[-73.87385,40.68875],[-73.87386,40.68876],[-73.87386,40.68878],[-73.87387,40.68879],[-73.87387,40.6888],[-73.87388,40.68882],[-73.87388,40.68883],[-73.87389,40.68885],[-73.87389,40.68887],[-73.8739,40.68889],[-73.87391,40.68898],[-73.87391,40.68909],[-73.87391,40.6891],[-73.8739,40.68914],[-73.87389,40.68917],[-73.87377,40.68935],[-73.87366,40.68944],[-73.87337,40.68957],[-73.87233,40.69001],[-73.87172,40.69026],[-73.87142,40.69035],[-73.86999,40.6907],[-73.86844,40.69109],[-73.86632,40.69142],[-73.86554,40.69155],[-73.86271,40.69204],[-73.86229,40.69212],[-73.86209,40.69214],[-73.86101,40.69229],[-73.85983,40.69244],[-73.85956,40.69248],[-73.85898,40.69251],[-73.85581,40.69269],[-73.85562,40.69269],[-73.85514,40.69273],[-73.85467,40.6928],[-73.85426,40.69289],[-73.85374,40.69305],[-73.85251,40.69352],[-73.85138,40.69394],[-73.85087,40.69412],[-73.85038,40.69425],[-73.85005,40.69432],[-73.84671,40.69496],[-73.84605,40.69508],[-73.84561,40.69513],[-73.84522,40.69515],[-73.84249,40.69515],[-73.8417,40.69518],[-73.84071,40.69527],[-73.84009,40.69536],[-73.83969,40.69545],[-73.83933,40.69556],[-73.83891,40.69572],[-73.83834,40.69601],[-73.8371,40.69686],[-73.8364,40.69735],[-73.83584,40.69769],[-73.83279,40.69937],[-73.83227,40.69961],[-73.83141,40.69986],[-73.83064,40.70006],[-73.83025,40.70015],[-73.82979,40.70024],[-73.82735,40.70063],[-73.82572,40.7009],[-73.82506,40.70107],[-73.82502,40.70107],[-73.82433,40.70127],[-73.82396,40.70136],[-73.82342,40.70143],[-73.8231,40.70143],[-73.82256,40.70136],[-73.82218,40.70125],[-73.82187,40.70112],[-73.82162,40.70098],[-73.82135,40.70079],[-73.82113,40.70061],[-73.82027,40.69996],[-73.8198,40.69964],[-73.8193,40.69933],[-73.81855,40.69894],[-73.81806,40.6987],[-73.81756,40.69852],[-73.81691,40.69838],[-73.81652,40.69834],[-73.81595,40.69834],[-73.81525,40.69841],[-73.8145,40.69854],[-73.81386,40.69868],[-73.81352,40.69877],[-73.81257,40.69905],[-73.81242,40.69908],[-73.81166,40.69928],[-73.81065,40.69956],[-73.80957,40.6999],[-73.8086,40.70022],[-73.80821,40.70033],[-73.80756,40.70053],[-73.80707,40.70065],[-73.8066,40.70078],[-73.80601,40.70092],[-73.80528,40.70112],[-73.80467,40.7013],[-73.80407,40.70145],[-73.80349,40.70157],[-73.80267,40.70176],[-73.80215,40.70189],[-73.79996,40.7024]]]}},{"type":"Feature","properties":{"id":"6-11","service":"6","name":"Lexington Av Local","color":"#00933C"},"geometry":{"type":"MultiLineString","coordinates":[[[-74.00483,40.71244],[-74.0045,40.71271],[-74.00413,40.71305],[-74.00382,40.71337],[-74.00354,40.71375],[-74.00341,40.714],[-74.00334,40.71419],[-74.00311,40.71504],[-74.00298,40.71555],[-74.0028,40.7159],[-74.00206,40.71675],[-74.00162,40.71722],[-74.00134,40.71754],[-74.00069,40.71825],[-74.00055,40.71841],[-74.00053,40.71843],[-74.00052,40.71845],[-74.00051,40.71846],[-74.00044,40.71852],[-74.00023,40.71877],[-73.99976,40.71927],[-73.99822,40.72101],[-73.99789,40.72141],[-73.99724,40.72215],[-73.99705,40.72245],[-73.99689,40.72286],[-73.99684,40.72303],[-73.99667,40.7234],[-73.99649,40.72368],[-73.99633,40.72389],[-73.99614,40.7241],[-73.99562,40.72474],[-73.99548,40.72489],[-73.99542,40.72498],[-73.99536,40.72504],[-73.99533,40.72508],[-73.99529,40.72513],[-73.99528,40.72515],[-73.99479,40.72573],[-73.9946,40.72597],[-73.99427,40.72646],[-73.99382,40.72707],[-73.9937,40.7272],[-73.99275,40.72834],[-73.99229,40.72887],[-73.99216,40.72904],[-73.99175,40.7295],[-73.99149,40.72974],[-73.99118,40.73],[-73.99093,40.73025],[-73.9907,40.73056],[-73.99057,40.73079],[-73.99046,40.73106],[-73.99036,40.73142],[-73.99033,40.73159],[-73.99006,40.73268],[-73.98998,40.73312],[-73.98992,40.73336],[-73.98986,40.73376],[-73.98986,40.73403],[-73.98991,40.73439],[-73.98993,40.73446],[-73.98993,40.73448],[-73.98994,40.7345],[-73.98995,40.73454],[-73.98995,40.73458],[-73.98999,40.73474],[-73.99001,40.73491],[-73.98999,40.73514],[-73.98986,40.73543],[-73.98904,40.73656],[-73.98865,40.73705],[-73.9877,40.73837],[-73.98651,40.74001],[-73.98619,40.74043],[-73.98551,40.7414],[-73.98529,40.74169],[-73.98507,40.74202],[-73.98462,40.74265],[-73.98395,40.74355],[-73.9833,40.74446],[-73.9829,40.74501],[-73.98256,40.74546],[-73.98241,40.74568],[-73.98145,40.747],[-73.98114,40.74739],[-73.98053,40.74821],[-73.98007,40.7488],[-73.97961,40.74944]],[[-73.82716,40.85295],[-73.82878,40.85221],[-73.82923,40.852],[-73.82944,40.85186],[-73.82964,40.85168],[-73.82976,40.85154],[-73.82989,40.8513],[-73.82995,40.85114],[-73.83027,40.84994],[-73.83049,40.84934],[-73.83063,40.84903],[-73.83118,40.8481],[-73.83142,40.84779],[-73.83163,40.84758],[-73.83195,40.84732],[-73.83324,40.8463],[-73.83557,40.84447],[-73.83698,40.84335],[-73.83737,40.84309],[-73.83783,40.84286],[-73.83794,40.84282],[-73.83895,40.8423],[-73.83905,40.84224],[-73.84033,40.84158],[-73.84114,40.84115],[-73.84167,40.84088],[-73.8419,40.84074],[-73.8422,40.84052],[-73.84248,40.84028],[-73.84367,40.83929],[-73.84636,40.83704],[-73.84645,40.83697],[-73.84772,40.8359],[-73.84915,40.83471],[-73.84946,40.83452],[-73.84987,40.83438],[-73.85041,40.83431],[-73.85217,40.83413],[-73.85219,40.83412],[-73.85721,40.83359],[-73.85763,40.83355],[-73.85981,40.83332],[-73.86005,40.83329],[-73.86169,40.83312],[-73.86223,40.83303],[-73.86256,40.83296],[-73.86288,40.83287],[-73.86843,40.83127],[-73.87369,40.82976],[-73.8764,40.82899],[-73.87689,40.82884],[-73.87721,40.82877],[-73.87829,40.82866],[-73.88017,40.82851],[-73.88186,40.82837],[-73.88218,40.82835],[-73.88473,40.82823],[-73.88513,40.82818],[-73.88541,40.8281],[-73.88574,40.82792],[-73.886,40.82765],[-73.88612,40.8274],[-73.88618,40.82705],[-73.88653,40.82484],[-73.88663,40.82415],[-73.88675,40.8237],[-73.88681,40.82355],[-73.887,40.82319],[-73.8873,40.82278],[-73.8876,40.82248],[-73.88789,40.82224],[-73.88884,40.82157],[-73.88907,40.82142],[-73.88939,40.82126],[-73.88971,40.82115],[-73.89136,40.82067],[-73.89163,40.82058],[-73.892,40.82038],[-73.89216,40.82025],[-73.8937,40.81875],[-73.89586,40.81666],[-73.89697,40.81557],[-73.89709,40.81546],[-73.89831,40.81428],[-73.89856,40.81403],[-73.89876,40.81386],[-73.89907,40.81366],[-73.89928,40.81356],[-73.89963,40.81343],[-73.90003,40.81332],[-73.90253,40.81261],[-73.90273,40.81256],[-73.90336,40.81235],[-73.90388,40.81213],[-73.90442,40.81186],[-73.90484,40.81161],[-73.90621,40.8107],[-73.90641,40.81058],[-73.90681,40.81029],[-73.907,40.8101],[-73.90714,40.80991],[-73.90726,40.80965],[-73.9078,40.80811],[-73.9081,40.80723],[-73.90821,40.80695],[-73.90833,40.80673],[-73.90858,40.80646],[-73.90886,40.80626],[-73.90937,40.80601],[-73.91096,40.80526],[-73.91131,40.80509],[-73.91178,40.80493],[-73.91209,40.80488],[-73.91255,40.80488],[-73.91286,40.80493],[-73.91316,40.80502],[-73.91348,40.80515],[-73.91673,40.80651],[-73.91834,40.80718],[-73.91845,40.80722],[-73.91997,40.80785],[-73.92014,40.80793],[-73.92311,40.80917],[-73.92456,40.80978],[-73.92499,40.81],[-73.92538,40.81018],[-73.92685,40.81081],[-73.92705,40.8109],[-73.92729,40.81105],[-73.92762,40.81134],[-73.92803,40.81168],[-73.9283,40.81188],[-73.92859,40.81206],[-73.92899,40.81222],[-73.92937,40.81229],[-73.92979,40.81229],[-73.93009,40.81224],[-73.93052,40.81208],[-73.93082,40.8119],[-73.93132,40.81153],[-73.93165,40.81125],[-73.93188,40.81102],[-73.9334,40.80933],[-73.9338,40.8089],[-73.93485,40.80783],[-73.94119,40.79917],[-73.94161,40.79859],[-73.94197,40.79812],[-73.9423,40.79765],[-73.94303,40.79667],[-73.94309,40.79657],[-73.94347,40.79607],[-73.94357,40.79592],[-73.94396,40.7954],[-73.94406,40.79525],[-73.9447,40.79439],[-73.9456,40.79314],[-73.94582,40.79286],[-73.94655,40.79185],[-73.94705,40.79118],[-73.94733,40.79078],[-73.94758,40.79046],[-73.94796,40.78994],[-73.94812,40.7897],[-73.94858,40.78909],[-73.94892,40.78861],[-73.94911,40.78837],[-73.94949,40.78783],[-73.94994,40.78722],[-73.95015,40.78695],[-73.95035,40.78666],[-73.95084,40.786],[-73.95094,40.78585],[-73.95217,40.78419],[-73.95226,40.78405],[-73.95268,40.78347],[-73.953,40.78305],[-73.95318,40.78279],[-73.95364,40.78218],[-73.95401,40.78165],[-73.95503,40.78028],[-73.9554,40.77975],[-73.95614,40.77876],[-73.9562,40.77866],[-73.95652,40.77824],[-73.95701,40.77755],[-73.95775,40.77656],[-73.95798,40.77622],[-73.9583,40.7758],[-73.95903,40.77479],[-73.95957,40.77406],[-73.95976,40.77378],[-73.96012,40.77331],[-73.96016,40.77324],[-73.96075,40.77244],[-73.96165,40.77119],[-73.96194,40.77081],[-73.96267,40.76979],[-73.96285,40.76956],[-73.96305,40.76927],[-73.96414,40.76779],[-73.96445,40.76735],[-73.9646,40.76716],[-73.96487,40.76677],[-73.96508,40.76649],[-73.96517,40.76634],[-73.96542,40.76601],[-73.96579,40.76548],[-73.96615,40.76501],[-73.96632,40.76477],[-73.96638,40.76469],[-73.96656,40.76443],[-73.96766,40.76295],[-73.96769,40.7629],[-73.9677,40.76289],[-73.96773,40.76285],[-73.96776,40.7628],[-73.96787,40.76266],[-73.96807,40.76237],[-73.96849,40.7618],[-73.96885,40.76133],[-73.96895,40.76118],[-73.96947,40.76047],[-73.96979,40.76005],[-73.9701,40.75961],[-73.97056,40.759],[-73.9709,40.75852],[-73.97094,40.75848],[-73.97094,40.75847],[-73.97101,40.75838],[-73.97101,40.75837],[-73.97104,40.75834],[-73.97115,40.75819],[-73.97122,40.75808],[-73.97138,40.75788],[-73.97153,40.75766],[-73.97213,40.75686],[-73.97233,40.75657],[-73.97265,40.75615],[-73.97303,40.75562],[-73.97321,40.75539],[-73.97386,40.75448],[-73.97448,40.75365],[-73.97483,40.75317],[-73.97547,40.75226],[-73.97565,40.75209],[-73.97597,40.75194],[-73.97629,40.75187],[-73.97673,40.7518],[-73.97679,40.75178],[-73.97686,40.75177],[-73.97689,40.75176],[-73.97692,40.75176],[-73.97699,40.75174],[-73.97731,40.75169],[-73.97775,40.7516],[-73.97808,40.75147],[-73.97821,40.75138],[-73.97837,40.75122],[-73.97861,40.75088],[-73.97904,40.75031],[-73.97935,40.74985],[-73.9796,40.74944]]]}},{"type":"Feature","properties":{"id":"ST-10","service":"ST","name":"42 Street Shuttle","color":"#646A73"},"geometry":{"type":"LineString","coordinates":[[-73.9792,40.75275],[-73.97981,40.75301],[-73.98014,40.75313],[-73.98071,40.75339],[-73.9814,40.75367],[-73.98191,40.75389],[-73.98254,40.75414],[-73.98367,40.75462],[-73.98411,40.75479],[-73.98412,40.7548],[-73.98415,40.75481],[-73.98418,40.75483],[-73.98424,40.75485],[-73.98452,40.75497],[-73.98549,40.75537],[-73.98577,40.75551],[-73.98596,40.75563],[-73.98626,40.75593]]}},{"type":"Feature","properties":{"id":"B-9","service":"B","name":"6 Avenue Express","color":"#FF6319"},"geometry":{"type":"MultiLineString","coordinates":[[[-73.96132,40.57753],[-73.96036,40.57773],[-73.96014,40.5778],[-73.95987,40.57796],[-73.95973,40.5781],[-73.95939,40.57857],[-73.95813,40.58024],[-73.95772,40.58081],[-73.95721,40.5815],[-73.95632,40.58272],[-73.95467,40.58501],[-73.95448,40.58532],[-73.95432,40.58564],[-73.95422,40.58591],[-73.9541,40.58645],[-73.95408,40.58672],[-73.95406,40.58733],[-73.95398,40.58811],[-73.95398,40.58872],[-73.95401,40.58925],[-73.95411,40.58994],[-73.95426,40.59088],[-73.95451,40.59227],[-73.95729,40.60689],[-73.95743,40.60761],[-73.95754,40.60804],[-73.95764,40.60853],[-73.95778,40.60932],[-73.95784,40.60979],[-73.95797,40.61046],[-73.9612,40.62754],[-73.96129,40.62805],[-73.96151,40.62909],[-73.96172,40.62995],[-73.96432,40.64346],[-73.96447,40.64434],[-73.96449,40.64483],[-73.96446,40.64525],[-73.96441,40.64557],[-73.96426,40.64612],[-73.96393,40.64721],[-73.9637,40.64794],[-73.96353,40.64861],[-73.96333,40.64926],[-73.96221,40.65284],[-73.96208,40.65328],[-73.9618,40.65409],[-73.9617,40.65435],[-73.96144,40.6552],[-73.96134,40.65563],[-73.96129,40.65605],[-73.96129,40.65652],[-73.96136,40.65713],[-73.96154,40.65816],[-73.96165,40.65886],[-73.96183,40.65994],[-73.96192,40.66037],[-73.96208,40.66098],[-73.96214,40.6614],[-73.9623,40.66241],[-73.96232,40.66255],[-73.96233,40.66265],[-73.96239,40.66296],[-73.96248,40.66324],[-73.96267,40.6636],[-73.96292,40.66398],[-73.96321,40.66439],[-73.96543,40.66763],[-73.96555,40.66779],[-73.96967,40.67347],[-73.96976,40.67358],[-73.96979,40.67363],[-73.9698,40.67368],[-73.96983,40.6738],[-73.9699,40.67388],[-73.97586,40.6821],[-73.97623,40.6826],[-73.97636,40.68281],[-73.97649,40.68308],[-73.97664,40.68361],[-73.97672,40.68408],[-73.97692,40.68512],[-73.97698,40.6855],[-73.97709,40.68607],[-73.97714,40.68625],[-73.97724,40.68674],[-73.97726,40.68687],[-73.97727,40.6869],[-73.97727,40.68694],[-73.97728,40.68695],[-73.97728,40.687],[-73.97734,40.68723],[-73.97743,40.68741],[-73.97766,40.68764],[-73.97783,40.68774],[-73.97875,40.68807],[-73.97893,40.68816],[-73.97932,40.68836],[-73.97952,40.68848],[-73.97979,40.68861],[-73.98022,40.68885],[-73.98068,40.68908],[-73.98096,40.68926],[-73.98111,40.68941],[-73.98126,40.68964],[-73.98141,40.68997],[-73.98186,40.69086],[-73.98223,40.69163],[-73.98233,40.69178]],[[-73.98233,40.69177],[-73.98233,40.69178]],[[-73.98233,40.69178],[-73.98241,40.69196],[-73.98274,40.69257],[-73.98289,40.69289],[-73.9835,40.6941],[-73.98374,40.69471],[-73.98386,40.69497],[-73.98414,40.69549],[-73.98441,40.69618],[-73.98448,40.69632],[-73.98499,40.6972],[-73.98511,40.69746],[-73.98531,40.69784],[-73.98552,40.69834],[-73.98568,40.69867],[-73.98601,40.69924],[-73.98633,40.69983],[-73.98652,40.70015],[-73.98681,40.70069],[-73.98691,40.70085],[-73.98739,40.70171],[-73.98755,40.70201],[-73.98784,40.70251],[-73.98845,40.70362],[-73.9886,40.70387],[-73.98879,40.70423],[-73.98891,40.70442],[-73.9891,40.70478],[-73.98966,40.70574],[-73.99,40.70638],[-73.99016,40.70665],[-73.9909,40.70801],[-73.99128,40.70865],[-73.99158,40.70918],[-73.9917,40.70942],[-73.99206,40.71005],[-73.9924,40.7107],[-73.99289,40.71157],[-73.99298,40.71175],[-73.9933,40.71231],[-73.99368,40.71303],[-73.99427,40.71408],[-73.99465,40.71478],[-73.99483,40.71518],[-73.99487,40.71549],[-73.99487,40.71588],[-73.99483,40.71615],[-73.99478,40.71629],[-73.99461,40.71663],[-73.99435,40.71709],[-73.99392,40.71789],[-73.99336,40.71901],[-73.99289,40.71986],[-73.99288,40.7199],[-73.99287,40.71992],[-73.99285,40.71996],[-73.99283,40.71999],[-73.99282,40.72002],[-73.99279,40.72007],[-73.99258,40.72049],[-73.99236,40.72088],[-73.99217,40.72128],[-73.99175,40.72212],[-73.99164,40.72249],[-73.99164,40.72276],[-73.99172,40.72307],[-73.9918,40.72332],[-73.99202,40.72377],[-73.99213,40.7239],[-73.99234,40.72406],[-73.99254,40.72417],[-73.9931,40.72439],[-73.99354,40.72453],[-73.99424,40.72474],[-73.9948,40.72489],[-73.99522,40.72502],[-73.99531,40.72504],[-73.99535,40.72505],[-73.99539,40.72506],[-73.99543,40.72507],[-73.99548,40.72509],[-73.99563,40.72512],[-73.99593,40.7252],[-73.99641,40.72534],[-73.99651,40.72538],[-73.9966,40.7254],[-73.99669,40.72543],[-73.99674,40.72545],[-73.99683,40.72548],[-73.99744,40.72569],[-73.99805,40.72596],[-73.99843,40.72614],[-73.99891,40.7264],[-74,40.72696],[-74.00041,40.72715],[-74.00085,40.72738],[-74.0016,40.72775],[-74.00183,40.72789],[-74.00216,40.72818],[-74.00231,40.72841],[-74.0024,40.72861],[-74.00245,40.72882],[-74.00245,40.72908],[-74.00241,40.72926],[-74.0023,40.72951],[-74.00202,40.72994],[-74.00099,40.73155],[-74.00088,40.73171],[-73.99938,40.73382],[-73.99918,40.73412],[-73.99865,40.73484],[-73.99752,40.73641],[-73.99746,40.73648],[-73.99692,40.73723],[-73.99689,40.73726],[-73.99687,40.7373],[-73.99685,40.73732],[-73.99683,40.73735],[-73.99681,40.73738],[-73.99679,40.7374],[-73.99678,40.73743],[-73.99674,40.73747],[-73.99543,40.73929],[-73.99498,40.73991],[-73.99473,40.74027],[-73.99442,40.74068],[-73.99406,40.74119],[-73.99396,40.74131],[-73.99345,40.74203],[-73.99273,40.743],[-73.99267,40.7431],[-73.99236,40.74351],[-73.9922,40.74375],[-73.99158,40.74458],[-73.99145,40.74478],[-73.98995,40.74682],[-73.98975,40.74711],[-73.9895,40.74744],[-73.98913,40.74797],[-73.98889,40.74828],[-73.98836,40.74902],[-73.98819,40.74924],[-73.98805,40.74944],[-73.98801,40.74948],[-73.98798,40.74953],[-73.98795,40.74958],[-73.98781,40.74976],[-73.98751,40.75019],[-73.98703,40.75083],[-73.98665,40.75135],[-73.98606,40.75218],[-73.98586,40.75243],[-73.98558,40.75283],[-73.98537,40.7531],[-73.98505,40.75356],[-73.98461,40.75416],[-73.98447,40.75434],[-73.98424,40.75467],[-73.9842,40.75471],[-73.98417,40.75476],[-73.98414,40.7548],[-73.98412,40.75482],[-73.98407,40.7549],[-73.98379,40.75528],[-73.9834,40.75583],[-73.98288,40.75649],[-73.98062,40.75961],[-73.98009,40.76043],[-73.97966,40.76099],[-73.97956,40.76119],[-73.97951,40.7614],[-73.97954,40.76171],[-73.97964,40.76192],[-73.97976,40.76206],[-73.9798,40.7621],[-73.97985,40.76215],[-73.9799,40.76219],[-73.98026,40.76238],[-73.98101,40.76265],[-73.98184,40.76299],[-73.98188,40.763],[-73.9819,40.76301],[-73.98196,40.76303],[-73.98202,40.76306],[-73.98226,40.76315],[-73.98244,40.76323],[-73.98269,40.76332],[-73.98274,40.76335],[-73.98281,40.76337],[-73.98286,40.76339],[-73.98293,40.76342],[-73.98311,40.76349],[-73.98324,40.76355],[-73.98344,40.76362],[-73.98365,40.76373],[-73.98391,40.76394],[-73.98409,40.76421],[-73.98416,40.76453],[-73.98413,40.76476],[-73.98395,40.76512],[-73.98286,40.7666],[-73.98238,40.76726],[-73.982,40.76776],[-73.98178,40.76804],[-73.98171,40.76813],[-73.98159,40.76828],[-73.98084,40.76929],[-73.98038,40.76999],[-73.97924,40.77153],[-73.97855,40.7725],[-73.9782,40.77298],[-73.97802,40.7732],[-73.9768,40.77486],[-73.96934,40.78508],[-73.96826,40.78656],[-73.96653,40.78894],[-73.96618,40.78954],[-73.96587,40.78999],[-73.96245,40.79466],[-73.96169,40.79565],[-73.96121,40.79631],[-73.95941,40.79875],[-73.95935,40.79885],[-73.95845,40.80006],[-73.95834,40.80019],[-73.95714,40.80184],[-73.95689,40.80217],[-73.95468,40.8052],[-73.95431,40.8057],[-73.95379,40.80635],[-73.95319,40.80713],[-73.95298,40.80749],[-73.95288,40.80778],[-73.95284,40.808],[-73.95284,40.80835],[-73.95292,40.80883],[-73.95305,40.80942],[-73.95307,40.80971],[-73.95302,40.80994],[-73.95285,40.81025],[-73.95217,40.81116],[-73.95199,40.81137],[-73.95149,40.81188],[-73.95131,40.81205],[-73.95032,40.81304],[-73.95009,40.8133],[-73.94974,40.81375],[-73.94951,40.8141],[-73.94929,40.81449],[-73.94897,40.81513],[-73.94726,40.81859],[-73.9469,40.81933],[-73.94671,40.81976],[-73.9461,40.82104],[-73.94586,40.82151],[-73.94531,40.82269],[-73.94492,40.82351],[-73.9446,40.82404],[-73.94389,40.82502],[-73.94369,40.82527],[-73.94363,40.82538],[-73.94295,40.82627],[-73.94256,40.82672],[-73.94197,40.82749],[-73.94173,40.82786],[-73.94152,40.82825],[-73.94092,40.82931],[-73.94071,40.82959],[-73.94053,40.82976],[-73.94032,40.82991],[-73.93988,40.83011],[-73.93952,40.8302],[-73.9388,40.83029],[-73.9379,40.83034],[-73.93689,40.83034],[-73.93648,40.83032],[-73.93608,40.83032],[-73.93544,40.83029],[-73.93494,40.83025],[-73.93371,40.83018],[-73.93353,40.83018],[-73.93213,40.83009],[-73.93153,40.83007],[-73.93039,40.82998],[-73.9299,40.82991],[-73.92954,40.82982],[-73.92927,40.82973],[-73.92886,40.82955],[-73.92846,40.82933],[-73.9276,40.8288],[-73.9272,40.82857],[-73.92654,40.82823],[-73.92601,40.82801],[-73.9259,40.82798],[-73.92587,40.82796],[-73.92585,40.82796],[-73.92582,40.82794],[-73.92579,40.82794],[-73.92577,40.82792],[-73.92565,40.82789],[-73.92545,40.82781],[-73.92479,40.82761],[-73.92445,40.82752],[-73.92401,40.82743],[-73.92373,40.8274],[-73.92334,40.8274],[-73.92288,40.82747],[-73.92258,40.82756],[-73.92227,40.8277],[-73.92206,40.82783],[-73.92167,40.82819],[-73.92149,40.82848],[-73.92128,40.82889],[-73.92055,40.8305],[-73.9204,40.83082],[-73.91993,40.83168],[-73.91974,40.83198],[-73.9194,40.83248],[-73.91893,40.83309],[-73.91854,40.83354],[-73.91816,40.83394],[-73.91706,40.83507],[-73.91673,40.8354],[-73.91526,40.83691],[-73.91515,40.83704],[-73.91411,40.83817],[-73.91384,40.8385],[-73.91354,40.83892],[-73.91324,40.8394],[-73.91299,40.83989],[-73.91268,40.84069],[-73.91215,40.8423],[-73.91153,40.84411],[-73.91146,40.84427],[-73.91128,40.84459],[-73.91103,40.84491],[-73.9104,40.84555],[-73.91002,40.84588],[-73.90968,40.84615],[-73.90921,40.84649],[-73.90793,40.84739],[-73.90765,40.8476],[-73.90727,40.84792],[-73.9068,40.84839],[-73.90638,40.84888],[-73.90581,40.84959],[-73.90456,40.85116],[-73.90441,40.85133],[-73.90399,40.85187],[-73.90374,40.85217],[-73.90295,40.85316],[-73.90157,40.85488],[-73.901,40.85563],[-73.9006,40.85624],[-73.90022,40.85689],[-73.89883,40.85923],[-73.89821,40.86039],[-73.898,40.86077],[-73.89784,40.86111],[-73.89749,40.86176],[-73.8971,40.86241],[-73.89679,40.86288],[-73.89653,40.86325],[-73.89625,40.86361],[-73.89546,40.86455],[-73.89485,40.86529],[-73.89439,40.86587],[-73.8931,40.86757],[-73.89245,40.86844],[-73.8923,40.86862],[-73.89204,40.86898],[-73.89184,40.86923],[-73.89156,40.86952],[-73.89118,40.86985],[-73.89051,40.8703],[-73.88995,40.87064],[-73.88953,40.87087],[-73.88883,40.87135],[-73.88837,40.8718],[-73.88776,40.87248],[-73.88754,40.87274],[-73.88719,40.8732],[-73.88693,40.8736],[-73.88669,40.87402]]]}},{"type":"Feature","properties":{"id":"4-8","service":"4","name":"Lexington Av Express","color":"#00933C"},"geometry":{"type":"MultiLineString","coordinates":[[[-73.93294,40.66891],[-73.9526,40.66997],[-73.95525,40.67013],[-73.95569,40.67019],[-73.95634,40.67031],[-73.95656,40.67037],[-73.95717,40.67049],[-73.95897,40.67086],[-73.95905,40.67087],[-73.9591,40.67089],[-73.96,40.67107],[-73.96039,40.67116],[-73.96219,40.67154],[-73.96309,40.67176],[-73.96381,40.67192],[-73.96438,40.67208],[-73.96499,40.67228],[-73.96584,40.67253],[-73.96677,40.67283],[-73.96719,40.67295],[-73.96769,40.67306],[-73.96826,40.67317],[-73.96848,40.6732],[-73.96916,40.67337],[-73.96955,40.67354],[-73.96976,40.67367],[-73.9698,40.6737],[-73.9698,40.67371],[-73.96981,40.67371],[-73.96982,40.67372],[-73.96984,40.67373],[-73.96992,40.67379],[-73.96993,40.67381],[-73.96994,40.67382],[-73.96995,40.67382],[-73.96999,40.67385],[-73.97031,40.67421],[-73.97055,40.67456],[-73.97077,40.67484],[-73.97099,40.67517],[-73.97159,40.67598],[-73.97226,40.67692],[-73.97257,40.67733],[-73.97302,40.67797],[-73.97365,40.67882],[-73.97367,40.67887],[-73.9742,40.67958],[-73.97469,40.68025],[-73.97483,40.68046],[-73.97506,40.68076],[-73.97516,40.68092],[-73.97537,40.68119],[-73.97573,40.6817],[-73.97586,40.68186],[-73.97635,40.68255],[-73.97654,40.6828],[-73.97693,40.68335],[-73.97794,40.68473],[-73.97798,40.68479],[-73.97799,40.68481],[-73.978,40.68482],[-73.97802,40.68485],[-73.97804,40.68487],[-73.97804,40.68488],[-73.97806,40.68491],[-73.97808,40.68493],[-73.97809,40.68495],[-73.9781,40.68496],[-73.97811,40.68498],[-73.97813,40.685],[-73.97813,40.68501],[-73.97843,40.6854],[-73.97895,40.68613],[-73.97922,40.68648],[-73.97943,40.68679],[-73.97945,40.68681],[-73.97988,40.68741],[-73.98039,40.68809],[-73.98077,40.68864],[-73.98097,40.68885],[-73.98127,40.68903],[-73.98187,40.68926],[-73.98256,40.68955],[-73.98291,40.68968],[-73.98383,40.69006],[-73.98536,40.69066],[-73.98568,40.6908],[-73.98639,40.69107],[-73.98666,40.69119],[-73.98696,40.6913],[-73.98738,40.69148],[-73.98741,40.69148],[-73.98743,40.69149],[-73.98744,40.6915],[-73.98745,40.6915],[-73.98747,40.69151],[-73.9876,40.69156],[-73.98764,40.69158],[-73.98767,40.69159],[-73.98771,40.69161],[-73.98772,40.69161],[-73.98776,40.69163],[-73.98808,40.69175],[-73.98898,40.69212],[-73.98923,40.6922],[-73.98925,40.69221],[-73.98955,40.6923],[-73.98987,40.69237],[-73.99067,40.69248],[-73.99084,40.69249],[-73.99135,40.69257],[-73.99152,40.69258],[-73.99194,40.69266],[-73.99288,40.69282],[-73.99387,40.69296],[-73.99474,40.69309],[-73.99612,40.69332],[-73.9965,40.6934],[-73.99803,40.69367],[-73.9988,40.6938],[-73.99959,40.69397],[-74.00013,40.69412],[-74.00039,40.69418],[-74.00123,40.69444],[-74.00156,40.69455],[-74.00217,40.69478],[-74.0028,40.69504],[-74.00318,40.69521],[-74.00389,40.69556],[-74.00453,40.69591],[-74.00528,40.69637],[-74.00654,40.69722],[-74.00699,40.69751],[-74.00727,40.69771],[-74.00756,40.69789],[-74.01,40.69952],[-74.01036,40.69977],[-74.01107,40.70024],[-74.0116,40.70057],[-74.01182,40.70069],[-74.01229,40.70098],[-74.01341,40.70161],[-74.01378,40.70184],[-74.01402,40.70203],[-74.01425,40.70227],[-74.01442,40.70252],[-74.01447,40.70262],[-74.01448,40.70263],[-74.01449,40.70266],[-74.0145,40.70268],[-74.01451,40.7027],[-74.01458,40.70287],[-74.01467,40.70327],[-74.01468,40.70353],[-74.01466,40.70372],[-74.0146,40.70395],[-74.0145,40.70419],[-74.0141,40.70479],[-74.01391,40.70503],[-74.01363,40.70542],[-74.01289,40.70634],[-74.01261,40.70666],[-74.01218,40.70718],[-74.01201,40.7074],[-74.0114,40.70812],[-74.01126,40.7083],[-74.01088,40.70874],[-74.01066,40.70903],[-74.00941,40.71051],[-74.00909,40.71093],[-74.00907,40.71095],[-74.00906,40.71096],[-74.00904,40.71097],[-74.009,40.71103],[-74.00892,40.7111],[-74.00877,40.7112],[-74.00854,40.7113],[-74.00829,40.71137],[-74.00779,40.71148],[-74.00719,40.71163],[-74.00704,40.71167],[-74.00703,40.71168],[-74.00699,40.71169],[-74.00697,40.71169],[-74.00696,40.7117],[-74.00693,40.7117],[-74.00692,40.71171],[-74.00688,40.71171],[-74.00678,40.71175],[-74.00668,40.71177],[-74.00658,40.71181],[-74.00551,40.71208],[-74.0051,40.71224],[-74.00483,40.71244],[-74.0045,40.71271],[-74.00413,40.71305],[-74.00382,40.71337],[-74.00354,40.71375],[-74.00341,40.714],[-74.00334,40.71419],[-74.00311,40.71504],[-74.00298,40.71555],[-74.0028,40.7159],[-74.00206,40.71675],[-74.00162,40.71722],[-74.00134,40.71754],[-74.00069,40.71825],[-74.00055,40.71841],[-74.00053,40.71843],[-74.00052,40.71845],[-74.00051,40.71846],[-74.00044,40.71852],[-74.00023,40.71877],[-73.99976,40.71927],[-73.99822,40.72101],[-73.99789,40.72141],[-73.99724,40.72215],[-73.99705,40.72245],[-73.99689,40.72286],[-73.99684,40.72303],[-73.99667,40.7234],[-73.99649,40.72368],[-73.99633,40.72389],[-73.99614,40.7241],[-73.99562,40.72474],[-73.99548,40.72489],[-73.99542,40.72498],[-73.99536,40.72504],[-73.99533,40.72508],[-73.99529,40.72513],[-73.99528,40.72515],[-73.99479,40.72573],[-73.9946,40.72597],[-73.99427,40.72646],[-73.99382,40.72707],[-73.9937,40.7272],[-73.99275,40.72834],[-73.99229,40.72887],[-73.99216,40.72904],[-73.99175,40.7295],[-73.99149,40.72974],[-73.99118,40.73],[-73.99093,40.73025],[-73.9907,40.73056],[-73.99057,40.73079],[-73.99046,40.73106],[-73.99036,40.73142],[-73.99033,40.73159],[-73.99006,40.73268],[-73.98998,40.73312],[-73.98992,40.73336],[-73.98986,40.73376],[-73.98986,40.73403],[-73.98991,40.73439],[-73.98993,40.73446],[-73.98993,40.73448],[-73.98994,40.7345],[-73.98995,40.73454],[-73.98995,40.73458],[-73.98999,40.73474],[-73.99001,40.73491],[-73.98999,40.73514],[-73.98986,40.73543],[-73.98904,40.73656],[-73.98865,40.73705],[-73.9877,40.73837],[-73.98651,40.74001],[-73.98619,40.74043],[-73.98551,40.7414],[-73.98529,40.74169],[-73.98507,40.74202],[-73.98462,40.74265],[-73.98395,40.74355],[-73.9833,40.74446],[-73.9829,40.74501],[-73.98256,40.74546],[-73.98241,40.74568],[-73.98145,40.747],[-73.98114,40.74739],[-73.98053,40.74821],[-73.98007,40.7488],[-73.97961,40.74944]],[[-73.87825,40.88669],[-73.87923,40.88539],[-73.8795,40.88502],[-73.88008,40.88426],[-73.88091,40.88314],[-73.88123,40.88277],[-73.88158,40.88242],[-73.88524,40.87926],[-73.88664,40.87806],[-73.88728,40.8775],[-73.88756,40.87724],[-73.88768,40.8771],[-73.88783,40.87687],[-73.88827,40.87589],[-73.88844,40.87553],[-73.88884,40.87464],[-73.88911,40.87425],[-73.88933,40.87403],[-73.89133,40.87244],[-73.89169,40.87217],[-73.8922,40.87185],[-73.89282,40.87152],[-73.89423,40.87084],[-73.89462,40.87066],[-73.89491,40.8705],[-73.89507,40.87039],[-73.89533,40.87014],[-73.89584,40.8695],[-73.89611,40.86914],[-73.89669,40.86839],[-73.89767,40.86714],[-73.90056,40.86342],[-73.90152,40.86217],[-73.90181,40.86178],[-73.9019,40.86162],[-73.90302,40.85978],[-73.90341,40.85915],[-73.90426,40.85775],[-73.90499,40.85654],[-73.90519,40.85624],[-73.90538,40.85599],[-73.90572,40.85561],[-73.90656,40.8547],[-73.90693,40.85427],[-73.9082,40.85287],[-73.90873,40.85227],[-73.90894,40.85206],[-73.91009,40.85079],[-73.91045,40.85033],[-73.91131,40.84911],[-73.91133,40.84909],[-73.91224,40.84782],[-73.91415,40.84514],[-73.91512,40.84377],[-73.91602,40.84251],[-73.91731,40.84072],[-73.91733,40.84068],[-73.91822,40.83943],[-73.91826,40.83939],[-73.91894,40.83844],[-73.91924,40.83815],[-73.91946,40.83799],[-73.91994,40.83768],[-73.92019,40.83747],[-73.92044,40.83714],[-73.92082,40.8365],[-73.92106,40.83607],[-73.92274,40.83324],[-73.92406,40.831],[-73.92439,40.83045],[-73.92538,40.82876],[-73.92584,40.82799],[-73.92586,40.82795],[-73.92588,40.82792],[-73.92625,40.8273],[-73.92633,40.82716],[-73.92682,40.82634],[-73.92712,40.82577],[-73.92718,40.82558],[-73.92722,40.82534],[-73.92722,40.82503],[-73.92719,40.82484],[-73.92702,40.82432],[-73.92661,40.82311],[-73.9266,40.8231],[-73.9261,40.8216],[-73.92607,40.82144],[-73.92608,40.82112],[-73.92617,40.82084],[-73.92626,40.82067],[-73.92662,40.81987],[-73.92707,40.81895],[-73.92725,40.81857],[-73.92726,40.81853],[-73.92766,40.81769],[-73.92801,40.81691],[-73.92889,40.81464],[-73.92907,40.8142],[-73.92923,40.81395],[-73.92945,40.8137],[-73.93037,40.81274],[-73.93078,40.81234],[-73.93199,40.81107],[-73.93212,40.81094],[-73.93349,40.80939],[-73.93373,40.80913],[-73.93411,40.80875],[-73.93441,40.80843],[-73.93485,40.80783],[-73.94119,40.79917],[-73.94161,40.79859],[-73.94197,40.79812],[-73.9423,40.79765],[-73.94303,40.79667],[-73.94309,40.79657],[-73.94347,40.79607],[-73.94357,40.79592],[-73.94396,40.7954],[-73.94406,40.79525],[-73.9447,40.79439],[-73.9456,40.79314],[-73.94582,40.79286],[-73.94655,40.79185],[-73.94705,40.79118],[-73.94733,40.79078],[-73.94758,40.79046],[-73.94796,40.78994],[-73.94812,40.7897],[-73.94858,40.78909],[-73.94892,40.78861],[-73.94911,40.78837],[-73.94949,40.78783],[-73.94994,40.78722],[-73.95015,40.78695],[-73.95035,40.78666],[-73.95084,40.786],[-73.95094,40.78585],[-73.95217,40.78419],[-73.95226,40.78405],[-73.95268,40.78347],[-73.953,40.78305],[-73.95318,40.78279],[-73.95364,40.78218],[-73.95401,40.78165],[-73.95503,40.78028],[-73.9554,40.77975],[-73.95614,40.77876],[-73.9562,40.77866],[-73.95652,40.77824],[-73.95701,40.77755],[-73.95775,40.77656],[-73.95798,40.77622],[-73.9583,40.7758],[-73.95903,40.77479],[-73.95957,40.77406],[-73.95976,40.77378],[-73.96012,40.77331],[-73.96016,40.77324],[-73.96075,40.77244],[-73.96165,40.77119],[-73.96194,40.77081],[-73.96267,40.76979],[-73.96285,40.76956],[-73.96305,40.76927],[-73.96414,40.76779],[-73.96445,40.76735],[-73.9646,40.76716],[-73.96487,40.76677],[-73.96508,40.76649],[-73.96517,40.76634],[-73.96542,40.76601],[-73.96579,40.76548],[-73.96615,40.76501],[-73.96632,40.76477],[-73.96638,40.76469],[-73.96656,40.76443],[-73.96766,40.76295],[-73.96769,40.7629],[-73.9677,40.76289],[-73.96773,40.76285],[-73.96776,40.7628],[-73.96787,40.76266],[-73.96807,40.76237],[-73.96849,40.7618],[-73.96885,40.76133],[-73.96895,40.76118],[-73.96947,40.76047],[-73.96979,40.76005],[-73.9701,40.75961],[-73.97056,40.759],[-73.9709,40.75852],[-73.97094,40.75848],[-73.97094,40.75847],[-73.97101,40.75838],[-73.97101,40.75837],[-73.97104,40.75834],[-73.97115,40.75819],[-73.97122,40.75808],[-73.97138,40.75788],[-73.97153,40.75766],[-73.97213,40.75686],[-73.97233,40.75657],[-73.97265,40.75615],[-73.97303,40.75562],[-73.97321,40.75539],[-73.97386,40.75448],[-73.97448,40.75365],[-73.97483,40.75317],[-73.97547,40.75226],[-73.97565,40.75209],[-73.97597,40.75194],[-73.97629,40.75187],[-73.97673,40.7518],[-73.97679,40.75178],[-73.97686,40.75177],[-73.97689,40.75176],[-73.97692,40.75176],[-73.97699,40.75174],[-73.97731,40.75169],[-73.97775,40.7516],[-73.97808,40.75147],[-73.97821,40.75138],[-73.97837,40.75122],[-73.97861,40.75088],[-73.97904,40.75031],[-73.97935,40.74985],[-73.9796,40.74944]]]}},{"type":"Feature","properties":{"id":"Q-7","service":"Q","name":"Broadway Express","color":"#FCCC0A"},"geometry":{"type":"MultiLineString","coordinates":[[[-73.98115,40.57743],[-73.98103,40.57667],[-73.98091,40.57643],[-73.98075,40.57628],[-73.9805,40.57614],[-73.98009,40.57601],[-73.97915,40.57589],[-73.97824,40.57576],[-73.97796,40.57573],[-73.97744,40.57573],[-73.97703,40.57578],[-73.97651,40.57591],[-73.97645,40.57594],[-73.97579,40.57614],[-73.97446,40.57657],[-73.97404,40.57667],[-73.97362,40.57672],[-73.97328,40.57672],[-73.9728,40.57668],[-73.97176,40.57658],[-73.97049,40.57647],[-73.97041,40.57647],[-73.96865,40.57634],[-73.96783,40.57634],[-73.96716,40.57641],[-73.96382,40.57708],[-73.96249,40.57736],[-73.96134,40.57759]],[[-73.96136,40.57765],[-73.96061,40.5778],[-73.96016,40.57793],[-73.95998,40.57805],[-73.95979,40.57825],[-73.95968,40.57842],[-73.95827,40.5803],[-73.95786,40.58087],[-73.95735,40.58156],[-73.95646,40.58278],[-73.95477,40.58513],[-73.95456,40.58549],[-73.95442,40.5858],[-73.95427,40.58638],[-73.95423,40.58703],[-73.95423,40.58719],[-73.95414,40.58808],[-73.95414,40.58883],[-73.95419,40.58944],[-73.95426,40.58992],[-73.95457,40.59173],[-73.95467,40.59225],[-73.95745,40.60687],[-73.9575,40.60718],[-73.9576,40.60765],[-73.95767,40.6079],[-73.95792,40.60918],[-73.95796,40.60956],[-73.95812,40.61045],[-73.96135,40.62752],[-73.96157,40.62865],[-73.96177,40.6295],[-73.96185,40.6298],[-73.96195,40.6303],[-73.96234,40.63232],[-73.96447,40.64344],[-73.96454,40.64376],[-73.96463,40.64433],[-73.96465,40.64483],[-73.96461,40.64533],[-73.96454,40.64572],[-73.96442,40.64615],[-73.9643,40.64651],[-73.96384,40.64803],[-73.96375,40.64839],[-73.96357,40.64902],[-73.96348,40.64929],[-73.96236,40.65287],[-73.96212,40.65366],[-73.96183,40.65446],[-73.96159,40.65523],[-73.96148,40.65576],[-73.96145,40.65605],[-73.96145,40.65652],[-73.96147,40.65676],[-73.96155,40.65728],[-73.9617,40.65814],[-73.96181,40.65885],[-73.96198,40.65983],[-73.962,40.65999],[-73.96209,40.6604],[-73.96216,40.66063],[-73.96226,40.66118],[-73.96245,40.6624],[-73.96258,40.66306],[-73.96274,40.66343],[-73.96304,40.66389],[-73.96507,40.66685],[-73.96547,40.66743],[-73.96569,40.66773],[-73.96984,40.67345],[-73.96992,40.67363],[-73.96993,40.6737],[-73.96993,40.67376],[-73.96993,40.6738],[-73.96996,40.67385],[-73.97368,40.67899],[-73.97592,40.68207],[-73.97613,40.68235],[-73.97637,40.6827],[-73.97651,40.68295],[-73.97663,40.68326],[-73.97669,40.68348],[-73.97704,40.68522],[-73.97715,40.6858],[-73.97731,40.6865],[-73.97734,40.68659],[-73.97739,40.68687],[-73.9774,40.6869],[-73.9774,40.68694],[-73.9774,40.68695],[-73.97741,40.68695],[-73.97741,40.687],[-73.97749,40.68727],[-73.97757,40.6874],[-73.97778,40.68759],[-73.97813,40.68775],[-73.97838,40.68782],[-73.97842,40.68784],[-73.97845,40.68785],[-73.97849,40.68786],[-73.97852,40.68787],[-73.97856,40.68788],[-73.97865,40.68791],[-73.97901,40.68807],[-73.97961,40.68839],[-73.98025,40.68872],[-73.9803,40.68876],[-73.98077,40.68899],[-73.98102,40.68915],[-73.98118,40.68929],[-73.9813,40.68944],[-73.98221,40.69125],[-73.98231,40.69149],[-73.9828,40.69239],[-73.9836,40.69399],[-73.98369,40.69423],[-73.98394,40.69482],[-73.98419,40.69528],[-73.98433,40.69557],[-73.98442,40.69581],[-73.98468,40.69636],[-73.98487,40.6967],[-73.98523,40.69742],[-73.98546,40.69791],[-73.98587,40.69852],[-73.98614,40.69899],[-73.98619,40.6991],[-73.98674,40.70007],[-73.9868,40.7002],[-73.98684,40.70025],[-73.98686,40.70031],[-73.98708,40.70068],[-73.98735,40.70118],[-73.98763,40.70166],[-73.98795,40.70226],[-73.98808,40.70247],[-73.98874,40.70367],[-73.98886,40.70386],[-73.98941,40.70487],[-73.98989,40.70566],[-73.99003,40.70594],[-73.99117,40.708],[-73.99177,40.70904],[-73.99191,40.70931],[-73.99218,40.70977],[-73.9924,40.71019],[-73.99272,40.71076],[-73.99304,40.71131],[-73.9934,40.71197],[-73.99364,40.71238],[-73.99377,40.71264],[-73.99416,40.71331],[-73.99443,40.71381],[-73.99457,40.71404],[-73.99514,40.71508],[-73.99535,40.71541],[-73.99556,40.71563],[-73.99589,40.71592],[-73.99608,40.71606],[-73.99632,40.7162],[-73.99704,40.71648],[-73.99771,40.71679],[-73.99833,40.717],[-73.99862,40.71711],[-73.99894,40.71727],[-73.99929,40.71752],[-73.99969,40.71784],[-73.99997,40.71804],[-74.00018,40.71818],[-74.00021,40.71821],[-74.00036,40.71832],[-74.0004,40.71834],[-74.00047,40.7184],[-74.00051,40.71842],[-74.00051,40.71843],[-74.00054,40.71845],[-74.00055,40.71845],[-74.00057,40.71847],[-74.00058,40.71847],[-74.00061,40.7185],[-74.00065,40.71852],[-74.00065,40.71853],[-74.00134,40.71902],[-74.00146,40.71913],[-74.00159,40.71933],[-74.00161,40.71959],[-74.00149,40.71982],[-74.00112,40.72027],[-74.00051,40.72098],[-74.00049,40.72102],[-73.99955,40.72211],[-73.99906,40.72271],[-73.99868,40.72314],[-73.99841,40.72347],[-73.99811,40.72381],[-73.99783,40.72416],[-73.99765,40.72436],[-73.99722,40.72488],[-73.9968,40.72536],[-73.99677,40.72541],[-73.99676,40.72541],[-73.99675,40.72543],[-73.99672,40.72546],[-73.99672,40.72547],[-73.9967,40.72548],[-73.99666,40.72554],[-73.99654,40.72567],[-73.99646,40.72578],[-73.9959,40.72643],[-73.99479,40.72776],[-73.9938,40.72891],[-73.99343,40.72937],[-73.99316,40.72967],[-73.99305,40.72982],[-73.99278,40.73012],[-73.99273,40.7302],[-73.992,40.73106],[-73.99191,40.73115],[-73.99156,40.73158],[-73.99141,40.73187],[-73.99135,40.73207],[-73.99098,40.73378],[-73.9908,40.73466],[-73.99077,40.73477],[-73.99077,40.73481],[-73.99076,40.73483],[-73.99076,40.73484],[-73.99075,40.73485],[-73.99072,40.73503],[-73.99058,40.73563],[-73.99058,40.73568],[-73.99028,40.737],[-73.99028,40.73705],[-73.99013,40.73769],[-73.98999,40.73841],[-73.98991,40.73873],[-73.98977,40.7392],[-73.98962,40.73975],[-73.9895,40.74028],[-73.98938,40.74115],[-73.98936,40.74141],[-73.98929,40.74188],[-73.98923,40.74261],[-73.98918,40.74297],[-73.98908,40.74347],[-73.98864,40.74584],[-73.98862,40.7459],[-73.98819,40.74821],[-73.98812,40.74875],[-73.98806,40.74909],[-73.98798,40.74952],[-73.98797,40.74958],[-73.98796,40.74961],[-73.98796,40.74963],[-73.98795,40.74969],[-73.98792,40.74985],[-73.98778,40.75059],[-73.98778,40.75065],[-73.98763,40.75146],[-73.98744,40.75243],[-73.98728,40.75302],[-73.98724,40.75312],[-73.98695,40.75402],[-73.98672,40.75477],[-73.98663,40.75503],[-73.9864,40.75577],[-73.98613,40.75655],[-73.98587,40.75718],[-73.98562,40.75768],[-73.98508,40.75858],[-73.98482,40.75896],[-73.98437,40.75956],[-73.98351,40.76074],[-73.98236,40.7623],[-73.98233,40.76236],[-73.98198,40.76282],[-73.98195,40.76288],[-73.98191,40.76292],[-73.98188,40.76297],[-73.98185,40.76301],[-73.98173,40.76317],[-73.9817,40.76322],[-73.98166,40.76326],[-73.98149,40.76349],[-73.98139,40.76364],[-73.98093,40.76425],[-73.98087,40.76435],[-73.98039,40.76501],[-73.98014,40.76533],[-73.98003,40.7655],[-73.97959,40.76608],[-73.97935,40.76642],[-73.9793,40.76649],[-73.97928,40.76651],[-73.97926,40.76654],[-73.97873,40.76728],[-73.97843,40.76766],[-73.97819,40.7679],[-73.97772,40.76826],[-73.97726,40.76849],[-73.97711,40.76855],[-73.97664,40.76869],[-73.97608,40.76878],[-73.9759,40.76879],[-73.97533,40.76878],[-73.97484,40.76871],[-73.97459,40.76865],[-73.97413,40.76849],[-73.97369,40.76828],[-73.97291,40.76779],[-73.9727,40.76764],[-73.9721,40.76726],[-73.97181,40.7671],[-73.97115,40.76678],[-73.96964,40.76615],[-73.96936,40.76602],[-73.96856,40.76569],[-73.96805,40.7655],[-73.96713,40.76512],[-73.96632,40.76477],[-73.96537,40.76438],[-73.96519,40.76429],[-73.96481,40.76414],[-73.96463,40.76405],[-73.96411,40.76385],[-73.96384,40.76378],[-73.96345,40.76373],[-73.9629,40.76375],[-73.9625,40.76384],[-73.96225,40.76393],[-73.96191,40.76411],[-73.96162,40.76433],[-73.96124,40.76472],[-73.96117,40.76481],[-73.96008,40.76643],[-73.95952,40.76721],[-73.95821,40.76901],[-73.95788,40.76945],[-73.95747,40.77002],[-73.95662,40.77112],[-73.95603,40.7719],[-73.95128,40.77841],[-73.95053,40.77942],[-73.94876,40.78185],[-73.94829,40.78248],[-73.94688,40.78441],[-73.94577,40.78595],[-73.94554,40.78625],[-73.94325,40.78939],[-73.94275,40.79008]]]}},{"type":"Feature","properties":{"id":"7-6","service":"7","name":"Flushing Local","color":"#B933AD"},"geometry":{"type":"LineString","coordinates":[[-74.00612,40.75012],[-74.00527,40.75129],[-74.00448,40.75236],[-74.00369,40.75344],[-74.00005,40.7584],[-73.9999,40.75861],[-73.99965,40.75889],[-73.99932,40.75913],[-73.99907,40.75927],[-73.99878,40.75938],[-73.99851,40.75945],[-73.9981,40.75951],[-73.99782,40.75952],[-73.99743,40.75949],[-73.99701,40.7594],[-73.99652,40.75922],[-73.99588,40.75894],[-73.993,40.75773],[-73.99225,40.75742],[-73.9916,40.75714],[-73.99045,40.75668],[-73.9904,40.75665],[-73.99025,40.75659],[-73.9902,40.75657],[-73.99015,40.75655],[-73.98942,40.75624],[-73.98901,40.75607],[-73.98843,40.75579],[-73.98766,40.75546],[-73.98761,40.75545],[-73.98749,40.75539],[-73.98747,40.75539],[-73.98743,40.75537],[-73.98741,40.75536],[-73.98737,40.75534],[-73.98718,40.75527],[-73.98663,40.75503],[-73.98618,40.75485],[-73.9854,40.7545],[-73.98493,40.75427],[-73.98461,40.75416],[-73.98438,40.75411],[-73.9841,40.75411],[-73.98355,40.75419],[-73.98326,40.75419],[-73.98306,40.75416],[-73.98262,40.75403],[-73.98186,40.75373],[-73.98128,40.75349],[-73.98067,40.7533],[-73.98022,40.75313],[-73.97966,40.75288],[-73.97916,40.75268],[-73.97902,40.75261],[-73.97849,40.75239],[-73.97828,40.75232],[-73.97781,40.75213],[-73.97694,40.7518],[-73.97693,40.75179],[-73.9769,40.75178],[-73.97688,40.75177],[-73.97686,40.75176],[-73.97671,40.7517],[-73.97661,40.75167],[-73.97642,40.75158],[-73.9763,40.75154],[-73.97574,40.75129],[-73.97499,40.75098],[-73.97322,40.75022],[-73.97216,40.74978],[-73.97209,40.74974],[-73.97134,40.74943],[-73.97009,40.74889],[-73.96995,40.74884],[-73.96866,40.74828],[-73.96837,40.74817],[-73.96792,40.74797],[-73.96734,40.74774],[-73.96708,40.74762],[-73.96634,40.74732],[-73.96459,40.74658],[-73.96427,40.74646],[-73.96351,40.74614],[-73.9632,40.746],[-73.96085,40.74503],[-73.96057,40.7449],[-73.95989,40.74463],[-73.95937,40.7444],[-73.95899,40.74425],[-73.95858,40.74407],[-73.9581,40.74388],[-73.95784,40.74376],[-73.95733,40.74355],[-73.95684,40.74333],[-73.95634,40.74315],[-73.95597,40.74305],[-73.95537,40.74294],[-73.95405,40.74268],[-73.95282,40.74246],[-73.9528,40.74245],[-73.95274,40.74244],[-73.95272,40.74244],[-73.95266,40.74243],[-73.95247,40.74239],[-73.95238,40.74238],[-73.95212,40.74232],[-73.95169,40.74224],[-73.9512,40.74216],[-73.95079,40.74207],[-73.95023,40.74198],[-73.94991,40.74198],[-73.9496,40.74203],[-73.94773,40.7425],[-73.94743,40.74259],[-73.9468,40.74281],[-73.94634,40.74301],[-73.9451,40.74353],[-73.9449,40.74366],[-73.94474,40.74385],[-73.94467,40.74405],[-73.94467,40.74421],[-73.94476,40.74444],[-73.94551,40.74555],[-73.9456,40.74573],[-73.94561,40.74582],[-73.94557,40.7461],[-73.94506,40.74759],[-73.94505,40.74763],[-73.94499,40.7478],[-73.94492,40.74803],[-73.94482,40.74829],[-73.94472,40.74848],[-73.94458,40.74868],[-73.9444,40.74888],[-73.94327,40.75017],[-73.94324,40.75022],[-73.94322,40.75023],[-73.94318,40.75028],[-73.94277,40.75073],[-73.94261,40.75095],[-73.9423,40.75117],[-73.9421,40.75122],[-73.94187,40.75122],[-73.94169,40.75118],[-73.94108,40.75093],[-73.94021,40.75054],[-73.93943,40.75021],[-73.939,40.74999],[-73.93887,40.74994],[-73.93841,40.74969],[-73.93807,40.74947],[-73.93751,40.749],[-73.93751,40.74899],[-73.9375,40.74898],[-73.93749,40.74897],[-73.93748,40.74896],[-73.93747,40.74896],[-73.93733,40.74882],[-73.93672,40.74826],[-73.93651,40.74805],[-73.93615,40.74772],[-73.93549,40.74707],[-73.93529,40.74689],[-73.93486,40.74644],[-73.93365,40.74523],[-73.93326,40.74499],[-73.93281,40.74485],[-73.93223,40.74477],[-73.9305,40.74456],[-73.92553,40.74395],[-73.92509,40.7439],[-73.9235,40.7437],[-73.92295,40.74364],[-73.91952,40.74321],[-73.9188,40.74313],[-73.91741,40.74295],[-73.91709,40.74292],[-73.9168,40.74292],[-73.91654,40.74295],[-73.91627,40.74301],[-73.91387,40.74374],[-73.91084,40.74469],[-73.91038,40.7448],[-73.90997,40.74488],[-73.90809,40.7452],[-73.90797,40.74523],[-73.90731,40.74532],[-73.90691,40.74536],[-73.90594,40.74536],[-73.90555,40.74537],[-73.90502,40.74541],[-73.90475,40.74545],[-73.90435,40.74548],[-73.90376,40.74555],[-73.90199,40.74573],[-73.90124,40.74582],[-73.90073,40.74587],[-73.89893,40.74606],[-73.89844,40.7461],[-73.89754,40.7462],[-73.89725,40.74622],[-73.89578,40.74638],[-73.89548,40.7464],[-73.89521,40.74644],[-73.89485,40.74647],[-73.89422,40.74655],[-73.89385,40.74658],[-73.89274,40.74671],[-73.89241,40.74674],[-73.89195,40.74679],[-73.89182,40.7468],[-73.89179,40.74681],[-73.89171,40.74682],[-73.89165,40.74682],[-73.89157,40.74683],[-73.89154,40.74683],[-73.89141,40.74685],[-73.89019,40.74698],[-73.88992,40.747],[-73.88479,40.74754],[-73.88276,40.74776],[-73.8777,40.74829],[-73.87565,40.74851],[-73.87174,40.74892],[-73.87129,40.74896],[-73.87051,40.74905],[-73.86863,40.74924],[-73.86788,40.74931],[-73.86562,40.74955],[-73.8637,40.74976],[-73.86202,40.74994],[-73.86145,40.75001],[-73.86068,40.75017],[-73.86032,40.75028],[-73.85941,40.75054],[-73.85743,40.75113],[-73.85635,40.75144],[-73.85256,40.75256],[-73.85136,40.75292],[-73.85093,40.75304],[-73.84842,40.75378],[-73.84797,40.75392],[-73.84772,40.75398],[-73.8473,40.75411],[-73.84678,40.75423],[-73.84488,40.7548],[-73.84437,40.75496],[-73.84398,40.7551],[-73.84206,40.75566],[-73.84131,40.75592],[-73.83915,40.75679],[-73.83699,40.75765],[-73.83657,40.75777],[-73.83615,40.75784],[-73.83518,40.75802],[-73.83462,40.75811],[-73.83415,40.7582],[-73.83295,40.75858],[-73.83203,40.75889],[-73.83087,40.75932],[-73.83044,40.75947],[-73.82991,40.75963],[-73.82906,40.75985]]}},{"type":"Feature","properties":{"id":"F-17","service":"F","name":"6 Avenue Local","color":"#FF6319"},"geometry":{"type":"LineString","coordinates":[[-73.98115,40.57743],[-73.98095,40.5767],[-73.98084,40.57646],[-73.98073,40.57635],[-73.98056,40.57624],[-73.98033,40.57614],[-73.97997,40.57605],[-73.97945,40.57599],[-73.97823,40.57582],[-73.97795,40.57579],[-73.97762,40.57578],[-73.97705,40.57584],[-73.97641,40.57601],[-73.97498,40.57647],[-73.97483,40.57651],[-73.97461,40.57674],[-73.97455,40.57688],[-73.97454,40.57712],[-73.97472,40.57849],[-73.97476,40.57884],[-73.97476,40.57922],[-73.97463,40.58074],[-73.97455,40.58182],[-73.97454,40.58214],[-73.97467,40.58313],[-73.97466,40.58342],[-73.97436,40.5882],[-73.97433,40.58876],[-73.97429,40.58927],[-73.97419,40.59017],[-73.97414,40.59046],[-73.97408,40.59094],[-73.97325,40.59695],[-73.97266,40.60114],[-73.97264,40.60134],[-73.97255,40.60181],[-73.97254,40.60201],[-73.97225,40.60423],[-73.97226,40.6048],[-73.97245,40.60591],[-73.9732,40.60982],[-73.97404,40.61427],[-73.97435,40.61593],[-73.97512,40.62],[-73.97544,40.62165],[-73.97598,40.62451],[-73.9763,40.62617],[-73.97659,40.62774],[-73.97667,40.62823],[-73.97675,40.62855],[-73.97715,40.63069],[-73.97722,40.63103],[-73.9777,40.63356],[-73.97775,40.63388],[-73.97801,40.63527],[-73.97804,40.6354],[-73.97832,40.63691],[-73.97838,40.63716],[-73.97858,40.63781],[-73.97877,40.63865],[-73.97896,40.6397],[-73.97901,40.63992],[-73.97911,40.64062],[-73.97916,40.64117],[-73.97938,40.64261],[-73.97985,40.64548],[-73.97987,40.64566],[-73.97987,40.64605],[-73.97977,40.64649],[-73.97958,40.64687],[-73.97937,40.64715],[-73.97896,40.64754],[-73.97875,40.6477],[-73.9785,40.64785],[-73.97809,40.64804],[-73.97728,40.6484],[-73.97684,40.64861],[-73.97656,40.64878],[-73.97625,40.64907],[-73.97612,40.64923],[-73.976,40.64943],[-73.97588,40.64976],[-73.97583,40.65003],[-73.9758,40.65039],[-73.9758,40.65113],[-73.97583,40.65151],[-73.97608,40.65305],[-73.97617,40.65346],[-73.97652,40.65497],[-73.97673,40.65544],[-73.97693,40.6557],[-73.97715,40.65591],[-73.97746,40.65613],[-73.97778,40.65631],[-73.97947,40.65729],[-73.97966,40.65739],[-73.98,40.65763],[-73.98026,40.65792],[-73.98036,40.65811],[-73.98044,40.65841],[-73.98044,40.65863],[-73.98036,40.65896],[-73.98013,40.65944],[-73.97996,40.65973],[-73.97936,40.66061],[-73.97894,40.6611],[-73.97864,40.66147],[-73.97759,40.66273],[-73.97729,40.6631],[-73.97713,40.6634],[-73.97706,40.66369],[-73.97706,40.66392],[-73.97712,40.66418],[-73.97725,40.66445],[-73.97739,40.66463],[-73.97758,40.66481],[-73.97777,40.66494],[-73.97812,40.66512],[-73.97894,40.66549],[-73.9794,40.66573],[-73.98118,40.66664],[-73.98192,40.66701],[-73.98198,40.66705],[-73.98271,40.66742],[-73.9836,40.6679],[-73.98504,40.66864],[-73.98537,40.66878],[-73.98578,40.66891],[-73.9864,40.66905],[-73.98683,40.66912],[-73.98738,40.66923],[-73.98765,40.6693],[-73.98796,40.66941],[-73.98838,40.66959],[-73.98848,40.66965],[-73.98858,40.66969],[-73.9887,40.66975],[-73.98902,40.6699],[-73.98909,40.66994],[-73.98913,40.66995],[-73.99053,40.67063],[-73.99212,40.67139],[-73.9923,40.67149],[-73.99262,40.67163],[-73.99306,40.67185],[-73.9934,40.67205],[-73.99502,40.67298],[-73.99529,40.67313],[-73.99559,40.67332],[-73.99613,40.67369],[-73.99645,40.67394],[-73.99697,40.67441],[-73.99718,40.67466],[-73.99736,40.67499],[-73.99744,40.67526],[-73.99747,40.67545],[-73.99745,40.67583],[-73.99733,40.67622],[-73.99666,40.67763],[-73.99618,40.67862],[-73.99603,40.67889],[-73.99571,40.67939],[-73.99542,40.67977],[-73.99512,40.68012],[-73.995,40.68029],[-73.99473,40.6806],[-73.99428,40.68116],[-73.99391,40.68167],[-73.99371,40.68192],[-73.99346,40.6823],[-73.99324,40.6826],[-73.99313,40.68278],[-73.99286,40.68316],[-73.99275,40.68334],[-73.99248,40.68372],[-73.99203,40.68441],[-73.99184,40.68467],[-73.9915,40.68519],[-73.99082,40.68617],[-73.9907,40.68637],[-73.99039,40.68683],[-73.99002,40.68735],[-73.9897,40.68782],[-73.98911,40.68872],[-73.98879,40.68917],[-73.98819,40.69008],[-73.98805,40.69026],[-73.98766,40.69088],[-73.98752,40.69114],[-73.98748,40.69127],[-73.98745,40.69134],[-73.98745,40.69137],[-73.98744,40.69141],[-73.98743,40.69143],[-73.98743,40.69145],[-73.98742,40.69148],[-73.98741,40.69151],[-73.98736,40.69199],[-73.98736,40.69214],[-73.98735,40.69219],[-73.98735,40.69224],[-73.98735,40.69231],[-73.98734,40.69236],[-73.98731,40.693],[-73.98729,40.69351],[-73.98724,40.6939],[-73.98717,40.69431],[-73.98713,40.69486],[-73.98711,40.69548],[-73.98707,40.69601],[-73.98705,40.69666],[-73.98702,40.69715],[-73.987,40.69783],[-73.98692,40.69886],[-73.98688,40.69968],[-73.98684,40.70019],[-73.98684,40.70021],[-73.98684,40.70026],[-73.98684,40.70029],[-73.98684,40.70032],[-73.98684,40.70034],[-73.98684,40.70036],[-73.98681,40.70069],[-73.98676,40.70125],[-73.98669,40.70236],[-73.98669,40.70253],[-73.98664,40.70321],[-73.98664,40.70337],[-73.98657,40.70444],[-73.98657,40.70484],[-73.98661,40.70529],[-73.98666,40.70557],[-73.98678,40.70606],[-73.98697,40.70658],[-73.98709,40.70684],[-73.98732,40.70726],[-73.98751,40.70756],[-73.98816,40.7084],[-73.98847,40.70877],[-73.9887,40.70907],[-73.98896,40.70937],[-73.98918,40.70968],[-73.98937,40.71002],[-73.98957,40.71048],[-73.98975,40.71099],[-73.98994,40.71177],[-73.99009,40.71285],[-73.99012,40.71338],[-73.99012,40.7137],[-73.99007,40.71436],[-73.99001,40.71473],[-73.98989,40.71511],[-73.98936,40.71617],[-73.98918,40.7165],[-73.9887,40.71743],[-73.98865,40.71754],[-73.98814,40.71851],[-73.98813,40.71855],[-73.98811,40.71858],[-73.98807,40.71866],[-73.98805,40.7187],[-73.98795,40.71888],[-73.98794,40.71892],[-73.98746,40.71983],[-73.98693,40.72089],[-73.98686,40.72113],[-73.98684,40.72145],[-73.98686,40.72159],[-73.98696,40.72188],[-73.98715,40.72218],[-73.98738,40.72241],[-73.98777,40.72266],[-73.98805,40.7228],[-73.98883,40.72307],[-73.98918,40.72317],[-73.98993,40.72341],[-73.99088,40.7237],[-73.99127,40.72381],[-73.99201,40.72406],[-73.9931,40.72439],[-73.99354,40.72453],[-73.99424,40.72474],[-73.9948,40.72489],[-73.99522,40.72502],[-73.99531,40.72504],[-73.99535,40.72505],[-73.99539,40.72506],[-73.99543,40.72507],[-73.99548,40.72509],[-73.99563,40.72512],[-73.99593,40.7252],[-73.99641,40.72534],[-73.99651,40.72538],[-73.9966,40.7254],[-73.99669,40.72543],[-73.99674,40.72545],[-73.99683,40.72548],[-73.99744,40.72569],[-73.99805,40.72596],[-73.99843,40.72614],[-73.99891,40.7264],[-74,40.72696],[-74.00041,40.72715],[-74.00085,40.72738],[-74.0016,40.72775],[-74.00183,40.72789],[-74.00216,40.72818],[-74.00231,40.72841],[-74.0024,40.72861],[-74.00245,40.72882],[-74.00245,40.72908],[-74.00241,40.72926],[-74.0023,40.72951],[-74.00202,40.72994],[-74.00099,40.73155],[-74.00088,40.73171],[-73.99938,40.73382],[-73.99918,40.73412],[-73.99865,40.73484],[-73.99752,40.73641],[-73.99746,40.73648],[-73.99692,40.73723],[-73.99689,40.73726],[-73.99687,40.7373],[-73.99685,40.73732],[-73.99683,40.73735],[-73.99681,40.73738],[-73.99679,40.7374],[-73.99678,40.73743],[-73.99674,40.73747],[-73.99543,40.73929],[-73.99498,40.73991],[-73.99473,40.74027],[-73.99442,40.74068],[-73.99406,40.74119],[-73.99396,40.74131],[-73.99345,40.74203],[-73.99273,40.743],[-73.99267,40.7431],[-73.99236,40.74351],[-73.9922,40.74375],[-73.99158,40.74458],[-73.99145,40.74478],[-73.98995,40.74682],[-73.98975,40.74711],[-73.9895,40.74744],[-73.98913,40.74797],[-73.98889,40.74828],[-73.98836,40.74902],[-73.98819,40.74924],[-73.98805,40.74944],[-73.98801,40.74948],[-73.98798,40.74953],[-73.98795,40.74958],[-73.98781,40.74976],[-73.98751,40.75019],[-73.98703,40.75083],[-73.98665,40.75135],[-73.98606,40.75218],[-73.98586,40.75243],[-73.98558,40.75283],[-73.98537,40.7531],[-73.98505,40.75356],[-73.98461,40.75416],[-73.98447,40.75434],[-73.98424,40.75467],[-73.9842,40.75471],[-73.98417,40.75476],[-73.98414,40.7548],[-73.98412,40.75482],[-73.98407,40.7549],[-73.98379,40.75528],[-73.9834,40.75583],[-73.98288,40.75649],[-73.98062,40.75961],[-73.98028,40.76009],[-73.98026,40.76012],[-73.98006,40.76037],[-73.97948,40.76098],[-73.97936,40.76107],[-73.9791,40.7612],[-73.97863,40.7613],[-73.97835,40.7613],[-73.97813,40.76127],[-73.97787,40.7612],[-73.97635,40.76069],[-73.97396,40.75968],[-73.97354,40.75949],[-73.97239,40.75892],[-73.97106,40.75835],[-73.97102,40.75833],[-73.96791,40.75701],[-73.96732,40.75677],[-73.96324,40.75504],[-73.96278,40.75482],[-73.96237,40.75461],[-73.96204,40.75441],[-73.96171,40.75419],[-73.95834,40.75182],[-73.95816,40.75172],[-73.95689,40.75084],[-73.9565,40.75059],[-73.95569,40.75014],[-73.95527,40.74994],[-73.95471,40.7497],[-73.95411,40.74948],[-73.95351,40.74929],[-73.95291,40.74912],[-73.95231,40.74899],[-73.95135,40.7488],[-73.94896,40.74837],[-73.94868,40.74831],[-73.94509,40.74759],[-73.94504,40.74759],[-73.94355,40.74728],[-73.94314,40.74721],[-73.94273,40.74718],[-73.94252,40.74718],[-73.94205,40.74725],[-73.94176,40.74734],[-73.94051,40.74779],[-73.93883,40.7484],[-73.93797,40.74877],[-73.93754,40.74896],[-73.93746,40.749],[-73.93713,40.74916],[-73.93704,40.74921],[-73.93641,40.74958],[-73.93615,40.74971],[-73.9361,40.74974],[-73.93596,40.74982],[-73.93587,40.74989],[-73.9352,40.7505],[-73.93488,40.75081],[-73.93466,40.75099],[-73.93449,40.75112],[-73.9341,40.75136],[-73.93374,40.75154],[-73.93327,40.75172],[-73.93296,40.75181],[-73.93237,40.75191],[-73.93202,40.75194],[-73.93168,40.75195],[-73.93038,40.75195],[-73.93024,40.75194],[-73.92753,40.752],[-73.92681,40.75201],[-73.92605,40.75205],[-73.92555,40.7521],[-73.92479,40.75223],[-73.92386,40.75244],[-73.91874,40.75362],[-73.91841,40.75369],[-73.91751,40.75382],[-73.91718,40.75384],[-73.91661,40.75384],[-73.91629,40.75382],[-73.91571,40.75375],[-73.91526,40.75367],[-73.91213,40.75316],[-73.91198,40.75313],[-73.91104,40.75302],[-73.9106,40.75302],[-73.91027,40.75304],[-73.90835,40.75328],[-73.9079,40.75331],[-73.90747,40.7533],[-73.90696,40.75322],[-73.90664,40.75313],[-73.90621,40.75297],[-73.90578,40.75278],[-73.90552,40.75268],[-73.90506,40.75247],[-73.90489,40.75241],[-73.9044,40.7522],[-73.90408,40.75205],[-73.90267,40.75146],[-73.90209,40.7512],[-73.90096,40.75073],[-73.90078,40.75064],[-73.89996,40.7503],[-73.89933,40.75002],[-73.89802,40.74947],[-73.89763,40.74929],[-73.89708,40.74907],[-73.89646,40.7488],[-73.89604,40.74864],[-73.89554,40.74842],[-73.89522,40.7483],[-73.89463,40.74804],[-73.89349,40.74757],[-73.89317,40.74745],[-73.89289,40.74732],[-73.89248,40.74716],[-73.8919,40.74691],[-73.89182,40.74688],[-73.89175,40.74685],[-73.89161,40.74679],[-73.89141,40.7467],[-73.8912,40.74662],[-73.89073,40.7464],[-73.8904,40.74626],[-73.8899,40.74602],[-73.88946,40.74584],[-73.88791,40.74518],[-73.88774,40.7451],[-73.88704,40.74483],[-73.88586,40.74434],[-73.88522,40.74405],[-73.88355,40.74324],[-73.88316,40.74306],[-73.8823,40.74259],[-73.88217,40.7425],[-73.88174,40.74225],[-73.88135,40.742],[-73.88031,40.74126],[-73.87982,40.7409],[-73.87943,40.74053],[-73.87929,40.74035],[-73.87885,40.73963],[-73.87783,40.7378],[-73.87729,40.73682],[-73.87707,40.73644],[-73.87679,40.73605],[-73.8765,40.73575],[-73.87627,40.73556],[-73.87602,40.73539],[-73.87565,40.73519],[-73.87507,40.73496],[-73.87463,40.73483],[-73.87441,40.73478],[-73.87398,40.73465],[-73.8737,40.73458],[-73.87154,40.73397],[-73.87065,40.7337],[-73.87033,40.73361],[-73.86963,40.73337],[-73.86932,40.73325],[-73.86858,40.73292],[-73.86809,40.73269],[-73.86778,40.73251],[-73.86692,40.73204],[-73.8668,40.73196],[-73.8663,40.73171],[-73.86563,40.73142],[-73.86508,40.73122],[-73.86048,40.72952],[-73.8567,40.72813],[-73.85418,40.7272],[-73.85374,40.72702],[-73.85295,40.72666],[-73.85191,40.7261],[-73.85143,40.7258],[-73.85103,40.72552],[-73.85059,40.72516],[-73.84993,40.72456],[-73.8494,40.72413],[-73.84904,40.72388],[-73.84839,40.72348],[-73.84787,40.72321],[-73.84705,40.72285],[-73.84587,40.72231],[-73.84557,40.72218],[-73.84367,40.72133],[-73.84309,40.72108],[-73.84277,40.72093],[-73.84143,40.72033],[-73.84071,40.72],[-73.83996,40.71962],[-73.83965,40.71948],[-73.83884,40.71907],[-73.83644,40.71789],[-73.83583,40.71758],[-73.83533,40.71729],[-73.83486,40.71697],[-73.83386,40.71624],[-73.8337,40.71611],[-73.83315,40.71572],[-73.83283,40.71551],[-73.83218,40.71511],[-73.83112,40.71447],[-73.83057,40.71417],[-73.83017,40.71397],[-73.8284,40.71312],[-73.82782,40.71288],[-73.82767,40.71283],[-73.82678,40.71248],[-73.8266,40.71242],[-73.82578,40.71209],[-73.82529,40.71191],[-73.82489,40.71175],[-73.82253,40.71085],[-73.82217,40.7107],[-73.82163,40.71042],[-73.82126,40.71014],[-73.82098,40.70986],[-73.82071,40.70948],[-73.82052,40.70916],[-73.81961,40.70755],[-73.81946,40.70733],[-73.81919,40.70688],[-73.81816,40.70547],[-73.81782,40.70511],[-73.81753,40.70489],[-73.81718,40.70469],[-73.81679,40.70453],[-73.81635,40.70441],[-73.81576,40.70433],[-73.81523,40.70433],[-73.81474,40.70439],[-73.81421,40.70451],[-73.81396,40.70459],[-73.813,40.70486],[-73.8129,40.70488],[-73.81188,40.70516],[-73.80965,40.70578],[-73.80708,40.70649],[-73.80555,40.70691],[-73.80538,40.70697],[-73.80445,40.70722],[-73.80201,40.70792],[-73.80091,40.70823],[-73.80077,40.70828],[-73.79852,40.70894],[-73.79585,40.70972],[-73.79569,40.70976],[-73.795,40.70998],[-73.79432,40.71024],[-73.79294,40.71079],[-73.79163,40.71123],[-73.79075,40.7115],[-73.7899,40.7117],[-73.78941,40.71179],[-73.78857,40.7119],[-73.78674,40.71206],[-73.78584,40.71218],[-73.78525,40.71229],[-73.78446,40.71248],[-73.78276,40.71287],[-73.78122,40.71325],[-73.78117,40.71325],[-73.77989,40.71357],[-73.77983,40.71359],[-73.77738,40.71419],[-73.77715,40.71424]]}},{"type":"Feature","properties":{"id":"G-16","service":"G","name":"Brooklyn-Queens Crosstown Local","color":"#6CBE45"},"geometry":{"type":"MultiLineString","coordinates":[[[-73.9794,40.64344],[-73.97972,40.64537],[-73.97977,40.6457],[-73.97978,40.64602],[-73.9797,40.64643],[-73.97952,40.64683],[-73.97932,40.6471],[-73.97886,40.64753],[-73.97866,40.64768],[-73.97837,40.64784],[-73.97805,40.64799],[-73.97695,40.64848],[-73.97665,40.64864],[-73.97638,40.64884],[-73.97615,40.64907],[-73.97605,40.6492],[-73.97586,40.64956],[-73.97576,40.64996],[-73.97572,40.65047],[-73.97572,40.65111],[-73.97575,40.6515],[-73.9758,40.65186],[-73.976,40.65306],[-73.97645,40.65501],[-73.97647,40.65505]],[[-73.97741,40.66475],[-73.97717,40.66446],[-73.97704,40.66419],[-73.97698,40.66393],[-73.97698,40.6637],[-73.97708,40.66333],[-73.97721,40.66309],[-73.97734,40.66291],[-73.97914,40.66076],[-73.9795,40.66029],[-73.97982,40.65982],[-73.98024,40.65905],[-73.98034,40.65876],[-73.98036,40.65841],[-73.98032,40.65822],[-73.98024,40.65804],[-73.98009,40.65782],[-73.97994,40.65767],[-73.97971,40.6575],[-73.97768,40.65633],[-73.97724,40.65606],[-73.977,40.65587],[-73.97668,40.6555],[-73.97652,40.65519],[-73.97648,40.65507]],[[-73.989,40.68874],[-73.98989,40.68742],[-73.99027,40.68687],[-73.99332,40.68236],[-73.99373,40.68177],[-73.99396,40.68146],[-73.99444,40.68085],[-73.99546,40.6796],[-73.9959,40.67897],[-73.99622,40.67837],[-73.99658,40.67761],[-73.99723,40.67626],[-73.99732,40.67602],[-73.99739,40.67569],[-73.99739,40.67545],[-73.99735,40.67521],[-73.99727,40.67498],[-73.99712,40.67471],[-73.99696,40.6745],[-73.99664,40.67419],[-73.99612,40.67377],[-73.99556,40.67338],[-73.99497,40.67303],[-73.99288,40.67183],[-73.99257,40.67169],[-73.99208,40.67144],[-73.99049,40.67068],[-73.98898,40.66995],[-73.98866,40.6698],[-73.98847,40.66971],[-73.98825,40.66961],[-73.9882,40.66958],[-73.98781,40.66942],[-73.98736,40.66929],[-73.9871,40.66923],[-73.98677,40.66918],[-73.986,40.66903],[-73.98572,40.66896],[-73.98538,40.66885],[-73.98511,40.66874],[-73.98473,40.66856],[-73.98356,40.66795],[-73.98267,40.66747],[-73.97934,40.66576],[-73.97887,40.66553],[-73.9782,40.66523],[-73.97776,40.66501],[-73.97742,40.66476]],[[-73.94393,40.7465],[-73.945,40.74608],[-73.94561,40.74582],[-73.94605,40.74565],[-73.94665,40.7454],[-73.94697,40.74528],[-73.94778,40.74494],[-73.94837,40.74471],[-73.94887,40.74449],[-73.9492,40.74433],[-73.94977,40.74402],[-73.95083,40.74346],[-73.95129,40.74323],[-73.95142,40.74315],[-73.95184,40.74294],[-73.95248,40.74259],[-73.95276,40.74245],[-73.95278,40.74244],[-73.95279,40.74243],[-73.95282,40.74241],[-73.95283,40.74241],[-73.95311,40.74227],[-73.95357,40.74202],[-73.95386,40.74184],[-73.95431,40.74149],[-73.95462,40.74118],[-73.95478,40.74099],[-73.95496,40.74073],[-73.95511,40.74045],[-73.95529,40.73998],[-73.95538,40.7395],[-73.9554,40.73922],[-73.95541,40.73842],[-73.95543,40.73798],[-73.95543,40.73758],[-73.95541,40.73725],[-73.95528,40.73647],[-73.95507,40.73514],[-73.95501,40.73483],[-73.95494,40.73435],[-73.95485,40.73386],[-73.95479,40.73345],[-73.95444,40.73135],[-73.95439,40.73101],[-73.95432,40.73067],[-73.95419,40.73019],[-73.95407,40.72983],[-73.95382,40.72924],[-73.95341,40.72846],[-73.95327,40.72823],[-73.95201,40.726],[-73.95173,40.72552],[-73.95079,40.72386],[-73.95003,40.72253],[-73.94988,40.72219],[-73.94982,40.7219],[-73.94982,40.7217],[-73.94987,40.72144],[-73.95005,40.72108],[-73.95031,40.72079],[-73.95052,40.72061],[-73.95133,40.72001],[-73.95178,40.71966],[-73.952,40.71944],[-73.95214,40.71925],[-73.95225,40.71902],[-73.95232,40.71864],[-73.95229,40.7182],[-73.95225,40.71799],[-73.95175,40.71496],[-73.95162,40.71413],[-73.95161,40.71411],[-73.95161,40.71408],[-73.9516,40.71406],[-73.95158,40.71389],[-73.95153,40.71364],[-73.95087,40.70959],[-73.95082,40.70924],[-73.95047,40.70703],[-73.95027,40.70578],[-73.95025,40.70566],[-73.95025,40.7056],[-73.95024,40.70559],[-73.95024,40.70558],[-73.95024,40.70557],[-73.95024,40.70556],[-73.95024,40.70554],[-73.95024,40.70553],[-73.95024,40.70552],[-73.95023,40.70552],[-73.95023,40.70548],[-73.95023,40.70546],[-73.95023,40.70544],[-73.95022,40.70543],[-73.95022,40.70542],[-73.95022,40.70541],[-73.95022,40.7054],[-73.95022,40.70539],[-73.95022,40.70538],[-73.95022,40.70536],[-73.95022,40.70535],[-73.95022,40.70534],[-73.95021,40.70533],[-73.95021,40.70522],[-73.9502,40.7052],[-73.95019,40.70505],[-73.95019,40.70449],[-73.95024,40.70314],[-73.95029,40.70159],[-73.95029,40.70083],[-73.95025,40.70041],[-73.95014,40.69982],[-73.9497,40.69795],[-73.94959,40.69742],[-73.94919,40.69538],[-73.94881,40.69349],[-73.9486,40.6925],[-73.94841,40.69174],[-73.94833,40.69136],[-73.94835,40.69102],[-73.94844,40.69079],[-73.94853,40.69065],[-73.94877,40.69041],[-73.9491,40.6902],[-73.94937,40.69009],[-73.94976,40.69],[-73.94993,40.68999],[-73.95114,40.68984],[-73.95151,40.68981],[-73.95229,40.68972],[-73.95248,40.68969],[-73.95457,40.68945],[-73.95497,40.68941],[-73.95598,40.68928],[-73.95639,40.68925],[-73.95739,40.68912],[-73.95806,40.68905],[-73.95885,40.68895],[-73.96154,40.68863],[-73.9619,40.6886],[-73.96276,40.68851],[-73.96348,40.68842],[-73.96564,40.68817],[-73.97104,40.68755],[-73.97116,40.68753],[-73.97246,40.68739],[-73.97269,40.68736],[-73.97398,40.68723],[-73.97412,40.68724],[-73.97451,40.68721],[-73.97493,40.68715],[-73.97532,40.68712],[-73.97581,40.68706],[-73.9765,40.68701],[-73.97681,40.68697],[-73.97683,40.68697],[-73.97684,40.68697],[-73.97686,40.68697],[-73.97692,40.68696],[-73.97693,40.68696],[-73.97696,40.68696],[-73.97702,40.68695],[-73.97706,40.68695],[-73.97716,40.68694],[-73.97726,40.68692],[-73.97733,40.68692],[-73.97735,40.68692],[-73.97738,40.68691],[-73.97741,40.68691],[-73.97745,40.6869],[-73.97758,40.68688],[-73.97765,40.68688],[-73.97799,40.68683],[-73.97808,40.68683],[-73.9781,40.68682],[-73.97813,40.68682],[-73.97815,40.68682],[-73.97816,40.68681],[-73.97826,40.68681],[-73.97827,40.6868],[-73.97829,40.6868],[-73.9783,40.6868],[-73.97833,40.6868],[-73.97834,40.6868],[-73.97835,40.68679],[-73.97843,40.68679],[-73.97845,40.68679],[-73.97848,40.68679],[-73.97855,40.68678],[-73.97858,40.68678],[-73.97866,40.68677],[-73.97869,40.68677],[-73.97871,40.68677],[-73.97873,40.68677],[-73.97875,40.68677],[-73.97877,40.68677],[-73.97879,40.68677],[-73.9788,40.68677],[-73.97882,40.68677],[-73.97883,40.68677],[-73.97913,40.68677],[-73.97945,40.68681],[-73.97952,40.68683],[-73.97953,40.68683],[-73.97959,40.68683],[-73.97964,40.68685],[-73.97976,40.68686],[-73.9801,40.68694],[-73.98092,40.68707],[-73.98095,40.68708],[-73.98099,40.68708],[-73.98104,40.6871],[-73.98137,40.68716],[-73.9817,40.68725],[-73.98207,40.68737],[-73.98238,40.68749],[-73.98377,40.68795],[-73.98415,40.68807],[-73.98466,40.68825],[-73.98546,40.68856],[-73.98631,40.6889],[-73.98709,40.68923],[-73.98748,40.68934],[-73.98766,40.68936],[-73.9881,40.68934],[-73.9884,40.68925],[-73.98871,40.68906],[-73.98892,40.68885],[-73.989,40.68874]]]}},{"type":"Feature","properties":{"id":"M-15","service":"M","name":"6 Avenue Local","color":"#FF6319"},"geometry":{"type":"LineString","coordinates":[[-73.88932,40.712],[-73.88978,40.71101],[-73.88992,40.71061],[-73.89012,40.7098],[-73.89023,40.70955],[-73.89033,40.7094],[-73.89118,40.70847],[-73.89196,40.70763],[-73.89232,40.70726],[-73.89265,40.70704],[-73.89311,40.70684],[-73.89335,40.70677],[-73.89396,40.70664],[-73.89487,40.70646],[-73.89602,40.70619],[-73.89619,40.70616],[-73.89729,40.70585],[-73.8995,40.70528],[-73.90171,40.70475],[-73.90183,40.70473],[-73.90223,40.7046],[-73.90387,40.70421],[-73.90402,40.70417],[-73.90456,40.70408],[-73.90468,40.70404],[-73.90651,40.70361],[-73.90691,40.70349],[-73.90706,40.7034],[-73.90735,40.70314],[-73.90956,40.70099],[-73.91084,40.69981],[-73.91106,40.69964],[-73.91112,40.69961],[-73.91117,40.69959],[-73.91119,40.69959],[-73.9112,40.69959],[-73.91122,40.69957],[-73.91128,40.69955],[-73.91149,40.69952],[-73.91393,40.69926],[-73.91427,40.69923],[-73.91874,40.69877],[-73.92066,40.69856],[-73.92642,40.69796],[-73.92834,40.69775],[-73.92975,40.69759],[-73.93062,40.69751],[-73.93147,40.69742],[-73.93175,40.69738],[-73.93315,40.69722],[-73.93339,40.69711],[-73.93356,40.69698],[-73.93374,40.69677],[-73.93396,40.69661],[-73.93411,40.69656],[-73.93429,40.69655],[-73.93459,40.69668],[-73.93604,40.69749],[-73.93606,40.69751],[-73.9416,40.70062],[-73.94191,40.7008],[-73.94264,40.70126],[-73.94307,40.70152],[-73.95014,40.70547],[-73.95141,40.70618],[-73.95198,40.70645],[-73.9524,40.70659],[-73.95425,40.70723],[-73.95864,40.70873],[-73.95925,40.70894],[-73.95943,40.70907],[-73.96054,40.70996],[-73.96081,40.71016],[-73.96104,40.71027],[-73.96704,40.71209],[-73.96966,40.71289],[-73.97437,40.71432],[-73.9758,40.71475],[-73.98494,40.71752],[-73.98524,40.71762],[-73.9854,40.71765],[-73.98598,40.71785],[-73.98643,40.71807],[-73.98668,40.71816],[-73.98717,40.7183],[-73.98761,40.71844],[-73.9881,40.71859],[-73.98821,40.71862],[-73.9889,40.71879],[-73.98928,40.7189],[-73.99119,40.71949],[-73.99145,40.71958],[-73.99159,40.71968],[-73.99175,40.71985],[-73.99192,40.72012],[-73.99197,40.72031],[-73.99197,40.72055],[-73.99192,40.72079],[-73.99169,40.72152],[-73.99158,40.72195],[-73.99154,40.72221],[-73.99154,40.72248],[-73.99162,40.72288],[-73.99172,40.72307],[-73.9918,40.72332],[-73.99202,40.72377],[-73.99213,40.7239],[-73.99234,40.72406],[-73.99254,40.72417],[-73.9931,40.72439],[-73.99354,40.72453],[-73.99424,40.72474],[-73.9948,40.72489],[-73.99522,40.72502],[-73.99531,40.72504],[-73.99535,40.72505],[-73.99539,40.72506],[-73.99543,40.72507],[-73.99548,40.72509],[-73.99563,40.72512],[-73.99593,40.7252],[-73.99641,40.72534],[-73.99651,40.72538],[-73.9966,40.7254],[-73.99669,40.72543],[-73.99674,40.72545],[-73.99683,40.72548],[-73.99744,40.72569],[-73.99805,40.72596],[-73.99843,40.72614],[-73.99891,40.7264],[-74,40.72696],[-74.00041,40.72715],[-74.00085,40.72738],[-74.0016,40.72775],[-74.00183,40.72789],[-74.00216,40.72818],[-74.00231,40.72841],[-74.0024,40.72861],[-74.00245,40.72882],[-74.00245,40.72908],[-74.00241,40.72926],[-74.0023,40.72951],[-74.00202,40.72994],[-74.00099,40.73155],[-74.00088,40.73171],[-73.99938,40.73382],[-73.99918,40.73412],[-73.99865,40.73484],[-73.99752,40.73641],[-73.99746,40.73648],[-73.99692,40.73723],[-73.99689,40.73726],[-73.99687,40.7373],[-73.99685,40.73732],[-73.99683,40.73735],[-73.99681,40.73738],[-73.99679,40.7374],[-73.99678,40.73743],[-73.99674,40.73747],[-73.99543,40.73929],[-73.99498,40.73991],[-73.99473,40.74027],[-73.99442,40.74068],[-73.99406,40.74119],[-73.99396,40.74131],[-73.99345,40.74203],[-73.99273,40.743],[-73.99267,40.7431],[-73.99236,40.74351],[-73.9922,40.74375],[-73.99158,40.74458],[-73.99145,40.74478],[-73.98995,40.74682],[-73.98975,40.74711],[-73.9895,40.74744],[-73.98913,40.74797],[-73.98889,40.74828],[-73.98836,40.74902],[-73.98819,40.74924],[-73.98805,40.74944],[-73.98801,40.74948],[-73.98798,40.74953],[-73.98795,40.74958],[-73.98781,40.74976],[-73.98751,40.75019],[-73.98703,40.75083],[-73.98665,40.75135],[-73.98606,40.75218],[-73.98586,40.75243],[-73.98558,40.75283],[-73.98537,40.7531],[-73.98505,40.75356],[-73.98461,40.75416],[-73.98447,40.75434],[-73.98424,40.75467],[-73.9842,40.75471],[-73.98417,40.75476],[-73.98414,40.7548],[-73.98412,40.75482],[-73.98407,40.7549],[-73.98379,40.75528],[-73.9834,40.75583],[-73.98288,40.75649],[-73.98074,40.75945],[-73.98035,40.75999],[-73.98026,40.76012],[-73.98006,40.76037],[-73.97981,40.76067],[-73.97943,40.76118],[-73.97936,40.76131],[-73.97907,40.76173],[-73.97903,40.76178],[-73.97901,40.76181],[-73.97899,40.76183],[-73.97896,40.76187],[-73.97893,40.76192],[-73.97879,40.7621],[-73.97869,40.76225],[-73.97832,40.76274],[-73.97827,40.76282],[-73.97805,40.76303],[-73.97681,40.7647],[-73.97612,40.76571],[-73.97609,40.76575],[-73.97561,40.76639],[-73.97526,40.76674],[-73.97506,40.7669],[-73.97477,40.76706],[-73.97426,40.76725],[-73.97371,40.76735],[-73.97343,40.76736],[-73.97308,40.76734],[-73.97277,40.7673],[-73.97244,40.76722],[-73.97175,40.76698],[-73.96865,40.76568],[-73.96773,40.76526],[-73.96686,40.7649],[-73.96638,40.76469],[-73.96568,40.76439],[-73.96518,40.76419],[-73.96488,40.76405],[-73.9641,40.76373],[-73.96276,40.76317],[-73.96225,40.76295],[-73.95877,40.76148],[-73.95774,40.76106],[-73.95676,40.76063],[-73.95204,40.75855],[-73.94916,40.7573],[-73.94836,40.75695],[-73.9474,40.75649],[-73.94434,40.75493],[-73.9418,40.75364],[-73.94031,40.75284],[-73.9401,40.75274],[-73.93905,40.75217],[-73.93821,40.75173],[-73.93766,40.75142],[-73.93736,40.75127],[-73.93653,40.75082],[-73.93631,40.75073],[-73.93598,40.75066],[-73.93563,40.75066],[-73.9353,40.75073],[-73.93509,40.75083],[-73.9348,40.75108],[-73.93458,40.75123],[-73.9339,40.75161],[-73.93382,40.75164],[-73.93375,40.75167],[-73.9337,40.75169],[-73.9336,40.75174],[-73.93317,40.75188],[-73.93275,40.75198],[-73.93221,40.75205],[-73.93186,40.75207],[-73.9313,40.75208],[-73.93072,40.75207],[-73.93005,40.75207],[-73.9298,40.75208],[-73.92753,40.75212],[-73.92681,40.75214],[-73.92607,40.75218],[-73.92557,40.75223],[-73.92497,40.75234],[-73.92464,40.75245],[-73.92448,40.75253],[-73.92426,40.75268],[-73.92399,40.75295],[-73.92368,40.75335],[-73.92161,40.75598],[-73.9215,40.75611],[-73.92018,40.75773],[-73.91987,40.75806],[-73.91962,40.75825],[-73.91937,40.75839],[-73.91911,40.75849],[-73.91876,40.75857],[-73.91844,40.75859],[-73.91818,40.75858],[-73.91788,40.75853],[-73.91748,40.7584],[-73.91705,40.7582],[-73.91459,40.757],[-73.91445,40.75694],[-73.90948,40.7546],[-73.90819,40.75394],[-73.90765,40.75368],[-73.90715,40.75346],[-73.90623,40.75307],[-73.90204,40.75128],[-73.90135,40.75099],[-73.89807,40.74958],[-73.89719,40.74921],[-73.89316,40.74753],[-73.89295,40.74745],[-73.89214,40.74711],[-73.89206,40.74707],[-73.89177,40.74695],[-73.8917,40.74692],[-73.89138,40.74678],[-73.89122,40.74672],[-73.88963,40.746],[-73.88943,40.74592],[-73.88777,40.74521],[-73.88699,40.74491],[-73.88584,40.74442],[-73.88559,40.74432],[-73.88466,40.74389],[-73.88342,40.74328],[-73.88326,40.74321],[-73.88248,40.74279],[-73.88154,40.74223],[-73.88109,40.74193],[-73.88015,40.74126],[-73.87968,40.7409],[-73.87948,40.74072],[-73.87918,40.74037],[-73.87889,40.73992],[-73.87877,40.73969],[-73.87697,40.73648],[-73.87684,40.73628],[-73.87664,40.73603],[-73.87636,40.73575],[-73.87595,40.73546],[-73.87563,40.73528],[-73.87532,40.73514],[-73.87491,40.735],[-73.87203,40.7342],[-73.87031,40.73369],[-73.86956,40.73343],[-73.86901,40.73321],[-73.86821,40.73285],[-73.86751,40.73247],[-73.86668,40.732],[-73.86634,40.73183],[-73.86588,40.73162],[-73.86512,40.73132],[-73.85453,40.72742],[-73.85374,40.72711],[-73.85311,40.72683],[-73.85244,40.7265],[-73.85195,40.72622],[-73.85131,40.72583],[-73.85086,40.7255],[-73.85065,40.72533],[-73.84964,40.72444],[-73.84917,40.72408],[-73.84873,40.72379],[-73.84839,40.72359],[-73.84775,40.72325],[-73.84699,40.72291],[-73.84648,40.72269],[-73.84542,40.72221],[-73.84348,40.72134]]}},{"type":"Feature","properties":{"id":"Z-14","service":"Z","name":"Nassau Street Express","color":"#996633"},"geometry":{"type":"MultiLineString","coordinates":[[[-74.00382,40.71271],[-74.00403,40.71244],[-74.00419,40.71233],[-74.00453,40.71222],[-74.00488,40.71215],[-74.00535,40.71199],[-74.0057,40.71181],[-74.00589,40.71168],[-74.00623,40.71141],[-74.00645,40.71126],[-74.00649,40.71123],[-74.00652,40.7112],[-74.00659,40.71116],[-74.00682,40.71099],[-74.00695,40.7109],[-74.0073,40.71063],[-74.00757,40.7104],[-74.00769,40.71028],[-74.00771,40.71025],[-74.00778,40.7102],[-74.00789,40.71007],[-74.00888,40.70906],[-74.00914,40.70883],[-74.00968,40.70829],[-74.01022,40.7077],[-74.01039,40.70753],[-74.01073,40.70708],[-74.01106,40.70648]],[[-74.00381,40.71271],[-74.00265,40.71452],[-74.00179,40.71556],[-74.00027,40.71767],[-74.00022,40.71774],[-74.00016,40.7178],[-74.00011,40.71787],[-74.00003,40.71796],[-73.99999,40.71802],[-73.99997,40.71804],[-73.99994,40.71808],[-73.99989,40.71814],[-73.99975,40.71831],[-73.9997,40.71838],[-73.99964,40.71845],[-73.99959,40.7185],[-73.99952,40.71859],[-73.99947,40.71865],[-73.99932,40.71881],[-73.99929,40.71884],[-73.99911,40.71904],[-73.99909,40.71906],[-73.99904,40.71912],[-73.999,40.71918],[-73.99891,40.71928],[-73.99886,40.71935],[-73.9988,40.71942],[-73.99875,40.71949],[-73.99869,40.71956],[-73.99864,40.71963],[-73.9985,40.71979],[-73.99847,40.71984],[-73.99842,40.71989],[-73.99834,40.71998],[-73.99829,40.72005],[-73.99817,40.72018],[-73.99809,40.72028],[-73.99796,40.72042],[-73.99794,40.72045],[-73.99791,40.72049],[-73.99788,40.72052],[-73.99785,40.72056],[-73.99781,40.72061],[-73.99778,40.72064],[-73.99776,40.72066],[-73.99773,40.7207],[-73.99768,40.72075],[-73.99764,40.72079],[-73.99761,40.72082],[-73.99759,40.72084],[-73.99755,40.72087],[-73.99749,40.72092],[-73.99744,40.72095],[-73.99735,40.72101],[-73.99728,40.72104],[-73.99714,40.7211],[-73.99709,40.72111],[-73.99704,40.72112],[-73.99699,40.72113],[-73.99689,40.72114],[-73.99681,40.72115],[-73.99673,40.72115],[-73.99641,40.7211],[-73.99636,40.72108],[-73.9963,40.72107],[-73.99625,40.72105],[-73.99622,40.72105],[-73.99617,40.72103],[-73.99614,40.72102],[-73.99609,40.721],[-73.99606,40.72099],[-73.996,40.72097],[-73.99597,40.72096],[-73.99592,40.72094],[-73.99586,40.72092],[-73.99576,40.72088],[-73.99569,40.72086],[-73.99564,40.72085],[-73.99562,40.72084],[-73.99558,40.72082],[-73.99555,40.72081],[-73.9955,40.7208],[-73.99548,40.72079],[-73.99543,40.72077],[-73.99541,40.72077],[-73.99536,40.72075],[-73.99534,40.72074],[-73.99524,40.72071],[-73.99522,40.7207],[-73.99515,40.72068],[-73.99506,40.72065],[-73.99503,40.72064],[-73.99498,40.72062],[-73.99496,40.72061],[-73.99491,40.7206],[-73.99487,40.72058],[-73.9948,40.72056],[-73.99474,40.72054],[-73.99468,40.72052],[-73.99466,40.72051],[-73.99459,40.72049],[-73.99455,40.72048],[-73.99443,40.72044],[-73.99423,40.72038],[-73.99404,40.72031],[-73.99379,40.72023],[-73.99365,40.72019],[-73.9936,40.72017],[-73.99341,40.72011],[-73.99337,40.7201],[-73.99323,40.72005],[-73.99314,40.72003],[-73.99299,40.71998],[-73.99291,40.71996],[-73.99288,40.71994],[-73.99284,40.71993],[-73.99273,40.7199],[-73.99267,40.71988],[-73.9926,40.71986],[-73.99252,40.71984],[-73.99247,40.71982],[-73.9924,40.7198],[-73.99238,40.71979],[-73.99233,40.71978],[-73.99231,40.71977],[-73.99226,40.71976],[-73.99218,40.71973],[-73.99209,40.7197],[-73.99205,40.71969],[-73.99186,40.71963],[-73.99151,40.71953],[-73.99146,40.71951],[-73.99136,40.71948],[-73.9913,40.71946],[-73.99122,40.71944],[-73.99114,40.71941],[-73.991,40.71937],[-73.99091,40.71934],[-73.99082,40.71931],[-73.99062,40.71925],[-73.99058,40.71924],[-73.99053,40.71922],[-73.99048,40.71921],[-73.99039,40.71918],[-73.99014,40.7191],[-73.99009,40.71909],[-73.98999,40.71906],[-73.98989,40.71903],[-73.9897,40.71897],[-73.98936,40.71886],[-73.98926,40.71883],[-73.98912,40.71879],[-73.98905,40.71877],[-73.98898,40.71875],[-73.98896,40.71874],[-73.98891,40.71873],[-73.98869,40.71867],[-73.98864,40.71866],[-73.98861,40.71865],[-73.98852,40.71863],[-73.98832,40.71858],[-73.98828,40.71857],[-73.9882,40.71855],[-73.98816,40.71854],[-73.98813,40.71853],[-73.98811,40.71852],[-73.98803,40.7185],[-73.98801,40.7185],[-73.98796,40.71848],[-73.98791,40.71846],[-73.98786,40.71845],[-73.98779,40.71843],[-73.98774,40.71841],[-73.98764,40.71838],[-73.98759,40.71837],[-73.98752,40.71834],[-73.98747,40.71833],[-73.98737,40.7183],[-73.98715,40.71823],[-73.9871,40.71822],[-73.98707,40.71821],[-73.98702,40.71819],[-73.98697,40.71818],[-73.98691,40.71816],[-73.98686,40.71814],[-73.98681,40.71813],[-73.98671,40.7181],[-73.98668,40.71809],[-73.98663,40.71807],[-73.98661,40.71807],[-73.98653,40.71804],[-73.98647,40.71801],[-73.98642,40.71799],[-73.98637,40.71796],[-73.98621,40.71788],[-73.9862,40.71788],[-73.98617,40.71786],[-73.98614,40.71785],[-73.9861,40.71783],[-73.98606,40.71781],[-73.98604,40.7178],[-73.98602,40.71779],[-73.98544,40.7176],[-73.98539,40.71759],[-73.98537,40.71758],[-73.98532,40.71757],[-73.98527,40.71756],[-73.98522,40.71754],[-73.98499,40.71747],[-73.98494,40.71745],[-73.98487,40.71744],[-73.98482,40.71742],[-73.98472,40.71739],[-73.98462,40.71736],[-73.98452,40.71733],[-73.98447,40.71731],[-73.98442,40.7173],[-73.98428,40.71726],[-73.98423,40.71724],[-73.98419,40.71723],[-73.98413,40.71721],[-73.98408,40.7172],[-73.98403,40.71718],[-73.98398,40.71717],[-73.98393,40.71715],[-73.98391,40.71715],[-73.98386,40.71713],[-73.98383,40.71712],[-73.98376,40.7171],[-73.98373,40.71709],[-73.98368,40.71707],[-73.98366,40.71707],[-73.98353,40.71703],[-73.98343,40.717],[-73.98338,40.71698],[-73.98333,40.71697],[-73.98328,40.71695],[-73.98321,40.71693],[-73.98313,40.71691],[-73.98296,40.71686],[-73.98291,40.71684],[-73.98288,40.71683],[-73.98283,40.71682],[-73.98278,40.7168],[-73.98273,40.71679],[-73.98268,40.71677],[-73.98261,40.71675],[-73.98256,40.71673],[-73.98251,40.71672],[-73.98248,40.71671],[-73.98238,40.71668],[-73.98218,40.71662],[-73.98216,40.71661],[-73.98211,40.7166],[-73.98193,40.71654],[-73.98188,40.71653],[-73.98186,40.71652],[-73.98178,40.7165],[-73.98173,40.71648],[-73.98163,40.71645],[-73.98145,40.7164],[-73.98135,40.71637],[-73.9813,40.71635],[-73.98125,40.71634],[-73.9812,40.71632],[-73.98115,40.71631],[-73.9811,40.71629],[-73.981,40.71626],[-73.98092,40.71624],[-73.9809,40.71623],[-73.98082,40.71621],[-73.98078,40.71619],[-73.9807,40.71617],[-73.98065,40.71615],[-73.9806,40.71614],[-73.9805,40.71611],[-73.9804,40.71608],[-73.98035,40.71606],[-73.9803,40.71605],[-73.98017,40.71601],[-73.9801,40.71599],[-73.98007,40.71598],[-73.97997,40.71595],[-73.97987,40.71592],[-73.97982,40.7159],[-73.97977,40.71589],[-73.97969,40.71587],[-73.97964,40.71585],[-73.97957,40.71583],[-73.97952,40.71581],[-73.97944,40.71579],[-73.97942,40.71578],[-73.97927,40.71574],[-73.97922,40.71572],[-73.97912,40.71569],[-73.97904,40.71567],[-73.97899,40.71565],[-73.97892,40.71563],[-73.97889,40.71562],[-73.97882,40.7156],[-73.97879,40.71559],[-73.97874,40.71558],[-73.97869,40.71556],[-73.97862,40.71554],[-73.97857,40.71552],[-73.97849,40.7155],[-73.97842,40.71548],[-73.97839,40.71547],[-73.97834,40.71545],[-73.97827,40.71543],[-73.97794,40.71533],[-73.97787,40.71531],[-73.97779,40.71529],[-73.97774,40.71527],[-73.97767,40.71525],[-73.97757,40.71522],[-73.97747,40.71519],[-73.97723,40.71512],[-73.97713,40.71509],[-73.97708,40.71507],[-73.97698,40.71504],[-73.97696,40.71504],[-73.97683,40.715],[-73.97678,40.71498],[-73.97671,40.71496],[-73.97666,40.71495],[-73.97661,40.71493],[-73.97658,40.71492],[-73.97648,40.71489],[-73.97638,40.71486],[-73.97628,40.71483],[-73.97618,40.7148],[-73.97613,40.71478],[-73.97611,40.71478],[-73.97606,40.71476],[-73.97601,40.71475],[-73.97596,40.71473],[-73.97588,40.71471],[-73.97581,40.71469],[-73.97576,40.71467],[-73.97571,40.71466],[-73.97566,40.71464],[-73.97556,40.71461],[-73.97546,40.71458],[-73.97542,40.71457],[-73.97536,40.71455],[-73.97532,40.71454],[-73.97526,40.71452],[-73.97522,40.71451],[-73.97517,40.71449],[-73.97512,40.71448],[-73.97506,40.71446],[-73.97496,40.71443],[-73.97492,40.71442],[-73.97487,40.7144],[-73.97486,40.7144],[-73.97467,40.71434],[-73.97456,40.71431],[-73.97445,40.71428],[-73.9744,40.71426],[-73.9743,40.71423],[-73.97426,40.71422],[-73.97416,40.71419],[-73.97415,40.71419],[-73.9741,40.71417],[-73.97406,40.71416],[-73.974,40.71414],[-73.97396,40.71413],[-73.9739,40.71411],[-73.97386,40.7141],[-73.97381,40.71408],[-73.9738,40.71408],[-73.97371,40.71405],[-73.97361,40.71402],[-73.97356,40.71401],[-73.97351,40.71399],[-73.9735,40.71399],[-73.97345,40.71397],[-73.97341,40.71396],[-73.97335,40.71394],[-73.97331,40.71393],[-73.97321,40.7139],[-73.9732,40.7139],[-73.97315,40.71388],[-73.97305,40.71385],[-73.97301,40.71384],[-73.97295,40.71382],[-73.97291,40.71381],[-73.97286,40.71379],[-73.97285,40.71379],[-73.97275,40.71376],[-73.97265,40.71373],[-73.97255,40.7137],[-73.9725,40.71368],[-73.97245,40.71367],[-73.97235,40.71364],[-73.97225,40.71361],[-73.97221,40.71359],[-73.9722,40.71359],[-73.9721,40.71356],[-73.972,40.71353],[-73.97195,40.71352],[-73.9719,40.7135],[-73.9718,40.71347],[-73.9717,40.71344],[-73.9716,40.71341],[-73.97155,40.71339],[-73.9715,40.71338],[-73.9714,40.71335],[-73.9713,40.71332],[-73.97125,40.7133],[-73.9712,40.71329],[-73.97115,40.71327],[-73.97105,40.71324],[-73.97094,40.71321],[-73.97084,40.71318],[-73.97075,40.71315],[-73.97065,40.71312],[-73.97009,40.71295],[-73.96999,40.71292],[-73.96989,40.71289],[-73.96979,40.71286],[-73.96974,40.71285],[-73.96969,40.71283],[-73.96946,40.71276],[-73.96748,40.71216],[-73.96707,40.71204],[-73.96127,40.71027],[-73.96116,40.71024],[-73.96113,40.71023],[-73.96111,40.71022],[-73.9611,40.71022],[-73.96108,40.71021],[-73.96106,40.7102],[-73.96105,40.7102],[-73.96103,40.71019],[-73.96101,40.71018],[-73.961,40.71018],[-73.96098,40.71017],[-73.96097,40.71016],[-73.96096,40.71016],[-73.9609,40.71013],[-73.96089,40.71013],[-73.96088,40.71012],[-73.96087,40.71011],[-73.96086,40.71011],[-73.96085,40.7101],[-73.96083,40.71009],[-73.96081,40.71008],[-73.9608,40.71007],[-73.96079,40.71006],[-73.96078,40.71005],[-73.96077,40.71005],[-73.96076,40.71004],[-73.96075,40.71004],[-73.96074,40.71003],[-73.96073,40.71002],[-73.96072,40.71002],[-73.96071,40.71001],[-73.9607,40.71],[-73.96069,40.71],[-73.96068,40.70999],[-73.96067,40.70998],[-73.96066,40.70997],[-73.96065,40.70996],[-73.96064,40.70996],[-73.96063,40.70995],[-73.96062,40.70994],[-73.9606,40.70993],[-73.96059,40.70992],[-73.95952,40.70904],[-73.95951,40.70904],[-73.9595,40.70903],[-73.95949,40.70902],[-73.95948,40.70901],[-73.95947,40.70901],[-73.95946,40.709],[-73.95945,40.70899],[-73.95944,40.70898],[-73.95943,40.70897],[-73.95942,40.70897],[-73.95941,40.70896],[-73.9594,40.70895],[-73.95939,40.70895],[-73.95938,40.70894],[-73.95935,40.70892],[-73.95934,40.70892],[-73.95933,40.70891],[-73.95932,40.7089],[-73.95931,40.7089],[-73.95929,40.70889],[-73.95927,40.70888],[-73.95925,40.70887],[-73.95923,40.70886],[-73.95922,40.70886],[-73.9592,40.70885],[-73.95919,40.70885],[-73.95867,40.70868],[-73.95681,40.70803],[-73.9566,40.70796],[-73.95617,40.70782],[-73.95549,40.70758],[-73.95473,40.70733],[-73.95429,40.70717],[-73.95243,40.70654],[-73.95218,40.70645],[-73.95213,40.70643],[-73.95208,40.70641],[-73.95207,40.70641],[-73.95205,40.7064],[-73.95203,40.70639],[-73.95202,40.70639],[-73.952,40.70638],[-73.95198,40.70637],[-73.95197,40.70637],[-73.95195,40.70636],[-73.95193,40.70635],[-73.95192,40.70635],[-73.9519,40.70634],[-73.95185,40.70632],[-73.95181,40.7063],[-73.95177,40.70628],[-73.95176,40.70628],[-73.95174,40.70627],[-73.95172,40.70626],[-73.9517,40.70625],[-73.95166,40.70623],[-73.95165,40.70623],[-73.95161,40.70621],[-73.95158,40.70619],[-73.95154,40.70617],[-73.95152,40.70616],[-73.9515,40.70615],[-73.95148,40.70614],[-73.95031,40.70549],[-73.95024,40.70545],[-73.95019,40.70542],[-73.94817,40.7043],[-73.94317,40.70149],[-73.94312,40.70146],[-73.9431,40.70145],[-73.94306,40.70143],[-73.94303,40.70141],[-73.943,40.70139],[-73.94296,40.70137],[-73.94289,40.70133],[-73.94286,40.70131],[-73.94281,40.70128],[-73.94278,40.70126],[-73.94273,40.70123],[-73.94187,40.70069],[-73.94184,40.70067],[-73.94182,40.70066],[-73.94181,40.70065],[-73.94177,40.70063],[-73.94172,40.7006],[-73.9417,40.70059],[-73.94032,40.69982],[-73.93675,40.69782],[-73.93671,40.69779],[-73.93666,40.69776],[-73.93664,40.69775],[-73.9366,40.69773],[-73.93654,40.69769],[-73.9365,40.69767],[-73.93632,40.69757],[-73.9363,40.69756],[-73.93625,40.69753],[-73.93618,40.69749],[-73.93616,40.69748],[-73.93612,40.69746],[-73.93609,40.69745],[-73.93518,40.69693],[-73.93516,40.69692],[-73.93512,40.6969],[-73.93509,40.69688],[-73.93502,40.69684],[-73.93497,40.69681],[-73.93493,40.69679],[-73.93477,40.6967],[-73.93474,40.69668],[-73.93472,40.69667],[-73.93458,40.6966],[-73.93363,40.69606],[-73.93157,40.69492],[-73.92957,40.69378],[-73.92802,40.6929],[-73.92302,40.69005],[-73.92147,40.68917],[-73.91735,40.68682],[-73.91581,40.68594],[-73.90969,40.68246],[-73.90963,40.68242],[-73.90787,40.68142],[-73.906,40.68035],[-73.90554,40.6801],[-73.90534,40.67997],[-73.90363,40.67898],[-73.90357,40.67893],[-73.90323,40.67872],[-73.90319,40.6787],[-73.90316,40.67868],[-73.90299,40.67858],[-73.90296,40.67856],[-73.90264,40.67838],[-73.90256,40.67833],[-73.90247,40.67828],[-73.90239,40.67824],[-73.9014,40.67765],[-73.90083,40.6773],[-73.90009,40.67688],[-73.89987,40.67683],[-73.89973,40.67683],[-73.8974,40.67718],[-73.89728,40.67719],[-73.89493,40.67755],[-73.89265,40.67788],[-73.89015,40.67825],[-73.88981,40.67831],[-73.8895,40.6784],[-73.88669,40.6793],[-73.88567,40.67963],[-73.88386,40.6802],[-73.87969,40.68153],[-73.87917,40.68168],[-73.87462,40.68296],[-73.87293,40.68343],[-73.8727,40.6835],[-73.87248,40.6836],[-73.87238,40.68369],[-73.87231,40.68382],[-73.8723,40.68385],[-73.8723,40.68387],[-73.87229,40.68391],[-73.8723,40.68401],[-73.8723,40.68403],[-73.8723,40.68405],[-73.87242,40.68441],[-73.87249,40.68461],[-73.87315,40.6867],[-73.87326,40.68704],[-73.87385,40.68873],[-73.87385,40.68875],[-73.87386,40.68876],[-73.87386,40.68878],[-73.87387,40.68879],[-73.87387,40.6888],[-73.87388,40.68882],[-73.87388,40.68883],[-73.87389,40.68885],[-73.87389,40.68887],[-73.8739,40.68889],[-73.87391,40.68898],[-73.87391,40.68909],[-73.87391,40.6891],[-73.8739,40.68914],[-73.87389,40.68917],[-73.87385,40.68928],[-73.8736,40.6895],[-73.87179,40.69026],[-73.8715,40.69035],[-73.87,40.69072],[-73.86898,40.69099],[-73.86856,40.69109],[-73.86811,40.69117],[-73.86555,40.69157],[-73.86271,40.69207],[-73.8621,40.69217],[-73.86101,40.69231],[-73.8598,40.69248],[-73.85898,40.69254],[-73.85581,40.69271],[-73.85494,40.69278],[-73.85445,40.69287],[-73.85376,40.69307],[-73.85338,40.69322],[-73.85251,40.69354],[-73.85117,40.69405],[-73.8511,40.69406],[-73.85045,40.69426],[-73.85027,40.6943],[-73.84672,40.69498],[-73.84623,40.69508],[-73.84588,40.69513],[-73.84542,40.69517],[-73.84471,40.69517],[-73.8433,40.69518],[-73.8423,40.69518],[-73.84153,40.69522],[-73.84096,40.69527],[-73.84026,40.69536],[-73.83973,40.69547],[-73.83919,40.69564],[-73.8387,40.69585],[-73.83836,40.69603],[-73.83625,40.69748],[-73.83588,40.6977],[-73.83553,40.69789],[-73.83271,40.69944],[-73.83227,40.69964],[-73.83181,40.69979],[-73.83155,40.69986],[-73.8306,40.70009],[-73.83048,40.70013],[-73.82996,40.70024],[-73.82925,40.70035],[-73.82578,40.70092],[-73.82521,40.70105],[-73.82452,40.70125],[-73.82386,40.70141],[-73.82338,40.70146],[-73.82297,40.70145],[-73.82268,40.70141],[-73.82237,40.70134],[-73.82206,40.70123],[-73.82168,40.70104],[-73.82126,40.70074],[-73.82114,40.70063],[-73.8202,40.69993],[-73.81959,40.69953],[-73.81922,40.69931],[-73.81876,40.69906],[-73.81871,40.69905],[-73.81809,40.69874],[-73.8177,40.69859],[-73.81738,40.6985],[-73.81685,40.6984],[-73.81645,40.69837],[-73.81604,40.69837],[-73.8155,40.69841],[-73.81489,40.6985],[-73.81441,40.69859],[-73.81364,40.69877],[-73.81251,40.6991],[-73.81153,40.69935],[-73.81066,40.69959],[-73.81009,40.69977],[-73.80922,40.70006],[-73.80865,40.70024],[-73.80822,40.70036],[-73.80768,40.70053],[-73.80697,40.70072],[-73.8061,40.70094],[-73.8048,40.70129],[-73.80423,40.70145],[-73.80294,40.70173],[-73.80268,40.7018],[-73.80033,40.70235],[-73.79997,40.70244]]]}},{"type":"Feature","properties":{"id":"5 Peak-13","service":"5 Peak","name":"Lexington Av Express","color":"#646A73"},"geometry":{"type":"LineString","coordinates":[[-73.86958,40.84652],[-73.86953,40.84679],[-73.86928,40.84731],[-73.86882,40.84808],[-73.86792,40.84965],[-73.86782,40.84997],[-73.86772,40.85147],[-73.86725,40.8662],[-73.86706,40.87211],[-73.86693,40.87609],[-73.8669,40.87644],[-73.86685,40.87665],[-73.86677,40.87685],[-73.86658,40.87716],[-73.86622,40.87778],[-73.86554,40.87889],[-73.86483,40.87995],[-73.86442,40.88064],[-73.86383,40.88157],[-73.86368,40.88186],[-73.86304,40.883],[-73.86223,40.88447],[-73.86223,40.88448],[-73.85783,40.89244],[-73.85704,40.89386],[-73.85512,40.89733],[-73.85491,40.89764],[-73.85378,40.89898],[-73.85365,40.89914],[-73.85337,40.89943],[-73.85306,40.89979],[-73.85244,40.90054],[-73.85214,40.90097],[-73.85145,40.90204],[-73.85135,40.90217],[-73.85003,40.9037]]}},{"type":"Feature","properties":{"id":"5-12","service":"5","name":"Lexington Av Express","color":"#00933C"},"geometry":{"type":"MultiLineString","coordinates":[[[-73.94759,40.63218],[-73.94771,40.63348],[-73.94791,40.63534],[-73.94796,40.63573],[-73.94796,40.63586],[-73.94801,40.63624],[-73.94805,40.63669],[-73.94813,40.63735],[-73.94818,40.6379],[-73.94827,40.63865],[-73.94834,40.63939],[-73.94852,40.64097],[-73.9487,40.64263],[-73.94873,40.643],[-73.94882,40.64375],[-73.9489,40.64458],[-73.94896,40.64505],[-73.94903,40.64579],[-73.94907,40.64607],[-73.94914,40.64681],[-73.94918,40.64709],[-73.94925,40.64783],[-73.94934,40.64858],[-73.94939,40.64916],[-73.94953,40.65047],[-73.94958,40.65084],[-73.94971,40.65214],[-73.94975,40.65242],[-73.94993,40.65409],[-73.94996,40.65446],[-73.95001,40.65483],[-73.95007,40.65548],[-73.95015,40.65613],[-73.95031,40.65771],[-73.95038,40.65826],[-73.95044,40.65891],[-73.95047,40.6591],[-73.95051,40.65956],[-73.95055,40.65984],[-73.95065,40.66077],[-73.95068,40.66114],[-73.95078,40.66197],[-73.95082,40.66246],[-73.95089,40.66304],[-73.9509,40.66322],[-73.95096,40.66368],[-73.951,40.66415],[-73.951,40.66454],[-73.9509,40.66556],[-73.9509,40.66566],[-73.95082,40.66632],[-73.95077,40.66704],[-73.95066,40.66831],[-73.95062,40.66862],[-73.95061,40.66887],[-73.95066,40.66914],[-73.95073,40.66929],[-73.95092,40.66952],[-73.95111,40.66966],[-73.9514,40.66979],[-73.95164,40.66985],[-73.95198,40.66988],[-73.95214,40.66988],[-73.95215,40.66989],[-73.95216,40.66989],[-73.9522,40.66989],[-73.95222,40.6699],[-73.95229,40.6699],[-73.9526,40.66997],[-73.95525,40.67013],[-73.95569,40.67019],[-73.95634,40.67031],[-73.95656,40.67037],[-73.95717,40.67049],[-73.95897,40.67086],[-73.95905,40.67087],[-73.9591,40.67089],[-73.96,40.67107],[-73.96039,40.67116],[-73.96219,40.67154],[-73.96309,40.67176],[-73.96381,40.67192],[-73.96438,40.67208],[-73.96499,40.67228],[-73.96584,40.67253],[-73.96677,40.67283],[-73.96719,40.67295],[-73.96769,40.67306],[-73.96826,40.67317],[-73.96848,40.6732],[-73.96916,40.67337],[-73.96955,40.67354],[-73.96976,40.67367],[-73.9698,40.6737],[-73.9698,40.67371],[-73.96981,40.67371],[-73.96982,40.67372],[-73.96984,40.67373],[-73.96992,40.67379],[-73.96993,40.67381],[-73.96994,40.67382],[-73.96995,40.67382],[-73.96999,40.67385],[-73.97031,40.67421],[-73.97055,40.67456],[-73.97077,40.67484],[-73.97099,40.67517],[-73.97159,40.67598],[-73.97226,40.67692],[-73.97257,40.67733],[-73.97302,40.67797],[-73.97365,40.67882],[-73.97367,40.67887],[-73.9742,40.67958],[-73.97469,40.68025],[-73.97483,40.68046],[-73.97506,40.68076],[-73.97516,40.68092],[-73.97537,40.68119],[-73.97573,40.6817],[-73.97586,40.68186],[-73.97635,40.68255],[-73.97654,40.6828],[-73.97693,40.68335],[-73.97794,40.68473],[-73.97798,40.68479],[-73.97799,40.68481],[-73.978,40.68482],[-73.97802,40.68485],[-73.97804,40.68487],[-73.97804,40.68488],[-73.97806,40.68491],[-73.97808,40.68493],[-73.97809,40.68495],[-73.9781,40.68496],[-73.97811,40.68498],[-73.97813,40.685],[-73.97813,40.68501],[-73.97843,40.6854],[-73.97895,40.68613],[-73.97922,40.68648],[-73.97943,40.68679],[-73.97945,40.68681],[-73.97988,40.68741],[-73.98039,40.68809],[-73.98077,40.68864],[-73.98097,40.68885],[-73.98127,40.68903],[-73.98187,40.68926],[-73.98256,40.68955],[-73.98291,40.68968],[-73.98383,40.69006],[-73.98536,40.69066],[-73.98568,40.6908],[-73.98639,40.69107],[-73.98666,40.69119],[-73.98696,40.6913],[-73.98738,40.69148],[-73.98741,40.69148],[-73.98743,40.69149],[-73.98744,40.6915],[-73.98745,40.6915],[-73.98747,40.69151],[-73.9876,40.69156],[-73.98764,40.69158],[-73.98767,40.69159],[-73.98771,40.69161],[-73.98772,40.69161],[-73.98776,40.69163],[-73.98808,40.69175],[-73.98898,40.69212],[-73.98923,40.6922],[-73.98925,40.69221],[-73.98955,40.6923],[-73.98987,40.69237],[-73.99067,40.69248],[-73.99084,40.69249],[-73.99135,40.69257],[-73.99152,40.69258],[-73.99194,40.69266],[-73.99288,40.69282],[-73.99387,40.69296],[-73.99474,40.69309],[-73.99612,40.69332],[-73.9965,40.6934],[-73.99803,40.69367],[-73.9988,40.6938],[-73.99959,40.69397],[-74.00013,40.69412],[-74.00039,40.69418],[-74.00123,40.69444],[-74.00156,40.69455],[-74.00217,40.69478],[-74.0028,40.69504],[-74.00318,40.69521],[-74.00389,40.69556],[-74.00453,40.69591],[-74.00528,40.69637],[-74.00654,40.69722],[-74.00699,40.69751],[-74.00727,40.69771],[-74.00756,40.69789],[-74.01,40.69952],[-74.01036,40.69977],[-74.01107,40.70024],[-74.0116,40.70057],[-74.01182,40.70069],[-74.01229,40.70098],[-74.01341,40.70161],[-74.01378,40.70184],[-74.01402,40.70203],[-74.01425,40.70227],[-74.01442,40.70252],[-74.01447,40.70262],[-74.01448,40.70263],[-74.01449,40.70266],[-74.0145,40.70268],[-74.01451,40.7027],[-74.01458,40.70287],[-74.01467,40.70327],[-74.01468,40.70353],[-74.01466,40.70372],[-74.0146,40.70395],[-74.0145,40.70419],[-74.0141,40.70479],[-74.01391,40.70503],[-74.01363,40.70542],[-74.01289,40.70634],[-74.01261,40.70666],[-74.01218,40.70718],[-74.01201,40.7074],[-74.0114,40.70812],[-74.01126,40.7083],[-74.01088,40.70874],[-74.01066,40.70903],[-74.00941,40.71051],[-74.00909,40.71093],[-74.00907,40.71095],[-74.00906,40.71096],[-74.00904,40.71097],[-74.009,40.71103],[-74.00892,40.7111],[-74.00877,40.7112],[-74.00854,40.7113],[-74.00829,40.71137],[-74.00779,40.71148],[-74.00719,40.71163],[-74.00704,40.71167],[-74.00703,40.71168],[-74.00699,40.71169],[-74.00697,40.71169],[-74.00696,40.7117],[-74.00693,40.7117],[-74.00692,40.71171],[-74.00688,40.71171],[-74.00678,40.71175],[-74.00668,40.71177],[-74.00658,40.71181],[-74.00551,40.71208],[-74.0051,40.71224],[-74.00483,40.71244],[-74.0045,40.71271],[-74.00413,40.71305],[-74.00382,40.71337],[-74.00354,40.71375],[-74.00341,40.714],[-74.00334,40.71419],[-74.00311,40.71504],[-74.00298,40.71555],[-74.0028,40.7159],[-74.00206,40.71675],[-74.00162,40.71722],[-74.00134,40.71754],[-74.00069,40.71825],[-74.00055,40.71841],[-74.00053,40.71843],[-74.00052,40.71845],[-74.00051,40.71846],[-74.00044,40.71852],[-74.00023,40.71877],[-73.99976,40.71927],[-73.99822,40.72101],[-73.99789,40.72141],[-73.99724,40.72215],[-73.99705,40.72245],[-73.99689,40.72286],[-73.99684,40.72303],[-73.99667,40.7234],[-73.99649,40.72368],[-73.99633,40.72389],[-73.99614,40.7241],[-73.99562,40.72474],[-73.99548,40.72489],[-73.99542,40.72498],[-73.99536,40.72504],[-73.99533,40.72508],[-73.99529,40.72513],[-73.99528,40.72515],[-73.99479,40.72573],[-73.9946,40.72597],[-73.99427,40.72646],[-73.99382,40.72707],[-73.9937,40.7272],[-73.99275,40.72834],[-73.99229,40.72887],[-73.99216,40.72904],[-73.99175,40.7295],[-73.99149,40.72974],[-73.99118,40.73],[-73.99093,40.73025],[-73.9907,40.73056],[-73.99057,40.73079],[-73.99046,40.73106],[-73.99036,40.73142],[-73.99033,40.73159],[-73.99006,40.73268],[-73.98998,40.73312],[-73.98992,40.73336],[-73.98986,40.73376],[-73.98986,40.73403],[-73.98991,40.73439],[-73.98993,40.73446],[-73.98993,40.73448],[-73.98994,40.7345],[-73.98995,40.73454],[-73.98995,40.73458],[-73.98999,40.73474],[-73.99001,40.73491],[-73.98999,40.73514],[-73.98986,40.73543],[-73.98904,40.73656],[-73.98865,40.73705],[-73.9877,40.73837],[-73.98651,40.74001],[-73.98619,40.74043],[-73.98551,40.7414],[-73.98529,40.74169],[-73.98507,40.74202],[-73.98462,40.74265],[-73.98395,40.74355],[-73.9833,40.74446],[-73.9829,40.74501],[-73.98256,40.74546],[-73.98241,40.74568],[-73.98145,40.747],[-73.98114,40.74739],[-73.98053,40.74821],[-73.98007,40.7488],[-73.97961,40.74944]],[[-73.82927,40.89077],[-73.82958,40.89026],[-73.8302,40.88926],[-73.83039,40.88894],[-73.83151,40.88713],[-73.83195,40.88652],[-73.83252,40.88575],[-73.83362,40.88447],[-73.83565,40.88212],[-73.83605,40.88165],[-73.83801,40.87937],[-73.839,40.87823],[-73.83946,40.87769],[-73.84383,40.87262],[-73.84498,40.87129],[-73.84547,40.8707],[-73.8467,40.86925],[-73.84686,40.86907],[-73.84773,40.86802],[-73.84886,40.86668],[-73.84934,40.86612],[-73.85013,40.86517],[-73.8508,40.86438],[-73.85131,40.86376],[-73.85141,40.86366],[-73.85182,40.86316],[-73.85439,40.86009],[-73.85458,40.85985],[-73.85569,40.85853],[-73.85635,40.85781],[-73.8569,40.85727],[-73.85762,40.85665],[-73.85914,40.85547],[-73.86002,40.85478],[-73.86059,40.85432],[-73.86086,40.85412],[-73.86179,40.85336],[-73.86331,40.85209],[-73.86359,40.85187],[-73.86395,40.85156],[-73.86435,40.85126],[-73.86515,40.8506],[-73.86663,40.84941],[-73.86708,40.84904],[-73.86728,40.84889],[-73.86834,40.84803],[-73.8688,40.8476],[-73.86902,40.84734],[-73.86942,40.84674],[-73.86958,40.84652],[-73.87004,40.84556],[-73.87044,40.84462],[-73.87061,40.84428],[-73.87082,40.84399],[-73.87117,40.84364],[-73.87161,40.84326],[-73.87239,40.84264],[-73.87272,40.8424],[-73.87404,40.84135],[-73.87421,40.84122],[-73.87439,40.84113],[-73.87469,40.84104],[-73.87666,40.84072],[-73.87713,40.84072],[-73.87754,40.84079],[-73.87781,40.84088],[-73.87844,40.84117],[-73.87862,40.84122],[-73.87888,40.84122],[-73.87914,40.84111],[-73.87961,40.84062],[-73.87998,40.84027],[-73.88023,40.84012],[-73.88074,40.8399],[-73.88117,40.83974],[-73.88157,40.83963],[-73.88188,40.83958],[-73.88246,40.83954],[-73.88291,40.83953],[-73.88369,40.83944],[-73.88403,40.83936],[-73.88446,40.83922],[-73.885,40.83897],[-73.88696,40.83781],[-73.88729,40.83761],[-73.88752,40.83743],[-73.88773,40.83722],[-73.88789,40.837],[-73.88812,40.8366],[-73.88965,40.83403],[-73.89069,40.83229],[-73.89115,40.8315],[-73.8913,40.83126],[-73.89158,40.83072],[-73.89166,40.83049],[-73.89174,40.83012],[-73.89176,40.82992],[-73.89177,40.82928],[-73.89182,40.82521],[-73.89182,40.825],[-73.89188,40.82476],[-73.89201,40.82458],[-73.89214,40.82446],[-73.89248,40.82427],[-73.89384,40.82357],[-73.89483,40.82307],[-73.89741,40.82174],[-73.90084,40.81999],[-73.90098,40.81991],[-73.90282,40.81897],[-73.90325,40.81877],[-73.9051,40.81796],[-73.90555,40.81774],[-73.90698,40.81691],[-73.90702,40.81688],[-73.90806,40.81628],[-73.90842,40.81611],[-73.90873,40.81601],[-73.90913,40.81594],[-73.90945,40.81592],[-73.91005,40.81592],[-73.91091,40.81596],[-73.91351,40.81619],[-73.91395,40.81619],[-73.91429,40.81612],[-73.9146,40.81601],[-73.915,40.81583],[-73.91533,40.81572],[-73.91572,40.81565],[-73.91623,40.81565],[-73.91655,40.8157],[-73.91691,40.81579],[-73.91861,40.81625],[-73.91957,40.8165],[-73.92179,40.81709],[-73.92417,40.81767],[-73.92505,40.81789],[-73.92553,40.81802],[-73.92653,40.81832],[-73.9268,40.81839],[-73.92702,40.81846],[-73.92768,40.81865],[-73.92794,40.81866],[-73.9281,40.81863],[-73.92834,40.8185],[-73.92848,40.81833],[-73.92853,40.81815],[-73.9285,40.818],[-73.92835,40.81775],[-73.92799,40.81724],[-73.92796,40.8171],[-73.92801,40.81691],[-73.92889,40.81464],[-73.92907,40.8142],[-73.92923,40.81395],[-73.92945,40.8137],[-73.93037,40.81274],[-73.93078,40.81234],[-73.93199,40.81107],[-73.93212,40.81094],[-73.93349,40.80939],[-73.93373,40.80913],[-73.93411,40.80875],[-73.93441,40.80843],[-73.93485,40.80783],[-73.94119,40.79917],[-73.94161,40.79859],[-73.94197,40.79812],[-73.9423,40.79765],[-73.94303,40.79667],[-73.94309,40.79657],[-73.94347,40.79607],[-73.94357,40.79592],[-73.94396,40.7954],[-73.94406,40.79525],[-73.9447,40.79439],[-73.9456,40.79314],[-73.94582,40.79286],[-73.94655,40.79185],[-73.94705,40.79118],[-73.94733,40.79078],[-73.94758,40.79046],[-73.94796,40.78994],[-73.94812,40.7897],[-73.94858,40.78909],[-73.94892,40.78861],[-73.94911,40.78837],[-73.94949,40.78783],[-73.94994,40.78722],[-73.95015,40.78695],[-73.95035,40.78666],[-73.95084,40.786],[-73.95094,40.78585],[-73.95217,40.78419],[-73.95226,40.78405],[-73.95268,40.78347],[-73.953,40.78305],[-73.95318,40.78279],[-73.95364,40.78218],[-73.95401,40.78165],[-73.95503,40.78028],[-73.9554,40.77975],[-73.95614,40.77876],[-73.9562,40.77866],[-73.95652,40.77824],[-73.95701,40.77755],[-73.95775,40.77656],[-73.95798,40.77622],[-73.9583,40.7758],[-73.95903,40.77479],[-73.95957,40.77406],[-73.95976,40.77378],[-73.96012,40.77331],[-73.96016,40.77324],[-73.96075,40.77244],[-73.96165,40.77119],[-73.96194,40.77081],[-73.96267,40.76979],[-73.96285,40.76956],[-73.96305,40.76927],[-73.96414,40.76779],[-73.96445,40.76735],[-73.9646,40.76716],[-73.96487,40.76677],[-73.96508,40.76649],[-73.96517,40.76634],[-73.96542,40.76601],[-73.96579,40.76548],[-73.96615,40.76501],[-73.96632,40.76477],[-73.96638,40.76469],[-73.96656,40.76443],[-73.96766,40.76295],[-73.96769,40.7629],[-73.9677,40.76289],[-73.96773,40.76285],[-73.96776,40.7628],[-73.96787,40.76266],[-73.96807,40.76237],[-73.96849,40.7618],[-73.96885,40.76133],[-73.96895,40.76118],[-73.96947,40.76047],[-73.96979,40.76005],[-73.9701,40.75961],[-73.97056,40.759],[-73.9709,40.75852],[-73.97094,40.75848],[-73.97094,40.75847],[-73.97101,40.75838],[-73.97101,40.75837],[-73.97104,40.75834],[-73.97115,40.75819],[-73.97122,40.75808],[-73.97138,40.75788],[-73.97153,40.75766],[-73.97213,40.75686],[-73.97233,40.75657],[-73.97265,40.75615],[-73.97303,40.75562],[-73.97321,40.75539],[-73.97386,40.75448],[-73.97448,40.75365],[-73.97483,40.75317],[-73.97547,40.75226],[-73.97565,40.75209],[-73.97597,40.75194],[-73.97629,40.75187],[-73.97673,40.7518],[-73.97679,40.75178],[-73.97686,40.75177],[-73.97689,40.75176],[-73.97692,40.75176],[-73.97699,40.75174],[-73.97731,40.75169],[-73.97775,40.7516],[-73.97808,40.75147],[-73.97821,40.75138],[-73.97837,40.75122],[-73.97861,40.75088],[-73.97904,40.75031],[-73.97935,40.74985],[-73.9796,40.74944]]]}},{"type":"Feature","properties":{"id":"SR-22","service":"SR","name":"Rockaway Park Shuttle","color":"#646A73"},"geometry":{"type":"LineString","coordinates":[[-73.8163,40.60927],[-73.81618,40.60886],[-73.81589,40.60802],[-73.81563,40.6074],[-73.8099,40.59407],[-73.80972,40.59367],[-73.8095,40.59311],[-73.80933,40.59241],[-73.80931,40.59201],[-73.80933,40.59178],[-73.80938,40.59153],[-73.80956,40.59101],[-73.8098,40.59056],[-73.80982,40.59053],[-73.81002,40.59025],[-73.81038,40.58986],[-73.81041,40.58982],[-73.81089,40.58941],[-73.81098,40.58935],[-73.81104,40.5893],[-73.8111,40.58926],[-73.8112,40.5892],[-73.81146,40.58904],[-73.81153,40.589],[-73.81156,40.58898],[-73.8117,40.58891],[-73.81173,40.58889],[-73.81177,40.58888],[-73.8118,40.58886],[-73.81195,40.58879],[-73.81198,40.58878],[-73.81202,40.58876],[-73.81206,40.58874],[-73.81209,40.58873],[-73.81213,40.58871],[-73.8122,40.58869],[-73.81235,40.58862],[-73.81243,40.5886],[-73.81281,40.58844],[-73.82063,40.58536],[-73.82124,40.58512],[-73.82155,40.58501],[-73.82167,40.58497],[-73.82239,40.58473],[-73.82314,40.58451],[-73.8281,40.58313],[-73.82861,40.58298],[-73.82875,40.58295],[-73.82891,40.58289],[-73.82903,40.58286],[-73.82907,40.58284],[-73.82919,40.5828],[-73.82923,40.58279],[-73.82927,40.58278],[-73.82942,40.58272],[-73.82963,40.58264],[-73.82967,40.58263],[-73.82974,40.5826],[-73.82978,40.58259],[-73.82981,40.58257],[-73.82985,40.58256],[-73.82989,40.58255],[-73.8302,40.58244],[-73.83048,40.58236],[-73.83059,40.58233],[-73.83096,40.58223],[-73.83142,40.58209],[-73.83259,40.58177],[-73.83282,40.5817],[-73.83352,40.58152],[-73.83394,40.58143],[-73.83431,40.58133],[-73.83436,40.58132],[-73.83494,40.58116],[-73.837,40.58058]]}},{"type":"Feature","properties":{"id":"E-21","service":"E","name":"8 Avenue Local","color":"#0039A6"},"geometry":{"type":"MultiLineString","coordinates":[[[-73.81943,40.7072],[-73.81926,40.70688],[-73.81843,40.70565],[-73.8182,40.70529],[-73.81762,40.70414],[-73.81737,40.70361],[-73.81671,40.70211],[-73.81648,40.70155],[-73.81621,40.70101],[-73.81608,40.70083],[-73.81583,40.70058],[-73.81555,40.70037],[-73.81502,40.7001],[-73.81428,40.6998],[-73.81392,40.69969],[-73.81322,40.69951],[-73.81272,40.69942],[-73.81232,40.69939],[-73.81206,40.69939],[-73.81166,40.69942],[-73.81131,40.69948],[-73.81084,40.69961],[-73.81075,40.69962],[-73.81013,40.6998],[-73.80959,40.69998],[-73.8091,40.70013],[-73.80869,40.70027],[-73.80783,40.70053],[-73.80729,40.70067],[-73.80691,40.70078],[-73.80639,40.7009],[-73.80579,40.70107],[-73.80536,40.70118],[-73.80482,40.70134],[-73.80407,40.70153],[-73.80356,40.70164],[-73.80222,40.70195],[-73.80038,40.70239],[-73.80003,40.70247]],[[-74.00766,40.71541],[-74.00769,40.71538]],[[-74.00766,40.71541],[-74.00786,40.7149],[-74.008,40.71467],[-74.00827,40.71432],[-74.00844,40.71412],[-74.00872,40.71377],[-74.00931,40.71305],[-74.00978,40.71247]],[[-73.94183,40.74735],[-73.94235,40.74723],[-73.94252,40.74721],[-73.94295,40.74721],[-73.94357,40.7473],[-73.94459,40.74752],[-73.94494,40.74758],[-73.94501,40.7476],[-73.94508,40.74761],[-73.94514,40.74763],[-73.94639,40.74787],[-73.94659,40.74792],[-73.94763,40.74812],[-73.94829,40.74826],[-73.94928,40.74844],[-73.94942,40.74848],[-73.95074,40.74873],[-73.9508,40.74873],[-73.9518,40.74893],[-73.9522,40.749],[-73.95292,40.74916],[-73.95358,40.74934],[-73.95398,40.74947],[-73.95459,40.74969],[-73.95506,40.74988],[-73.95593,40.7503],[-73.95675,40.75078],[-73.95777,40.75147],[-73.95807,40.75169],[-73.95866,40.75208],[-73.95876,40.75216],[-73.95929,40.75252],[-73.95944,40.75264],[-73.95981,40.75289],[-73.96096,40.75371],[-73.96194,40.75438],[-73.96261,40.75478],[-73.96297,40.75496],[-73.96343,40.75515],[-73.96387,40.75535],[-73.96413,40.75545],[-73.96519,40.75591],[-73.96595,40.75622],[-73.96663,40.75652],[-73.96744,40.75685],[-73.96826,40.75721],[-73.96984,40.75787],[-73.97034,40.75809],[-73.97065,40.75821],[-73.97095,40.75835],[-73.97097,40.75835],[-73.97102,40.75837],[-73.97114,40.75843],[-73.97152,40.75858],[-73.97227,40.75891],[-73.97241,40.75896],[-73.97295,40.75922],[-73.97308,40.75927],[-73.97326,40.75936],[-73.97333,40.75939],[-73.97338,40.75941],[-73.97339,40.75941],[-73.97344,40.75944],[-73.97345,40.75945],[-73.97351,40.75947],[-73.97363,40.75953],[-73.97369,40.75955],[-73.97369,40.75956],[-73.97375,40.75958],[-73.97385,40.75963],[-73.97394,40.75966],[-73.97406,40.75972],[-73.97425,40.75979],[-73.97444,40.75988],[-73.97532,40.76024],[-73.97608,40.76057],[-73.97627,40.76064],[-73.9763,40.76066],[-73.97646,40.76072],[-73.97652,40.76075],[-73.97703,40.76095],[-73.97735,40.76109],[-73.97799,40.76134],[-73.97824,40.76145],[-73.97895,40.76173],[-73.97902,40.76176],[-73.97908,40.76179],[-73.97912,40.7618],[-73.97927,40.76187],[-73.97934,40.76189],[-73.97952,40.76197],[-73.97959,40.76199],[-73.97972,40.76205],[-73.97978,40.76207],[-73.97985,40.7621],[-73.97991,40.76212],[-73.98028,40.76228],[-73.98053,40.76237],[-73.98136,40.76272],[-73.98169,40.76284],[-73.98182,40.7629],[-73.98188,40.76292],[-73.98193,40.76294],[-73.98194,40.76295],[-73.98196,40.76295],[-73.98197,40.76296],[-73.98219,40.76304],[-73.98226,40.76308],[-73.98287,40.76331],[-73.98317,40.76342],[-73.98359,40.7636],[-73.98399,40.76373],[-73.98421,40.76376],[-73.98455,40.76376],[-73.98477,40.76372],[-73.98503,40.76363],[-73.98527,40.7635],[-73.9856,40.76306],[-73.98573,40.76286],[-73.98601,40.7625],[-73.98609,40.76237],[-73.98668,40.76158],[-73.98688,40.76129],[-73.98706,40.76106],[-73.98757,40.76035],[-73.98775,40.76012],[-73.98796,40.75981],[-73.98823,40.75945],[-73.98859,40.759],[-73.98888,40.75859],[-73.98948,40.75778],[-73.98966,40.75751],[-73.99004,40.7569],[-73.99008,40.75686],[-73.99014,40.75676],[-73.99019,40.75669],[-73.99025,40.75661],[-73.99026,40.7566],[-73.99028,40.75657],[-73.99032,40.75652],[-73.99035,40.75647],[-73.99053,40.75624],[-73.99077,40.75591],[-73.9909,40.75571],[-73.99148,40.75497],[-73.99217,40.75402],[-73.99223,40.75392],[-73.99271,40.75331],[-73.99311,40.75275],[-73.99351,40.75222],[-73.99377,40.75184],[-73.99438,40.75102],[-73.99456,40.75076],[-73.99552,40.74944],[-73.99588,40.74896],[-73.99636,40.7483],[-73.99652,40.74806],[-73.9971,40.74728],[-73.99732,40.74696],[-73.99753,40.74669],[-73.99821,40.74573],[-73.99855,40.74528],[-73.9988,40.74492],[-73.99928,40.74427],[-73.99948,40.74398],[-73.99998,40.74331],[-74.00032,40.74283],[-74.00075,40.74226],[-74.00125,40.74156],[-74.00168,40.74098],[-74.00178,40.74083],[-74.00222,40.74024],[-74.00238,40.74],[-74.00251,40.73976],[-74.00251,40.73974],[-74.00252,40.73971],[-74.00256,40.7396],[-74.00259,40.73949],[-74.00259,40.73913],[-74.00258,40.73909],[-74.00258,40.73908],[-74.00257,40.73906],[-74.00257,40.73904],[-74.00256,40.73902],[-74.00255,40.739],[-74.00255,40.73898],[-74.00254,40.73896],[-74.00254,40.73895],[-74.00253,40.73894],[-74.00253,40.73893],[-74.00252,40.73891],[-74.00252,40.7389],[-74.00251,40.73889],[-74.00251,40.73888],[-74.0025,40.73886],[-74.00249,40.73884],[-74.00248,40.73882],[-74.00248,40.73881],[-74.00247,40.73879],[-74.00246,40.73877],[-74.00245,40.73875],[-74.00241,40.73868],[-74.0024,40.73866],[-74.00239,40.73864],[-74.00238,40.73862],[-74.00227,40.73844],[-74.00222,40.73835],[-74.00204,40.73803],[-74.0019,40.73782],[-74.00161,40.73732],[-74.00146,40.73709],[-74.00119,40.73662],[-74.00114,40.73655],[-74.0011,40.73649],[-74.00103,40.73636],[-74.00097,40.73628],[-74.00079,40.73597],[-74.00037,40.73528],[-73.99986,40.73448],[-73.99983,40.73443],[-73.99982,40.73441],[-73.99981,40.73439],[-73.9998,40.73437],[-73.99979,40.73435],[-73.99978,40.73433],[-73.99977,40.73431],[-73.99976,40.73429],[-73.99976,40.73428],[-73.99975,40.73427],[-73.99975,40.73426],[-73.99974,40.73424],[-73.99974,40.73423],[-73.99973,40.73422],[-73.99972,40.73417],[-73.99971,40.73416],[-73.99971,40.73414],[-73.9997,40.73412],[-73.99966,40.73394],[-73.99966,40.73373],[-73.99973,40.73345],[-73.99986,40.73321],[-74.00104,40.73155],[-74.00127,40.73124],[-74.00189,40.73025],[-74.00219,40.7298],[-74.00239,40.72945],[-74.00271,40.72879],[-74.00292,40.72826],[-74.00307,40.72792],[-74.00327,40.7274],[-74.00335,40.72723],[-74.00363,40.72654],[-74.00381,40.72606],[-74.00439,40.72464],[-74.00451,40.72437],[-74.00475,40.72375],[-74.00508,40.72296],[-74.00515,40.72274],[-74.00521,40.72244],[-74.00523,40.72211],[-74.00524,40.72112],[-74.00521,40.72046],[-74.00519,40.71966],[-74.00517,40.71939],[-74.00517,40.71898],[-74.00521,40.71873],[-74.00532,40.71844],[-74.00553,40.71811],[-74.00615,40.71733],[-74.00632,40.71713],[-74.00661,40.71674],[-74.00711,40.71612],[-74.00766,40.71541]],[[-73.94181,40.74736],[-73.94136,40.74752],[-73.94089,40.74767],[-73.94066,40.74776],[-73.9402,40.74791],[-73.94014,40.74794],[-73.94007,40.74795],[-73.94004,40.74797],[-73.93994,40.748],[-73.93993,40.74801],[-73.93992,40.74801],[-73.9399,40.74801],[-73.9399,40.74802],[-73.93988,40.74802],[-73.93987,40.74803],[-73.93986,40.74803],[-73.93984,40.74803],[-73.93981,40.74804],[-73.9398,40.74805],[-73.93978,40.74806],[-73.93977,40.74806],[-73.93976,40.74806],[-73.93975,40.74806],[-73.93973,40.74807],[-73.93972,40.74808],[-73.93969,40.74809],[-73.93967,40.74809],[-73.93955,40.74813],[-73.93909,40.7483],[-73.93893,40.74835],[-73.9388,40.74841],[-73.93877,40.74841],[-73.93874,40.74843],[-73.93869,40.74844],[-73.93817,40.74865],[-73.93768,40.74886],[-73.93756,40.74892],[-73.93743,40.74898],[-73.93701,40.74919],[-73.93661,40.74941],[-73.93615,40.74971],[-73.93599,40.74983],[-73.93598,40.74984],[-73.93553,40.75022],[-73.93506,40.75066],[-73.9347,40.75096],[-73.93464,40.751],[-73.9346,40.75103],[-73.93445,40.75113],[-73.93382,40.75146],[-73.93328,40.75167],[-73.93274,40.75181],[-73.93229,40.75187],[-73.93151,40.7519],[-73.93076,40.7519],[-73.9305,40.75189],[-73.92984,40.7519],[-73.92704,40.75196],[-73.92638,40.75198],[-73.92593,40.75201],[-73.92523,40.7521],[-73.92409,40.75234],[-73.91899,40.75352],[-73.9184,40.75365],[-73.91795,40.75373],[-73.91725,40.75379],[-73.9166,40.75379],[-73.91626,40.75377],[-73.91561,40.75368],[-73.91161,40.75303],[-73.91126,40.75299],[-73.91081,40.75297],[-73.91058,40.75298],[-73.90993,40.75304],[-73.90882,40.75318],[-73.90811,40.75326],[-73.90771,40.75327],[-73.90726,40.75323],[-73.90669,40.7531],[-73.90635,40.75297],[-73.90216,40.75118],[-73.90147,40.75088],[-73.89782,40.74932],[-73.89432,40.74786],[-73.89313,40.74737],[-73.89227,40.747],[-73.89189,40.74685],[-73.89182,40.74682],[-73.8915,40.74668],[-73.89135,40.74662],[-73.8902,40.7461],[-73.88956,40.74582],[-73.88764,40.745],[-73.88711,40.7448],[-73.88597,40.74432],[-73.88533,40.74404],[-73.8848,40.74378],[-73.88355,40.74318],[-73.88303,40.74292],[-73.88246,40.7426],[-73.88179,40.7422],[-73.88125,40.74184],[-73.88031,40.74117],[-73.87992,40.74088],[-73.87954,40.74052],[-73.87936,40.7403],[-73.87909,40.73987],[-73.87897,40.73964],[-73.87717,40.73643],[-73.87704,40.73623],[-73.87673,40.73586],[-73.87656,40.7357],[-73.87624,40.73545],[-73.8758,40.73519],[-73.87555,40.73508],[-73.87486,40.73484],[-73.87405,40.73462],[-73.87214,40.73408],[-73.87073,40.73367],[-73.87027,40.73353],[-73.86926,40.73316],[-73.86826,40.7327],[-73.86684,40.73191],[-73.86623,40.73161],[-73.86588,40.73146],[-73.86516,40.73118],[-73.85465,40.72731],[-73.85387,40.727],[-73.85315,40.72668],[-73.85233,40.72625],[-73.85164,40.72584],[-73.85123,40.72556],[-73.85095,40.72535],[-73.85065,40.7251],[-73.8499,40.72442],[-73.84926,40.72393],[-73.84885,40.72367],[-73.84844,40.72343],[-73.84812,40.72326],[-73.84765,40.72303],[-73.84713,40.72281],[-73.84556,40.72211],[-73.84286,40.72089],[-73.84126,40.72018],[-73.8408,40.71996],[-73.8401,40.71961],[-73.83653,40.71785],[-73.83603,40.7176],[-73.83572,40.71743],[-73.83536,40.71721],[-73.83473,40.71677],[-73.8339,40.71615],[-73.83331,40.71573],[-73.83285,40.71543],[-73.83185,40.7148],[-73.83132,40.71449],[-73.83046,40.71403],[-73.82882,40.71324],[-73.82801,40.71288],[-73.82629,40.71222],[-73.82537,40.71186],[-73.82238,40.71071],[-73.82187,40.71047],[-73.82152,40.71024],[-73.82134,40.71009],[-73.82102,40.70975],[-73.82088,40.70955],[-73.82064,40.70915],[-73.81972,40.70753],[-73.8195,40.70718]]]}},{"type":"Feature","properties":{"id":"C-20","service":"C","name":"8 Avenue Local","color":"#0039A6"},"geometry":{"type":"LineString","coordinates":[[-73.94368,40.82556],[-73.94418,40.82486],[-73.94462,40.82428],[-73.94482,40.82398],[-73.94503,40.82363],[-73.9453,40.82307],[-73.94553,40.82256],[-73.94577,40.82206],[-73.94592,40.82172],[-73.94627,40.82104],[-73.9465,40.82056],[-73.94656,40.8204],[-73.94677,40.82],[-73.94699,40.81949],[-73.94745,40.81857],[-73.94782,40.8178],[-73.94815,40.81715],[-73.9484,40.81663],[-73.94873,40.81597],[-73.94887,40.81567],[-73.94918,40.81506],[-73.9493,40.8148],[-73.94961,40.81422],[-73.94985,40.81386],[-73.95021,40.81339],[-73.95045,40.81312],[-73.95206,40.81151],[-73.95229,40.81125],[-73.95254,40.81093],[-73.95306,40.81021],[-73.95316,40.81],[-73.9532,40.80984],[-73.9532,40.80956],[-73.95314,40.80923],[-73.95303,40.80874],[-73.95298,40.80844],[-73.95297,40.80811],[-73.95304,40.80775],[-73.9531,40.80759],[-73.95325,40.80731],[-73.95368,40.80673],[-73.95404,40.80629],[-73.95456,40.80562],[-73.95529,40.8046],[-73.95653,40.80293],[-73.95689,40.80242],[-73.95776,40.80125],[-73.95812,40.80074],[-73.95825,40.80058],[-73.95857,40.80013],[-73.95887,40.79973],[-73.95906,40.7995],[-73.95999,40.79822],[-73.96022,40.79792],[-73.96084,40.79706],[-73.96097,40.79689],[-73.961,40.79684],[-73.96102,40.79682],[-73.96104,40.79679],[-73.96109,40.79673],[-73.96133,40.79639],[-73.96146,40.79623],[-73.96192,40.79559],[-73.96258,40.79474],[-73.96318,40.79391],[-73.96355,40.79342],[-73.96415,40.79258],[-73.96428,40.79242],[-73.96476,40.79175],[-73.96489,40.79159],[-73.96561,40.79059],[-73.96574,40.79043],[-73.96612,40.78989],[-73.96638,40.7895],[-73.96658,40.78914],[-73.96697,40.78859],[-73.96782,40.78742],[-73.96791,40.78731],[-73.96843,40.78658],[-73.96917,40.78558],[-73.96965,40.78491],[-73.97015,40.78424],[-73.97039,40.7839],[-73.97088,40.78324],[-73.97124,40.78273],[-73.97186,40.7819],[-73.97215,40.78149],[-73.97223,40.7814],[-73.97283,40.78056],[-73.9736,40.77952],[-73.97425,40.77861],[-73.97533,40.77714],[-73.97571,40.77661],[-73.97631,40.77581],[-73.97654,40.77547],[-73.97787,40.77367],[-73.97801,40.77346],[-73.97855,40.77276],[-73.97874,40.77248],[-73.97934,40.77166],[-73.97962,40.77125],[-73.97992,40.77087],[-73.98017,40.77052],[-73.98051,40.77007],[-73.9807,40.76977],[-73.98106,40.76924],[-73.98133,40.76887],[-73.9818,40.76825],[-73.98182,40.76824],[-73.98265,40.76715],[-73.98319,40.7664],[-73.9834,40.76613],[-73.98366,40.76575],[-73.98414,40.76512],[-73.9843,40.76488],[-73.98468,40.76438],[-73.98528,40.76354],[-73.98618,40.76233],[-73.98627,40.76219],[-73.98704,40.76115],[-73.98717,40.76096],[-73.98773,40.76021],[-73.98811,40.75967],[-73.98869,40.75893],[-73.98903,40.75845],[-73.98956,40.75773],[-73.98994,40.75712],[-73.99003,40.757],[-73.99012,40.75685],[-73.99016,40.75681],[-73.99024,40.75669],[-73.9903,40.75661],[-73.99033,40.75656],[-73.99058,40.75624],[-73.9908,40.75591],[-73.99092,40.75577],[-73.99181,40.75458],[-73.9924,40.75376],[-73.99285,40.75319],[-73.99302,40.75294],[-73.99362,40.75213],[-73.99399,40.7516],[-73.99431,40.75118],[-73.99468,40.75066],[-73.99499,40.75025],[-73.99515,40.75001],[-73.99578,40.74916],[-73.99623,40.74853],[-73.99637,40.74835],[-73.99667,40.74792],[-73.99727,40.74711],[-73.9973,40.74705],[-73.99789,40.74626],[-73.99828,40.7457],[-73.99851,40.7454],[-73.99871,40.74511],[-73.99895,40.7448],[-73.99906,40.74463],[-73.99933,40.74427],[-73.99946,40.74407],[-74.00024,40.74302],[-74.00058,40.74254],[-74.00076,40.74231],[-74.0013,40.74155],[-74.00172,40.74099],[-74.00223,40.74027],[-74.00231,40.74017],[-74.00253,40.73979],[-74.00253,40.73977],[-74.00254,40.73976],[-74.00254,40.73975],[-74.00255,40.73974],[-74.00255,40.73972],[-74.00259,40.73961],[-74.00262,40.73939],[-74.00259,40.73913],[-74.00258,40.73909],[-74.00258,40.73908],[-74.00257,40.73906],[-74.00257,40.73904],[-74.00256,40.73902],[-74.00255,40.739],[-74.00255,40.73898],[-74.00254,40.73896],[-74.00254,40.73895],[-74.00253,40.73894],[-74.00253,40.73893],[-74.00252,40.73891],[-74.00252,40.7389],[-74.00251,40.73889],[-74.00251,40.73888],[-74.0025,40.73886],[-74.00249,40.73884],[-74.00248,40.73882],[-74.00248,40.73881],[-74.00247,40.73879],[-74.00246,40.73877],[-74.00245,40.73875],[-74.00241,40.73868],[-74.0024,40.73866],[-74.00239,40.73864],[-74.00238,40.73862],[-74.00227,40.73844],[-74.00222,40.73835],[-74.00184,40.73774],[-74.00146,40.73709],[-74.00115,40.7366],[-74.00114,40.73657],[-74.00112,40.73653],[-74.00111,40.73653],[-74.00104,40.7364],[-74.00099,40.73633],[-74.00079,40.73597],[-74.00034,40.73527],[-73.99986,40.73448],[-73.99983,40.73443],[-73.99982,40.73441],[-73.99981,40.73439],[-73.9998,40.73437],[-73.99979,40.73435],[-73.99978,40.73433],[-73.99977,40.73431],[-73.99976,40.73429],[-73.99976,40.73428],[-73.99975,40.73427],[-73.99975,40.73426],[-73.99974,40.73424],[-73.99974,40.73423],[-73.99973,40.73422],[-73.99972,40.73417],[-73.99971,40.73416],[-73.99971,40.73414],[-73.9997,40.73412],[-73.99967,40.73395],[-73.99969,40.73367],[-73.99974,40.73351],[-73.99987,40.73325],[-74.00109,40.73156],[-74.00139,40.73112],[-74.00207,40.73003],[-74.0023,40.72968],[-74.00264,40.72902],[-74.00274,40.7288],[-74.0031,40.72792],[-74.00318,40.7277],[-74.00365,40.72656],[-74.00385,40.72604],[-74.00399,40.72572],[-74.00414,40.72533],[-74.00436,40.72482],[-74.00451,40.72442],[-74.00485,40.72361],[-74.00516,40.7228],[-74.00521,40.72258],[-74.00524,40.72229],[-74.00525,40.72188],[-74.00525,40.72095],[-74.00522,40.72038],[-74.00521,40.71986],[-74.00519,40.71958],[-74.00518,40.7191],[-74.00522,40.71879],[-74.00528,40.7186],[-74.00543,40.71832],[-74.00565,40.71802],[-74.00598,40.71762],[-74.00641,40.71706],[-74.00647,40.717],[-74.00712,40.71616],[-74.0074,40.71582],[-74.00759,40.71556],[-74.00779,40.71532],[-74.00805,40.71496],[-74.00824,40.71473],[-74.00885,40.71395],[-74.00907,40.7137],[-74.00921,40.71351],[-74.00927,40.71345],[-74.00929,40.71341],[-74.00935,40.71335],[-74.00937,40.71332],[-74.0094,40.71328],[-74.00943,40.71325],[-74.0095,40.71315],[-74.01001,40.71253],[-74.01015,40.71226],[-74.01018,40.71193],[-74.01017,40.71187],[-74.01013,40.71177],[-74.01013,40.71175],[-74.01011,40.71171],[-74.01004,40.71159],[-74.00989,40.71143],[-74.00969,40.71128],[-74.00938,40.71112],[-74.00936,40.7111],[-74.00908,40.71096],[-74.00903,40.71094],[-74.00894,40.71088],[-74.00812,40.71047],[-74.00804,40.71042],[-74.00791,40.71036],[-74.00782,40.71031],[-74.00778,40.71029],[-74.00775,40.71027],[-74.00774,40.71027],[-74.0077,40.71025],[-74.00766,40.71022],[-74.00764,40.71022],[-74.00735,40.71006],[-74.00694,40.70986],[-74.0069,40.70983],[-74.00651,40.70964],[-74.00645,40.7096],[-74.00644,40.7096],[-74.00642,40.70959],[-74.0064,40.70958],[-74.00628,40.70952],[-74.00619,40.70948],[-74.0058,40.70928],[-74.0054,40.70901],[-74.00517,40.70878],[-74.00474,40.70821],[-74.00434,40.70771],[-74.00427,40.70764],[-74.00392,40.7072],[-74.00357,40.70674],[-74.00331,40.70643],[-74.0029,40.7059],[-74.00284,40.70584],[-74.00247,40.70536],[-74.00243,40.70533],[-74.00182,40.70454],[-74.0005,40.70291],[-74.00011,40.70252],[-73.99974,40.7022],[-73.99923,40.70182],[-73.9986,40.70143],[-73.99775,40.70101],[-73.99728,40.70083],[-73.99678,40.7007],[-73.99484,40.70015],[-73.99414,40.69996],[-73.99337,40.69973],[-73.99291,40.69962],[-73.99217,40.6995],[-73.99178,40.69946],[-73.99118,40.69942],[-73.99008,40.69939],[-73.98932,40.69935],[-73.98899,40.6993],[-73.9886,40.69919],[-73.9883,40.69906],[-73.98799,40.69887],[-73.98771,40.69862],[-73.98747,40.6983],[-73.98735,40.69804],[-73.98729,40.69781],[-73.98727,40.69736],[-73.9873,40.69687],[-73.98733,40.69601],[-73.98737,40.69544],[-73.9874,40.69464],[-73.98746,40.69413],[-73.98754,40.69363],[-73.9876,40.69253],[-73.9876,40.69233],[-73.98761,40.6922],[-73.98762,40.6921],[-73.98762,40.69201],[-73.98763,40.69197],[-73.98763,40.69185],[-73.98767,40.6916],[-73.98767,40.69158],[-73.98767,40.69156],[-73.98768,40.69153],[-73.98768,40.69151],[-73.98769,40.69149],[-73.98769,40.69147],[-73.98771,40.69143],[-73.98771,40.69141],[-73.98773,40.69136],[-73.98774,40.69131],[-73.98799,40.6908],[-73.98806,40.69052],[-73.98805,40.69026],[-73.98792,40.68993],[-73.98767,40.68966],[-73.98722,40.68938],[-73.98695,40.68925],[-73.98624,40.68896],[-73.98601,40.68888],[-73.98441,40.68825],[-73.98397,40.68811],[-73.98342,40.68792],[-73.98307,40.68782],[-73.98251,40.68764],[-73.98186,40.68741],[-73.9815,40.68726],[-73.98104,40.6871],[-73.98099,40.68708],[-73.98095,40.68708],[-73.98092,40.68707],[-73.98051,40.68697],[-73.98027,40.68694],[-73.97976,40.68685],[-73.9796,40.68681],[-73.97958,40.68681],[-73.97954,40.68681],[-73.97953,40.68681],[-73.97943,40.68679],[-73.97913,40.68676],[-73.97883,40.68677],[-73.97882,40.68677],[-73.9788,40.68677],[-73.97879,40.68677],[-73.97877,40.68677],[-73.97875,40.68677],[-73.97873,40.68677],[-73.97871,40.68677],[-73.97869,40.68677],[-73.97866,40.68677],[-73.97858,40.68678],[-73.97855,40.68678],[-73.97848,40.68679],[-73.97845,40.68679],[-73.97843,40.68679],[-73.97836,40.68681],[-73.97829,40.68681],[-73.97828,40.68681],[-73.97827,40.68681],[-73.97826,40.68681],[-73.97818,40.68683],[-73.97814,40.68683],[-73.9781,40.68683],[-73.978,40.68685],[-73.97784,40.68686],[-73.97761,40.6869],[-73.97751,40.6869],[-73.97743,40.68692],[-73.9774,40.68692],[-73.97735,40.68692],[-73.97733,40.68693],[-73.97727,40.68693],[-73.97726,40.68694],[-73.97716,40.68694],[-73.97706,40.68695],[-73.97702,40.68695],[-73.97696,40.68696],[-73.97693,40.68696],[-73.97692,40.68696],[-73.97686,40.68697],[-73.97684,40.68697],[-73.97683,40.68697],[-73.97681,40.68697],[-73.97629,40.68695],[-73.97581,40.68686],[-73.97548,40.68676],[-73.97457,40.68639],[-73.97432,40.6863],[-73.97352,40.68598],[-73.97349,40.68596],[-73.97256,40.68565],[-73.97223,40.6855],[-73.96962,40.68445],[-73.96931,40.68431],[-73.9681,40.68383],[-73.96779,40.68374],[-73.96474,40.68309],[-73.96177,40.68245],[-73.95912,40.68189],[-73.95878,40.68181],[-73.95798,40.68165],[-73.95579,40.68118],[-73.95534,40.68109],[-73.95403,40.68078],[-73.95352,40.68067],[-73.95295,40.68058],[-73.95234,40.68053],[-73.95149,40.68051],[-73.95104,40.68048],[-73.94915,40.68038],[-73.94768,40.68029],[-73.94646,40.68023],[-73.94395,40.6801],[-73.94237,40.68001],[-73.94158,40.67997],[-73.93928,40.67984],[-73.93491,40.67961],[-73.93298,40.6795],[-73.93214,40.67948],[-73.9318,40.67948],[-73.93087,40.67943],[-73.93036,40.67939],[-73.92982,40.67936],[-73.92948,40.67932],[-73.92878,40.67927],[-73.92714,40.67919],[-73.92547,40.6791],[-73.92509,40.67907],[-73.92488,40.67907],[-73.9242,40.67903],[-73.92399,40.67903],[-73.92226,40.67894],[-73.91992,40.67881],[-73.91698,40.67866],[-73.9133,40.67846],[-73.91012,40.67829],[-73.90986,40.67828],[-73.90918,40.67828],[-73.90856,40.67829],[-73.90732,40.67833],[-73.90428,40.6784],[-73.9036,40.6784],[-73.90311,40.67836],[-73.9031,40.67836],[-73.90309,40.67836],[-73.90308,40.67836],[-73.90298,40.67836],[-73.90285,40.67835],[-73.90256,40.67831],[-73.90254,40.67831],[-73.90252,40.67831],[-73.90251,40.6783],[-73.90248,40.6783],[-73.90247,40.6783],[-73.90246,40.67829],[-73.90238,40.67829],[-73.90092,40.67806],[-73.90033,40.678],[-73.89896,40.67788],[-73.89841,40.67779],[-73.89812,40.6777],[-73.89784,40.67756],[-73.8976,40.67739],[-73.8974,40.67718],[-73.89739,40.67717],[-73.89739,40.67716],[-73.89739,40.67715],[-73.8973,40.67703],[-73.89719,40.67681],[-73.89706,40.67636],[-73.89682,40.67545],[-73.89639,40.67378],[-73.89627,40.6734],[-73.89613,40.67313],[-73.89601,40.67297],[-73.89577,40.67273],[-73.89547,40.67253],[-73.89506,40.67235],[-73.89469,40.67226],[-73.89443,40.67223],[-73.89402,40.67223],[-73.8937,40.67226],[-73.89329,40.67233],[-73.89139,40.67262],[-73.89092,40.67268],[-73.89059,40.67274],[-73.88999,40.67282],[-73.88644,40.67336],[-73.88479,40.67362],[-73.88339,40.67382],[-73.88259,40.67395],[-73.88246,40.67396],[-73.88193,40.67405],[-73.88151,40.6741],[-73.88117,40.67416],[-73.88088,40.67419],[-73.88054,40.67425],[-73.88011,40.6743],[-73.87914,40.67445],[-73.87871,40.6745],[-73.87837,40.67456],[-73.87808,40.67459],[-73.87774,40.67465],[-73.87744,40.67468],[-73.87711,40.67474],[-73.87681,40.67477],[-73.87648,40.67483],[-73.87618,40.67486],[-73.87584,40.67492],[-73.87541,40.67497],[-73.8752,40.67501],[-73.87414,40.67515],[-73.87394,40.67519],[-73.87352,40.67524],[-73.87246,40.6754],[-73.87226,40.67544],[-73.87106,40.6756]]}},{"type":"Feature","properties":{"id":"W-19","service":"W","name":"Broadway Local","color":"#FCCC0A"},"geometry":{"type":"MultiLineString","coordinates":[[[-74.00149,40.71982],[-74.00112,40.72027],[-74.00051,40.72098],[-74.00049,40.72102],[-73.99955,40.72211],[-73.99906,40.72271],[-73.99868,40.72314],[-73.99841,40.72347],[-73.99811,40.72381],[-73.99783,40.72416],[-73.99765,40.72436],[-73.99722,40.72488],[-73.9968,40.72536],[-73.99677,40.72541],[-73.99676,40.72541],[-73.99675,40.72543],[-73.99672,40.72546],[-73.99672,40.72547],[-73.9967,40.72548],[-73.99666,40.72554],[-73.99654,40.72567],[-73.99646,40.72578],[-73.9959,40.72643],[-73.99479,40.72776],[-73.9938,40.72891],[-73.99343,40.72937],[-73.99316,40.72967],[-73.99305,40.72982],[-73.99278,40.73012],[-73.99273,40.7302],[-73.992,40.73106],[-73.99191,40.73115],[-73.99156,40.73158],[-73.99141,40.73187],[-73.99135,40.73207],[-73.99098,40.73378],[-73.9908,40.73466],[-73.99077,40.73477],[-73.99077,40.73481],[-73.99076,40.73483],[-73.99076,40.73484],[-73.99075,40.73485],[-73.99072,40.73503],[-73.99058,40.73563],[-73.99058,40.73568],[-73.99028,40.737],[-73.99028,40.73705],[-73.99013,40.73769],[-73.98999,40.73841],[-73.98991,40.73873],[-73.98977,40.7392],[-73.98962,40.73975],[-73.9895,40.74028],[-73.98938,40.74115],[-73.98936,40.74141],[-73.98929,40.74188],[-73.98923,40.74261],[-73.98918,40.74297],[-73.98908,40.74347],[-73.98864,40.74584],[-73.98862,40.7459],[-73.98819,40.74821],[-73.98812,40.74875],[-73.98806,40.74909],[-73.98798,40.74952],[-73.98797,40.74958],[-73.98796,40.74961],[-73.98796,40.74963],[-73.98795,40.74969],[-73.98792,40.74985],[-73.98778,40.75059],[-73.98778,40.75065],[-73.98763,40.75146],[-73.98744,40.75243],[-73.98728,40.75302],[-73.98724,40.75312],[-73.98695,40.75402],[-73.98672,40.75477],[-73.98663,40.75503],[-73.9864,40.75577],[-73.98613,40.75655],[-73.98587,40.75718],[-73.98562,40.75768],[-73.98508,40.75858],[-73.98482,40.75896],[-73.98437,40.75956],[-73.98351,40.76074],[-73.98236,40.7623],[-73.98233,40.76236],[-73.98198,40.76282],[-73.98195,40.76288],[-73.98191,40.76292],[-73.98188,40.76297],[-73.98185,40.76301],[-73.98173,40.76317],[-73.9817,40.76322],[-73.98166,40.76326],[-73.98149,40.76349],[-73.98139,40.76364],[-73.98093,40.76425],[-73.98087,40.76435],[-73.98039,40.76501],[-73.98014,40.76533],[-73.98003,40.7655],[-73.97959,40.76608],[-73.97935,40.76642],[-73.9793,40.76649],[-73.97928,40.76651],[-73.97926,40.76654],[-73.97899,40.76678],[-73.97877,40.76688],[-73.97861,40.76692],[-73.97824,40.76692],[-73.97798,40.76685],[-73.97779,40.76676],[-73.97705,40.76632],[-73.97635,40.76587],[-73.97614,40.76575],[-73.97612,40.76574],[-73.97611,40.76573],[-73.9761,40.76573],[-73.97606,40.76571],[-73.97601,40.76568],[-73.97583,40.76559],[-73.97578,40.76556],[-73.97496,40.76515],[-73.97454,40.76504],[-73.97361,40.76494],[-73.97319,40.76488],[-73.9725,40.76481],[-73.97209,40.76472],[-73.97168,40.76456],[-73.97121,40.76434],[-73.97107,40.76429],[-73.9706,40.76407],[-73.97021,40.76391],[-73.96937,40.76353],[-73.96918,40.76346],[-73.96834,40.76311],[-73.96798,40.76297],[-73.96796,40.76295],[-73.9679,40.76293],[-73.9678,40.76288],[-73.96778,40.76288],[-73.96774,40.76286],[-73.96771,40.76284],[-73.96761,40.76281],[-73.96679,40.76246],[-73.9664,40.76228],[-73.96621,40.76221],[-73.96547,40.76189],[-73.96526,40.76181],[-73.9647,40.76156],[-73.96463,40.76154],[-73.96394,40.76124],[-73.96331,40.76098],[-73.96275,40.76073],[-73.96218,40.7605],[-73.96181,40.76033],[-73.96107,40.76003],[-73.96068,40.75985],[-73.96023,40.75967],[-73.95986,40.7595],[-73.95887,40.75909],[-73.95873,40.75902],[-73.95797,40.75871],[-73.95779,40.75862],[-73.95715,40.75836],[-73.95643,40.75804],[-73.95602,40.75788],[-73.95546,40.75763],[-73.9552,40.75753],[-73.95452,40.75723],[-73.95395,40.757],[-73.95358,40.75683],[-73.95313,40.75665],[-73.9525,40.75637],[-73.95225,40.75627],[-73.95177,40.75605],[-73.95115,40.75579],[-73.95092,40.75568],[-73.94959,40.75512],[-73.94863,40.75463],[-73.94819,40.75438],[-73.94784,40.75416],[-73.94709,40.75378],[-73.94626,40.75342],[-73.94496,40.75286],[-73.94397,40.75245],[-73.94386,40.75239],[-73.94252,40.75183],[-73.94234,40.75174],[-73.94195,40.75158],[-73.94173,40.75146],[-73.94133,40.75117],[-73.94115,40.75106],[-73.94072,40.75084],[-73.94036,40.7507],[-73.93999,40.75053],[-73.93931,40.75025],[-73.93854,40.74988],[-73.9382,40.74969],[-73.93772,40.74936],[-73.93749,40.74925],[-73.93713,40.74919],[-73.93712,40.74919],[-73.93709,40.74919],[-73.93703,40.74919],[-73.93702,40.74919],[-73.93701,40.74919],[-73.93668,40.74927],[-73.93639,40.74945],[-73.9363,40.74953],[-73.93616,40.74967],[-73.93613,40.74969],[-73.9361,40.74972],[-73.93608,40.74974],[-73.93606,40.74976],[-73.93604,40.74978],[-73.936,40.74982],[-73.93599,40.74983],[-73.93598,40.74984],[-73.93546,40.75034],[-73.93499,40.75082],[-73.93489,40.7509],[-73.93484,40.75094],[-73.93447,40.75122],[-73.93393,40.75152],[-73.93382,40.75163],[-73.93378,40.75167],[-73.93374,40.75171],[-73.93371,40.75174],[-73.93368,40.75177],[-73.93357,40.75189],[-73.93313,40.75244],[-73.93264,40.75303],[-73.93236,40.75339],[-73.93178,40.75409],[-73.93169,40.75422],[-73.93083,40.75526],[-73.93083,40.75528],[-73.92981,40.75652],[-73.92948,40.75694],[-73.92903,40.75748],[-73.92891,40.75765],[-73.92818,40.75853],[-73.92795,40.75883],[-73.92727,40.75965],[-73.927,40.76],[-73.92679,40.76024],[-73.92632,40.76084],[-73.92583,40.76143],[-73.92497,40.76249],[-73.92495,40.76253],[-73.92422,40.76341],[-73.9237,40.76406],[-73.92317,40.7647],[-73.92313,40.76476],[-73.92245,40.76558],[-73.92199,40.76616],[-73.92116,40.76716],[-73.92065,40.76779],[-73.92025,40.76819],[-73.91963,40.76873],[-73.91886,40.76938],[-73.91866,40.76957],[-73.91765,40.77042],[-73.91759,40.77048],[-73.91664,40.77127],[-73.9165,40.7714],[-73.91617,40.77165],[-73.91502,40.77259],[-73.91481,40.77277],[-73.91415,40.7733],[-73.91387,40.77354],[-73.91343,40.77389],[-73.91295,40.77429],[-73.9125,40.77465],[-73.91227,40.77485],[-73.9113,40.77563]],[[-74.00149,40.71982],[-74.00195,40.71929],[-74.00229,40.71887],[-74.00259,40.71853],[-74.00308,40.71794],[-74.00337,40.71762],[-74.00403,40.71682],[-74.00455,40.71621],[-74.00504,40.71565],[-74.00598,40.71453],[-74.00606,40.7144],[-74.00653,40.71375],[-74.00679,40.71347],[-74.00684,40.71339],[-74.00715,40.71303],[-74.00767,40.71251],[-74.0077,40.71249],[-74.00772,40.71247],[-74.00773,40.71245],[-74.00776,40.71243],[-74.00779,40.71239],[-74.00786,40.71233],[-74.00811,40.712],[-74.00829,40.71182],[-74.00855,40.71167],[-74.00873,40.71163],[-74.00895,40.71164],[-74.00921,40.71171],[-74.00944,40.71181],[-74.00974,40.71186],[-74.00995,40.71184],[-74.0101,40.71179],[-74.01012,40.71177],[-74.01017,40.71174],[-74.0102,40.71173],[-74.01022,40.71171],[-74.01027,40.71168],[-74.01032,40.71164],[-74.01044,40.71148],[-74.01101,40.71061],[-74.01122,40.71032],[-74.01159,40.70976],[-74.01186,40.70939],[-74.01212,40.70901],[-74.01236,40.70863],[-74.01267,40.70819],[-74.01289,40.70785],[-74.01325,40.70734],[-74.01392,40.70645],[-74.014,40.70629],[-74.01403,40.70601],[-74.01398,40.70584],[-74.01384,40.70563],[-74.01363,40.70542],[-74.01349,40.70527],[-74.01334,40.70502],[-74.01329,40.70485],[-74.0132,40.70422],[-74.01319,40.70408],[-74.01311,40.70363],[-74.01276,40.70222]]]}},{"type":"Feature","properties":{"id":"R-18","service":"R","name":"Broadway Local","color":"#FCCC0A"},"geometry":{"type":"MultiLineString","coordinates":[[[-73.97902,40.68807],[-73.97868,40.68787],[-73.9785,40.68768],[-73.97841,40.68749],[-73.97836,40.68726],[-73.97832,40.68694],[-73.97831,40.68689],[-73.97829,40.68676],[-73.97824,40.68648],[-73.97821,40.68629],[-73.97807,40.6853],[-73.97808,40.68502],[-73.97809,40.68497],[-73.9781,40.68495],[-73.9781,40.68493],[-73.97811,40.6849],[-73.97813,40.68486],[-73.97813,40.68484],[-73.97827,40.68457],[-73.97863,40.68406],[-73.97906,40.68341],[-73.98338,40.67705],[-73.98352,40.67686],[-73.98386,40.67634],[-73.98409,40.67602],[-73.98427,40.6758],[-73.986,40.67372],[-73.99253,40.66589],[-73.99303,40.66536],[-73.99983,40.65883],[-74.00249,40.65621],[-74.00331,40.65542],[-74.00447,40.65431],[-74.00481,40.65399],[-74.00558,40.6533],[-74.00646,40.65241],[-74.00651,40.65238],[-74.00707,40.65184],[-74.00846,40.65053],[-74.00915,40.64987],[-74.01073,40.64834],[-74.01095,40.64812],[-74.01193,40.64718],[-74.01339,40.64575],[-74.01342,40.64573],[-74.01477,40.64442],[-74.01599,40.64323],[-74.01696,40.64229],[-74.01735,40.64194],[-74.01857,40.64079],[-74.01899,40.64041],[-74.0203,40.63914],[-74.02106,40.63852],[-74.02159,40.63803],[-74.02188,40.63778],[-74.02219,40.63747],[-74.02252,40.63702],[-74.02272,40.63664],[-74.0228,40.63644],[-74.02315,40.63571],[-74.02392,40.63404],[-74.02462,40.63217],[-74.02525,40.63052],[-74.02585,40.62911],[-74.02691,40.62642],[-74.02781,40.62417],[-74.02795,40.62379],[-74.02807,40.62353],[-74.02875,40.62182],[-74.02946,40.62011],[-74.03024,40.6183],[-74.03035,40.61802],[-74.03061,40.61743],[-74.03128,40.61581],[-74.03131,40.61576]],[[-73.97901,40.68807],[-73.97961,40.68839],[-73.98025,40.68872],[-73.9803,40.68876],[-73.98077,40.68899],[-73.98102,40.68915],[-73.98118,40.68929],[-73.9813,40.68944],[-73.98221,40.69125],[-73.98231,40.69149],[-73.98249,40.69177],[-73.98264,40.6919],[-73.98283,40.692],[-73.98309,40.69206],[-73.98331,40.69208],[-73.98363,40.69208],[-73.98445,40.69212],[-73.98506,40.69213],[-73.98585,40.69217],[-73.98613,40.69217],[-73.98692,40.69221],[-73.98721,40.69221],[-73.98725,40.69222],[-73.98731,40.69222],[-73.98738,40.69222],[-73.98744,40.69222],[-73.98747,40.69222],[-73.98751,40.69222],[-73.98754,40.69223],[-73.98757,40.69223],[-73.98771,40.69223],[-73.98775,40.69224],[-73.98802,40.69224],[-73.98825,40.69226],[-73.98861,40.69226],[-73.98898,40.69228],[-73.98926,40.69233],[-73.98952,40.69244],[-73.98954,40.69246],[-73.98967,40.69254],[-73.98992,40.69284],[-73.99015,40.69329],[-73.99025,40.69345],[-73.9904,40.6936],[-73.99055,40.6937],[-73.99078,40.69379],[-73.99116,40.69391],[-73.99215,40.69417],[-73.99257,40.6943],[-73.99378,40.69462],[-73.99436,40.69479],[-73.99444,40.6948],[-73.99527,40.69504],[-73.99571,40.69515],[-73.99728,40.69558],[-73.99764,40.69569],[-73.99909,40.69609],[-73.99917,40.6961],[-73.99983,40.6963],[-74.00013,40.69641],[-74.00076,40.69662],[-74.00128,40.69681],[-74.00176,40.69701],[-74.00257,40.69732],[-74.00324,40.69759],[-74.00329,40.6976],[-74.0041,40.69793],[-74.00415,40.69794],[-74.00492,40.69825],[-74.00568,40.69854],[-74.00625,40.69877],[-74.00764,40.69932],[-74.00792,40.69942],[-74.00902,40.69986],[-74.00947,40.70003],[-74.0105,40.70044],[-74.0115,40.70083],[-74.0119,40.70101],[-74.0122,40.70119],[-74.01242,40.7014],[-74.01259,40.70166],[-74.01269,40.70194],[-74.01276,40.70222],[-74.01311,40.70363],[-74.01319,40.70408],[-74.0132,40.70422],[-74.01329,40.70485],[-74.01334,40.70502],[-74.01349,40.70527],[-74.01363,40.70542],[-74.01384,40.70563],[-74.01398,40.70584],[-74.01403,40.70601],[-74.014,40.70629],[-74.01392,40.70645],[-74.01325,40.70734],[-74.01289,40.70785],[-74.01267,40.70819],[-74.01236,40.70863],[-74.01212,40.70901],[-74.01186,40.70939],[-74.01159,40.70976],[-74.01122,40.71032],[-74.01101,40.71061],[-74.01044,40.71148],[-74.01032,40.71164],[-74.01027,40.71168],[-74.01022,40.71171],[-74.0102,40.71173],[-74.01017,40.71174],[-74.01012,40.71177],[-74.0101,40.71179],[-74.00995,40.71184],[-74.00974,40.71186],[-74.00944,40.71181],[-74.00921,40.71171],[-74.00895,40.71164],[-74.00873,40.71163],[-74.00855,40.71167],[-74.00829,40.71182],[-74.00811,40.712],[-74.00786,40.71233],[-74.00779,40.71239],[-74.00776,40.71243],[-74.00773,40.71245],[-74.00772,40.71247],[-74.0077,40.71249],[-74.00767,40.71251],[-74.00715,40.71303],[-74.00684,40.71339],[-74.00679,40.71347],[-74.00653,40.71375],[-74.00606,40.7144],[-74.00598,40.71453],[-74.00504,40.71565],[-74.00455,40.71621],[-74.00403,40.71682],[-74.00337,40.71762],[-74.00308,40.71794],[-74.00259,40.71853],[-74.00229,40.71887],[-74.00195,40.71929],[-74.00149,40.71982]],[[-74.00149,40.71982],[-74.00112,40.72027],[-74.00051,40.72098],[-74.00049,40.72102],[-73.99955,40.72211],[-73.99906,40.72271],[-73.99868,40.72314],[-73.99841,40.72347],[-73.99811,40.72381],[-73.99783,40.72416],[-73.99765,40.72436],[-73.99722,40.72488],[-73.9968,40.72536],[-73.99677,40.72541],[-73.99676,40.72541],[-73.99675,40.72543],[-73.99672,40.72546],[-73.99672,40.72547],[-73.9967,40.72548],[-73.99666,40.72554],[-73.99654,40.72567],[-73.99646,40.72578],[-73.9959,40.72643],[-73.99479,40.72776],[-73.9938,40.72891],[-73.99343,40.72937],[-73.99316,40.72967],[-73.99305,40.72982],[-73.99278,40.73012],[-73.99273,40.7302],[-73.992,40.73106],[-73.99191,40.73115],[-73.99156,40.73158],[-73.99141,40.73187],[-73.99135,40.73207],[-73.99098,40.73378],[-73.9908,40.73466],[-73.99077,40.73477],[-73.99077,40.73481],[-73.99076,40.73483],[-73.99076,40.73484],[-73.99075,40.73485],[-73.99072,40.73503],[-73.99058,40.73563],[-73.99058,40.73568],[-73.99028,40.737],[-73.99028,40.73705],[-73.99013,40.73769],[-73.98999,40.73841],[-73.98991,40.73873],[-73.98977,40.7392],[-73.98962,40.73975],[-73.9895,40.74028],[-73.98938,40.74115],[-73.98936,40.74141],[-73.98929,40.74188],[-73.98923,40.74261],[-73.98918,40.74297],[-73.98908,40.74347],[-73.98864,40.74584],[-73.98862,40.7459],[-73.98819,40.74821],[-73.98812,40.74875],[-73.98806,40.74909],[-73.98798,40.74952],[-73.98797,40.74958],[-73.98796,40.74961],[-73.98796,40.74963],[-73.98795,40.74969],[-73.98792,40.74985],[-73.98778,40.75059],[-73.98778,40.75065],[-73.98763,40.75146],[-73.98744,40.75243],[-73.98728,40.75302],[-73.98724,40.75312],[-73.98695,40.75402],[-73.98672,40.75477],[-73.98663,40.75503],[-73.9864,40.75577],[-73.98613,40.75655],[-73.98587,40.75718],[-73.98562,40.75768],[-73.98508,40.75858],[-73.98482,40.75896],[-73.98437,40.75956],[-73.98351,40.76074],[-73.98236,40.7623],[-73.98233,40.76236],[-73.98198,40.76282],[-73.98195,40.76288],[-73.98191,40.76292],[-73.98188,40.76297],[-73.98185,40.76301],[-73.98173,40.76317],[-73.9817,40.76322],[-73.98166,40.76326],[-73.98149,40.76349],[-73.98139,40.76364],[-73.98093,40.76425],[-73.98087,40.76435],[-73.98039,40.76501],[-73.98014,40.76533],[-73.98003,40.7655],[-73.97959,40.76608],[-73.97935,40.76642],[-73.9793,40.76649],[-73.97928,40.76651],[-73.97926,40.76654],[-73.97899,40.76678],[-73.97877,40.76688],[-73.97861,40.76692],[-73.97824,40.76692],[-73.97798,40.76685],[-73.97779,40.76676],[-73.97705,40.76632],[-73.97635,40.76587],[-73.97614,40.76575],[-73.97612,40.76574],[-73.97611,40.76573],[-73.9761,40.76573],[-73.97606,40.76571],[-73.97601,40.76568],[-73.97583,40.76559],[-73.97578,40.76556],[-73.97496,40.76515],[-73.97454,40.76504],[-73.97361,40.76494],[-73.97319,40.76488],[-73.9725,40.76481],[-73.97209,40.76472],[-73.97168,40.76456],[-73.97121,40.76434],[-73.97107,40.76429],[-73.9706,40.76407],[-73.97021,40.76391],[-73.96937,40.76353],[-73.96918,40.76346],[-73.96834,40.76311],[-73.96798,40.76297],[-73.96796,40.76295],[-73.9679,40.76293],[-73.9678,40.76288],[-73.96778,40.76288],[-73.96774,40.76286],[-73.96771,40.76284],[-73.96761,40.76281],[-73.96679,40.76246],[-73.9664,40.76228],[-73.96621,40.76221],[-73.96547,40.76189],[-73.96526,40.76181],[-73.9647,40.76156],[-73.96463,40.76154],[-73.96394,40.76124],[-73.96331,40.76098],[-73.96275,40.76073],[-73.96218,40.7605],[-73.96181,40.76033],[-73.96107,40.76003],[-73.96068,40.75985],[-73.96023,40.75967],[-73.95986,40.7595],[-73.95887,40.75909],[-73.95873,40.75902],[-73.95797,40.75871],[-73.95779,40.75862],[-73.95715,40.75836],[-73.95643,40.75804],[-73.95602,40.75788],[-73.95546,40.75763],[-73.9552,40.75753],[-73.95452,40.75723],[-73.95395,40.757],[-73.95358,40.75683],[-73.95313,40.75665],[-73.9525,40.75637],[-73.95225,40.75627],[-73.95177,40.75605],[-73.95115,40.75579],[-73.95092,40.75568],[-73.94959,40.75512],[-73.94863,40.75463],[-73.94819,40.75438],[-73.94784,40.75416],[-73.94709,40.75378],[-73.94626,40.75342]],[[-73.84352,40.72129],[-73.84546,40.72216],[-73.84652,40.72263],[-73.84682,40.72277],[-73.84779,40.7232],[-73.84833,40.72348],[-73.84874,40.72372],[-73.84914,40.72398],[-73.84986,40.72453],[-73.85071,40.72529],[-73.85111,40.7256],[-73.85153,40.72589],[-73.85199,40.72617],[-73.85263,40.72652],[-73.85315,40.72678],[-73.85392,40.72712],[-73.8544,40.72731],[-73.85456,40.72736],[-73.86515,40.73127],[-73.86578,40.73151],[-73.86626,40.73172],[-73.86698,40.73209],[-73.86797,40.73265],[-73.86838,40.73286],[-73.86891,40.7331],[-73.86932,40.73327],[-73.86988,40.73348],[-73.87064,40.73373],[-73.87206,40.73414],[-73.87397,40.73467],[-73.8744,40.7348],[-73.87478,40.7349],[-73.87517,40.73502],[-73.87561,40.7352],[-73.87594,40.73537],[-73.87623,40.73556],[-73.87652,40.7358],[-73.8767,40.73599],[-73.87691,40.73625],[-73.87704,40.73645],[-73.87884,40.73967],[-73.8791,40.74012],[-73.8793,40.74041],[-73.87952,40.74066],[-73.87981,40.74092],[-73.88093,40.74174],[-73.88127,40.74197],[-73.88224,40.74258],[-73.88302,40.74301],[-73.88346,40.74323],[-73.88471,40.74384],[-73.88524,40.74409],[-73.88681,40.74477],[-73.88767,40.7451],[-73.88947,40.74587],[-73.89011,40.74615],[-73.89126,40.74667],[-73.89142,40.74673],[-73.89174,40.74687],[-73.8918,40.7469],[-73.89188,40.74693],[-73.89218,40.74705],[-73.89293,40.74737],[-73.89423,40.74791],[-73.89723,40.74915],[-73.89811,40.74953],[-73.90139,40.75093],[-73.90208,40.75122],[-73.90627,40.75302],[-73.90719,40.75341],[-73.90784,40.7537],[-73.90843,40.75399],[-73.90895,40.75426],[-73.90952,40.75454],[-73.91449,40.75688],[-73.91709,40.75815],[-73.91755,40.75836],[-73.91796,40.75848],[-73.91831,40.75853],[-73.91862,40.75852],[-73.91898,40.75846],[-73.91923,40.75838],[-73.9195,40.75825],[-73.91979,40.75804],[-73.92,40.75783],[-73.92011,40.75769],[-73.92144,40.75608],[-73.92154,40.75595],[-73.92372,40.75318],[-73.92388,40.75297],[-73.92413,40.7527],[-73.92445,40.75247],[-73.9246,40.7524],[-73.92495,40.75228],[-73.92529,40.75221],[-73.9259,40.75213],[-73.92634,40.7521],[-73.927,40.75208],[-73.92979,40.75202],[-73.92993,40.75201],[-73.93178,40.75201],[-73.93232,40.75198],[-73.93273,40.75192],[-73.93305,40.75185],[-73.9335,40.75171],[-73.93393,40.75152],[-73.93445,40.75123],[-73.93484,40.75094],[-73.93489,40.7509],[-73.93503,40.75079],[-73.93547,40.75037],[-73.93588,40.75],[-73.93621,40.74974],[-73.93657,40.7495],[-73.93712,40.74919],[-73.93713,40.74919],[-73.93751,40.749],[-73.93799,40.74877],[-73.93838,40.74861],[-73.9384,40.7486],[-73.93899,40.74831],[-73.93913,40.74824],[-73.93938,40.7481],[-73.93975,40.74797],[-73.94,40.74792],[-73.94012,40.74792],[-73.94012,40.74791],[-73.94014,40.74791],[-73.94015,40.74791],[-73.94016,40.74791],[-73.94018,40.74791],[-73.9402,40.74791],[-73.94066,40.74795],[-73.94099,40.74806],[-73.9413,40.7482],[-73.94149,40.74831],[-73.94238,40.74891],[-73.94281,40.74922],[-73.94302,40.74944],[-73.94317,40.74971],[-73.94323,40.74997],[-73.94323,40.7502],[-73.94323,40.75021],[-73.94323,40.75022],[-73.94323,40.75023],[-73.94323,40.75024],[-73.94323,40.75029],[-73.94323,40.7503],[-73.94319,40.75066],[-73.94314,40.75127],[-73.94315,40.75152],[-73.94324,40.75178],[-73.94347,40.75206],[-73.94389,40.75236],[-73.94437,40.75259],[-73.94461,40.75268],[-73.94512,40.7529],[-73.9458,40.75317],[-73.94609,40.75331],[-73.94627,40.75342]]]}},{"type":"Feature","properties":{"id":"SIR-27","service":"SIR","name":"Staten Island Railway","color":"#0039A6"},"geometry":{"type":"MultiLineString","coordinates":[[[-74.25257,40.51227],[-74.25105,40.51329],[-74.25084,40.51345],[-74.25064,40.51357],[-74.25017,40.51381],[-74.24945,40.51414],[-74.24944,40.51415]],[[-74.2525,40.51244],[-74.25118,40.51334],[-74.2509,40.51352],[-74.25044,40.51376],[-74.24979,40.51408],[-74.24906,40.51439],[-74.24872,40.51448]],[[-74.25014,40.51379],[-74.25046,40.51363],[-74.25084,40.5134],[-74.251,40.51328],[-74.25157,40.5129],[-74.25245,40.51229],[-74.25254,40.51224]],[[-74.25014,40.51379],[-74.25035,40.51365],[-74.25079,40.51339],[-74.25112,40.51315],[-74.25251,40.51221]],[[-74.25014,40.51379],[-74.24945,40.51414],[-74.24944,40.51415]],[[-74.24944,40.51415],[-74.24932,40.51421]],[[-74.24944,40.51415],[-74.24932,40.51421]],[[-74.24932,40.51421],[-74.24853,40.51452],[-74.24845,40.51458]],[[-74.24872,40.51448],[-74.24951,40.51416],[-74.25047,40.51371],[-74.2508,40.51352],[-74.25097,40.5134],[-74.25271,40.51222]],[[-74.24845,40.51458],[-74.24872,40.51448]],[[-74.24801,40.51472],[-74.24845,40.51458]],[[-74.24801,40.51472],[-74.24752,40.51491],[-74.24648,40.51521],[-74.24529,40.51552],[-74.24438,40.5157],[-74.24376,40.51587],[-74.24317,40.51608],[-74.2423,40.51648],[-74.24074,40.51722],[-74.24041,40.51735],[-74.23972,40.51756],[-74.23907,40.5177],[-74.238,40.5179],[-74.23463,40.51857],[-74.23276,40.51893],[-74.23043,40.5194],[-74.22999,40.51948]],[[-74.22964,40.51955],[-74.22999,40.51948]],[[-74.22962,40.51955],[-74.22904,40.51967],[-74.22795,40.51988],[-74.22722,40.52003],[-74.22536,40.5204],[-74.22447,40.52061],[-74.22364,40.52083],[-74.22211,40.52127],[-74.22185,40.52134]],[[-74.23497,40.51968],[-74.23454,40.51966],[-74.2335,40.51964],[-74.2329,40.51962],[-74.23231,40.51958],[-74.23114,40.51944],[-74.23064,40.51942],[-74.22999,40.51948]],[[-74.22185,40.52134],[-74.22133,40.52145]],[[-74.22133,40.52145],[-74.2238,40.52075],[-74.224,40.52069],[-74.22496,40.52045],[-74.22594,40.52024],[-74.22658,40.52012],[-74.22726,40.51998],[-74.22852,40.51974],[-74.22904,40.51963],[-74.23073,40.5193],[-74.23451,40.51855],[-74.23472,40.51852],[-74.23702,40.51806],[-74.23905,40.51766],[-74.23973,40.51752],[-74.24023,40.51737],[-74.24055,40.51726],[-74.24115,40.51699],[-74.24306,40.51608],[-74.24373,40.51584],[-74.24405,40.51574],[-74.24427,40.5157],[-74.24552,40.51543],[-74.24679,40.51509],[-74.24741,40.51491],[-74.24801,40.51472]],[[-74.22098,40.52155],[-74.22133,40.52145]],[[-74.22098,40.52155],[-74.22053,40.52172]],[[-74.22053,40.52172],[-74.22185,40.52134]],[[-74.21985,40.52191],[-74.22053,40.52172]],[[-74.21985,40.52191],[-74.21932,40.52202]],[[-74.21932,40.52202],[-74.21987,40.52186],[-74.22098,40.52155]],[[-74.21932,40.52202],[-74.21877,40.52217],[-74.21825,40.5223],[-74.21764,40.52244],[-74.21672,40.52262],[-74.21612,40.52272],[-74.21549,40.52281],[-74.21496,40.52287],[-74.21312,40.52309],[-74.21307,40.5231],[-74.21139,40.5233],[-74.21075,40.52337],[-74.20975,40.5235],[-74.20737,40.52384],[-74.20446,40.52426],[-74.20413,40.5243],[-74.2031,40.52447],[-74.20244,40.52461],[-74.20179,40.52479],[-74.20116,40.525],[-74.20073,40.52517],[-74.20023,40.5254],[-74.19979,40.52563],[-74.19938,40.52589],[-74.19881,40.52631],[-74.19846,40.52662],[-74.19792,40.52716],[-74.19756,40.52755]],[[-74.19756,40.52755],[-74.19776,40.52729],[-74.19793,40.52703],[-74.19809,40.52683],[-74.19837,40.52653],[-74.19888,40.52603]],[[-74.19756,40.52755],[-74.1957,40.52951],[-74.19562,40.5296]],[[-74.19541,40.52988],[-74.19755,40.52762],[-74.19814,40.52698],[-74.19845,40.52668],[-74.19879,40.52638],[-74.19914,40.5261],[-74.19933,40.52597],[-74.19991,40.52561],[-74.20032,40.5254],[-74.20073,40.52521],[-74.20161,40.52489],[-74.20225,40.5247],[-74.20258,40.52462],[-74.20325,40.52448],[-74.20512,40.5242],[-74.20957,40.52357],[-74.21309,40.52313],[-74.21474,40.52294],[-74.21611,40.52276],[-74.21715,40.52258],[-74.2181,40.52238],[-74.2193,40.52207],[-74.21985,40.52191]],[[-74.19541,40.52988],[-74.19562,40.5296]],[[-74.19419,40.53117],[-74.19489,40.53044],[-74.19541,40.52988]],[[-74.19419,40.53117],[-74.19363,40.53193],[-74.1928,40.53285]],[[-74.19319,40.53223],[-74.19347,40.53194],[-74.19386,40.53151],[-74.19419,40.53117]],[[-74.19319,40.53223],[-74.19286,40.53251]],[[-74.19319,40.53223],[-74.19301,40.53243],[-74.19231,40.53315],[-74.19209,40.5334],[-74.19125,40.53429],[-74.19029,40.53521],[-74.18983,40.5356],[-74.18936,40.53598],[-74.18878,40.53641],[-74.18823,40.53679],[-74.18779,40.53707],[-74.18717,40.53743],[-74.18618,40.53796],[-74.18508,40.53847],[-74.18433,40.5388],[-74.18396,40.53895],[-74.18309,40.53927],[-74.18262,40.53943],[-74.18185,40.53966],[-74.18067,40.53996],[-74.17944,40.54023],[-74.17752,40.54062],[-74.17484,40.54113],[-74.17419,40.54126],[-74.17313,40.54146],[-74.17215,40.54166],[-74.17176,40.54173],[-74.17087,40.54194],[-74.17014,40.54215],[-74.1696,40.54233],[-74.1689,40.54258],[-74.1682,40.54285],[-74.16705,40.54336],[-74.16584,40.54396],[-74.16528,40.54425],[-74.1636,40.54514],[-74.16297,40.54546],[-74.16223,40.54585],[-74.16078,40.54659],[-74.15894,40.54752]],[[-74.19286,40.53251],[-74.19343,40.53192],[-74.1939,40.53141],[-74.19464,40.53064],[-74.19532,40.52991],[-74.19562,40.5296]],[[-74.19286,40.53251],[-74.19205,40.53338],[-74.19184,40.53359],[-74.19121,40.53427],[-74.19051,40.53495],[-74.1898,40.53557],[-74.18904,40.53617],[-74.1885,40.53656],[-74.18772,40.53707],[-74.18686,40.53756],[-74.18618,40.53791],[-74.18577,40.53811],[-74.18506,40.53844],[-74.1843,40.53877],[-74.18369,40.53901],[-74.18307,40.53924],[-74.1826,40.5394],[-74.18183,40.53963],[-74.18113,40.53981],[-74.18018,40.54003],[-74.1787,40.54034],[-74.17821,40.54045],[-74.17733,40.54061],[-74.17655,40.54077],[-74.17533,40.541],[-74.17376,40.54131],[-74.17247,40.54155],[-74.17181,40.54168],[-74.17115,40.54183],[-74.17,40.54215],[-74.16969,40.54225],[-74.16879,40.54258],[-74.16812,40.54285],[-74.16755,40.54309],[-74.16698,40.54335],[-74.16637,40.54364],[-74.1651,40.5443],[-74.164,40.54488],[-74.16357,40.5451],[-74.16294,40.54544],[-74.16152,40.54617],[-74.15996,40.54696],[-74.15941,40.54723],[-74.15852,40.54769]],[[-74.15894,40.54752],[-74.15777,40.54812],[-74.15729,40.54835],[-74.15542,40.54931],[-74.15447,40.54978]],[[-74.15852,40.54769],[-74.15894,40.54752]],[[-74.15852,40.54769],[-74.15776,40.54808],[-74.15637,40.54878],[-74.15542,40.54925],[-74.15486,40.54954]],[[-74.15794,40.54792],[-74.15817,40.54772],[-74.15833,40.54761]],[[-74.15486,40.54954],[-74.15448,40.54973]],[[-74.15448,40.54973],[-74.15442,40.54977],[-74.15373,40.55011],[-74.153,40.55046],[-74.15077,40.55151],[-74.14999,40.55185],[-74.14949,40.55203],[-74.14908,40.55215],[-74.14851,40.55228],[-74.14771,40.5524],[-74.14675,40.5525],[-74.14549,40.55265],[-74.14513,40.5527],[-74.14475,40.55277],[-74.14404,40.55293],[-74.14369,40.55302],[-74.14317,40.55318],[-74.14282,40.5533],[-74.14232,40.55349],[-74.14153,40.55382],[-74.14133,40.55392],[-74.14052,40.55429],[-74.13949,40.55479],[-74.13861,40.55525],[-74.13814,40.55553],[-74.13751,40.55593],[-74.13703,40.55626],[-74.13627,40.55683],[-74.13519,40.55772],[-74.13492,40.55793],[-74.13436,40.5584],[-74.13289,40.55962],[-74.13042,40.56168],[-74.12998,40.56204],[-74.12972,40.56227],[-74.12942,40.5625],[-74.12918,40.56272],[-74.12893,40.56291],[-74.12791,40.56376],[-74.12749,40.56412],[-74.12656,40.56488],[-74.12613,40.56524],[-74.12554,40.56575],[-74.12509,40.56618],[-74.12465,40.56662],[-74.12422,40.56707],[-74.12347,40.56787],[-74.12286,40.5685],[-74.12193,40.56949],[-74.12126,40.57019],[-74.12058,40.57086],[-74.11986,40.57149],[-74.11923,40.57199],[-74.11779,40.57304],[-74.11668,40.57383],[-74.11589,40.57441],[-74.11528,40.57484],[-74.11384,40.57587],[-74.11294,40.57652],[-74.11215,40.5771],[-74.11173,40.57743],[-74.11098,40.57799],[-74.11019,40.57859],[-74.10971,40.57893],[-74.10893,40.57951],[-74.10874,40.57964],[-74.10793,40.58023],[-74.10738,40.58064],[-74.10708,40.58085],[-74.10489,40.58244]],[[-74.15448,40.54973],[-74.1537,40.55005],[-74.15329,40.55026],[-74.15247,40.55064],[-74.15207,40.55084]],[[-74.15447,40.54978],[-74.15486,40.54954]],[[-74.15447,40.54978],[-74.15373,40.55016],[-74.15317,40.55042],[-74.15157,40.55118],[-74.15122,40.55133],[-74.15043,40.55171]],[[-74.15038,40.55173],[-74.1497,40.552],[-74.1489,40.55223],[-74.1482,40.55237],[-74.1475,40.55246],[-74.14699,40.55251],[-74.14661,40.55256],[-74.14551,40.55268],[-74.14494,40.55277],[-74.14422,40.55292],[-74.14342,40.55314],[-74.14289,40.55332],[-74.14232,40.55353],[-74.14174,40.55377],[-74.1405,40.55435],[-74.13952,40.55483],[-74.139,40.5551],[-74.13843,40.55543],[-74.13789,40.55576],[-74.13724,40.5562],[-74.13615,40.557],[-74.13524,40.55773],[-74.13381,40.55891],[-74.13293,40.55965],[-74.13269,40.55984],[-74.13193,40.56048],[-74.13075,40.56145],[-74.13021,40.56191],[-74.12949,40.56251],[-74.12872,40.56314],[-74.12707,40.56452],[-74.12664,40.56487],[-74.12585,40.56553],[-74.1254,40.56594],[-74.12493,40.56639],[-74.12403,40.56734],[-74.1231,40.56831],[-74.1227,40.56874],[-74.12249,40.56895],[-74.12214,40.56933],[-74.12125,40.57026],[-74.12061,40.57089],[-74.1199,40.57151],[-74.11908,40.57216],[-74.1183,40.57271],[-74.11782,40.57307],[-74.11729,40.57344],[-74.11651,40.574],[-74.11632,40.57415],[-74.11551,40.57472],[-74.1149,40.57517],[-74.11387,40.5759],[-74.11328,40.57634],[-74.11257,40.57684],[-74.1116,40.57757],[-74.11085,40.57815],[-74.11022,40.57862],[-74.10951,40.57913],[-74.10796,40.58026],[-74.10711,40.58087],[-74.10613,40.58159],[-74.10532,40.58217]],[[-74.10489,40.58244],[-74.1053,40.58219],[-74.10532,40.58217]],[[-74.10489,40.58244],[-74.10466,40.58261]],[[-74.10466,40.58261],[-74.10448,40.58275],[-74.10397,40.58311],[-74.1025,40.58418],[-74.10211,40.58447],[-74.10108,40.58521],[-74.10106,40.58522]],[[-74.10466,40.58261],[-74.10427,40.58294]],[[-74.10427,40.58294],[-74.1053,40.58219],[-74.10532,40.58217]],[[-74.10149,40.58496],[-74.10275,40.58404],[-74.104,40.58314],[-74.10427,40.58294]],[[-74.10106,40.58522],[-74.10108,40.58521],[-74.10149,40.58496]],[[-74.10106,40.58522],[-74.09998,40.58601],[-74.098,40.58744],[-74.0964,40.5886],[-74.09573,40.58908],[-74.09368,40.59058],[-74.09325,40.59089],[-74.0908,40.59268],[-74.09036,40.59304],[-74.08994,40.5934],[-74.08953,40.59378],[-74.08883,40.59452],[-74.08858,40.59481],[-74.08817,40.59533],[-74.08787,40.59576],[-74.08751,40.59632],[-74.08721,40.59685],[-74.08684,40.59762],[-74.0865,40.5985]],[[-74.0865,40.5985],[-74.08628,40.59911],[-74.08621,40.59927],[-74.08601,40.59983]],[[-74.08643,40.59883],[-74.08673,40.59801],[-74.08695,40.59748],[-74.08732,40.59675],[-74.0877,40.59611],[-74.08795,40.59571],[-74.0882,40.59536],[-74.08884,40.59457],[-74.08935,40.59402],[-74.08979,40.59359],[-74.09021,40.59321],[-74.09087,40.59267],[-74.09223,40.59168],[-74.09308,40.59107],[-74.09384,40.59051],[-74.09468,40.58991],[-74.09545,40.58934],[-74.09709,40.58815],[-74.09775,40.58768],[-74.09923,40.5866],[-74.10005,40.58601],[-74.10149,40.58496]],[[-74.08643,40.59883],[-74.0865,40.5985]],[[-74.08633,40.59909],[-74.08643,40.59883]],[[-74.08627,40.59936],[-74.08633,40.59909]],[[-74.08619,40.59948],[-74.08633,40.59909]],[[-74.08619,40.59948],[-74.08601,40.59983]],[[-74.08601,40.59983],[-74.08586,40.60023],[-74.08555,40.60092],[-74.08535,40.60129],[-74.08509,40.60173],[-74.08476,40.6022],[-74.08436,40.60272],[-74.08417,40.60295],[-74.08363,40.60365],[-74.08305,40.60437],[-74.08289,40.60459],[-74.0823,40.60532],[-74.08212,40.60556],[-74.08138,40.60648],[-74.08073,40.60731],[-74.08028,40.60787],[-74.07959,40.60876],[-74.07936,40.60909],[-74.07867,40.6102],[-74.07804,40.61125],[-74.07787,40.61157],[-74.07671,40.61351],[-74.07646,40.61395],[-74.07571,40.61521],[-74.07554,40.61551],[-74.07513,40.61619],[-74.07483,40.6166],[-74.07444,40.61704],[-74.07411,40.61734],[-74.07366,40.61768],[-74.07328,40.61791],[-74.0724,40.61839],[-74.072,40.61868],[-74.07168,40.61902],[-74.07138,40.61944],[-74.0712,40.61984],[-74.07113,40.62016],[-74.07111,40.62045],[-74.07116,40.62078],[-74.07122,40.62098],[-74.07136,40.62129],[-74.07169,40.62189],[-74.07192,40.62227],[-74.07204,40.62244],[-74.0724,40.62289],[-74.07263,40.62314],[-74.07303,40.62362],[-74.07392,40.62484]],[[-74.0865,40.60016],[-74.0863,40.59965],[-74.08627,40.59936]],[[-74.08583,40.60059],[-74.08623,40.59951],[-74.08627,40.59936]],[[-74.07211,40.61784],[-74.07212,40.61746],[-74.07209,40.61731]],[[-74.07208,40.61805],[-74.07179,40.61866]],[[-74.07217,40.61866],[-74.07199,40.61893]],[[-74.07129,40.62149],[-74.0715,40.62181],[-74.0718,40.62237]],[[-74.07138,40.62193],[-74.07197,40.62276],[-74.07234,40.62317]],[[-74.07168,40.62206],[-74.0714,40.62153],[-74.07099,40.62081]],[[-74.07168,40.62206],[-74.07182,40.62233],[-74.07212,40.62274],[-74.07259,40.62327],[-74.07279,40.62348],[-74.07308,40.62382],[-74.07344,40.62434]],[[-74.0718,40.62237],[-74.07168,40.62206]],[[-74.0718,40.62237],[-74.0719,40.62253],[-74.07214,40.62283]],[[-74.07232,40.62263],[-74.07293,40.62332],[-74.07314,40.62358]],[[-74.07192,40.6228],[-74.07204,40.62293],[-74.07234,40.62317]],[[-74.07214,40.62283],[-74.07297,40.62374],[-74.07312,40.62398]],[[-74.0718,40.62285],[-74.07203,40.6231],[-74.07232,40.62328]],[[-74.07227,40.62304],[-74.07214,40.62283]],[[-74.07227,40.62304],[-74.07196,40.62269],[-74.07176,40.62239],[-74.07157,40.62206],[-74.07145,40.6219]],[[-74.07234,40.62317],[-74.07244,40.62327]],[[-74.07244,40.62327],[-74.07202,40.62297],[-74.07186,40.62283]],[[-74.07232,40.62328],[-74.072,40.62312],[-74.07159,40.62282]],[[-74.07232,40.62328],[-74.07238,40.62332]],[[-74.07238,40.62332],[-74.07232,40.62328]],[[-74.07261,40.62341],[-74.07227,40.62304]],[[-74.07261,40.62341],[-74.07244,40.62327]],[[-74.07275,40.62356],[-74.07261,40.62341]],[[-74.07275,40.62356],[-74.07238,40.62332]],[[-74.07312,40.62398],[-74.07275,40.62356]],[[-74.07344,40.62434],[-74.07312,40.62398]],[[-74.07344,40.62434],[-74.07382,40.62484],[-74.0743,40.62538]],[[-74.07376,40.62454],[-74.07316,40.6237],[-74.07301,40.62351],[-74.07232,40.62271],[-74.07192,40.62219],[-74.07148,40.62142],[-74.07125,40.62094],[-74.07116,40.62049],[-74.07117,40.62014],[-74.07124,40.61986],[-74.07135,40.61958],[-74.07144,40.61942],[-74.07182,40.61893],[-74.07196,40.61878],[-74.07222,40.61855],[-74.07276,40.61822],[-74.07352,40.61782],[-74.07382,40.61762],[-74.07406,40.61743],[-74.07438,40.61715],[-74.07465,40.61688],[-74.07488,40.61661],[-74.07518,40.61618],[-74.07569,40.61532],[-74.0762,40.61448],[-74.0765,40.61395],[-74.07741,40.61243],[-74.07789,40.61162],[-74.07833,40.61085],[-74.07844,40.61069],[-74.07896,40.6098],[-74.07926,40.60932],[-74.07964,40.60877],[-74.08009,40.60818],[-74.08036,40.60785],[-74.08097,40.60706],[-74.08164,40.60623],[-74.08179,40.60603],[-74.08314,40.60437],[-74.08362,40.60377],[-74.08432,40.60287],[-74.08452,40.60263],[-74.08489,40.60215],[-74.08524,40.60161],[-74.08558,40.60101],[-74.0857,40.60075],[-74.08611,40.5997],[-74.08619,40.59948]],[[-74.07392,40.62484],[-74.07376,40.62454]],[[-74.07392,40.62484],[-74.0743,40.62538]],[[-74.0743,40.62538],[-74.0746,40.62579],[-74.07475,40.62605],[-74.07491,40.62644],[-74.07501,40.62698],[-74.07504,40.62731],[-74.0752,40.6286],[-74.07531,40.62961],[-74.07532,40.63002],[-74.07528,40.63057],[-74.07521,40.63099],[-74.07505,40.63148],[-74.07486,40.63188],[-74.07463,40.6323],[-74.07443,40.63273],[-74.07434,40.63304],[-74.0743,40.63325],[-74.07428,40.63357],[-74.0743,40.63389],[-74.07443,40.63467],[-74.07456,40.63537],[-74.07475,40.63673],[-74.07481,40.63702],[-74.07494,40.6375],[-74.07502,40.63772]],[[-74.0745,40.63438],[-74.07443,40.6338],[-74.07444,40.63343]],[[-74.07463,40.63487],[-74.0745,40.63438]],[[-74.07453,40.63493],[-74.07442,40.63433],[-74.07434,40.6338],[-74.07432,40.6335],[-74.07434,40.63326],[-74.07444,40.63284],[-74.07462,40.6324],[-74.075,40.63169],[-74.07512,40.63142],[-74.07523,40.6311],[-74.07531,40.63072],[-74.07535,40.63034],[-74.07536,40.62966],[-74.07534,40.62922],[-74.07528,40.62852],[-74.07524,40.62825],[-74.07513,40.6273],[-74.07502,40.62668],[-74.0749,40.62627],[-74.07464,40.62577],[-74.07433,40.62532],[-74.07376,40.62454]],[[-74.07453,40.63493],[-74.07456,40.63509]],[[-74.07456,40.63509],[-74.07453,40.63493]],[[-74.07456,40.63509],[-74.07469,40.63558]],[[-74.07516,40.63532],[-74.07526,40.63562]],[[-74.07469,40.63558],[-74.0745,40.63438]],[[-74.07522,40.63564],[-74.07512,40.63533]],[[-74.07484,40.63579],[-74.07475,40.63526],[-74.07463,40.63487]],[[-74.07479,40.6358],[-74.07463,40.63487]],[[-74.07504,40.63758],[-74.07497,40.63716],[-74.07497,40.63707],[-74.07482,40.63633],[-74.07469,40.63558]],[[-74.07504,40.63758],[-74.07489,40.63703],[-74.07484,40.63676],[-74.07456,40.63509]],[[-74.07523,40.63819],[-74.07504,40.63758]],[[-74.07523,40.63819],[-74.07502,40.63772]],[[-74.07523,40.63819],[-74.07535,40.63865],[-74.07538,40.63906],[-74.07534,40.63938],[-74.07526,40.6397]],[[-74.07526,40.6397],[-74.07513,40.64009]],[[-74.07526,40.6397],[-74.07507,40.6405],[-74.07504,40.64066]],[[-74.07513,40.64009],[-74.07531,40.63929],[-74.07534,40.63879],[-74.07525,40.63842],[-74.07502,40.63772]],[[-74.07507,40.6403],[-74.07513,40.64009]],[[-74.07507,40.6403],[-74.07504,40.64066]],[[-74.07507,40.6403],[-74.07499,40.64066],[-74.07465,40.64203],[-74.07459,40.64221]],[[-74.07504,40.64066],[-74.07469,40.64207],[-74.07468,40.64214]],[[-74.07468,40.64214],[-74.07467,40.64217],[-74.07464,40.64227]],[[-74.07459,40.64221],[-74.07459,40.64222],[-74.07442,40.64253],[-74.07417,40.64292],[-74.07396,40.6432],[-74.07356,40.64366],[-74.07326,40.64395]],[[-74.07459,40.64221],[-74.07459,40.64222],[-74.07449,40.64236],[-74.07421,40.64267],[-74.07389,40.643],[-74.07355,40.64343],[-74.07317,40.64388]],[[-74.07464,40.64227],[-74.07457,40.64249],[-74.07445,40.64275],[-74.07413,40.64325],[-74.07378,40.64368],[-74.07338,40.64407]],[[-74.0744,40.64348],[-74.07436,40.6435],[-74.07416,40.6436],[-74.07385,40.64383],[-74.0735,40.6442]],[[-74.07567,40.64361],[-74.07536,40.64346],[-74.07504,40.64339],[-74.07473,40.64339],[-74.0744,40.64348]],[[-74.07567,40.64361],[-74.07578,40.64369]],[[-74.07567,40.64361],[-74.07542,40.6435],[-74.07506,40.64343],[-74.07481,40.64343],[-74.07451,40.6435],[-74.07426,40.64364]],[[-74.07578,40.64369],[-74.07594,40.64378],[-74.07608,40.6439]],[[-74.07578,40.64369],[-74.07605,40.64392],[-74.07617,40.64407]],[[-74.07608,40.6439],[-74.07582,40.64366],[-74.0752,40.64323],[-74.07494,40.64296],[-74.07478,40.64271],[-74.0747,40.64251],[-74.07467,40.64217],[-74.07468,40.64214]],[[-74.07608,40.6439],[-74.07619,40.64402],[-74.07663,40.64462]],[[-74.07332,40.64401],[-74.07359,40.64375],[-74.07385,40.64346],[-74.07422,40.64297],[-74.07442,40.64267],[-74.07464,40.64227]],[[-74.07344,40.64414],[-74.07398,40.6436],[-74.07422,40.6434],[-74.07446,40.64328],[-74.07477,40.64324],[-74.07508,40.64331]],[[-74.07352,40.64422],[-74.07391,40.64382],[-74.07405,40.6437],[-74.07436,40.6435],[-74.0744,40.64348]],[[-74.07359,40.64427],[-74.07402,40.64383]]]}},{"type":"Feature","properties":{"id":"3-26","service":"3","name":"7 Avenue Express","color":"#EE352E"},"geometry":{"type":"MultiLineString","coordinates":[[[-73.98594,40.75754],[-73.98621,40.75716],[-73.98625,40.75711],[-73.98627,40.75708],[-73.98632,40.75698],[-73.98639,40.75687],[-73.98644,40.75679],[-73.9866,40.75653],[-73.98666,40.75644],[-73.9868,40.75627],[-73.98686,40.75618],[-73.98692,40.75611],[-73.98698,40.75602],[-73.98709,40.75587],[-73.98715,40.75579],[-73.98722,40.75569],[-73.98729,40.7556],[-73.98736,40.7555],[-73.98743,40.75541],[-73.98746,40.75536],[-73.9875,40.75531],[-73.98753,40.75526],[-73.9876,40.75517],[-73.98764,40.75512],[-73.98771,40.75503],[-73.98781,40.75488],[-73.98787,40.75481],[-73.9879,40.75476],[-73.98794,40.7547],[-73.98802,40.75458],[-73.98805,40.75454],[-73.98811,40.75445],[-73.9882,40.75433],[-73.98828,40.75423],[-73.98831,40.75418],[-73.98841,40.75405],[-73.98847,40.75398],[-73.98854,40.75388],[-73.98861,40.75379],[-73.98868,40.75369],[-73.98875,40.7536],[-73.98878,40.75355],[-73.98885,40.75346],[-73.98892,40.75336],[-73.98906,40.75317],[-73.98913,40.75308],[-73.98927,40.75289],[-73.9893,40.75284],[-73.9894,40.7527],[-73.98954,40.75251],[-73.98968,40.75232],[-73.98978,40.75218],[-73.98992,40.75199],[-73.99006,40.7518],[-73.99023,40.75156],[-73.99029,40.75148],[-73.99044,40.75127],[-73.99052,40.75116],[-73.99054,40.75113],[-73.99059,40.75106],[-73.99061,40.75104],[-73.99088,40.75066],[-73.99105,40.75043],[-73.99129,40.7501],[-73.99164,40.74962],[-73.99165,40.74961],[-73.99166,40.74959],[-73.99167,40.74958],[-73.99168,40.74957],[-73.99169,40.74955],[-73.9917,40.74954],[-73.99171,40.74953],[-73.99171,40.74952],[-73.99172,40.74951],[-73.99173,40.7495],[-73.99174,40.74948],[-73.99175,40.74947],[-73.99176,40.74946],[-73.99177,40.74944],[-73.99178,40.74943],[-73.99179,40.74942],[-73.9918,40.7494],[-73.99181,40.74939],[-73.99182,40.74938],[-73.99183,40.74936],[-73.99184,40.74935],[-73.99185,40.74934],[-73.99186,40.74932],[-73.99187,40.74931],[-73.99188,40.7493],[-73.99189,40.74928],[-73.9919,40.74927],[-73.99191,40.74926],[-73.99192,40.74924],[-73.99193,40.74923],[-73.99194,40.74922],[-73.99194,40.74921],[-73.99195,40.7492],[-73.99196,40.74919],[-73.99197,40.74918],[-73.99197,40.74917],[-73.99198,40.74916],[-73.99199,40.74915],[-73.992,40.74914],[-73.99201,40.74912],[-73.99202,40.74911],[-73.99203,40.7491],[-73.99203,40.74909],[-73.99204,40.74908],[-73.99205,40.74907],[-73.99206,40.74906],[-73.99206,40.74905],[-73.99207,40.74904],[-73.99208,40.74903],[-73.99209,40.74901],[-73.9921,40.749],[-73.99211,40.74899],[-73.99212,40.74898],[-73.99212,40.74897],[-73.99213,40.74896],[-73.99214,40.74895],[-73.99215,40.74894],[-73.99215,40.74893],[-73.99216,40.74892],[-73.99266,40.74824],[-73.99283,40.74799],[-73.99301,40.74776],[-73.99304,40.74771],[-73.99308,40.74766],[-73.99311,40.74761],[-73.99336,40.74728],[-73.99349,40.74709],[-73.99398,40.74642],[-73.99408,40.74627],[-73.99454,40.74565],[-73.99464,40.7455],[-73.99503,40.74498],[-73.99565,40.74411],[-73.99618,40.7434],[-73.99657,40.74286],[-73.99697,40.74229],[-73.99736,40.74177],[-73.99746,40.74162],[-73.99785,40.7411],[-73.99805,40.74081],[-73.99861,40.74004],[-73.9988,40.73979],[-73.99925,40.73916],[-73.99935,40.73904],[-73.99964,40.73862],[-73.99965,40.73861],[-73.99966,40.73859],[-73.99967,40.73858],[-73.99968,40.73858],[-73.99968,40.73857],[-73.99969,40.73856],[-73.9997,40.73855],[-73.99972,40.73851],[-73.99973,40.7385],[-73.99974,40.73848],[-73.99981,40.7384],[-74.00063,40.73726],[-74.00064,40.73725],[-74.00069,40.73718],[-74.00071,40.73715],[-74.00083,40.73698],[-74.00084,40.73697],[-74.00087,40.73693],[-74.00091,40.73687],[-74.00092,40.73686],[-74.00097,40.73679],[-74.00102,40.73671],[-74.00109,40.73662],[-74.00112,40.73657],[-74.00113,40.73655],[-74.00114,40.73653],[-74.00119,40.73646],[-74.0013,40.73627],[-74.00138,40.73611],[-74.00167,40.73563],[-74.00226,40.73456],[-74.00283,40.73359],[-74.00321,40.7329],[-74.00352,40.73238],[-74.00368,40.73207],[-74.00401,40.73151],[-74.00424,40.73109],[-74.00442,40.73079],[-74.00465,40.73037],[-74.00481,40.73011],[-74.00502,40.72973],[-74.0052,40.72926],[-74.00529,40.72882],[-74.00541,40.728],[-74.00551,40.72743],[-74.00552,40.72731],[-74.00562,40.72673],[-74.0058,40.72557],[-74.00595,40.72475],[-74.00597,40.72458],[-74.00632,40.72264],[-74.00646,40.72181],[-74.00647,40.72177],[-74.00663,40.72079],[-74.0067,40.72045],[-74.00684,40.71959],[-74.00692,40.71919],[-74.00692,40.71915],[-74.007,40.71867],[-74.00708,40.71837],[-74.00722,40.71808],[-74.00734,40.71791],[-74.00737,40.71787],[-74.00738,40.71786],[-74.00739,40.71785],[-74.0074,40.71784],[-74.0074,40.71783],[-74.00741,40.71782],[-74.00753,40.71767],[-74.00783,40.71729],[-74.00818,40.71684],[-74.00853,40.71639],[-74.00857,40.71634],[-74.00882,40.71604],[-74.00898,40.71582],[-74.00902,40.71577],[-74.00932,40.7154],[-74.00989,40.71466],[-74.01015,40.71433],[-74.0102,40.71426],[-74.01026,40.7141],[-74.01022,40.71384],[-74.01006,40.71364],[-74.00981,40.71348],[-74.00963,40.71341],[-74.0095,40.71334],[-74.0094,40.7133],[-74.00936,40.71329],[-74.00929,40.71325],[-74.00924,40.71323],[-74.0092,40.71321],[-74.00916,40.71319],[-74.00884,40.71305],[-74.0088,40.71302],[-74.00805,40.71269],[-74.00777,40.7125],[-74.00776,40.71249],[-74.00774,40.71247],[-74.00771,40.71244],[-74.0077,40.71244],[-74.00769,40.71242],[-74.00763,40.71236],[-74.00737,40.71204],[-74.00733,40.712],[-74.0073,40.71198],[-74.0073,40.71197],[-74.00716,40.71183],[-74.00713,40.71181],[-74.00713,40.7118],[-74.00703,40.7117],[-74.00701,40.71168],[-74.007,40.71167],[-74.00675,40.71143],[-74.00661,40.71131],[-74.00659,40.71128],[-74.00658,40.71128],[-74.00658,40.71127],[-74.00657,40.71127],[-74.00652,40.71122],[-74.00649,40.71119],[-74.00647,40.71117],[-74.00646,40.71116],[-74.00613,40.71089],[-74.00597,40.71073],[-74.00587,40.71059],[-74.00582,40.71042],[-74.00587,40.71018],[-74.00594,40.71007],[-74.0063,40.70971],[-74.00637,40.70965],[-74.0064,40.70961],[-74.00644,40.70958],[-74.00653,40.70949],[-74.00668,40.70932],[-74.00802,40.70798],[-74.00853,40.70746],[-74.00936,40.70658],[-74.0097,40.70616],[-74.00989,40.70585],[-74.00996,40.70568],[-74.01003,40.70542],[-74.01003,40.70522],[-74.00997,40.70502],[-74.00985,40.70483],[-74.00951,40.70451],[-74.00868,40.70388],[-74.0073,40.70271],[-74.00698,40.70246],[-74.00637,40.70202],[-74.00583,40.7017],[-74.00548,40.70152],[-74.00485,40.70123],[-74.00331,40.70067],[-74.00277,40.70049],[-74.00136,40.69998],[-74.00111,40.6999],[-74.00063,40.69972],[-74.00043,40.69966],[-74.00004,40.69951],[-73.99984,40.69945],[-73.99916,40.69921],[-73.99877,40.69906],[-73.99804,40.69881],[-73.99732,40.6986],[-73.99729,40.69859],[-73.99674,40.69841],[-73.99626,40.69827],[-73.99549,40.69807],[-73.99458,40.69782],[-73.9935,40.69751],[-73.99295,40.69737],[-73.99244,40.69722],[-73.992,40.69711],[-73.99165,40.69699],[-73.99146,40.69688],[-73.99131,40.69674],[-73.99121,40.69657],[-73.9912,40.69655],[-73.99114,40.69627],[-73.99114,40.69596],[-73.99111,40.69577],[-73.99104,40.69556],[-73.99103,40.69555],[-73.99075,40.69492],[-73.99051,40.69431],[-73.99033,40.69388],[-73.99018,40.69361],[-73.99015,40.69356],[-73.98987,40.69303],[-73.98961,40.69256],[-73.98954,40.69246],[-73.98952,40.69244],[-73.98925,40.69221],[-73.98923,40.6922],[-73.98916,40.69216],[-73.98913,40.69214],[-73.98895,40.69204],[-73.98893,40.69203],[-73.9884,40.69182],[-73.9825,40.68946],[-73.9821,40.68929],[-73.98152,40.68907],[-73.98122,40.68894],[-73.98094,40.68874],[-73.98079,40.68854],[-73.9805,40.68814],[-73.98047,40.68809],[-73.98039,40.68799],[-73.9785,40.68539],[-73.97814,40.68491],[-73.97658,40.68276],[-73.97601,40.68197],[-73.97364,40.67871],[-73.97031,40.67411],[-73.97008,40.67385],[-73.96999,40.67377],[-73.96993,40.67373],[-73.96989,40.67369],[-73.96981,40.67364],[-73.96977,40.67361],[-73.96976,40.6736],[-73.96973,40.67358],[-73.96958,40.67349],[-73.96922,40.67333],[-73.9688,40.67321],[-73.96821,40.6731],[-73.96784,40.67302],[-73.96762,40.67299],[-73.96726,40.67291],[-73.96683,40.67279],[-73.96667,40.67273],[-73.96619,40.67259],[-73.96428,40.67199],[-73.96389,40.67188],[-73.96331,40.67175],[-73.96164,40.67136],[-73.96133,40.6713],[-73.95899,40.6708],[-73.95719,40.67044],[-73.9558,40.67015],[-73.95509,40.67006],[-73.95351,40.66997],[-73.95327,40.66995],[-73.92719,40.66854],[-73.92642,40.66845],[-73.92615,40.6684],[-73.92586,40.6683],[-73.92561,40.66817],[-73.92535,40.66798],[-73.92516,40.66779],[-73.92502,40.66759],[-73.92486,40.66727],[-73.92454,40.66652],[-73.9243,40.66616],[-73.92398,40.66585],[-73.92006,40.66234],[-73.91946,40.66181],[-73.91911,40.66149],[-73.91889,40.66134],[-73.91863,40.66122],[-73.91835,40.66116],[-73.91808,40.66115],[-73.91712,40.66128],[-73.88316,40.66632]],[[-73.93685,40.824],[-73.93515,40.82328],[-73.93487,40.82317],[-73.93471,40.82308],[-73.9346,40.82297],[-73.93453,40.82282],[-73.93453,40.82267],[-73.93466,40.82238],[-73.93491,40.82205],[-73.93517,40.82166],[-73.93547,40.82134],[-73.93579,40.82108],[-73.93603,40.82083],[-73.93631,40.82044],[-73.93765,40.81863],[-73.93796,40.81819],[-73.93848,40.81749],[-73.93861,40.81729],[-73.9393,40.81633],[-73.93948,40.81605],[-73.93994,40.81541],[-73.94011,40.81514],[-73.94055,40.81453],[-73.94073,40.8143],[-73.94089,40.81406],[-73.94128,40.81353],[-73.94163,40.8131],[-73.94228,40.8122],[-73.94302,40.81121],[-73.94333,40.81077],[-73.94355,40.81049],[-73.94389,40.81],[-73.94425,40.80953],[-73.94435,40.80938],[-73.94488,40.80867],[-73.94529,40.80809],[-73.9465,40.80646],[-73.94663,40.80626],[-73.94698,40.8058],[-73.94744,40.80516],[-73.94766,40.80488],[-73.948,40.80439],[-73.94824,40.80408],[-73.94869,40.80345],[-73.94891,40.80317],[-73.9492,40.80276],[-73.95047,40.80104],[-73.95062,40.80082],[-73.95117,40.80008],[-73.95139,40.79977],[-73.95193,40.79908],[-73.95238,40.7986],[-73.95264,40.79841],[-73.95284,40.79831],[-73.95309,40.79823],[-73.95362,40.79813],[-73.95488,40.79785],[-73.956,40.79762],[-73.95821,40.79714],[-73.95857,40.79707],[-73.95964,40.79684],[-73.96014,40.79674],[-73.96034,40.79672],[-73.9607,40.79672],[-73.96071,40.79673],[-73.96079,40.79673],[-73.9608,40.79674],[-73.96087,40.79674],[-73.96089,40.79675],[-73.96095,40.79675],[-73.96101,40.79677],[-73.96102,40.79677],[-73.96103,40.79677],[-73.96105,40.79677],[-73.96106,40.79677],[-73.96111,40.79679],[-73.96129,40.79684],[-73.96139,40.79686],[-73.96155,40.79692],[-73.96399,40.79798],[-73.96471,40.79827],[-73.96495,40.79838],[-73.96703,40.79926],[-73.96721,40.79932],[-73.96751,40.79938],[-73.96788,40.79937],[-73.96821,40.79928],[-73.96852,40.7991],[-73.96862,40.799],[-73.96899,40.79849],[-73.96934,40.79803],[-73.96946,40.79784],[-73.97025,40.79681],[-73.97045,40.79652],[-73.97071,40.79618],[-73.9709,40.7959],[-73.97115,40.79557],[-73.9719,40.79453],[-73.97213,40.79423],[-73.9728,40.79329],[-73.97342,40.79246],[-73.97384,40.79186],[-73.97402,40.79163],[-73.97443,40.79105],[-73.97506,40.7902],[-73.97557,40.78948],[-73.97586,40.7891],[-73.97627,40.7886],[-73.9765,40.78834],[-73.97692,40.78783],[-73.97755,40.7871],[-73.97813,40.78634],[-73.97817,40.78627],[-73.97853,40.7858],[-73.97927,40.78481],[-73.97944,40.78457],[-73.98006,40.78374],[-73.98037,40.78329],[-73.98048,40.78311],[-73.98068,40.78272],[-73.98092,40.78211],[-73.981,40.78185],[-73.98122,40.78125],[-73.98139,40.78069],[-73.98147,40.78038],[-73.98166,40.77975],[-73.98177,40.77934],[-73.98187,40.77885],[-73.98196,40.77834],[-73.98205,40.77772],[-73.98207,40.77725],[-73.98216,40.77633],[-73.98218,40.77547],[-73.98222,40.77471],[-73.98222,40.77356],[-73.98219,40.77286],[-73.98218,40.77203],[-73.98216,40.77153],[-73.98214,40.77055],[-73.98213,40.76952],[-73.98211,40.76931],[-73.98202,40.76888],[-73.98182,40.76824],[-73.98177,40.76806],[-73.98177,40.76803],[-73.98175,40.76795],[-73.98175,40.76791],[-73.98173,40.76784],[-73.9817,40.76736],[-73.98173,40.76703],[-73.98191,40.76595],[-73.98203,40.76536],[-73.98212,40.76503],[-73.98234,40.76439],[-73.98247,40.76408],[-73.98273,40.76356],[-73.98282,40.76342],[-73.98284,40.76338],[-73.98287,40.76331],[-73.98304,40.76301],[-73.98337,40.76247],[-73.98357,40.76218],[-73.98404,40.76144],[-73.98424,40.76115],[-73.98458,40.76062],[-73.9848,40.76017],[-73.98498,40.75972],[-73.9851,40.75935],[-73.98539,40.75858],[-73.98541,40.75849],[-73.98563,40.758],[-73.98575,40.75779],[-73.98594,40.75754]]]}},{"type":"Feature","properties":{"id":"2-25","service":"2","name":"7 Avenue Express","color":"#EE352E"},"geometry":{"type":"MultiLineString","coordinates":[[[-73.98594,40.75754],[-73.98621,40.75716],[-73.98625,40.75711],[-73.98627,40.75708],[-73.98632,40.75698],[-73.98639,40.75687],[-73.98644,40.75679],[-73.9866,40.75653],[-73.98666,40.75644],[-73.9868,40.75627],[-73.98686,40.75618],[-73.98692,40.75611],[-73.98698,40.75602],[-73.98709,40.75587],[-73.98715,40.75579],[-73.98722,40.75569],[-73.98729,40.7556],[-73.98736,40.7555],[-73.98743,40.75541],[-73.98746,40.75536],[-73.9875,40.75531],[-73.98753,40.75526],[-73.9876,40.75517],[-73.98764,40.75512],[-73.98771,40.75503],[-73.98781,40.75488],[-73.98787,40.75481],[-73.9879,40.75476],[-73.98794,40.7547],[-73.98802,40.75458],[-73.98805,40.75454],[-73.98811,40.75445],[-73.9882,40.75433],[-73.98828,40.75423],[-73.98831,40.75418],[-73.98841,40.75405],[-73.98847,40.75398],[-73.98854,40.75388],[-73.98861,40.75379],[-73.98868,40.75369],[-73.98875,40.7536],[-73.98878,40.75355],[-73.98885,40.75346],[-73.98892,40.75336],[-73.98906,40.75317],[-73.98913,40.75308],[-73.98927,40.75289],[-73.9893,40.75284],[-73.9894,40.7527],[-73.98954,40.75251],[-73.98968,40.75232],[-73.98978,40.75218],[-73.98992,40.75199],[-73.99006,40.7518],[-73.99023,40.75156],[-73.99029,40.75148],[-73.99044,40.75127],[-73.99052,40.75116],[-73.99054,40.75113],[-73.99059,40.75106],[-73.99061,40.75104],[-73.99088,40.75066],[-73.99105,40.75043],[-73.99129,40.7501],[-73.99164,40.74962],[-73.99165,40.74961],[-73.99166,40.74959],[-73.99167,40.74958],[-73.99168,40.74957],[-73.99169,40.74955],[-73.9917,40.74954],[-73.99171,40.74953],[-73.99171,40.74952],[-73.99172,40.74951],[-73.99173,40.7495],[-73.99174,40.74948],[-73.99175,40.74947],[-73.99176,40.74946],[-73.99177,40.74944],[-73.99178,40.74943],[-73.99179,40.74942],[-73.9918,40.7494],[-73.99181,40.74939],[-73.99182,40.74938],[-73.99183,40.74936],[-73.99184,40.74935],[-73.99185,40.74934],[-73.99186,40.74932],[-73.99187,40.74931],[-73.99188,40.7493],[-73.99189,40.74928],[-73.9919,40.74927],[-73.99191,40.74926],[-73.99192,40.74924],[-73.99193,40.74923],[-73.99194,40.74922],[-73.99194,40.74921],[-73.99195,40.7492],[-73.99196,40.74919],[-73.99197,40.74918],[-73.99197,40.74917],[-73.99198,40.74916],[-73.99199,40.74915],[-73.992,40.74914],[-73.99201,40.74912],[-73.99202,40.74911],[-73.99203,40.7491],[-73.99203,40.74909],[-73.99204,40.74908],[-73.99205,40.74907],[-73.99206,40.74906],[-73.99206,40.74905],[-73.99207,40.74904],[-73.99208,40.74903],[-73.99209,40.74901],[-73.9921,40.749],[-73.99211,40.74899],[-73.99212,40.74898],[-73.99212,40.74897],[-73.99213,40.74896],[-73.99214,40.74895],[-73.99215,40.74894],[-73.99215,40.74893],[-73.99216,40.74892],[-73.99266,40.74824],[-73.99283,40.74799],[-73.99301,40.74776],[-73.99304,40.74771],[-73.99308,40.74766],[-73.99311,40.74761],[-73.99336,40.74728],[-73.99349,40.74709],[-73.99398,40.74642],[-73.99408,40.74627],[-73.99454,40.74565],[-73.99464,40.7455],[-73.99503,40.74498],[-73.99565,40.74411],[-73.99618,40.7434],[-73.99657,40.74286],[-73.99697,40.74229],[-73.99736,40.74177],[-73.99746,40.74162],[-73.99785,40.7411],[-73.99805,40.74081],[-73.99861,40.74004],[-73.9988,40.73979],[-73.99925,40.73916],[-73.99935,40.73904],[-73.99964,40.73862],[-73.99965,40.73861],[-73.99966,40.73859],[-73.99967,40.73858],[-73.99968,40.73858],[-73.99968,40.73857],[-73.99969,40.73856],[-73.9997,40.73855],[-73.99972,40.73851],[-73.99973,40.7385],[-73.99974,40.73848],[-73.99981,40.7384],[-74.00063,40.73726],[-74.00064,40.73725],[-74.00069,40.73718],[-74.00071,40.73715],[-74.00083,40.73698],[-74.00084,40.73697],[-74.00087,40.73693],[-74.00091,40.73687],[-74.00092,40.73686],[-74.00097,40.73679],[-74.00102,40.73671],[-74.00109,40.73662],[-74.00112,40.73657],[-74.00113,40.73655],[-74.00114,40.73653],[-74.00119,40.73646],[-74.0013,40.73627],[-74.00138,40.73611],[-74.00167,40.73563],[-74.00226,40.73456],[-74.00283,40.73359],[-74.00321,40.7329],[-74.00352,40.73238],[-74.00368,40.73207],[-74.00401,40.73151],[-74.00424,40.73109],[-74.00442,40.73079],[-74.00465,40.73037],[-74.00481,40.73011],[-74.00502,40.72973],[-74.0052,40.72926],[-74.00529,40.72882],[-74.00541,40.728],[-74.00551,40.72743],[-74.00552,40.72731],[-74.00562,40.72673],[-74.0058,40.72557],[-74.00595,40.72475],[-74.00597,40.72458],[-74.00632,40.72264],[-74.00646,40.72181],[-74.00647,40.72177],[-74.00663,40.72079],[-74.0067,40.72045],[-74.00684,40.71959],[-74.00692,40.71919],[-74.00692,40.71915],[-74.007,40.71867],[-74.00708,40.71837],[-74.00722,40.71808],[-74.00734,40.71791],[-74.00737,40.71787],[-74.00738,40.71786],[-74.00739,40.71785],[-74.0074,40.71784],[-74.0074,40.71783],[-74.00741,40.71782],[-74.00753,40.71767],[-74.00783,40.71729],[-74.00818,40.71684],[-74.00853,40.71639],[-74.00857,40.71634],[-74.00882,40.71604],[-74.00898,40.71582],[-74.00902,40.71577],[-74.00932,40.7154],[-74.00989,40.71466],[-74.01015,40.71433],[-74.0102,40.71426],[-74.01026,40.7141],[-74.01022,40.71384],[-74.01006,40.71364],[-74.00981,40.71348],[-74.00963,40.71341],[-74.0095,40.71334],[-74.0094,40.7133],[-74.00936,40.71329],[-74.00929,40.71325],[-74.00924,40.71323],[-74.0092,40.71321],[-74.00916,40.71319],[-74.00884,40.71305],[-74.0088,40.71302],[-74.00805,40.71269],[-74.00777,40.7125],[-74.00776,40.71249],[-74.00774,40.71247],[-74.00771,40.71244],[-74.0077,40.71244],[-74.00769,40.71242],[-74.00763,40.71236],[-74.00737,40.71204],[-74.00733,40.712],[-74.0073,40.71198],[-74.0073,40.71197],[-74.00716,40.71183],[-74.00713,40.71181],[-74.00713,40.7118],[-74.00703,40.7117],[-74.00701,40.71168],[-74.007,40.71167],[-74.00675,40.71143],[-74.00661,40.71131],[-74.00659,40.71128],[-74.00658,40.71128],[-74.00658,40.71127],[-74.00657,40.71127],[-74.00652,40.71122],[-74.00649,40.71119],[-74.00647,40.71117],[-74.00646,40.71116],[-74.00613,40.71089],[-74.00597,40.71073],[-74.00587,40.71059],[-74.00582,40.71042],[-74.00587,40.71018],[-74.00594,40.71007],[-74.0063,40.70971],[-74.00637,40.70965],[-74.0064,40.70961],[-74.00644,40.70958],[-74.00653,40.70949],[-74.00668,40.70932],[-74.00802,40.70798],[-74.00853,40.70746],[-74.00936,40.70658],[-74.0097,40.70616],[-74.00989,40.70585],[-74.00996,40.70568],[-74.01003,40.70542],[-74.01003,40.70522],[-74.00997,40.70502],[-74.00985,40.70483],[-74.00951,40.70451],[-74.00868,40.70388],[-74.0073,40.70271],[-74.00698,40.70246],[-74.00637,40.70202],[-74.00583,40.7017],[-74.00548,40.70152],[-74.00485,40.70123],[-74.00331,40.70067],[-74.00277,40.70049],[-74.00136,40.69998],[-74.00111,40.6999],[-74.00063,40.69972],[-74.00043,40.69966],[-74.00004,40.69951],[-73.99984,40.69945],[-73.99916,40.69921],[-73.99877,40.69906],[-73.99804,40.69881],[-73.99732,40.6986],[-73.99729,40.69859],[-73.99674,40.69841],[-73.99626,40.69827],[-73.99549,40.69807],[-73.99458,40.69782],[-73.9935,40.69751],[-73.99295,40.69737],[-73.99244,40.69722],[-73.992,40.69711],[-73.99165,40.69699],[-73.99146,40.69688],[-73.99131,40.69674],[-73.99121,40.69657],[-73.9912,40.69655],[-73.99114,40.69627],[-73.99114,40.69596],[-73.99111,40.69577],[-73.99104,40.69556],[-73.99103,40.69555],[-73.99075,40.69492],[-73.99051,40.69431],[-73.99033,40.69388],[-73.99018,40.69361],[-73.99015,40.69356],[-73.98987,40.69303],[-73.98961,40.69256],[-73.98954,40.69246],[-73.98952,40.69244],[-73.98925,40.69221],[-73.98923,40.6922],[-73.98916,40.69216],[-73.98913,40.69214],[-73.98895,40.69204],[-73.98893,40.69203],[-73.9884,40.69182],[-73.9825,40.68946],[-73.9821,40.68929],[-73.98152,40.68907],[-73.98122,40.68894],[-73.98094,40.68874],[-73.98079,40.68854],[-73.9805,40.68814],[-73.98047,40.68809],[-73.98039,40.68799],[-73.9785,40.68539],[-73.97814,40.68491],[-73.97658,40.68276],[-73.97601,40.68197],[-73.97364,40.67871],[-73.97031,40.67411],[-73.97008,40.67385],[-73.96999,40.67377],[-73.96993,40.67373],[-73.96989,40.67369],[-73.96981,40.67364],[-73.96977,40.67361],[-73.96976,40.6736],[-73.96973,40.67358],[-73.96958,40.67349],[-73.96922,40.67333],[-73.9688,40.67321],[-73.96821,40.6731],[-73.96784,40.67302],[-73.96762,40.67299],[-73.96726,40.67291],[-73.96683,40.67279],[-73.96667,40.67273],[-73.96619,40.67259],[-73.96428,40.67199],[-73.96389,40.67188],[-73.96331,40.67175],[-73.96164,40.67136],[-73.96133,40.6713],[-73.95899,40.6708],[-73.95719,40.67044],[-73.9558,40.67015],[-73.95509,40.67006],[-73.95351,40.66997],[-73.95327,40.66995],[-73.95261,40.66992],[-73.95254,40.6699],[-73.95246,40.66988],[-73.95218,40.66983],[-73.95176,40.66981],[-73.95143,40.66974],[-73.95113,40.6696],[-73.95099,40.6695],[-73.95086,40.66936],[-73.95073,40.66912],[-73.95069,40.66895],[-73.95069,40.66866],[-73.95074,40.66815],[-73.95088,40.6665],[-73.95097,40.66568],[-73.95101,40.66519],[-73.95106,40.66474],[-73.95107,40.66412],[-73.95103,40.66374],[-73.9478,40.63364],[-73.94766,40.63218]],[[-73.98594,40.75754],[-73.98575,40.75779],[-73.98563,40.758],[-73.98541,40.75849],[-73.98539,40.75858],[-73.9851,40.75935],[-73.98498,40.75972],[-73.9848,40.76017],[-73.98458,40.76062],[-73.98424,40.76115],[-73.98404,40.76144],[-73.98357,40.76218],[-73.98337,40.76247],[-73.98304,40.76301],[-73.98287,40.76331],[-73.98284,40.76338],[-73.98282,40.76342],[-73.98273,40.76356],[-73.98247,40.76408],[-73.98234,40.76439],[-73.98212,40.76503],[-73.98203,40.76536],[-73.98191,40.76595],[-73.98173,40.76703],[-73.9817,40.76736],[-73.98173,40.76784],[-73.98175,40.76791],[-73.98175,40.76795],[-73.98177,40.76803],[-73.98177,40.76806],[-73.98182,40.76824],[-73.98202,40.76888],[-73.98211,40.76931],[-73.98213,40.76952],[-73.98214,40.77055],[-73.98216,40.77153],[-73.98218,40.77203],[-73.98219,40.77286],[-73.98222,40.77356],[-73.98222,40.77471],[-73.98218,40.77547],[-73.98216,40.77633],[-73.98207,40.77725],[-73.98205,40.77772],[-73.98196,40.77834],[-73.98187,40.77885],[-73.98177,40.77934],[-73.98166,40.77975],[-73.98147,40.78038],[-73.98139,40.78069],[-73.98122,40.78125],[-73.981,40.78185],[-73.98092,40.78211],[-73.98068,40.78272],[-73.98048,40.78311],[-73.98037,40.78329],[-73.98006,40.78374],[-73.97944,40.78457],[-73.97927,40.78481],[-73.97853,40.7858],[-73.97817,40.78627],[-73.97813,40.78634],[-73.97755,40.7871],[-73.97692,40.78783],[-73.9765,40.78834],[-73.97627,40.7886],[-73.97586,40.7891],[-73.97557,40.78948],[-73.97506,40.7902],[-73.97443,40.79105],[-73.97402,40.79163],[-73.97384,40.79186],[-73.97342,40.79246],[-73.9728,40.79329],[-73.97213,40.79423],[-73.9719,40.79453],[-73.97115,40.79557],[-73.9709,40.7959],[-73.97071,40.79618],[-73.97045,40.79652],[-73.97025,40.79681],[-73.96946,40.79784],[-73.96934,40.79803],[-73.96899,40.79849],[-73.96862,40.799],[-73.96852,40.7991],[-73.96821,40.79928],[-73.96788,40.79937],[-73.96751,40.79938],[-73.96721,40.79932],[-73.96703,40.79926],[-73.96495,40.79838],[-73.96471,40.79827],[-73.96399,40.79798],[-73.96155,40.79692],[-73.96139,40.79686],[-73.96129,40.79684],[-73.96111,40.79679],[-73.96106,40.79677],[-73.96105,40.79677],[-73.96103,40.79677],[-73.96102,40.79677],[-73.96101,40.79677],[-73.96095,40.79675],[-73.96089,40.79675],[-73.96087,40.79674],[-73.9608,40.79674],[-73.96079,40.79673],[-73.96071,40.79673],[-73.9607,40.79672],[-73.96034,40.79672],[-73.96014,40.79674],[-73.95964,40.79684],[-73.95857,40.79707],[-73.95821,40.79714],[-73.956,40.79762],[-73.95488,40.79785],[-73.95362,40.79813],[-73.95309,40.79823],[-73.95284,40.79831],[-73.95264,40.79841],[-73.95238,40.7986],[-73.95193,40.79908],[-73.95139,40.79977],[-73.95117,40.80008],[-73.95062,40.80082],[-73.95047,40.80104],[-73.9492,40.80276],[-73.94891,40.80317],[-73.94869,40.80345],[-73.94824,40.80408],[-73.948,40.80439],[-73.94766,40.80488],[-73.94744,40.80516],[-73.94698,40.8058],[-73.94663,40.80626],[-73.9465,40.80646],[-73.94529,40.80809],[-73.94488,40.80867],[-73.94435,40.80938],[-73.94425,40.80953],[-73.94389,40.81],[-73.94355,40.81049],[-73.94333,40.81077],[-73.94302,40.81121],[-73.94228,40.8122],[-73.94163,40.8131],[-73.94128,40.81353],[-73.94089,40.81406],[-73.94073,40.8143],[-73.94055,40.81453],[-73.94011,40.81514],[-73.93994,40.81541],[-73.93948,40.81605],[-73.9393,40.81633],[-73.93861,40.81729],[-73.93848,40.81749],[-73.93796,40.81819],[-73.93773,40.81843],[-73.93745,40.81863],[-73.93724,40.81874],[-73.93698,40.81884],[-73.93666,40.81892],[-73.93622,40.81897],[-73.93598,40.81897],[-73.93543,40.81901],[-73.93527,40.81901],[-73.93464,40.81906],[-73.93335,40.81913],[-73.93241,40.8192],[-73.93172,40.81924],[-73.93112,40.81924],[-73.93022,40.81919],[-73.92946,40.8191],[-73.92892,40.81901],[-73.9281,40.81883],[-73.92799,40.8188],[-73.92648,40.8184],[-73.92548,40.81814],[-73.92487,40.81797],[-73.92273,40.81745],[-73.92174,40.8172],[-73.91951,40.81661],[-73.91685,40.81591],[-73.91642,40.81581],[-73.91618,40.81577],[-73.9159,40.81576],[-73.91549,40.81581],[-73.91523,40.81588],[-73.91494,40.81599],[-73.91461,40.81614],[-73.91425,40.81626],[-73.91405,40.8163],[-73.91366,40.81632],[-73.91327,40.81629],[-73.91112,40.8161],[-73.9104,40.81605],[-73.90928,40.81605],[-73.90889,40.8161],[-73.90869,40.81615],[-73.90839,40.81626],[-73.90673,40.8172],[-73.90568,40.81782],[-73.90532,40.818],[-73.90417,40.8185],[-73.90306,40.81899],[-73.90106,40.82002],[-73.89896,40.82109],[-73.89606,40.82258],[-73.89492,40.82317],[-73.89393,40.82367],[-73.89257,40.82437],[-73.89223,40.82456],[-73.8921,40.82469],[-73.892,40.82489],[-73.89197,40.82521],[-73.89196,40.82679],[-73.89192,40.82991],[-73.8919,40.83012],[-73.89184,40.83043],[-73.89175,40.83071],[-73.89154,40.83115],[-73.89097,40.83211],[-73.89083,40.83233],[-73.88826,40.83666],[-73.88796,40.83716],[-73.88786,40.83729],[-73.88764,40.83751],[-73.88741,40.83769],[-73.88535,40.83891],[-73.88514,40.83904],[-73.88475,40.83924],[-73.88439,40.83938],[-73.88386,40.83953],[-73.88331,40.83962],[-73.88291,40.83965],[-73.88223,40.83967],[-73.88175,40.83972],[-73.88136,40.83981],[-73.88058,40.8401],[-73.8803,40.84023],[-73.88002,40.84041],[-73.87926,40.84119],[-73.87895,40.84133],[-73.87881,40.84135],[-73.87854,40.84133],[-73.87835,40.84126],[-73.87774,40.84099],[-73.87738,40.84088],[-73.87713,40.84084],[-73.87666,40.84084],[-73.87583,40.84097],[-73.8754,40.84105],[-73.87476,40.84115],[-73.87446,40.84124],[-73.87415,40.84143],[-73.8728,40.84251],[-73.87234,40.84285],[-73.87205,40.84308],[-73.87145,40.84358],[-73.87111,40.84389],[-73.87087,40.84415],[-73.87074,40.84436],[-73.87052,40.84482],[-73.87021,40.84556],[-73.86975,40.84647],[-73.86958,40.84688],[-73.8694,40.84725],[-73.868,40.84965],[-73.86793,40.84984],[-73.86788,40.85012],[-73.86787,40.85039],[-73.8678,40.85148],[-73.86764,40.85651],[-73.86759,40.85794],[-73.86737,40.86474],[-73.86733,40.86621],[-73.86718,40.87068],[-73.86714,40.87213],[-73.86701,40.87594],[-73.86698,40.87645],[-73.86689,40.87677],[-73.86666,40.87719],[-73.86594,40.87837],[-73.86561,40.87892],[-73.8649,40.87998],[-73.86449,40.88066],[-73.86384,40.8817],[-73.86303,40.88318],[-73.8623,40.88449],[-73.8623,40.8845],[-73.86075,40.88731],[-73.85785,40.89255],[-73.85717,40.89379],[-73.85536,40.89706],[-73.8551,40.89751],[-73.85471,40.898],[-73.85362,40.89928],[-73.85347,40.89942],[-73.85264,40.9004],[-73.85244,40.90066],[-73.85207,40.90121],[-73.85176,40.90172],[-73.85146,40.90215],[-73.85123,40.90243],[-73.85009,40.90373]]]}},{"type":"Feature","properties":{"id":"N-24","service":"N","name":"Broadway Express","color":"#FCCC0A"},"geometry":{"type":"MultiLineString","coordinates":[[[-73.97902,40.68807],[-73.97868,40.68787],[-73.9785,40.68768],[-73.97841,40.68749],[-73.97836,40.68726],[-73.97832,40.68694],[-73.97831,40.68689],[-73.97829,40.68676],[-73.97824,40.68648],[-73.97821,40.68629],[-73.97807,40.6853],[-73.97808,40.68502],[-73.97809,40.68497],[-73.9781,40.68495],[-73.9781,40.68493],[-73.97811,40.6849],[-73.97813,40.68486],[-73.97813,40.68484],[-73.97827,40.68457],[-73.97863,40.68406],[-73.97906,40.68341],[-73.98338,40.67705],[-73.98352,40.67686],[-73.98386,40.67634],[-73.98409,40.67602],[-73.98427,40.6758],[-73.986,40.67372],[-73.99253,40.66589],[-73.99303,40.66536],[-73.99983,40.65883],[-74.00249,40.65621],[-74.00331,40.65542],[-74.00447,40.65431],[-74.00481,40.65399],[-74.00558,40.6533],[-74.00646,40.65241],[-74.00651,40.65238],[-74.00707,40.65184],[-74.00846,40.65053],[-74.00915,40.64987],[-74.01073,40.64834],[-74.01095,40.64812],[-74.01193,40.64718],[-74.01339,40.64575],[-74.01342,40.64573],[-74.01477,40.64442],[-74.01599,40.64323],[-74.01696,40.64229],[-74.01735,40.64194],[-74.01857,40.64079],[-74.01899,40.64041],[-74.0203,40.63914],[-74.02057,40.63877],[-74.02067,40.63845],[-74.02066,40.63822],[-74.02061,40.63805],[-74.02048,40.63782],[-74.02027,40.63761],[-74.01993,40.63741],[-74.01946,40.63726],[-74.01725,40.63662],[-74.01653,40.6364],[-74.01613,40.6363],[-74.01319,40.63554],[-74.01223,40.63527],[-74.01198,40.63518],[-74.0115,40.63498],[-74.01055,40.63447],[-74.00852,40.63332],[-74.00433,40.63077],[-74.0027,40.62978],[-74.0025,40.62965],[-73.99961,40.62791],[-73.99949,40.62783],[-73.99849,40.62722],[-73.99795,40.62684],[-73.99743,40.62633],[-73.99718,40.62604],[-73.99715,40.62599],[-73.99712,40.62597],[-73.99709,40.62592],[-73.99705,40.62588],[-73.99702,40.62583],[-73.99696,40.62576],[-73.99687,40.62563],[-73.99616,40.62454],[-73.99586,40.62413],[-73.99565,40.62392],[-73.99516,40.62355],[-73.99489,40.62338],[-73.99123,40.62116],[-73.98955,40.62015],[-73.98598,40.61799],[-73.985,40.61739],[-73.98485,40.61731],[-73.98436,40.617],[-73.98397,40.61671],[-73.9838,40.61656],[-73.98348,40.61621],[-73.98293,40.61547],[-73.98267,40.61498],[-73.98254,40.61466],[-73.98223,40.61366],[-73.9822,40.61348],[-73.98209,40.61305],[-73.98204,40.61276],[-73.98066,40.60549],[-73.98012,40.60267],[-73.97897,40.59663],[-73.97839,40.59356],[-73.97808,40.59197],[-73.97804,40.59154],[-73.97803,40.59125],[-73.97803,40.59061],[-73.97806,40.5903],[-73.97813,40.58996],[-73.97838,40.58908],[-73.97862,40.58842],[-73.97872,40.58806],[-73.9788,40.58769],[-73.97888,40.58741],[-73.97917,40.58651],[-73.97993,40.58411],[-73.98007,40.5837],[-73.9802,40.58337],[-73.981,40.58154],[-73.98131,40.58085],[-73.9814,40.58047],[-73.98139,40.58008],[-73.98136,40.57962],[-73.9812,40.57841],[-73.98115,40.57743]],[[-73.97901,40.68807],[-73.97961,40.68839],[-73.98025,40.68872],[-73.9803,40.68876],[-73.98077,40.68899],[-73.98102,40.68915],[-73.98118,40.68929],[-73.9813,40.68944],[-73.98221,40.69125],[-73.98231,40.69149],[-73.9828,40.69239],[-73.9836,40.69399],[-73.98369,40.69423],[-73.98394,40.69482],[-73.98419,40.69528],[-73.98433,40.69557],[-73.98442,40.69581],[-73.98468,40.69636],[-73.98487,40.6967],[-73.98523,40.69742],[-73.98546,40.69791],[-73.98587,40.69852],[-73.98614,40.69899],[-73.98619,40.6991],[-73.98674,40.70007],[-73.9868,40.7002],[-73.98684,40.70025],[-73.98686,40.70031],[-73.98708,40.70068],[-73.98735,40.70118],[-73.98763,40.70166],[-73.98795,40.70226],[-73.98808,40.70247],[-73.98874,40.70367],[-73.98886,40.70386],[-73.98941,40.70487],[-73.98989,40.70566],[-73.99003,40.70594],[-73.99117,40.708],[-73.99177,40.70904],[-73.99191,40.70931],[-73.99218,40.70977],[-73.9924,40.71019],[-73.99272,40.71076],[-73.99304,40.71131],[-73.9934,40.71197],[-73.99364,40.71238],[-73.99377,40.71264],[-73.99416,40.71331],[-73.99443,40.71381],[-73.99457,40.71404],[-73.99514,40.71508],[-73.99535,40.71541],[-73.99556,40.71563],[-73.99589,40.71592],[-73.99608,40.71606],[-73.99632,40.7162],[-73.99704,40.71648],[-73.99771,40.71679],[-73.99833,40.717],[-73.99862,40.71711],[-73.99894,40.71727],[-73.99929,40.71752],[-73.99969,40.71784],[-73.99997,40.71804],[-74.00018,40.71818],[-74.00021,40.71821],[-74.00036,40.71832],[-74.0004,40.71834],[-74.00047,40.7184],[-74.00051,40.71842],[-74.00051,40.71843],[-74.00054,40.71845],[-74.00055,40.71845],[-74.00057,40.71847],[-74.00058,40.71847],[-74.00061,40.7185],[-74.00065,40.71852],[-74.00065,40.71853],[-74.00134,40.71902],[-74.00146,40.71913],[-74.00159,40.71933],[-74.00161,40.71959],[-74.00149,40.71982],[-74.00112,40.72027],[-74.00051,40.72098],[-74.00049,40.72102],[-73.99955,40.72211],[-73.99906,40.72271],[-73.99868,40.72314],[-73.99841,40.72347],[-73.99811,40.72381],[-73.99783,40.72416],[-73.99765,40.72436],[-73.99722,40.72488],[-73.9968,40.72536],[-73.99677,40.72541],[-73.99676,40.72541],[-73.99675,40.72543],[-73.99672,40.72546],[-73.99672,40.72547],[-73.9967,40.72548],[-73.99666,40.72554],[-73.99654,40.72567],[-73.99646,40.72578],[-73.9959,40.72643],[-73.99479,40.72776],[-73.9938,40.72891],[-73.99343,40.72937],[-73.99316,40.72967],[-73.99305,40.72982],[-73.99278,40.73012],[-73.99273,40.7302],[-73.992,40.73106],[-73.99191,40.73115],[-73.99156,40.73158],[-73.99141,40.73187],[-73.99135,40.73207],[-73.99098,40.73378],[-73.9908,40.73466],[-73.99077,40.73477],[-73.99077,40.73481],[-73.99076,40.73483],[-73.99076,40.73484],[-73.99075,40.73485],[-73.99072,40.73503],[-73.99058,40.73563],[-73.99058,40.73568],[-73.99028,40.737],[-73.99028,40.73705],[-73.99013,40.73769],[-73.98999,40.73841],[-73.98991,40.73873],[-73.98977,40.7392],[-73.98962,40.73975],[-73.9895,40.74028],[-73.98938,40.74115],[-73.98936,40.74141],[-73.98929,40.74188],[-73.98923,40.74261],[-73.98918,40.74297],[-73.98908,40.74347],[-73.98864,40.74584],[-73.98862,40.7459],[-73.98819,40.74821],[-73.98812,40.74875],[-73.98806,40.74909],[-73.98798,40.74952],[-73.98797,40.74958],[-73.98796,40.74961],[-73.98796,40.74963],[-73.98795,40.74969],[-73.98792,40.74985],[-73.98778,40.75059],[-73.98778,40.75065],[-73.98763,40.75146],[-73.98744,40.75243],[-73.98728,40.75302],[-73.98724,40.75312],[-73.98695,40.75402],[-73.98672,40.75477],[-73.98663,40.75503],[-73.9864,40.75577],[-73.98613,40.75655],[-73.98587,40.75718],[-73.98562,40.75768],[-73.98508,40.75858],[-73.98482,40.75896],[-73.98437,40.75956],[-73.98351,40.76074],[-73.98236,40.7623],[-73.98233,40.76236],[-73.98198,40.76282],[-73.98195,40.76288],[-73.98191,40.76292],[-73.98188,40.76297],[-73.98185,40.76301],[-73.98173,40.76317],[-73.9817,40.76322],[-73.98166,40.76326],[-73.98149,40.76349],[-73.98139,40.76364],[-73.98093,40.76425],[-73.98087,40.76435],[-73.98039,40.76501],[-73.98014,40.76533],[-73.98003,40.7655],[-73.97959,40.76608],[-73.97935,40.76642]],[[-73.9793,40.76649],[-73.97928,40.76651],[-73.97926,40.76654],[-73.97899,40.76678],[-73.97877,40.76688],[-73.97861,40.76692],[-73.97824,40.76692],[-73.97798,40.76685],[-73.97779,40.76676],[-73.97705,40.76632],[-73.97635,40.76587],[-73.97614,40.76575],[-73.97612,40.76574],[-73.97611,40.76573],[-73.9761,40.76573],[-73.97606,40.76571],[-73.97601,40.76568],[-73.97583,40.76559],[-73.97578,40.76556],[-73.97496,40.76515],[-73.97454,40.76504],[-73.97361,40.76494],[-73.97319,40.76488],[-73.9725,40.76481],[-73.97209,40.76472],[-73.97168,40.76456],[-73.97121,40.76434],[-73.97107,40.76429],[-73.9706,40.76407],[-73.97021,40.76391],[-73.96937,40.76353],[-73.96918,40.76346],[-73.96834,40.76311],[-73.96798,40.76297],[-73.96796,40.76295],[-73.9679,40.76293],[-73.9678,40.76288],[-73.96778,40.76288],[-73.96774,40.76286],[-73.96771,40.76284],[-73.96761,40.76281],[-73.96679,40.76246],[-73.9664,40.76228],[-73.96621,40.76221],[-73.96547,40.76189],[-73.96526,40.76181],[-73.9647,40.76156],[-73.96463,40.76154],[-73.96394,40.76124],[-73.96331,40.76098],[-73.96275,40.76073],[-73.96218,40.7605],[-73.96181,40.76033],[-73.96107,40.76003],[-73.96068,40.75985],[-73.96023,40.75967],[-73.95986,40.7595],[-73.95887,40.75909],[-73.95873,40.75902],[-73.95797,40.75871],[-73.95779,40.75862],[-73.95715,40.75836],[-73.95643,40.75804],[-73.95602,40.75788],[-73.95546,40.75763],[-73.9552,40.75753],[-73.95452,40.75723],[-73.95395,40.757],[-73.95358,40.75683],[-73.95313,40.75665],[-73.9525,40.75637],[-73.95225,40.75627],[-73.95177,40.75605],[-73.95115,40.75579],[-73.95092,40.75568],[-73.94959,40.75512],[-73.94863,40.75463],[-73.94819,40.75438],[-73.94784,40.75416],[-73.94709,40.75378],[-73.94626,40.75342],[-73.94496,40.75286],[-73.94397,40.75245],[-73.94386,40.75239],[-73.94252,40.75183],[-73.94234,40.75174],[-73.94195,40.75158],[-73.94173,40.75146],[-73.94133,40.75117],[-73.94115,40.75106],[-73.94072,40.75084],[-73.94036,40.7507],[-73.93999,40.75053],[-73.93931,40.75025],[-73.93854,40.74988],[-73.9382,40.74969],[-73.93772,40.74936],[-73.93749,40.74925],[-73.93713,40.74919],[-73.93712,40.74919],[-73.93709,40.74919],[-73.93703,40.74919],[-73.93702,40.74919],[-73.93701,40.74919],[-73.93668,40.74927],[-73.93639,40.74945],[-73.9363,40.74953],[-73.93616,40.74967],[-73.93613,40.74969],[-73.9361,40.74972],[-73.93608,40.74974],[-73.93606,40.74976],[-73.93604,40.74978],[-73.936,40.74982],[-73.93599,40.74983],[-73.93598,40.74984],[-73.93546,40.75034],[-73.93499,40.75082],[-73.93489,40.7509],[-73.93484,40.75094],[-73.93447,40.75122],[-73.93393,40.75152],[-73.93382,40.75163],[-73.93378,40.75167],[-73.93374,40.75171],[-73.93371,40.75174],[-73.93368,40.75177],[-73.93357,40.75189],[-73.93313,40.75244],[-73.93264,40.75303],[-73.93236,40.75339],[-73.93178,40.75409],[-73.93169,40.75422],[-73.93083,40.75526],[-73.93083,40.75528],[-73.92981,40.75652],[-73.92948,40.75694],[-73.92903,40.75748],[-73.92891,40.75765],[-73.92818,40.75853],[-73.92795,40.75883],[-73.92727,40.75965],[-73.927,40.76],[-73.92679,40.76024],[-73.92632,40.76084],[-73.92583,40.76143],[-73.92497,40.76249],[-73.92495,40.76253],[-73.92422,40.76341],[-73.9237,40.76406],[-73.92317,40.7647],[-73.92313,40.76476],[-73.92245,40.76558],[-73.92199,40.76616],[-73.92116,40.76716],[-73.92065,40.76779],[-73.92025,40.76819],[-73.91963,40.76873],[-73.91886,40.76938],[-73.91866,40.76957],[-73.91765,40.77042],[-73.91759,40.77048],[-73.91664,40.77127],[-73.9165,40.7714],[-73.91617,40.77165],[-73.91502,40.77259],[-73.91481,40.77277],[-73.91415,40.7733],[-73.91387,40.77354],[-73.91343,40.77389],[-73.91295,40.77429],[-73.9125,40.77465],[-73.91227,40.77485],[-73.9113,40.77563]]]}},{"type":"Feature","properties":{"id":"D-23","service":"D","name":"6 Avenue Express","color":"#FF6319"},"geometry":{"type":"MultiLineString","coordinates":[[[-73.97893,40.68816],[-73.97932,40.68836],[-73.97952,40.68848],[-73.97979,40.68861],[-73.98022,40.68885],[-73.98068,40.68908],[-73.98096,40.68926],[-73.98111,40.68941],[-73.98126,40.68964],[-73.98141,40.68997],[-73.98186,40.69086],[-73.98223,40.69163],[-73.98233,40.69178],[-73.98241,40.69196],[-73.98274,40.69257],[-73.98289,40.69289],[-73.9835,40.6941],[-73.98374,40.69471],[-73.98386,40.69497],[-73.98414,40.69549],[-73.98441,40.69618],[-73.98448,40.69632],[-73.98499,40.6972],[-73.98511,40.69746],[-73.98531,40.69784],[-73.98552,40.69834],[-73.98568,40.69867],[-73.98601,40.69924],[-73.98633,40.69983],[-73.98652,40.70015],[-73.98681,40.70069],[-73.98691,40.70085],[-73.98739,40.70171],[-73.98755,40.70201],[-73.98784,40.70251],[-73.98845,40.70362],[-73.9886,40.70387],[-73.98879,40.70423],[-73.98891,40.70442],[-73.9891,40.70478],[-73.98966,40.70574],[-73.99,40.70638],[-73.99016,40.70665],[-73.9909,40.70801],[-73.99128,40.70865],[-73.99158,40.70918],[-73.9917,40.70942],[-73.99206,40.71005],[-73.9924,40.7107],[-73.99289,40.71157],[-73.99298,40.71175],[-73.9933,40.71231],[-73.99368,40.71303],[-73.99427,40.71408],[-73.99465,40.71478],[-73.99483,40.71518],[-73.99487,40.71549],[-73.99487,40.71588],[-73.99483,40.71615],[-73.99478,40.71629],[-73.99461,40.71663],[-73.99435,40.71709],[-73.99392,40.71789],[-73.99336,40.71901],[-73.99289,40.71986],[-73.99288,40.7199],[-73.99287,40.71992],[-73.99285,40.71996],[-73.99283,40.71999],[-73.99282,40.72002],[-73.99279,40.72007],[-73.99258,40.72049],[-73.99236,40.72088],[-73.99217,40.72128],[-73.99175,40.72212],[-73.99164,40.72249],[-73.99164,40.72276],[-73.99172,40.72307],[-73.9918,40.72332],[-73.99202,40.72377],[-73.99213,40.7239],[-73.99234,40.72406],[-73.99254,40.72417],[-73.9931,40.72439],[-73.99354,40.72453],[-73.99424,40.72474],[-73.9948,40.72489],[-73.99522,40.72502],[-73.99531,40.72504],[-73.99535,40.72505],[-73.99539,40.72506],[-73.99543,40.72507],[-73.99548,40.72509],[-73.99563,40.72512],[-73.99593,40.7252],[-73.99641,40.72534],[-73.99651,40.72538],[-73.9966,40.7254],[-73.99669,40.72543],[-73.99674,40.72545],[-73.99683,40.72548],[-73.99744,40.72569],[-73.99805,40.72596],[-73.99843,40.72614],[-73.99891,40.7264],[-74,40.72696],[-74.00041,40.72715],[-74.00085,40.72738],[-74.0016,40.72775],[-74.00183,40.72789],[-74.00216,40.72818],[-74.00231,40.72841],[-74.0024,40.72861],[-74.00245,40.72882],[-74.00245,40.72908],[-74.00241,40.72926],[-74.0023,40.72951],[-74.00202,40.72994],[-74.00099,40.73155],[-74.00088,40.73171],[-73.99938,40.73382],[-73.99918,40.73412],[-73.99865,40.73484],[-73.99752,40.73641],[-73.99746,40.73648],[-73.99692,40.73723],[-73.99689,40.73726],[-73.99687,40.7373],[-73.99685,40.73732],[-73.99683,40.73735],[-73.99681,40.73738],[-73.99679,40.7374],[-73.99678,40.73743],[-73.99674,40.73747],[-73.99543,40.73929],[-73.99498,40.73991],[-73.99473,40.74027],[-73.99442,40.74068],[-73.99406,40.74119],[-73.99396,40.74131],[-73.99345,40.74203],[-73.99273,40.743],[-73.99267,40.7431],[-73.99236,40.74351],[-73.9922,40.74375],[-73.99158,40.74458],[-73.99145,40.74478],[-73.98995,40.74682],[-73.98975,40.74711],[-73.9895,40.74744],[-73.98913,40.74797],[-73.98889,40.74828],[-73.98836,40.74902],[-73.98819,40.74924],[-73.98805,40.74944],[-73.98801,40.74948],[-73.98798,40.74953],[-73.98795,40.74958],[-73.98781,40.74976],[-73.98751,40.75019],[-73.98703,40.75083],[-73.98665,40.75135],[-73.98606,40.75218],[-73.98586,40.75243],[-73.98558,40.75283],[-73.98537,40.7531],[-73.98505,40.75356],[-73.98461,40.75416],[-73.98447,40.75434],[-73.98424,40.75467],[-73.9842,40.75471],[-73.98417,40.75476],[-73.98414,40.7548],[-73.98412,40.75482],[-73.98407,40.7549],[-73.98379,40.75528],[-73.9834,40.75583],[-73.98288,40.75649],[-73.98062,40.75961],[-73.98009,40.76043],[-73.97966,40.76099],[-73.97956,40.76119],[-73.97951,40.7614],[-73.97954,40.76171],[-73.97964,40.76192],[-73.97976,40.76206],[-73.9798,40.7621],[-73.97985,40.76215],[-73.9799,40.76219],[-73.98026,40.76238],[-73.98101,40.76265],[-73.98184,40.76299],[-73.98188,40.763],[-73.9819,40.76301],[-73.98196,40.76303],[-73.98202,40.76306],[-73.98226,40.76315],[-73.98244,40.76323],[-73.98269,40.76332],[-73.98274,40.76335],[-73.98281,40.76337],[-73.98286,40.76339],[-73.98293,40.76342],[-73.98311,40.76349],[-73.98324,40.76355],[-73.98344,40.76362],[-73.98365,40.76373],[-73.98391,40.76394],[-73.98409,40.76421],[-73.98416,40.76453],[-73.98413,40.76476],[-73.98395,40.76512],[-73.98286,40.7666],[-73.98238,40.76726],[-73.982,40.76776],[-73.98178,40.76804],[-73.98171,40.76813],[-73.98159,40.76828],[-73.98084,40.76929],[-73.98038,40.76999],[-73.97924,40.77153],[-73.97855,40.7725],[-73.9782,40.77298],[-73.97802,40.7732],[-73.9768,40.77486],[-73.96934,40.78508],[-73.96826,40.78656],[-73.96653,40.78894],[-73.96618,40.78954],[-73.96587,40.78999],[-73.96245,40.79466],[-73.96169,40.79565],[-73.96121,40.79631],[-73.95941,40.79875],[-73.95935,40.79885],[-73.95845,40.80006],[-73.95834,40.80019],[-73.95714,40.80184],[-73.95689,40.80217],[-73.95468,40.8052],[-73.95431,40.8057],[-73.95379,40.80635],[-73.95319,40.80713],[-73.95298,40.80749],[-73.95288,40.80778],[-73.95284,40.808],[-73.95284,40.80835],[-73.95292,40.80883],[-73.95305,40.80942],[-73.95307,40.80971],[-73.95302,40.80994],[-73.95285,40.81025],[-73.95217,40.81116],[-73.95199,40.81137],[-73.95149,40.81188],[-73.95131,40.81205],[-73.95032,40.81304],[-73.95009,40.8133],[-73.94974,40.81375],[-73.94951,40.8141],[-73.94929,40.81449],[-73.94897,40.81513],[-73.94726,40.81859],[-73.9469,40.81933],[-73.94671,40.81976],[-73.9461,40.82104],[-73.94586,40.82151],[-73.94531,40.82269],[-73.94492,40.82351],[-73.9446,40.82404],[-73.94389,40.82502],[-73.94369,40.82527],[-73.94363,40.82538],[-73.94295,40.82627],[-73.94256,40.82672],[-73.94197,40.82749],[-73.94173,40.82786],[-73.94152,40.82825],[-73.94092,40.82931],[-73.94071,40.82959],[-73.94053,40.82976],[-73.94032,40.82991],[-73.93988,40.83011],[-73.93952,40.8302],[-73.9388,40.83029],[-73.9379,40.83034],[-73.93689,40.83034],[-73.93648,40.83032],[-73.93608,40.83032],[-73.93544,40.83029],[-73.93494,40.83025],[-73.93371,40.83018],[-73.93353,40.83018],[-73.93213,40.83009],[-73.93153,40.83007],[-73.93039,40.82998],[-73.9299,40.82991],[-73.92954,40.82982],[-73.92927,40.82973],[-73.92886,40.82955],[-73.92846,40.82933],[-73.9276,40.8288],[-73.9272,40.82857],[-73.92654,40.82823],[-73.92601,40.82801],[-73.9259,40.82798],[-73.92587,40.82796],[-73.92585,40.82796],[-73.92582,40.82794],[-73.92579,40.82794],[-73.92577,40.82792],[-73.92565,40.82789],[-73.92545,40.82781],[-73.92479,40.82761],[-73.92445,40.82752],[-73.92401,40.82743],[-73.92373,40.8274],[-73.92334,40.8274],[-73.92288,40.82747],[-73.92258,40.82756],[-73.92227,40.8277],[-73.92206,40.82783],[-73.92167,40.82819],[-73.92149,40.82848],[-73.92128,40.82889],[-73.92055,40.8305],[-73.9204,40.83082],[-73.91993,40.83168],[-73.91974,40.83198],[-73.9194,40.83248],[-73.91893,40.83309],[-73.91854,40.83354],[-73.91816,40.83394],[-73.91706,40.83507],[-73.91673,40.8354],[-73.91526,40.83691],[-73.91515,40.83704],[-73.91411,40.83817],[-73.91384,40.8385],[-73.91354,40.83892],[-73.91324,40.8394],[-73.91299,40.83989],[-73.91268,40.84069],[-73.91215,40.8423],[-73.91153,40.84411],[-73.91146,40.84427],[-73.91128,40.84459],[-73.91103,40.84491],[-73.9104,40.84555],[-73.91002,40.84588],[-73.90968,40.84615],[-73.90921,40.84649],[-73.90793,40.84739],[-73.90765,40.8476],[-73.90727,40.84792],[-73.9068,40.84839],[-73.90638,40.84888],[-73.90581,40.84959],[-73.90456,40.85116],[-73.90441,40.85133],[-73.90399,40.85187],[-73.90374,40.85217],[-73.90295,40.85316],[-73.90157,40.85488],[-73.901,40.85563],[-73.9006,40.85624],[-73.90022,40.85689],[-73.89883,40.85923],[-73.89821,40.86039],[-73.898,40.86077],[-73.89784,40.86111],[-73.89749,40.86176],[-73.8971,40.86241],[-73.89679,40.86288],[-73.89653,40.86325],[-73.89625,40.86361],[-73.89546,40.86455],[-73.89485,40.86529],[-73.89439,40.86587],[-73.8931,40.86757],[-73.89245,40.86844],[-73.8923,40.86862],[-73.89204,40.86898],[-73.89184,40.86923],[-73.89156,40.86952],[-73.89118,40.86985],[-73.89051,40.8703],[-73.88995,40.87064],[-73.88953,40.87087],[-73.88883,40.87135],[-73.88837,40.8718],[-73.88776,40.87248],[-73.88754,40.87274],[-73.88719,40.8732],[-73.88693,40.8736],[-73.88669,40.87402],[-73.88654,40.87434],[-73.88579,40.87579],[-73.8857,40.87598],[-73.88557,40.87618],[-73.88534,40.87643],[-73.88512,40.87659],[-73.8849,40.8767],[-73.88468,40.87678],[-73.88422,40.87686],[-73.88389,40.87686],[-73.88344,40.87678],[-73.88318,40.87669],[-73.88165,40.876],[-73.88002,40.87528],[-73.87814,40.87443],[-73.87791,40.87432],[-73.87713,40.874],[-73.87665,40.87378],[-73.87621,40.87356],[-73.87514,40.87305]],[[-73.97893,40.68816],[-73.9786,40.68798],[-73.97847,40.68787],[-73.97845,40.68784],[-73.97841,40.6878],[-73.97834,40.6877],[-73.97828,40.68759],[-73.97823,40.68742],[-73.97822,40.68733],[-73.9782,40.68721],[-73.97816,40.68696],[-73.97815,40.6869],[-73.97813,40.68677],[-73.97793,40.68545],[-73.97792,40.68505],[-73.97796,40.68485],[-73.97798,40.68481],[-73.97799,40.68478],[-73.97801,40.68475],[-73.97802,40.68472],[-73.97803,40.6847],[-73.97803,40.68469],[-73.97813,40.68452],[-73.97923,40.6829],[-73.97966,40.68226],[-73.98324,40.67699],[-73.98338,40.6768],[-73.98375,40.67624],[-73.98413,40.67573],[-73.98587,40.67365],[-73.9924,40.66583],[-73.9929,40.66529],[-73.9997,40.65875],[-74.00236,40.65614],[-74.00319,40.65535],[-74.0041,40.65447],[-74.00474,40.65386],[-74.00505,40.6536],[-74.00531,40.65335],[-74.0054,40.65318],[-74.0054,40.65306],[-74.00532,40.6529],[-74.00501,40.65266],[-74.00348,40.65174],[-74.00244,40.65111],[-74.00174,40.65068],[-74.00087,40.65016],[-74.00019,40.64974],[-73.9996,40.64941],[-73.99872,40.64895],[-73.99806,40.64856],[-73.99762,40.64828],[-73.99659,40.64767],[-73.99641,40.64755],[-73.99584,40.64721],[-73.99306,40.64552],[-73.99287,40.64534],[-73.99277,40.64515],[-73.99275,40.64485],[-73.99283,40.64464],[-73.99307,40.64437],[-73.99327,40.64423],[-73.99382,40.64375],[-73.99409,40.64348],[-73.99422,40.64326],[-73.99427,40.64305],[-73.99433,40.64017],[-73.99434,40.63987],[-73.99471,40.63694],[-73.99491,40.6353],[-73.99532,40.63206],[-73.99543,40.63156],[-73.9957,40.63064],[-73.99571,40.63058],[-73.99608,40.62929],[-73.99609,40.62928],[-73.99643,40.62814],[-73.99663,40.62736],[-73.99701,40.62602],[-73.99704,40.62591],[-73.99706,40.62585],[-73.99706,40.62583],[-73.99711,40.62564],[-73.99714,40.62556],[-73.99714,40.62552],[-73.99717,40.62541],[-73.9972,40.62534],[-73.99723,40.62519],[-73.99763,40.62381],[-73.99911,40.61872],[-74.00035,40.61443],[-74.00038,40.61431],[-74.00113,40.61172],[-74.00168,40.60964],[-74.00179,40.60932],[-74.00183,40.60913],[-74.00184,40.60886],[-74.00169,40.60726],[-74.00161,40.60694],[-74.00145,40.60667],[-74.00122,40.60644],[-74.00075,40.60613],[-73.99982,40.60555],[-73.99742,40.6041],[-73.99721,40.60398],[-73.99559,40.603],[-73.99539,40.60287],[-73.99478,40.60251],[-73.99315,40.60152],[-73.99226,40.60099],[-73.99155,40.60055],[-73.98831,40.59859],[-73.98765,40.5982],[-73.98592,40.59715],[-73.98563,40.59697],[-73.98546,40.59683],[-73.9853,40.59665],[-73.98523,40.59651],[-73.98517,40.59622],[-73.98415,40.59089],[-73.98402,40.59018],[-73.98362,40.5881],[-73.9836,40.58794],[-73.98351,40.58757],[-73.98344,40.58718],[-73.98337,40.58705],[-73.98316,40.58683],[-73.98299,40.58672],[-73.98249,40.58646],[-73.98236,40.58638],[-73.98206,40.58611],[-73.98187,40.5859],[-73.98133,40.58517],[-73.98121,40.58497],[-73.98099,40.58453],[-73.98086,40.58414],[-73.9808,40.5837],[-73.9808,40.58329],[-73.98087,40.58277],[-73.98095,40.58228],[-73.98106,40.58177],[-73.98113,40.58157],[-73.98139,40.58099],[-73.98152,40.58059],[-73.98152,40.58036],[-73.98142,40.57927],[-73.98129,40.57841],[-73.98115,40.57743]]]}},{"type":"Feature","properties":{"id":"C-31","service":"C","name":"8 Avenue Local","color":"#0039A6"},"geometry":{"type":"LineString","coordinates":[[-73.93934,40.84167],[-73.93935,40.84164],[-73.93935,40.84162],[-73.93935,40.84161],[-73.93937,40.84157],[-73.93937,40.84153],[-73.93939,40.84149],[-73.93941,40.84137],[-73.93965,40.84048],[-73.93977,40.84007],[-73.93991,40.83947],[-73.93996,40.83891],[-73.93996,40.83835],[-73.94001,40.83792],[-73.94007,40.83761],[-73.94011,40.83722],[-73.94011,40.83691],[-73.94008,40.83656],[-73.93999,40.83593],[-73.93999,40.83584],[-73.93992,40.83511],[-73.93993,40.83479],[-73.93997,40.83455],[-73.94011,40.83413],[-73.94051,40.83324],[-73.94074,40.83269],[-73.94099,40.83193],[-73.94125,40.83125],[-73.94172,40.8301],[-73.94192,40.82958],[-73.94216,40.829],[-73.94246,40.82822],[-73.94268,40.82767],[-73.94296,40.82706],[-73.94319,40.82648],[-73.94335,40.82611],[-73.94368,40.82556]]}},{"type":"Feature","properties":{"id":"A-30","service":"A","name":"8 Avenue Express","color":"#0039A6"},"geometry":{"type":"MultiLineString","coordinates":[[[-73.80952,40.5933],[-73.8095,40.59327],[-73.80932,40.5926],[-73.80928,40.59231],[-73.80928,40.59199],[-73.80934,40.5916],[-73.80947,40.59119],[-73.80959,40.59091],[-73.8098,40.59056],[-73.80982,40.59053],[-73.81002,40.59024],[-73.81038,40.58986],[-73.81041,40.58982],[-73.8106,40.58964],[-73.81089,40.58941],[-73.81098,40.58935],[-73.81104,40.5893],[-73.8111,40.58926],[-73.8112,40.5892],[-73.81146,40.58904],[-73.81153,40.589],[-73.81156,40.58898],[-73.8117,40.58891],[-73.81174,40.58889],[-73.81178,40.58887],[-73.81181,40.58885],[-73.81192,40.5888],[-73.81199,40.58877],[-73.81203,40.58876],[-73.81211,40.58872],[-73.81214,40.5887],[-73.81222,40.58868],[-73.81236,40.58861],[-73.81282,40.58843],[-73.8129,40.5884],[-73.81294,40.58839],[-73.81298,40.58838],[-73.81309,40.58833],[-73.81348,40.58818],[-73.81401,40.58797],[-73.81408,40.58794],[-73.81412,40.58792],[-73.81416,40.58791],[-73.8142,40.58789],[-73.81424,40.58787],[-73.815,40.58757],[-73.81504,40.58756],[-73.81508,40.58755],[-73.81512,40.58753],[-73.81516,40.58751],[-73.81523,40.58748],[-73.81538,40.58742],[-73.81546,40.58739],[-73.8155,40.58738],[-73.81553,40.58737],[-73.81557,40.58735],[-73.81561,40.58733],[-73.81576,40.58727],[-73.81588,40.58723],[-73.81592,40.58721],[-73.81596,40.5872],[-73.81642,40.58702],[-73.81645,40.587],[-73.8166,40.58694],[-73.81672,40.5869],[-73.81679,40.58686],[-73.81748,40.58659],[-73.81752,40.58658],[-73.81756,40.58657],[-73.81764,40.58654],[-73.81767,40.58652],[-73.81771,40.5865],[-73.81775,40.58649],[-73.81779,40.58648],[-73.81783,40.58646],[-73.81786,40.58645],[-73.81794,40.58641],[-73.81798,40.5864],[-73.81802,40.58639],[-73.81805,40.58637],[-73.81809,40.58636],[-73.81816,40.58632],[-73.81824,40.5863],[-73.81828,40.58628],[-73.81832,40.58627],[-73.81878,40.58609],[-73.81881,40.58607],[-73.81885,40.58605],[-73.81889,40.58604],[-73.81893,40.58603],[-73.81897,40.58601],[-73.819,40.586],[-73.81908,40.58596],[-73.81931,40.58587],[-73.81935,40.58586],[-73.81939,40.58585],[-73.81942,40.58583],[-73.81946,40.58582],[-73.81953,40.58578],[-73.81969,40.58573],[-73.81976,40.58569],[-73.81984,40.58567],[-73.81988,40.58565],[-73.81992,40.58564],[-73.82124,40.58512],[-73.82155,40.58501],[-73.82167,40.58497],[-73.82237,40.58473],[-73.82329,40.58446],[-73.82333,40.58446],[-73.82337,40.58445],[-73.82341,40.58443],[-73.82345,40.58442],[-73.82357,40.58439],[-73.82361,40.58438],[-73.8237,40.58436],[-73.82374,40.58434],[-73.82377,40.58433],[-73.82401,40.58426],[-73.82406,40.58425],[-73.82414,40.58423],[-73.82418,40.58422],[-73.82422,40.58421],[-73.82426,40.58419],[-73.8243,40.58419],[-73.82434,40.58417],[-73.82458,40.5841],[-73.82551,40.58385],[-73.82587,40.58374],[-73.82648,40.58358],[-73.82716,40.58338],[-73.82777,40.58322],[-73.82861,40.58298],[-73.82889,40.58289],[-73.82893,40.58288],[-73.82897,40.58287],[-73.82901,40.58286],[-73.82905,40.58285],[-73.82909,40.58284],[-73.82921,40.5828],[-73.82925,40.58278],[-73.82932,40.58275],[-73.82942,40.58272],[-73.82961,40.58264],[-73.82972,40.5826],[-73.82979,40.58258],[-73.82983,40.58257],[-73.82987,40.58255],[-73.82991,40.58254],[-73.82995,40.58252],[-73.83003,40.5825],[-73.83022,40.58243],[-73.83048,40.58236],[-73.83059,40.58233],[-73.83109,40.58219],[-73.83168,40.58201],[-73.83204,40.58192],[-73.83273,40.58172],[-73.83352,40.58152],[-73.83393,40.58143],[-73.83431,40.58133],[-73.83436,40.58132],[-73.83561,40.58096],[-73.83594,40.58087],[-73.83602,40.58085],[-73.83606,40.58084],[-73.83614,40.58082],[-73.83622,40.5808],[-73.83626,40.58078],[-73.83646,40.58073],[-73.83651,40.58072],[-73.83655,40.58071],[-73.83659,40.58069],[-73.83662,40.58068],[-73.83703,40.58057]],[[-73.75446,40.60458],[-73.75561,40.60396],[-73.75601,40.60376],[-73.75715,40.60311],[-73.758,40.60267],[-73.75839,40.60246],[-73.75933,40.60191],[-73.75987,40.60154],[-73.76038,40.60114],[-73.7607,40.60086],[-73.7613,40.60025],[-73.76194,40.59951],[-73.76234,40.59906],[-73.76273,40.59874],[-73.76322,40.59843],[-73.76342,40.59832],[-73.76409,40.59791],[-73.76438,40.59775],[-73.76483,40.59747],[-73.76562,40.59701],[-73.76582,40.59688],[-73.7666,40.59643],[-73.76706,40.59614],[-73.76775,40.59574],[-73.76922,40.59486],[-73.76987,40.59448],[-73.77041,40.59415],[-73.77105,40.59381],[-73.77135,40.59369],[-73.77171,40.59357],[-73.77229,40.59342],[-73.7729,40.59332],[-73.77411,40.5932],[-73.77508,40.59309],[-73.77642,40.59296],[-73.77654,40.59294],[-73.77739,40.59286],[-73.77824,40.59277],[-73.77995,40.59258],[-73.78068,40.59251],[-73.78255,40.59235],[-73.78267,40.59235],[-73.78411,40.59223],[-73.78436,40.59222],[-73.78527,40.59222],[-73.78561,40.59224],[-73.7867,40.59233],[-73.78682,40.59233],[-73.78767,40.5924],[-73.78838,40.59243],[-73.78922,40.59242],[-73.78972,40.5924],[-73.79026,40.59236],[-73.79079,40.59228],[-73.7912,40.59219],[-73.79252,40.59184],[-73.79264,40.59182],[-73.79413,40.59143],[-73.79459,40.59132],[-73.79538,40.59118],[-73.7967,40.59101],[-73.79755,40.59091],[-73.79791,40.59086],[-73.79912,40.59071],[-73.79925,40.5907],[-73.80034,40.59056],[-73.80154,40.59042],[-73.80239,40.59033],[-73.80264,40.59029],[-73.80342,40.59024],[-73.80372,40.59025],[-73.80445,40.59033],[-73.80503,40.59044],[-73.80556,40.59056],[-73.80692,40.59089],[-73.80728,40.59101],[-73.80773,40.59121],[-73.80796,40.59134],[-73.80834,40.5916],[-73.80854,40.59177],[-73.8088,40.59203],[-73.80898,40.59224],[-73.80914,40.59248],[-73.8093,40.59279],[-73.8095,40.59327],[-73.80952,40.5933]],[[-73.84149,40.68093],[-73.84124,40.68093],[-73.84102,40.6809],[-73.84074,40.68082],[-73.84049,40.68069],[-73.8402,40.68041],[-73.84005,40.68018],[-73.83979,40.67973],[-73.83939,40.67901],[-73.83915,40.67862],[-73.83877,40.67786],[-73.83849,40.67735],[-73.83809,40.67652],[-73.83789,40.67605],[-73.83751,40.67526],[-73.8373,40.67479],[-73.83689,40.67394],[-73.83309,40.66621],[-73.83262,40.66526],[-73.83224,40.66445],[-73.83171,40.66338],[-73.83167,40.66328],[-73.83131,40.66254],[-73.83114,40.66221],[-73.83088,40.66165],[-73.83074,40.66138],[-73.83042,40.6607],[-73.83013,40.66011],[-73.82967,40.65912],[-73.82907,40.65788],[-73.82878,40.65718],[-73.82866,40.65685],[-73.82843,40.65613],[-73.82812,40.65491],[-73.82802,40.65456],[-73.82763,40.65292],[-73.8276,40.65275],[-73.82729,40.65145],[-73.82674,40.64937],[-73.82653,40.64852],[-73.82636,40.64791],[-73.82621,40.6473],[-73.8259,40.64612],[-73.82588,40.64608],[-73.8256,40.64499],[-73.82525,40.64368],[-73.82505,40.64287],[-73.82472,40.64165],[-73.82458,40.64108],[-73.82441,40.64047],[-73.82427,40.6399],[-73.8241,40.63929],[-73.8238,40.63811],[-73.82374,40.63791],[-73.82358,40.63726],[-73.8234,40.63661],[-73.82326,40.63604],[-73.82309,40.63543],[-73.82295,40.63486],[-73.82278,40.63425],[-73.82264,40.63368],[-73.82246,40.63303],[-73.82225,40.63218],[-73.82207,40.63152],[-73.82161,40.62978],[-73.82146,40.62917],[-73.82114,40.62795],[-73.82098,40.62738],[-73.82076,40.62649],[-73.8206,40.62591],[-73.82044,40.62527],[-73.82028,40.62469],[-73.82012,40.62405],[-73.8201,40.62401],[-73.81981,40.62287],[-73.81966,40.62233],[-73.81946,40.62152],[-73.81942,40.6214],[-73.81896,40.61965],[-73.81879,40.61897],[-73.81849,40.61783],[-73.81848,40.61782],[-73.81819,40.61668],[-73.81746,40.61392],[-73.81716,40.61274],[-73.81683,40.61148],[-73.81666,40.61087],[-73.81656,40.61043],[-73.81645,40.61005],[-73.8164,40.60982],[-73.81619,40.60905],[-73.81586,40.6081],[-73.81519,40.60654],[-73.81508,40.60625],[-73.81495,40.60598],[-73.81437,40.60463],[-73.81411,40.604],[-73.8134,40.60234],[-73.81319,40.60188],[-73.81257,40.60044],[-73.81231,40.59981],[-73.81198,40.59906],[-73.81176,40.59852],[-73.81167,40.59834],[-73.81153,40.59799],[-73.81132,40.59753],[-73.81061,40.59587],[-73.8105,40.59559],[-73.8103,40.59515],[-73.80999,40.59443],[-73.80952,40.5933]],[[-73.82455,40.68617],[-73.82505,40.68607],[-73.82559,40.68602],[-73.82627,40.68594],[-73.82648,40.68593],[-73.82714,40.68585],[-73.82734,40.68584],[-73.82819,40.68574],[-73.82841,40.68573],[-73.82911,40.6856],[-73.83024,40.68516],[-73.83044,40.68509],[-73.8336,40.68385],[-73.8339,40.68372],[-73.83433,40.68351],[-73.83582,40.68268],[-73.83622,40.68247],[-73.8368,40.68215],[-73.83722,40.68196],[-73.8378,40.68174],[-73.8384,40.68156],[-73.83886,40.68145],[-73.83918,40.6814],[-73.83948,40.68133],[-73.83974,40.68129],[-73.84149,40.68093]],[[-73.91879,40.86847],[-73.91973,40.8682],[-73.91994,40.86815],[-73.92092,40.86786],[-73.92115,40.86777],[-73.92164,40.86761],[-73.92215,40.86743],[-73.92253,40.86728],[-73.92357,40.86692],[-73.92399,40.86676],[-73.92464,40.86654],[-73.92539,40.86627],[-73.92586,40.86609],[-73.92629,40.86595],[-73.92679,40.86577],[-73.92744,40.8655],[-73.92817,40.86512],[-73.92863,40.86485],[-73.92897,40.86467],[-73.9296,40.8643],[-73.9302,40.86393],[-73.93062,40.86364],[-73.9312,40.86316],[-73.93165,40.86272],[-73.93202,40.86231],[-73.93226,40.86201],[-73.93308,40.86083],[-73.9332,40.86064],[-73.93348,40.86025],[-73.93374,40.85985],[-73.9349,40.85819],[-73.93532,40.8576],[-73.93558,40.85727],[-73.9359,40.85683],[-73.9362,40.85644],[-73.93647,40.85605],[-73.93676,40.85553],[-73.93686,40.85532],[-73.93712,40.8546],[-73.93724,40.85419],[-73.93736,40.85384],[-73.93741,40.85364],[-73.93763,40.85296],[-73.93779,40.85241],[-73.93801,40.85175],[-73.93885,40.84966],[-73.9389,40.84956],[-73.93925,40.84868],[-73.93949,40.8481],[-73.9397,40.84764],[-73.93985,40.84727],[-73.94012,40.84667],[-73.9402,40.84644],[-73.94023,40.84626],[-73.94021,40.84602],[-73.94015,40.84585],[-73.93996,40.84558],[-73.93973,40.84536],[-73.93942,40.84513],[-73.9391,40.8448],[-73.93897,40.84456],[-73.93892,40.84433],[-73.93894,40.84405],[-73.9391,40.84352],[-73.9392,40.84303],[-73.93923,40.84276],[-73.93926,40.84212],[-73.93934,40.84167],[-73.93935,40.84164],[-73.93935,40.84162],[-73.93935,40.84161],[-73.93937,40.84157],[-73.93937,40.84153],[-73.93939,40.84149],[-73.93941,40.84137],[-73.93965,40.84048],[-73.93977,40.84007],[-73.93991,40.83947],[-73.93996,40.83891],[-73.93996,40.83835],[-73.94001,40.83792],[-73.94007,40.83761],[-73.94011,40.83722],[-73.94011,40.83691],[-73.94008,40.83656],[-73.93999,40.83593],[-73.93999,40.83584],[-73.93992,40.83511],[-73.93993,40.83479],[-73.93997,40.83455],[-73.94011,40.83413],[-73.94051,40.83324],[-73.94074,40.83269],[-73.94099,40.83193],[-73.94125,40.83125],[-73.94172,40.8301],[-73.94192,40.82958],[-73.94216,40.829],[-73.94246,40.82822],[-73.94268,40.82767],[-73.94296,40.82706],[-73.94319,40.82648],[-73.94335,40.82611],[-73.94368,40.82556]]]}}]}